unsigned char Mata_Bold_otf[] = {
  0x4f, 0x54, 0x54, 0x4f, 0x00, 0x09, 0x00, 0x80, 0x00, 0x03, 0x00, 0x10,
  0x43, 0x46, 0x46, 0x20, 0x6f, 0xae, 0x24, 0xa8, 0x00, 0x00, 0x00, 0x9c,
  0x00, 0x00, 0x41, 0x67, 0x4f, 0x53, 0x2f, 0x32, 0x10, 0xaa, 0xaf, 0xd9,
  0x00, 0x00, 0x4a, 0xc8, 0x00, 0x00, 0x00, 0x60, 0x63, 0x6d, 0x61, 0x70,
  0xe9, 0x45, 0x95, 0x51, 0x00, 0x00, 0x42, 0x04, 0x00, 0x00, 0x03, 0x68,
  0x68, 0x65, 0x61, 0x64, 0xea, 0x9e, 0x87, 0x6e, 0x00, 0x00, 0x45, 0x70,
  0x00, 0x00, 0x00, 0x36, 0x68, 0x68, 0x65, 0x61, 0x09, 0x57, 0x0a, 0xe7,
  0x00, 0x00, 0x45, 0xa8, 0x00, 0x00, 0x00, 0x24, 0x68, 0x6d, 0x74, 0x78,
  0x37, 0x2f, 0xf1, 0x1e, 0x00, 0x00, 0x45, 0xd0, 0x00, 0x00, 0x02, 0x90,
  0x6d, 0x61, 0x78, 0x70, 0x00, 0xa4, 0x50, 0x00, 0x00, 0x00, 0x48, 0x64,
  0x00, 0x00, 0x00, 0x06, 0x6e, 0x61, 0x6d, 0x65, 0x63, 0x64, 0xef, 0x05,
  0x00, 0x00, 0x48, 0x6c, 0x00, 0x00, 0x02, 0x5b, 0x70, 0x6f, 0x73, 0x74,
  0xff, 0xa6, 0x00, 0x0e, 0x00, 0x00, 0x4b, 0x2c, 0x00, 0x00, 0x00, 0x20,
  0x01, 0x00, 0x04, 0x04, 0x00, 0x01, 0x01, 0x01, 0x0a, 0x4d, 0x61, 0x74,
  0x61, 0x2d, 0x42, 0x6f, 0x6c, 0x64, 0x00, 0x01, 0x02, 0x00, 0x01, 0x00,
  0x3b, 0xf8, 0x0f, 0x00, 0xf8, 0x1b, 0x01, 0xf8, 0x1c, 0x02, 0xf8, 0x1d,
  0x03, 0xf8, 0x14, 0x04, 0x2e, 0x0c, 0x03, 0x99, 0x0c, 0x04, 0x1d, 0x00,
  0x4d, 0x4d, 0xf9, 0x0d, 0xfb, 0x16, 0xfb, 0x68, 0x1c, 0x07, 0x52, 0xf9,
  0x19, 0x05, 0x1c, 0x00, 0xac, 0x0f, 0x1c, 0x00, 0x00, 0x10, 0x1c, 0x01,
  0xf3, 0x11, 0x1c, 0x00, 0x2a, 0x1d, 0x00, 0x00, 0x41, 0x3d, 0x12, 0x00,
  0x04, 0x02, 0x00, 0x01, 0x00, 0x37, 0x00, 0x40, 0x00, 0x44, 0x00, 0x4b,
  0x43, 0x6f, 0x70, 0x72, 0x2e, 0x20, 0x31, 0x39, 0x39, 0x34, 0x2c, 0x20,
  0x54, 0x32, 0x36, 0x20, 0x43, 0x68, 0x69, 0x63, 0x61, 0x67, 0x6f, 0x2c,
  0x20, 0x49, 0x6c, 0x6c, 0x69, 0x6e, 0x6f, 0x69, 0x73, 0x2c, 0x20, 0x44,
  0x65, 0x73, 0x69, 0x67, 0x6e, 0x3a, 0x20, 0x47, 0x72, 0x65, 0x67, 0x20,
  0x53, 0x61, 0x6d, 0x61, 0x74, 0x61, 0x4d, 0x61, 0x74, 0x61, 0x2d, 0x42,
  0x6f, 0x6c, 0x64, 0x4d, 0x61, 0x74, 0x61, 0x6e, 0x62, 0x73, 0x70, 0x61,
  0x63, 0x65, 0x00, 0x00, 0x00, 0x00, 0x01, 0x00, 0x02, 0x00, 0x03, 0x00,
  0x04, 0x00, 0x05, 0x00, 0x06, 0x00, 0x07, 0x00, 0x08, 0x00, 0x09, 0x00,
  0x0a, 0x00, 0x0b, 0x00, 0x0c, 0x00, 0x0d, 0x00, 0x0e, 0x00, 0x0f, 0x00,
  0x10, 0x00, 0x11, 0x00, 0x12, 0x00, 0x13, 0x00, 0x14, 0x00, 0x15, 0x00,
  0x16, 0x00, 0x17, 0x00, 0x18, 0x00, 0x19, 0x00, 0x1a, 0x00, 0x1b, 0x00,
  0x1c, 0x00, 0x1d, 0x00, 0x1e, 0x00, 0x1f, 0x00, 0x20, 0x00, 0x22, 0x00,
  0x23, 0x00, 0x24, 0x00, 0x25, 0x00, 0x26, 0x00, 0x27, 0x00, 0x28, 0x00,
  0x29, 0x00, 0x2a, 0x00, 0x2b, 0x00, 0x2c, 0x00, 0x2d, 0x00, 0x2e, 0x00,
  0x2f, 0x00, 0x30, 0x00, 0x31, 0x00, 0x32, 0x00, 0x33, 0x00, 0x34, 0x00,
  0x35, 0x00, 0x36, 0x00, 0x37, 0x00, 0x38, 0x00, 0x39, 0x00, 0x3a, 0x00,
  0x3b, 0x00, 0x3c, 0x00, 0x3d, 0x00, 0x3e, 0x00, 0x3f, 0x00, 0x40, 0x00,
  0x41, 0x00, 0x42, 0x00, 0x43, 0x00, 0x44, 0x00, 0x45, 0x00, 0x46, 0x00,
  0x47, 0x00, 0x48, 0x00, 0x49, 0x00, 0x4a, 0x00, 0x4b, 0x00, 0x4c, 0x00,
  0x4d, 0x00, 0x4e, 0x00, 0x4f, 0x00, 0x50, 0x00, 0x51, 0x00, 0x52, 0x00,
  0x53, 0x00, 0x54, 0x00, 0x55, 0x00, 0x56, 0x00, 0x57, 0x00, 0x58, 0x00,
  0x59, 0x00, 0x5a, 0x00, 0x5b, 0x00, 0x5c, 0x00, 0x5d, 0x00, 0x5e, 0x00,
  0x5f, 0x00, 0x60, 0x00, 0x61, 0x00, 0x62, 0x00, 0x64, 0x00, 0x65, 0x00,
  0x68, 0x00, 0x69, 0x00, 0x6a, 0x00, 0x6f, 0x00, 0x74, 0x00, 0x77, 0x00,
  0x78, 0x00, 0x79, 0x00, 0x7b, 0x00, 0x7c, 0x00, 0x7d, 0x00, 0x80, 0x00,
  0x81, 0x00, 0x82, 0x00, 0x83, 0x00, 0x84, 0x00, 0x89, 0x00, 0x8a, 0x00,
  0x8e, 0x00, 0x93, 0x00, 0xad, 0x00, 0xaf, 0x00, 0xb1, 0x00, 0xb2, 0x00,
  0xba, 0x00, 0xbd, 0x00, 0xc3, 0x00, 0xc8, 0x00, 0xcb, 0x00, 0xc9, 0x00,
  0xca, 0x00, 0xcd, 0x00, 0xcc, 0x00, 0xce, 0x00, 0xcf, 0x00, 0xd2, 0x00,
  0xd0, 0x00, 0xd1, 0x00, 0xd3, 0x00, 0xd6, 0x00, 0xd4, 0x00, 0xd5, 0x00,
  0xd7, 0x00, 0xd8, 0x00, 0xdb, 0x00, 0xd9, 0x00, 0xda, 0x00, 0xdc, 0x00,
  0xde, 0x00, 0xe1, 0x00, 0xdf, 0x00, 0xe0, 0x00, 0xa5, 0x00, 0xaa, 0x00,
  0x99, 0x00, 0x97, 0x01, 0x8a, 0x00, 0xae, 0x00, 0xb0, 0x00, 0xc6, 0x00,
  0xac, 0x00, 0xab, 0x00, 0xb8, 0x00, 0xbe, 0x00, 0xa4, 0x03, 0x00, 0x00,
  0x01, 0x00, 0x00, 0x04, 0x00, 0x00, 0x07, 0x00, 0x00, 0x36, 0x00, 0x00,
  0x6c, 0x00, 0x00, 0xe7, 0x00, 0x01, 0x8c, 0x00, 0x02, 0x17, 0x00, 0x02,
  0xcd, 0x00, 0x02, 0xee, 0x00, 0x03, 0x1e, 0x00, 0x03, 0x4e, 0x00, 0x03,
  0xab, 0x00, 0x03, 0xe9, 0x00, 0x04, 0x05, 0x00, 0x04, 0x1e, 0x00, 0x04,
  0x3b, 0x00, 0x04, 0x57, 0x00, 0x04, 0xc6, 0x00, 0x04, 0xfc, 0x00, 0x05,
  0x59, 0x00, 0x05, 0xdf, 0x00, 0x06, 0x38, 0x00, 0x06, 0x96, 0x00, 0x07,
  0x15, 0x00, 0x07, 0x55, 0x00, 0x07, 0xfc, 0x00, 0x08, 0x75, 0x00, 0x08,
  0xaa, 0x00, 0x08, 0xe3, 0x00, 0x09, 0x08, 0x00, 0x09, 0x30, 0x00, 0x09,
  0x54, 0x00, 0x09, 0xbe, 0x00, 0x0a, 0x25, 0x00, 0x0a, 0xca, 0x00, 0x0b,
  0x2d, 0x00, 0x0b, 0xb1, 0x00, 0x0c, 0x35, 0x00, 0x0c, 0x9a, 0x00, 0x0d,
  0x18, 0x00, 0x0d, 0x5e, 0x00, 0x0d, 0x7e, 0x00, 0x0d, 0xcd, 0x00, 0x0e,
  0x3a, 0x00, 0x0e, 0x89, 0x00, 0x0f, 0x00, 0x00, 0x0f, 0x4f, 0x00, 0x0f,
  0xc1, 0x00, 0x10, 0x2d, 0x00, 0x10, 0xc0, 0x00, 0x11, 0x5f, 0x00, 0x11,
  0xd8, 0x00, 0x12, 0x1f, 0x00, 0x12, 0x6e, 0x00, 0x12, 0x95, 0x00, 0x13,
  0x0b, 0x00, 0x13, 0x4b, 0x00, 0x13, 0xba, 0x00, 0x14, 0x23, 0x00, 0x14,
  0x5f, 0x00, 0x14, 0x7b, 0x00, 0x14, 0xb6, 0x00, 0x14, 0xde, 0x00, 0x14,
  0xf4, 0x00, 0x15, 0x18, 0x00, 0x15, 0xb4, 0x00, 0x16, 0x75, 0x00, 0x16,
  0xd8, 0x00, 0x17, 0x5c, 0x00, 0x17, 0xf5, 0x00, 0x18, 0x6d, 0x00, 0x19,
  0x00, 0x00, 0x19, 0x7d, 0x00, 0x19, 0x9d, 0x00, 0x19, 0xec, 0x00, 0x1a,
  0x6c, 0x00, 0x1a, 0xbb, 0x00, 0x1b, 0x32, 0x00, 0x1b, 0x81, 0x00, 0x1b,
  0xf3, 0x00, 0x1c, 0x81, 0x00, 0x1d, 0x14, 0x00, 0x1d, 0x94, 0x00, 0x1e,
  0x0d, 0x00, 0x1e, 0x54, 0x00, 0x1e, 0xa3, 0x00, 0x1e, 0xca, 0x00, 0x1f,
  0x40, 0x00, 0x1f, 0x80, 0x00, 0x1f, 0xef, 0x00, 0x20, 0x58, 0x00, 0x20,
  0xba, 0x00, 0x20, 0xd4, 0x00, 0x21, 0x34, 0x00, 0x21, 0x79, 0x00, 0x21,
  0xa5, 0x00, 0x22, 0x2b, 0x00, 0x22, 0x8d, 0x00, 0x23, 0x05, 0x00, 0x23,
  0x08, 0x00, 0x23, 0x23, 0x00, 0x23, 0x65, 0x00, 0x23, 0xa7, 0x00, 0x23,
  0xc0, 0x00, 0x23, 0xeb, 0x00, 0x24, 0x29, 0x00, 0x24, 0x6b, 0x00, 0x24,
  0xb8, 0x00, 0x25, 0x20, 0x00, 0x25, 0x3c, 0x00, 0x25, 0x59, 0x00, 0x25,
  0x70, 0x00, 0x25, 0x9a, 0x00, 0x25, 0xb3, 0x00, 0x25, 0xdd, 0x00, 0x26,
  0x21, 0x00, 0x26, 0x3c, 0x00, 0x27, 0x08, 0x00, 0x27, 0xde, 0x00, 0x28,
  0x7d, 0x00, 0x28, 0xfe, 0x00, 0x29, 0x96, 0x00, 0x29, 0x97, 0x00, 0x2a,
  0x3e, 0x00, 0x2a, 0xc9, 0x00, 0x2b, 0x56, 0x00, 0x2b, 0xc3, 0x00, 0x2c,
  0x63, 0x00, 0x2d, 0x02, 0x00, 0x2d, 0xab, 0x00, 0x2e, 0x5c, 0x00, 0x2f,
  0x25, 0x00, 0x2f, 0xee, 0x00, 0x30, 0x6c, 0x00, 0x31, 0x13, 0x00, 0x31,
  0xbd, 0x00, 0x32, 0x6f, 0x00, 0x33, 0x24, 0x00, 0x33, 0x56, 0x00, 0x33,
  0x86, 0x00, 0x33, 0xc2, 0x00, 0x33, 0xfe, 0x00, 0x34, 0x89, 0x00, 0x35,
  0x0a, 0x00, 0x35, 0x8a, 0x00, 0x36, 0x13, 0x00, 0x36, 0xa0, 0x00, 0x37,
  0x48, 0x00, 0x37, 0xa8, 0x00, 0x38, 0x08, 0x00, 0x38, 0x70, 0x00, 0x38,
  0xdd, 0x00, 0x39, 0x96, 0x00, 0x3a, 0x34, 0x00, 0x3a, 0xc8, 0x00, 0x3a,
  0xcb, 0x00, 0x3a, 0xce, 0x00, 0x3b, 0x3f, 0x00, 0x3b, 0xd8, 0x00, 0x3c,
  0x65, 0x00, 0x3c, 0xe0, 0x00, 0x3d, 0x53, 0x00, 0x3d, 0x56, 0x00, 0x3d,
  0x59, 0xfe, 0x84, 0x0e, 0xfd, 0x15, 0x0e, 0xfd, 0x6f, 0x8b, 0xca, 0x01,
  0x8b, 0xed, 0x03, 0x7a, 0xf7, 0x03, 0x15, 0xf7, 0x1a, 0x8a, 0x05, 0x8a,
  0xf7, 0xfc, 0x05, 0xfb, 0x1a, 0x8a, 0x05, 0x8c, 0xfb, 0xfb, 0x05, 0x8e,
  0xfb, 0x15, 0x15, 0xf7, 0x17, 0x8c, 0x05, 0x8a, 0xed, 0x05, 0xfb, 0x17,
  0x8a, 0x05, 0x8c, 0x29, 0x05, 0x0e, 0xfd, 0x6f, 0xf7, 0xb3, 0xf7, 0x43,
  0x01, 0x79, 0xf7, 0x26, 0xc2, 0xf7, 0x26, 0x03, 0xf7, 0x4b, 0xf7, 0xb3,
  0x15, 0xf7, 0x26, 0x8a, 0x05, 0xf7, 0x44, 0x07, 0xfb, 0x26, 0x8a, 0x05,
  0xfb, 0x43, 0x07, 0xfb, 0x5d, 0x8a, 0x15, 0xf7, 0x27, 0x8c, 0x05, 0x8a,
  0xf7, 0x43, 0x05, 0xfb, 0x26, 0x8a, 0x05, 0x8c, 0xfb, 0x43, 0x05, 0x0e,
  0xfc, 0x13, 0xf4, 0xca, 0xeb, 0xd0, 0x01, 0xd9, 0xf2, 0xf7, 0x1d, 0xed,
  0x03, 0xf8, 0x45, 0xe3, 0x15, 0xd9, 0x8a, 0x05, 0x8a, 0xf0, 0x05, 0x3e,
  0x8a, 0x05, 0x8c, 0xca, 0x05, 0xd8, 0x8a, 0x05, 0x8a, 0xf1, 0x05, 0x3e,
  0x8a, 0x05, 0x8a, 0xbe, 0x05, 0xfb, 0x19, 0x8a, 0x05, 0x8c, 0x58, 0x05,
  0x22, 0x8c, 0x05, 0x8c, 0xbe, 0x05, 0xfb, 0x1b, 0x8a, 0x05, 0x8c, 0x59,
  0x05, 0x3e, 0x8c, 0x05, 0x8c, 0x25, 0x05, 0xd7, 0x8c, 0x05, 0x8a, 0x4c,
  0x05, 0x3f, 0x8c, 0x05, 0x8c, 0x28, 0x05, 0xd6, 0x8c, 0x05, 0x8a, 0x58,
  0x05, 0xf7, 0x1c, 0x8c, 0x05, 0x8a, 0xbb, 0x05, 0xf4, 0x8a, 0x05, 0x8a,
  0x5b, 0x05, 0xf7, 0x19, 0x8c, 0x05, 0x8c, 0xbb, 0x05, 0xfb, 0x1a, 0xf7,
  0x37, 0x15, 0x8c, 0x4b, 0x05, 0x22, 0x8c, 0x05, 0x8c, 0xca, 0x05, 0xf3,
  0x8a, 0x05, 0x0e, 0xf7, 0x4d, 0xca, 0x01, 0x88, 0xf2, 0xf7, 0xd8, 0xe4,
  0xf7, 0xd9, 0xf2, 0x03, 0xf8, 0xa9, 0x77, 0x15, 0xca, 0x8b, 0xf7, 0x72,
  0x8f, 0xf7, 0x22, 0xa7, 0x08, 0x8a, 0xf7, 0x8f, 0x05, 0xfc, 0x3f, 0x8a,
  0x05, 0x8c, 0xe8, 0x05, 0xc7, 0x8b, 0xf7, 0x60, 0x86, 0xf7, 0x35, 0x70,
  0x08, 0x8d, 0xeb, 0x05, 0x8b, 0x8b, 0xfb, 0x41, 0xa8, 0xfb, 0x93, 0x8d,
  0x08, 0x8a, 0xc1, 0x05, 0xfb, 0x11, 0x8a, 0x05, 0x8c, 0x56, 0x05, 0x4b,
  0x8b, 0xfb, 0x6f, 0x87, 0xfb, 0x25, 0x70, 0x08, 0x8c, 0xfb, 0x8f, 0x05,
  0xf8, 0x3f, 0x8c, 0x05, 0x8a, 0x2d, 0x05, 0x48, 0x8c, 0xfb, 0x89, 0x92,
  0xfb, 0x07, 0xa5, 0x08, 0x8c, 0x2c, 0x05, 0x8a, 0x8b, 0xf7, 0x1f, 0x6c,
  0xf7, 0xb5, 0x89, 0x08, 0x8a, 0x54, 0x05, 0xf7, 0x13, 0x8c, 0x05, 0x8a,
  0xc0, 0x05, 0xf7, 0xb3, 0xf7, 0x50, 0x15, 0x8a, 0x3b, 0x05, 0x65, 0x87,
  0xfb, 0x01, 0x81, 0xfb, 0x21, 0x8b, 0x08, 0x8c, 0xe9, 0x05, 0xf7, 0xb4,
  0x8a, 0x05, 0xfd, 0x52, 0xf7, 0x41, 0x15, 0xd7, 0x93, 0xf7, 0x33, 0x8f,
  0xc0, 0x8c, 0x08, 0x2e, 0x07, 0xfb, 0xb4, 0x06, 0x8c, 0xdb, 0x05, 0x0e,
  0xf7, 0x19, 0xac, 0x01, 0x88, 0xdc, 0xf7, 0x91, 0xd4, 0x03, 0xf9, 0xb7,
  0x74, 0x15, 0xf7, 0x07, 0xf6, 0xca, 0xe6, 0x1f, 0xe6, 0x20, 0xca, 0xfb,
  0x07, 0x1e, 0xfb, 0x08, 0x21, 0x4c, 0x30, 0x1f, 0x30, 0xf5, 0x4c, 0xf7,
  0x08, 0x1e, 0xfc, 0x45, 0x91, 0x15, 0xf8, 0x38, 0xf8, 0x7a, 0x05, 0xfb,
  0x2b, 0x8a, 0x05, 0xfc, 0x3d, 0xfc, 0x7a, 0x05, 0xf7, 0x30, 0x8c, 0x05,
  0xfb, 0x3a, 0xf7, 0x4b, 0x15, 0xf7, 0x07, 0xf6, 0xca, 0xe6, 0x1f, 0xe6,
  0x20, 0xca, 0xfb, 0x07, 0x1e, 0xfb, 0x08, 0x21, 0x4c, 0x30, 0x1f, 0x30,
  0xf5, 0x4c, 0xf7, 0x08, 0x1e, 0xf8, 0xeb, 0xa2, 0x15, 0xc6, 0xae, 0x6c,
  0x71, 0x1f, 0x71, 0x68, 0x6c, 0x50, 0x1e, 0x4f, 0x68, 0xaa, 0xa5, 0x1f,
  0xa5, 0xae, 0xaa, 0xc7, 0x1e, 0xfc, 0xeb, 0xf7, 0x50, 0x15, 0xc6, 0xae,
  0x6c, 0x71, 0x1f, 0x72, 0x68, 0x6b, 0x50, 0x1e, 0x50, 0x67, 0xab, 0xa4,
  0x1f, 0xa5, 0xaf, 0xaa, 0xc6, 0x1e, 0x0e, 0xf7, 0x95, 0x84, 0xca, 0xf7,
  0x17, 0xca, 0xf7, 0x17, 0xca, 0x01, 0x88, 0xf7, 0x00, 0xf9, 0x8c, 0xf7,
  0x00, 0x03, 0xfa, 0x73, 0xf7, 0x3f, 0x15, 0xb8, 0x8b, 0xf7, 0x0d, 0x8b,
  0xe9, 0x83, 0x08, 0x8a, 0xf7, 0x04, 0x05, 0x8c, 0x8b, 0xfb, 0x4b, 0x83,
  0x2c, 0x8c, 0x08, 0xfc, 0x7b, 0x8a, 0x05, 0x87, 0x8c, 0xfb, 0xac, 0x8b,
  0x3c, 0xac, 0x08, 0x8c, 0xbd, 0x05, 0xb1, 0x90, 0xf7, 0x07, 0x95, 0xf7,
  0x65, 0x8a, 0x08, 0xf7, 0xdc, 0x8c, 0xf7, 0x46, 0x69, 0x8b, 0x8b, 0x08,
  0x89, 0xec, 0x05, 0x8b, 0x8b, 0xfb, 0x2a, 0xac, 0xfb, 0xf7, 0x8a, 0x08,
  0xfb, 0xf5, 0x8c, 0xfb, 0x2d, 0x6a, 0x8c, 0x8b, 0x08, 0x8a, 0xfb, 0x54,
  0x05, 0x8c, 0x8b, 0xad, 0x80, 0xaa, 0x84, 0x08, 0x75, 0x86, 0x75, 0x84,
  0x75, 0x83, 0x08, 0x8c, 0xfb, 0x52, 0x05, 0x8a, 0x8b, 0xf7, 0x29, 0x69,
  0xf7, 0xf9, 0x8c, 0x08, 0xf7, 0xfb, 0x8a, 0xf7, 0x28, 0xad, 0x8b, 0x8b,
  0x08, 0x8a, 0xf7, 0x36, 0x05, 0xfb, 0x22, 0x8a, 0x15, 0x8c, 0x38, 0x05,
  0x63, 0x87, 0xfb, 0x08, 0x80, 0xfb, 0x64, 0x8c, 0x08, 0xfb, 0x63, 0x8a,
  0xfb, 0x09, 0x96, 0x64, 0x8f, 0x08, 0xbc, 0x07, 0xdf, 0xab, 0xf7, 0xa8,
  0x8e, 0x8e, 0x8b, 0x08, 0xf8, 0x00, 0x8a, 0x05, 0x0e, 0xfd, 0x6f, 0x74,
  0xf7, 0x12, 0x03, 0xa6, 0xf7, 0xb4, 0x15, 0x8b, 0x8b, 0xe7, 0xb2, 0x78,
  0xf7, 0x1b, 0x08, 0xfb, 0x11, 0x8a, 0x05, 0x8b, 0x8c, 0x9a, 0x48, 0x4e,
  0x54, 0x08, 0xed, 0x57, 0x05, 0x0e, 0xfe, 0x07, 0xe8, 0x2a, 0x15, 0xf7,
  0x09, 0xb6, 0x05, 0x35, 0xdb, 0x8a, 0xf7, 0x4c, 0x8b, 0x8e, 0x08, 0x8b,
  0x8f, 0x8c, 0xf7, 0x4c, 0xe1, 0xd9, 0x08, 0xfb, 0x08, 0xb7, 0x05, 0xfb,
  0x01, 0x3e, 0x89, 0xfb, 0x7c, 0x8b, 0x8b, 0x08, 0x8b, 0x8b, 0x8d, 0xfb,
  0x78, 0xf7, 0x00, 0x38, 0x08, 0x0e, 0xfe, 0x07, 0x9d, 0x2a, 0x15, 0xf7,
  0x00, 0xde, 0x8d, 0xf7, 0x78, 0x8b, 0x8b, 0x08, 0x8b, 0x8b, 0x89, 0xf7,
  0x7c, 0xfb, 0x01, 0xd8, 0x08, 0xfb, 0x08, 0x5f, 0x05, 0xe1, 0x3d, 0x8c,
  0xfb, 0x4c, 0x8b, 0x87, 0x08, 0x8b, 0x88, 0x8a, 0xfb, 0x4c, 0x35, 0x3b,
  0x08, 0xf7, 0x09, 0x60, 0x05, 0x0e, 0xfd, 0x6f, 0xf7, 0x7e, 0xf7, 0xe1,
  0x15, 0xb0, 0x92, 0xc0, 0x90, 0x8b, 0x8b, 0x08, 0x62, 0xde, 0x05, 0x68,
  0x7e, 0x6c, 0x83, 0x76, 0x87, 0x08, 0x8d, 0xab, 0x94, 0xab, 0x8b, 0x8b,
  0x08, 0xfb, 0x0c, 0x06, 0x97, 0x6b, 0x8c, 0x79, 0x8c, 0x7d, 0x08, 0x5a,
  0x96, 0x64, 0x99, 0x8b, 0x8b, 0x08, 0x62, 0x37, 0x05, 0xb6, 0x89, 0xa5,
  0x86, 0xa0, 0x87, 0x08, 0x6b, 0x72, 0x6b, 0x77, 0x8b, 0x8b, 0x08, 0xef,
  0x5a, 0x05, 0x9f, 0xa7, 0x9d, 0x9d, 0x97, 0x96, 0x08, 0xaa, 0x6e, 0x9e,
  0x6f, 0x8b, 0x8b, 0x08, 0xf0, 0xbc, 0x05, 0x63, 0xa3, 0x7d, 0x96, 0x80,
  0x95, 0x08, 0x0e, 0xfc, 0x13, 0xf7, 0x4e, 0xca, 0x01, 0xf7, 0x53, 0xed,
  0x03, 0xf7, 0xc7, 0xf7, 0x3e, 0x15, 0xf7, 0x58, 0x8a, 0x05, 0x8a, 0xf0,
  0x05, 0xfb, 0x58, 0x8a, 0x05, 0x8c, 0xf7, 0x18, 0x05, 0xfb, 0x1a, 0x8a,
  0x05, 0x8c, 0xfb, 0x16, 0x05, 0xfb, 0x5a, 0x8c, 0x05, 0x8c, 0x26, 0x05,
  0xf7, 0x59, 0x8c, 0x05, 0x8a, 0xfb, 0x18, 0x05, 0xf7, 0x1a, 0x8c, 0x05,
  0x8a, 0xf7, 0x16, 0x05, 0x0e, 0xfd, 0x6f, 0xb6, 0x26, 0x15, 0x8b, 0x8b,
  0xf1, 0xb8, 0x8a, 0xf7, 0x2a, 0x08, 0xfb, 0x2e, 0x8a, 0x05, 0x8b, 0x8c,
  0x99, 0x40, 0x49, 0x50, 0x08, 0xf4, 0x4e, 0x05, 0x0e, 0xfc, 0x13, 0xf7,
  0x4f, 0xca, 0x01, 0x78, 0xf7, 0x3f, 0x15, 0xf8, 0xa2, 0x8a, 0x05, 0x8a,
  0xf0, 0x05, 0xfc, 0xa2, 0x8a, 0x05, 0x8c, 0x27, 0x05, 0x0e, 0xfd, 0x6f,
  0x89, 0xdc, 0x01, 0x88, 0xf7, 0x22, 0x03, 0x77, 0x77, 0x15, 0xf7, 0x44,
  0x8c, 0x05, 0x8a, 0xf7, 0x08, 0x05, 0xfb, 0x44, 0x8a, 0x05, 0x8c, 0xfb,
  0x08, 0x05, 0x0e, 0xfd, 0x37, 0x79, 0x9f, 0x01, 0xf7, 0x1d, 0x79, 0x15,
  0xf8, 0x3d, 0xf8, 0x7b, 0x05, 0xfb, 0x3b, 0x8a, 0x05, 0xfc, 0x3d, 0xfc,
  0x7a, 0x05, 0xf7, 0x3b, 0x8c, 0x05, 0x0e, 0x86, 0xca, 0xf7, 0xdb, 0xca,
  0x01, 0x87, 0xf7, 0x00, 0xf9, 0x8b, 0xf7, 0x00, 0x03, 0xf8, 0x77, 0x75,
  0x15, 0xf7, 0xe1, 0x8c, 0xf7, 0x41, 0xad, 0x8a, 0x8b, 0x08, 0x8c, 0xf8,
  0x36, 0x05, 0x8a, 0x8b, 0xfb, 0x3c, 0xae, 0xfb, 0xe5, 0x8a, 0x08, 0xfb,
  0xec, 0x8c, 0xfb, 0x35, 0x68, 0x8c, 0x8b, 0x08, 0x8a, 0xfc, 0x36, 0x05,
  0x8c, 0x8b, 0xf7, 0x3c, 0x68, 0xf7, 0xe4, 0x8c, 0x08, 0xf7, 0xff, 0xf8,
  0x0c, 0x15, 0xfb, 0x9d, 0x07, 0x3b, 0x84, 0xfb, 0x0a, 0x84, 0xfb, 0x3a,
  0x8c, 0x08, 0xfb, 0x4d, 0x8a, 0xfb, 0x19, 0x96, 0x5f, 0x8f, 0x08, 0x8c,
  0xf7, 0x9b, 0x05, 0xb4, 0x90, 0xf7, 0x0f, 0x96, 0xf7, 0x5b, 0x8a, 0x08,
  0xf7, 0x36, 0x8c, 0xf7, 0x0c, 0x84, 0xdb, 0x83, 0x08, 0x0e, 0xfc, 0x9e,
  0x88, 0x9c, 0xf8, 0x35, 0x9c, 0x01, 0xf7, 0xdf, 0xf7, 0x00, 0x03, 0xf7,
  0xcb, 0x76, 0x15, 0xf7, 0x26, 0x8c, 0x05, 0x8a, 0xf8, 0x7a, 0x05, 0x46,
  0x8a, 0x05, 0xfb, 0x88, 0x8c, 0xfb, 0x39, 0x79, 0x8c, 0x8b, 0x08, 0x8a,
  0x29, 0x05, 0xf7, 0x3f, 0x9c, 0xf7, 0x0c, 0x8c, 0xb6, 0x8b, 0x08, 0x8a,
  0xfc, 0x19, 0x05, 0x0e, 0x89, 0xca, 0xf7, 0x15, 0xca, 0xf7, 0x1a, 0xca,
  0x01, 0x8d, 0xf7, 0x00, 0xf9, 0x98, 0xf7, 0x00, 0x03, 0x7c, 0x77, 0x15,
  0xfa, 0x93, 0x8c, 0x05, 0x8a, 0xed, 0x05, 0xfe, 0x04, 0x8a, 0x05, 0x8c,
  0xea, 0x05, 0xfa, 0x04, 0x8a, 0x05, 0x8a, 0xf7, 0x99, 0x05, 0x8c, 0x8b,
  0xfb, 0x47, 0xae, 0xfb, 0xe1, 0x8a, 0x08, 0xfb, 0xe2, 0x8c, 0xfb, 0x47,
  0x68, 0x8b, 0x8b, 0x08, 0x8d, 0x29, 0x05, 0x8b, 0x8b, 0xf7, 0x52, 0xae,
  0xf7, 0xd5, 0x8a, 0x08, 0xf7, 0x63, 0x8c, 0xf7, 0x0d, 0x80, 0xb4, 0x87,
  0x08, 0x8a, 0x36, 0x05, 0xfe, 0x04, 0x8c, 0x05, 0x8c, 0xfb, 0xb7, 0x05,
  0x0e, 0x87, 0xca, 0xf7, 0x17, 0xca, 0xf7, 0x18, 0xca, 0x01, 0xf9, 0xf5,
  0xf7, 0x00, 0x03, 0xf8, 0x79, 0x76, 0x15, 0xf7, 0xe4, 0x8c, 0xf7, 0x3e,
  0xad, 0x8a, 0x8b, 0x08, 0x8c, 0xf8, 0x36, 0x05, 0x8a, 0x8b, 0xfb, 0x41,
  0xae, 0xfb, 0xe0, 0x8a, 0x08, 0xfb, 0xe1, 0xfb, 0x42, 0x68, 0x8b, 0x1f,
  0x8d, 0x2b, 0x05, 0x8b, 0x8b, 0xf7, 0x40, 0xad, 0xf7, 0xe2, 0x8a, 0x08,
  0xf7, 0x5f, 0x8c, 0xf7, 0x0b, 0x80, 0xb4, 0x87, 0x08, 0x8a, 0x37, 0x05,
  0xfc, 0x2e, 0x8c, 0x05, 0x4e, 0x8a, 0xfb, 0x0e, 0x8d, 0x2c, 0x92, 0x08,
  0x8c, 0xfb, 0x04, 0x05, 0x8a, 0x8b, 0xf7, 0x2b, 0x92, 0xf7, 0x13, 0x8a,
  0x08, 0xf8, 0x2f, 0x8c, 0x05, 0x8a, 0x37, 0x05, 0x62, 0x87, 0xfb, 0x10,
  0x80, 0xfb, 0x5a, 0x8c, 0x08, 0xfb, 0xd9, 0x8a, 0xfb, 0x4a, 0xae, 0x8b,
  0x8b, 0x08, 0x8d, 0x2b, 0x05, 0x8b, 0x8b, 0xf7, 0x3c, 0x68, 0xf7, 0xe5,
  0x8c, 0x08, 0x0e, 0x87, 0x9c, 0xf7, 0x3e, 0xca, 0xf7, 0x4d, 0x9c, 0x01,
  0x85, 0xf7, 0x00, 0xf9, 0xaa, 0xf7, 0x00, 0x03, 0xf9, 0xfd, 0x76, 0x15,
  0xf7, 0x25, 0x8c, 0x05, 0x8a, 0xf8, 0x7a, 0x05, 0xfb, 0x25, 0x8a, 0x05,
  0x8c, 0xfb, 0x4e, 0x05, 0x5f, 0x86, 0xfb, 0x18, 0x80, 0xfb, 0x5b, 0x8c,
  0x08, 0xfb, 0x5c, 0x8b, 0xfb, 0x18, 0x96, 0x60, 0x90, 0x08, 0x8c, 0xf7,
  0x4e, 0x05, 0xfb, 0x28, 0x8a, 0x05, 0x8c, 0xfb, 0x9e, 0x05, 0x8a, 0x8b,
  0xf7, 0x6a, 0x69, 0xf7, 0xc9, 0x8c, 0x08, 0xf7, 0x76, 0x8a, 0xf6, 0x94,
  0xb4, 0x90, 0x08, 0x8a, 0xfb, 0x5c, 0x05, 0x0e, 0x84, 0xca, 0xf7, 0x1a,
  0xca, 0xf7, 0x14, 0xca, 0x01, 0x88, 0xf7, 0x00, 0xf9, 0x99, 0xf7, 0x00,
  0x03, 0xf8, 0x80, 0x72, 0x15, 0xf7, 0xeb, 0x8c, 0xf7, 0x3d, 0xac, 0x8a,
  0x8b, 0x08, 0x8c, 0xf7, 0x9a, 0x05, 0xfe, 0x05, 0x8a, 0x05, 0x8c, 0xea,
  0x05, 0xfa, 0x04, 0x8a, 0x05, 0x8a, 0xed, 0x05, 0xfe, 0x94, 0x8a, 0x05,
  0x8c, 0xfb, 0xb4, 0x05, 0xfa, 0x05, 0x8c, 0x05, 0x8a, 0x36, 0x05, 0x64,
  0x86, 0xfb, 0x0b, 0x80, 0xfb, 0x66, 0x8c, 0x08, 0xfb, 0xd5, 0x8a, 0xfb,
  0x55, 0xae, 0x8b, 0x8b, 0x08, 0x8d, 0x28, 0x05, 0x8b, 0x8b, 0xf7, 0x24,
  0x69, 0xf8, 0x04, 0x8c, 0x08, 0x0e, 0x87, 0xca, 0xf7, 0x17, 0xca, 0xf7,
  0x18, 0xca, 0x01, 0x89, 0xf7, 0x00, 0xf9, 0x8c, 0xf7, 0x00, 0x03, 0xf8,
  0x7b, 0x76, 0x15, 0xf7, 0xd9, 0x8c, 0xf7, 0x48, 0xad, 0x8a, 0x8b, 0x08,
  0x8c, 0xf7, 0x95, 0x05, 0xfd, 0xf9, 0x8a, 0x05, 0x8c, 0xdf, 0x05, 0xb5,
  0x8f, 0xf7, 0x14, 0x96, 0xf7, 0x55, 0x8a, 0x08, 0xf7, 0xcb, 0x8c, 0xf7,
  0x56, 0x69, 0x8a, 0x8b, 0x08, 0x8c, 0xec, 0x05, 0x8a, 0x8b, 0xfb, 0x2b,
  0xad, 0xfb, 0xf6, 0x8a, 0x08, 0xfb, 0xf6, 0x8c, 0xfb, 0x2c, 0x69, 0x8c,
  0x8b, 0x08, 0x8a, 0xfc, 0x37, 0x05, 0x8c, 0x8b, 0xf7, 0x49, 0x69, 0xf7,
  0xd9, 0x8c, 0x08, 0xf7, 0xff, 0xf7, 0x57, 0x15, 0x8a, 0x38, 0x05, 0x63,
  0x86, 0xfb, 0x0d, 0x80, 0xfb, 0x5d, 0x8c, 0x08, 0xfb, 0x5e, 0x8a, 0xfb,
  0x0d, 0x96, 0x62, 0x90, 0x08, 0x8c, 0xde, 0x05, 0xf9, 0x6a, 0x8a, 0x05,
  0x0e, 0x88, 0x9c, 0xf8, 0x08, 0xca, 0x01, 0x9b, 0x73, 0x15, 0xfa, 0x3b,
  0xf8, 0x09, 0x05, 0x8a, 0xe1, 0x05, 0x8c, 0x8b, 0xfb, 0x20, 0xac, 0xfb,
  0xee, 0x89, 0x08, 0xfb, 0xed, 0x8a, 0xfb, 0x21, 0x6b, 0x8c, 0x8b, 0x08,
  0x8a, 0x2d, 0x05, 0x8c, 0x8b, 0xf7, 0x47, 0xae, 0xf7, 0xc6, 0x8a, 0x08,
  0xf7, 0x0d, 0x8a, 0xe0, 0x88, 0xc1, 0x88, 0x08, 0xfd, 0x9f, 0xfb, 0xcb,
  0x05, 0xd1, 0x3c, 0x05, 0x0e, 0x87, 0xca, 0xf7, 0x17, 0xca, 0xf7, 0x18,
  0xca, 0x01, 0x87, 0xf7, 0x00, 0xf9, 0x8b, 0xf7, 0x00, 0x03, 0xf8, 0x77,
  0x76, 0x15, 0xf7, 0xe8, 0x8c, 0xf7, 0x3a, 0xad, 0x8a, 0x8b, 0x08, 0x8c,
  0xf7, 0x51, 0x05, 0x6e, 0x96, 0x77, 0x90, 0x75, 0x8f, 0x08, 0xbf, 0x95,
  0x9e, 0x94, 0x8a, 0x8b, 0x08, 0x8c, 0xf7, 0x52, 0x05, 0x8a, 0x8b, 0xfb,
  0x32, 0xae, 0xfb, 0xee, 0x8a, 0x08, 0xfb, 0xf0, 0x8b, 0xfb, 0x32, 0x68,
  0x8c, 0x8b, 0x08, 0x8a, 0xfb, 0x51, 0x05, 0xa2, 0x80, 0x9e, 0x86, 0xa1,
  0x87, 0x08, 0x69, 0x83, 0x74, 0x83, 0x84, 0x88, 0x08, 0x8c, 0xfb, 0x51,
  0x05, 0x8a, 0x8b, 0xf7, 0x39, 0x68, 0xf7, 0xe8, 0x8c, 0x08, 0xf8, 0x00,
  0xf8, 0x0b, 0x15, 0x8a, 0x37, 0x05, 0xfd, 0x6a, 0x8c, 0x05, 0x8c, 0xde,
  0x05, 0xb3, 0x8f, 0xf7, 0x0c, 0x96, 0xf7, 0x5f, 0x8a, 0x08, 0xf7, 0x5e,
  0x8c, 0xf7, 0x0c, 0x80, 0xb4, 0x87, 0x08, 0x8a, 0xfb, 0x49, 0x15, 0x8c,
  0x38, 0x05, 0x64, 0x86, 0xfb, 0x07, 0x81, 0xfb, 0x66, 0x8c, 0x08, 0xfb,
  0x5f, 0x8a, 0xfb, 0x0b, 0x96, 0x62, 0x8f, 0x08, 0x8c, 0xdf, 0x05, 0xf9,
  0x6a, 0x8a, 0x05, 0x0e, 0x86, 0xca, 0xf7, 0x18, 0xca, 0xf7, 0x18, 0xca,
  0x01, 0x8a, 0xf7, 0x00, 0xf9, 0x8c, 0xf7, 0x00, 0x03, 0xf8, 0x7a, 0x77,
  0x15, 0xf7, 0xf5, 0x89, 0xf7, 0x2f, 0xac, 0x8b, 0x8b, 0x08, 0x89, 0xf8,
  0x37, 0x05, 0x8b, 0x8b, 0xfb, 0x47, 0xac, 0xfb, 0xd9, 0x8c, 0x08, 0xfb,
  0xd9, 0x8d, 0xfb, 0x48, 0x6b, 0x8b, 0x8b, 0x08, 0x88, 0xfb, 0x97, 0x05,
  0xf9, 0xf9, 0x89, 0x05, 0x37, 0x07, 0x60, 0x87, 0xfb, 0x14, 0x81, 0xfb,
  0x54, 0x8c, 0x08, 0xfb, 0xcb, 0xfb, 0x56, 0xae, 0x8b, 0x1f, 0x89, 0x2a,
  0x05, 0x8b, 0x8b, 0xf7, 0x2b, 0x6a, 0xf7, 0xf8, 0x8a, 0x08, 0xf8, 0x00,
  0xf8, 0x0a, 0x15, 0x38, 0x07, 0xfd, 0x69, 0x06, 0xdf, 0x07, 0xb4, 0x90,
  0xf7, 0x0e, 0x95, 0xf7, 0x5d, 0x8b, 0x08, 0xf7, 0x5b, 0x8a, 0xf7, 0x0d,
  0x80, 0xb4, 0x87, 0x08, 0x0e, 0xfe, 0xfa, 0x8a, 0xd5, 0xf7, 0x81, 0xd5,
  0x01, 0x89, 0xf7, 0x14, 0x03, 0x78, 0xf7, 0xb9, 0x15, 0xf7, 0x39, 0x8a,
  0x05, 0x8a, 0xf7, 0x02, 0x05, 0xfb, 0x39, 0x8a, 0x05, 0x8c, 0xfb, 0x01,
  0x05, 0x8c, 0xfb, 0xcc, 0x15, 0xf7, 0x39, 0x8c, 0x05, 0x8a, 0xf7, 0x01,
  0x05, 0xfb, 0x39, 0x8a, 0x05, 0x8c, 0xfb, 0x01, 0x05, 0x0e, 0xfe, 0xdd,
  0xf7, 0xca, 0xd5, 0x01, 0x8b, 0xf7, 0x14, 0x03, 0x78, 0xf7, 0xb9, 0x15,
  0xf7, 0x39, 0x8a, 0x05, 0x8a, 0xf7, 0x02, 0x05, 0xfb, 0x39, 0x8a, 0x05,
  0x8c, 0xfb, 0x01, 0x05, 0xbf, 0xfc, 0x1e, 0x15, 0x8b, 0x8b, 0xf1, 0xb8,
  0x78, 0xf7, 0x2a, 0x08, 0xfb, 0x1f, 0x8a, 0x05, 0x8b, 0x8c, 0x9b, 0x40,
  0x48, 0x50, 0x08, 0xf6, 0x4e, 0x05, 0x0e, 0xfd, 0x6f, 0xc9, 0xf7, 0xd0,
  0x01, 0xf7, 0x09, 0xc9, 0x15, 0xf7, 0x24, 0x06, 0xfb, 0x1e, 0xf7, 0x33,
  0x05, 0xf7, 0x1c, 0xf7, 0x31, 0x05, 0xfb, 0x24, 0x06, 0xfb, 0x1c, 0xfb,
  0x32, 0x05, 0xf7, 0x1e, 0xfb, 0x32, 0x05, 0x0e, 0xfc, 0x13, 0xd3, 0xef,
  0xef, 0xef, 0x01, 0x78, 0xf7, 0xa4, 0x15, 0xf8, 0xa2, 0x06, 0x8a, 0xef,
  0x05, 0xfc, 0xa2, 0x06, 0x8c, 0x27, 0x05, 0x8c, 0xfb, 0x5c, 0x15, 0xf8,
  0xa2, 0x06, 0x8a, 0xef, 0x05, 0xfc, 0xa2, 0x06, 0x8c, 0x27, 0x05, 0x0e,
  0xfd, 0x6f, 0xc9, 0xf7, 0xd0, 0x01, 0xf3, 0xc9, 0x15, 0xf7, 0x1e, 0xf7,
  0x32, 0x05, 0xfb, 0x1c, 0xf7, 0x32, 0x05, 0xfb, 0x24, 0x06, 0xf7, 0x1c,
  0xfb, 0x31, 0x05, 0xfb, 0x1e, 0xfb, 0x33, 0x05, 0xf7, 0x24, 0x06, 0x0e,
  0x89, 0xca, 0xf7, 0x15, 0xca, 0xf7, 0x1a, 0xca, 0x01, 0xf8, 0x51, 0xed,
  0xf7, 0xe4, 0xf7, 0x00, 0x03, 0xf8, 0xc3, 0xf7, 0x41, 0x15, 0xf8, 0x53,
  0x8a, 0x05, 0x8a, 0xf7, 0x99, 0x05, 0x8c, 0x8b, 0xfb, 0x35, 0xae, 0xfb,
  0xf3, 0x8a, 0x08, 0xfb, 0xf5, 0x8c, 0xfb, 0x36, 0x68, 0x8c, 0x8b, 0x08,
  0x8a, 0x2a, 0x05, 0x8c, 0x8b, 0xf7, 0x3f, 0xae, 0xf7, 0xeb, 0x8a, 0x08,
  0xf7, 0x5e, 0x8c, 0xf7, 0x11, 0x80, 0xb4, 0x86, 0x08, 0x36, 0x07, 0xfc,
  0x47, 0x8c, 0x05, 0x8c, 0xfb, 0x39, 0x05, 0xf7, 0x17, 0x8c, 0x05, 0x8a,
  0xcd, 0x05, 0xfb, 0x18, 0xfb, 0x55, 0x15, 0xf7, 0x18, 0x8c, 0x05, 0x8a,
  0xee, 0x05, 0xfb, 0x17, 0x8a, 0x05, 0x8c, 0x28, 0x05, 0x0e, 0x8a, 0x9c,
  0xf7, 0x42, 0xca, 0xf7, 0x1b, 0xca, 0x01, 0xfa, 0x06, 0xf7, 0x00, 0x03,
  0xf9, 0xf4, 0x78, 0x15, 0xf7, 0x24, 0x8c, 0x05, 0x8a, 0xf8, 0x58, 0x05,
  0x8c, 0x8b, 0xfb, 0x28, 0xae, 0xfc, 0x01, 0x8a, 0x08, 0xfb, 0xff, 0x8c,
  0xfb, 0x28, 0x68, 0x8c, 0x8b, 0x08, 0x8a, 0xfc, 0x59, 0x05, 0xf7, 0x24,
  0x8c, 0x05, 0x8a, 0xf7, 0x53, 0x05, 0xf7, 0x55, 0x8b, 0xf8, 0x32, 0x8b,
  0xf7, 0x16, 0x8b, 0x08, 0x8a, 0xfb, 0x54, 0x05, 0x8a, 0xf8, 0x0b, 0x15,
  0x8c, 0x35, 0x05, 0xfd, 0x75, 0x8c, 0x05, 0x8c, 0xe1, 0x05, 0xb4, 0x8f,
  0xf7, 0x13, 0x96, 0xf7, 0x5b, 0x8a, 0x08, 0xf7, 0x5b, 0x8b, 0xf7, 0x13,
  0x80, 0xb6, 0x87, 0x08, 0x0e, 0x87, 0xca, 0xf7, 0x17, 0xca, 0xf7, 0x18,
  0xca, 0x01, 0x89, 0xf7, 0x00, 0xf9, 0x8c, 0xf7, 0x00, 0x03, 0xfa, 0x35,
  0xf7, 0x73, 0x15, 0xad, 0x93, 0xa2, 0x94, 0x91, 0x8d, 0x08, 0x8a, 0xf7,
  0x52, 0x05, 0x8c, 0x8b, 0xfb, 0x3d, 0xae, 0xfb, 0xe4, 0x8a, 0x08, 0xfb,
  0xf0, 0xfb, 0x31, 0x68, 0x8b, 0x1f, 0x89, 0xfc, 0x35, 0x05, 0x8b, 0x8b,
  0xf7, 0x22, 0x6a, 0xf8, 0x01, 0x8a, 0x08, 0xf7, 0xe4, 0x8a, 0xf7, 0x3d,
  0xae, 0x8a, 0x8b, 0x08, 0x8c, 0xf7, 0x51, 0x05, 0x85, 0x8d, 0x74, 0x94,
  0x69, 0x94, 0x08, 0x3b, 0xf7, 0x17, 0x15, 0x8c, 0x54, 0x05, 0x26, 0x72,
  0x45, 0x89, 0x25, 0x8a, 0x08, 0x37, 0x8b, 0xfb, 0xba, 0x8b, 0x3f, 0x8b,
  0x08, 0x8c, 0xde, 0x05, 0xb7, 0x8f, 0xf7, 0x1e, 0x96, 0xf7, 0x49, 0x8a,
  0x08, 0xf7, 0x49, 0x8c, 0xf7, 0x1d, 0x80, 0xb8, 0x87, 0x08, 0x8a, 0xfb,
  0x63, 0x15, 0x8c, 0x52, 0x05, 0x5e, 0x87, 0xfb, 0x1d, 0x80, 0xfb, 0x49,
  0x8c, 0x08, 0xfb, 0x49, 0x8a, 0xfb, 0x1e, 0x96, 0x5e, 0x8f, 0x08, 0x8c,
  0xdf, 0x05, 0xf8, 0x59, 0x8a, 0x05, 0xf1, 0x8c, 0xd0, 0x89, 0xf1, 0x72,
  0x08, 0x0e, 0x76, 0xeb, 0xf7, 0xba, 0xed, 0x01, 0x7b, 0xf7, 0x21, 0x03,
  0xf8, 0x7e, 0x76, 0x15, 0xf7, 0xdf, 0x8c, 0xf7, 0x42, 0xad, 0x8a, 0x8b,
  0x08, 0x8c, 0xeb, 0x05, 0x8a, 0x8b, 0xfb, 0x43, 0x68, 0xfb, 0xe1, 0x8c,
  0x08, 0xfb, 0x60, 0x8a, 0xfb, 0x09, 0x96, 0x63, 0x8f, 0x08, 0x8c, 0xf7,
  0x9c, 0x05, 0xb4, 0x8f, 0xf7, 0x10, 0x96, 0xf7, 0x5a, 0x8a, 0x08, 0xf7,
  0xd8, 0x8c, 0xf7, 0x4a, 0x69, 0x8a, 0x8b, 0x08, 0x8c, 0xec, 0x05, 0x8a,
  0x8b, 0xfb, 0x3c, 0xae, 0xfb, 0xe4, 0x8a, 0x08, 0xfb, 0xe6, 0xfb, 0x3d,
  0x68, 0x8b, 0x1f, 0x8d, 0xfc, 0x35, 0x05, 0x8b, 0x8b, 0xf7, 0x40, 0x68,
  0xf7, 0xe1, 0x8c, 0x08, 0x0e, 0x75, 0xec, 0xf7, 0xba, 0xed, 0x01, 0xd3,
  0xf7, 0x24, 0xf9, 0x31, 0xf7, 0x20, 0x03, 0xf8, 0x9d, 0x75, 0x15, 0xf7,
  0xe1, 0x8c, 0xf7, 0x32, 0xab, 0x87, 0xae, 0x08, 0x9d, 0x79, 0x05, 0x8a,
  0xf8, 0x28, 0x05, 0x8c, 0x8b, 0xfb, 0x3d, 0xae, 0xfb, 0xe5, 0x8a, 0x08,
  0xfc, 0x12, 0x8b, 0xfb, 0x32, 0x60, 0x8c, 0x8b, 0x08, 0x8a, 0x2a, 0x05,
  0x8c, 0x8b, 0xbf, 0x97, 0xb2, 0x92, 0x08, 0xfb, 0x88, 0x07, 0x79, 0x8e,
  0x6b, 0x90, 0x61, 0x95, 0x08, 0x8c, 0x28, 0x05, 0x8a, 0x8b, 0xf7, 0x30,
  0x61, 0xf8, 0x15, 0x8c, 0x08, 0xf8, 0x00, 0xf8, 0x0c, 0x15, 0xfb, 0x9c,
  0x07, 0x57, 0x88, 0xfb, 0x3b, 0x7f, 0xfb, 0x24, 0x8c, 0x08, 0xfb, 0x2d,
  0x8a, 0xfb, 0x04, 0x92, 0x62, 0x8e, 0x08, 0x8c, 0xf7, 0xa6, 0x05, 0xb1,
  0x8e, 0xf5, 0x92, 0xf7, 0x36, 0x8a, 0x08, 0xf7, 0x4e, 0x8c, 0xf7, 0x18,
  0x80, 0xb7, 0x87, 0x08, 0x0e, 0x87, 0xca, 0xf7, 0x17, 0xca, 0xf7, 0x18,
  0xca, 0x01, 0x8d, 0xf7, 0x00, 0x03, 0xf8, 0x7e, 0x76, 0x15, 0xf7, 0xdf,
  0x8c, 0xf7, 0x42, 0xad, 0x8a, 0x8b, 0x08, 0x8c, 0xeb, 0x05, 0x8a, 0x8b,
  0xfb, 0x40, 0x68, 0xfb, 0xe1, 0x8c, 0x08, 0xfb, 0x60, 0x8a, 0xfb, 0x0b,
  0x96, 0x62, 0x8f, 0x08, 0x8c, 0xdf, 0x05, 0xf8, 0x2d, 0x8a, 0x05, 0xca,
  0x8c, 0xf7, 0x0d, 0x8a, 0xe9, 0x84, 0x08, 0x89, 0xf7, 0x04, 0x05, 0x8b,
  0x8b, 0xfb, 0x29, 0x83, 0xfb, 0x14, 0x8c, 0x08, 0xfc, 0x2d, 0x8a, 0x05,
  0xdf, 0x07, 0xb5, 0x8f, 0xf7, 0x0f, 0x96, 0xf7, 0x5c, 0x8a, 0x08, 0xf7,
  0xd7, 0x8c, 0xf7, 0x4a, 0x69, 0x8a, 0x8b, 0x08, 0x8c, 0xec, 0x05, 0x8a,
  0x8b, 0xfb, 0x3c, 0xae, 0xfb, 0xe4, 0x8a, 0x08, 0xfb, 0xe7, 0xfb, 0x3c,
  0x68, 0x8b, 0x1f, 0x8d, 0xfc, 0x35, 0x05, 0x8b, 0x8b, 0xf7, 0x3f, 0x68,
  0xf7, 0xe2, 0x8c, 0x08, 0x0e, 0x8b, 0x9c, 0xf7, 0x3f, 0xca, 0xf7, 0x16,
  0xca, 0x01, 0x89, 0xf7, 0x00, 0x03, 0xf8, 0x7e, 0xf8, 0x03, 0x15, 0xf7,
  0xd7, 0x8a, 0xf7, 0x33, 0x6c, 0xa0, 0x9d, 0x08, 0x8a, 0xd7, 0x05, 0x8c,
  0x8b, 0xfb, 0x3c, 0xac, 0xfb, 0xe4, 0x8a, 0x08, 0xfb, 0xe6, 0x8c, 0xfb,
  0x3f, 0x6b, 0x8c, 0x8b, 0x08, 0x8a, 0xfc, 0x54, 0x05, 0xf7, 0x26, 0x8c,
  0x05, 0x8a, 0xf7, 0x50, 0x05, 0xf8, 0x2f, 0x8a, 0x05, 0xc9, 0x8c, 0xf7,
  0x0b, 0x8a, 0xeb, 0x83, 0x08, 0x8a, 0xf7, 0x06, 0x05, 0x8c, 0x8b, 0xfb,
  0x29, 0x83, 0xfb, 0x15, 0x8c, 0x08, 0xfc, 0x2e, 0x8a, 0x05, 0xde, 0x07,
  0xb4, 0x90, 0xf7, 0x10, 0x96, 0xf7, 0x5c, 0x8a, 0x08, 0x0e, 0x86, 0xca,
  0xf7, 0x18, 0xca, 0xf7, 0x18, 0xca, 0x01, 0x88, 0xf7, 0x00, 0xf9, 0x8c,
  0xf7, 0x00, 0x03, 0xf8, 0x79, 0x75, 0x15, 0xf7, 0xe1, 0x8c, 0xf7, 0x42,
  0xac, 0x8b, 0x8b, 0x08, 0x89, 0xf7, 0x47, 0x05, 0x8d, 0xdb, 0x05, 0xfc,
  0xcf, 0x8a, 0x05, 0x8c, 0x2a, 0x05, 0xf8, 0x3f, 0x8c, 0x05, 0x8a, 0x36,
  0x05, 0x3c, 0x84, 0xfb, 0x0c, 0x84, 0xfb, 0x37, 0x8c, 0x08, 0xfb, 0x60,
  0x8a, 0xfb, 0x0b, 0x96, 0x63, 0x8f, 0x08, 0x8c, 0xf7, 0x9b, 0x05, 0xb3,
  0x90, 0xf7, 0x10, 0x96, 0xf7, 0x5a, 0x8a, 0x08, 0xf7, 0xd8, 0x8c, 0xf7,
  0x4a, 0x68, 0x8b, 0x8b, 0x08, 0x89, 0xec, 0x05, 0x8b, 0x8b, 0xfb, 0x3c,
  0xae, 0xfb, 0xe4, 0x8a, 0x08, 0xfb, 0xe4, 0x8c, 0xfb, 0x3d, 0x68, 0x8b,
  0x8b, 0x08, 0x89, 0xfc, 0x37, 0x05, 0x8b, 0x8b, 0xf7, 0x42, 0x69, 0xf7,
  0xe0, 0x8c, 0x08, 0x0e, 0x8a, 0x9c, 0xf7, 0x45, 0xca, 0xf7, 0x46, 0x9c,
  0x01, 0x88, 0xf7, 0x00, 0xf9, 0xa9, 0xf7, 0x00, 0x03, 0xf9, 0xfe, 0x78,
  0x15, 0xf7, 0x26, 0x8c, 0x05, 0x8a, 0xf8, 0x7b, 0x05, 0xfb, 0x26, 0x8a,
  0x05, 0x8c, 0xfb, 0x56, 0x05, 0xfd, 0x81, 0x8c, 0x05, 0x8c, 0xf7, 0x56,
  0x05, 0xfb, 0x27, 0x8a, 0x05, 0x8c, 0xfc, 0x7b, 0x05, 0xf7, 0x26, 0x8c,
  0x05, 0x8a, 0xf7, 0x56, 0x05, 0xf9, 0x81, 0x8a, 0x05, 0x8a, 0xfb, 0x56,
  0x05, 0x0e, 0xfd, 0x6f, 0x8a, 0x9c, 0xf8, 0x36, 0x9c, 0x01, 0x8b, 0xf7,
  0x00, 0x03, 0x7a, 0x78, 0x15, 0xf7, 0x26, 0x8c, 0x05, 0x8a, 0xf8, 0x7b,
  0x05, 0xfb, 0x26, 0x8a, 0x05, 0x8c, 0xfc, 0x7b, 0x05, 0x0e, 0x6e, 0xca,
  0xf8, 0x1d, 0x9c, 0x01, 0x88, 0xf7, 0x00, 0xf9, 0x99, 0xf7, 0x00, 0x03,
  0xf8, 0x7f, 0x5d, 0x15, 0xf7, 0xe6, 0x8c, 0xf7, 0x43, 0xad, 0x8a, 0x8b,
  0x08, 0x8c, 0xf8, 0x6d, 0x05, 0xfb, 0x25, 0x8a, 0x05, 0x8c, 0xfc, 0x1f,
  0x05, 0x62, 0x87, 0xfb, 0x0c, 0x80, 0xfb, 0x64, 0x8c, 0x08, 0xfb, 0x3b,
  0x8a, 0xfb, 0x0c, 0x92, 0x3a, 0x93, 0x08, 0x8c, 0xf7, 0x0d, 0x05, 0xfb,
  0x25, 0x8a, 0x05, 0x8c, 0xfb, 0x59, 0x05, 0x8a, 0x8b, 0xf7, 0x43, 0x68,
  0xf7, 0xe5, 0x8c, 0x08, 0x0e, 0x8a, 0x9c, 0xf8, 0x36, 0x9c, 0x01, 0x88,
  0xf7, 0x00, 0xf9, 0xa9, 0xf7, 0x00, 0x03, 0xf9, 0xff, 0x78, 0x15, 0xf7,
  0x26, 0x8c, 0x05, 0x8a, 0xf7, 0x53, 0x05, 0x7f, 0x90, 0xfb, 0x4d, 0xcc,
  0xfb, 0xa6, 0x79, 0x08, 0x89, 0x87, 0x87, 0x7d, 0x95, 0x8c, 0x08, 0x94,
  0x06, 0xf7, 0x27, 0x90, 0xf7, 0x44, 0x9a, 0xf7, 0x1a, 0xbd, 0x08, 0x8d,
  0xf7, 0x53, 0x05, 0xfb, 0x27, 0x8a, 0x05, 0x8c, 0xfb, 0x12, 0x05, 0x4e,
  0x7d, 0xfb, 0x9f, 0x53, 0xfc, 0x39, 0x8c, 0x08, 0x8a, 0xf7, 0x58, 0x05,
  0xfb, 0x26, 0x8a, 0x05, 0x8c, 0xfc, 0x7b, 0x05, 0xf7, 0x26, 0x8c, 0x05,
  0x8a, 0xf7, 0x56, 0x05, 0xe7, 0x8b, 0xf8, 0x46, 0x8b, 0xf7, 0x73, 0x47,
  0x08, 0x8c, 0xfb, 0x13, 0x05, 0x0e, 0x6d, 0xca, 0xf8, 0x1e, 0x9c, 0x01,
  0x89, 0xf7, 0x00, 0xf9, 0x98, 0xf7, 0x00, 0x03, 0xf8, 0x80, 0x5c, 0x15,
  0xf7, 0xe6, 0x8c, 0xf7, 0x43, 0xad, 0x8a, 0x8b, 0x08, 0x8c, 0xf7, 0x5a,
  0x05, 0xfb, 0x25, 0x8a, 0x05, 0x8c, 0xfb, 0x0c, 0x05, 0x3b, 0x85, 0xfb,
  0x0c, 0x84, 0xfb, 0x3c, 0x8a, 0x08, 0xfb, 0x63, 0x8b, 0xfb, 0x0d, 0x95,
  0x62, 0x8f, 0x08, 0x8c, 0xf8, 0x21, 0x05, 0xfb, 0x25, 0x8a, 0x05, 0x8c,
  0xfc, 0x6d, 0x05, 0x8a, 0x8b, 0xf7, 0x42, 0x68, 0xf7, 0xe6, 0x8c, 0x08,
  0x0e, 0x87, 0x9c, 0xf8, 0x05, 0xca, 0x01, 0x88, 0xf7, 0x00, 0xf7, 0xe6,
  0xe8, 0xf7, 0xe6, 0xf7, 0x00, 0x03, 0xf8, 0x3e, 0xf8, 0x01, 0x15, 0x8a,
  0xfb, 0x1c, 0x05, 0x8c, 0xfb, 0x04, 0x7d, 0x3e, 0x8b, 0x8c, 0x08, 0xf7,
  0x30, 0x8a, 0x05, 0x7d, 0xf7, 0x03, 0x8a, 0xa3, 0x8c, 0xc4, 0x08, 0x8a,
  0xf7, 0x19, 0x05, 0xf7, 0x19, 0x8a, 0xef, 0x84, 0xd2, 0x85, 0x08, 0x8a,
  0xfc, 0x08, 0x05, 0xf7, 0x24, 0x8c, 0x05, 0x8a, 0xf8, 0x55, 0x05, 0x8c,
  0x8b, 0xfb, 0x29, 0xa9, 0xfb, 0xbe, 0x8f, 0x08, 0x8c, 0xca, 0x05, 0xfb,
  0x15, 0x8a, 0x05, 0x8c, 0x4c, 0x05, 0xfb, 0xc2, 0x88, 0xfb, 0x25, 0x6d,
  0x8c, 0x8b, 0x08, 0x8a, 0xfc, 0x56, 0x05, 0xf7, 0x25, 0x8c, 0x05, 0x8a,
  0xf8, 0x07, 0x05, 0xb0, 0x8f, 0xf2, 0x94, 0xf7, 0x37, 0x8c, 0x08, 0x0e,
  0x8b, 0x9c, 0xf8, 0x08, 0xca, 0x01, 0x8d, 0xf7, 0x00, 0xf9, 0x98, 0xf7,
  0x00, 0x03, 0xf9, 0xf4, 0x79, 0x15, 0xf7, 0x24, 0x8c, 0x05, 0x8a, 0xf8,
  0x58, 0x05, 0x8c, 0x8b, 0xfb, 0x3f, 0xae, 0xfb, 0xe9, 0x8a, 0x08, 0xfb,
  0xf2, 0x8c, 0xfb, 0x37, 0x68, 0x8b, 0x8b, 0x08, 0x8d, 0xfc, 0x59, 0x05,
  0xf7, 0x23, 0x8c, 0x05, 0x8a, 0xf8, 0x0a, 0x05, 0xb5, 0x90, 0xf7, 0x11,
  0x96, 0xf7, 0x5e, 0x8a, 0x08, 0xf7, 0x39, 0x8b, 0xf7, 0x0e, 0x84, 0xdd,
  0x83, 0x08, 0x8a, 0xfc, 0x0b, 0x05, 0x0e, 0x86, 0xca, 0xf7, 0xda, 0xca,
  0x01, 0x8f, 0xf7, 0x00, 0xf9, 0x8b, 0xf7, 0x00, 0x03, 0xf8, 0x7f, 0x74,
  0x15, 0xf7, 0xe2, 0x8c, 0xf7, 0x32, 0xaa, 0x87, 0xae, 0x08, 0x9d, 0x79,
  0x05, 0x8a, 0xf8, 0x28, 0x05, 0x8c, 0x8b, 0xfb, 0x3d, 0xae, 0xfb, 0xe5,
  0x8a, 0x08, 0xfb, 0xec, 0x8c, 0xfb, 0x35, 0x68, 0x8c, 0x8b, 0x08, 0x8a,
  0xfc, 0x36, 0x05, 0x8c, 0x8b, 0xf7, 0x3c, 0x68, 0xf7, 0xe4, 0x8c, 0x08,
  0x8d, 0xf8, 0x1b, 0x15, 0xf7, 0x36, 0x8a, 0xf7, 0x0d, 0x85, 0xdb, 0x83,
  0x08, 0x8a, 0xfb, 0x9c, 0x05, 0x3c, 0x83, 0xfb, 0x0a, 0x84, 0xfb, 0x3a,
  0x8c, 0x08, 0xfb, 0x4e, 0x8a, 0xfb, 0x19, 0x97, 0x5f, 0x8f, 0x08, 0x8c,
  0xf7, 0x9b, 0x05, 0xb4, 0x8f, 0xf7, 0x0f, 0x96, 0xf7, 0x5b, 0x8a, 0x08,
  0x0e, 0x8a, 0x9c, 0xf7, 0x42, 0xca, 0xf7, 0x1b, 0xca, 0x01, 0xfa, 0x05,
  0xf7, 0x00, 0x03, 0xf8, 0x82, 0xf7, 0x41, 0x15, 0xf7, 0xe7, 0x8a, 0xf7,
  0x42, 0xaf, 0x8a, 0x8b, 0x08, 0x8c, 0xf7, 0x75, 0x05, 0x8a, 0x8b, 0xfb,
  0x41, 0xaf, 0xfb, 0xe7, 0x8a, 0x08, 0xfb, 0xe4, 0x8c, 0xfb, 0x44, 0x67,
  0x8c, 0x8b, 0x08, 0x8a, 0xfc, 0x58, 0x05, 0xf7, 0x24, 0x8c, 0x05, 0x8a,
  0xf7, 0x53, 0x05, 0xf8, 0x05, 0x8a, 0x05, 0xf8, 0x06, 0xf7, 0x4b, 0x15,
  0x8a, 0x44, 0x05, 0x3a, 0x84, 0xfb, 0x0c, 0x85, 0xfb, 0x3c, 0x8a, 0x08,
  0xfc, 0x05, 0x06, 0x8c, 0xe1, 0x05, 0xb3, 0x8f, 0xf7, 0x0d, 0x95, 0xf7,
  0x63, 0x8a, 0x08, 0xf7, 0x3c, 0x8c, 0xf7, 0x0c, 0x84, 0xdd, 0x83, 0x08,
  0x0e, 0x86, 0xca, 0xf7, 0xe1, 0xca, 0x01, 0x88, 0xf7, 0x00, 0xf7, 0xe4,
  0xed, 0xf7, 0xe4, 0xf7, 0x00, 0x03, 0xf8, 0xc1, 0x76, 0x15, 0xf7, 0xb9,
  0x8f, 0xf7, 0x1d, 0xa6, 0x93, 0xa9, 0x08, 0x91, 0x7f, 0x05, 0x8a, 0xf8,
  0x2d, 0x05, 0x8c, 0x8b, 0xfb, 0x3d, 0xae, 0xfb, 0xeb, 0x8a, 0x08, 0xfb,
  0xf0, 0x8c, 0xfb, 0x36, 0x68, 0x8c, 0x8b, 0x08, 0x8a, 0xfc, 0x3b, 0x05,
  0x8c, 0x8b, 0xf7, 0x28, 0x6d, 0xf7, 0xbb, 0x86, 0x08, 0x8b, 0x41, 0x8a,
  0x67, 0x86, 0x3a, 0x08, 0xf7, 0x28, 0x8c, 0x05, 0x84, 0xd4, 0x8a, 0xc0,
  0x8b, 0xcb, 0x08, 0xf7, 0xc1, 0xf8, 0x10, 0x15, 0x8a, 0xfb, 0xa1, 0x05,
  0x47, 0x85, 0x27, 0x84, 0xfb, 0x17, 0x89, 0x08, 0x8c, 0xf7, 0x1b, 0x05,
  0xfb, 0x1b, 0x8a, 0x05, 0x8c, 0xfb, 0x1a, 0x05, 0xfb, 0x2e, 0x8e, 0xfb,
  0x00, 0x93, 0x64, 0x8f, 0x08, 0x8c, 0xf7, 0xa1, 0x05, 0xb4, 0x8f, 0xf7,
  0x10, 0x94, 0xf7, 0x5d, 0x8a, 0x08, 0xf7, 0x38, 0x8c, 0xf7, 0x0f, 0x86,
  0xdb, 0x83, 0x08, 0x0e, 0xf7, 0x9d, 0x89, 0x9c, 0xf7, 0x42, 0xca, 0xf7,
  0x1b, 0xca, 0x01, 0xf7, 0x9a, 0xf7, 0x00, 0xf9, 0x98, 0xf7, 0x00, 0x03,
  0xfa, 0xf9, 0x77, 0x15, 0xf7, 0x23, 0x8c, 0x05, 0x8a, 0xf7, 0x2b, 0x05,
  0x60, 0xa9, 0x5f, 0x9c, 0x60, 0x97, 0x08, 0xe2, 0x91, 0xb7, 0x93, 0x8a,
  0x8b, 0x08, 0x8c, 0xf7, 0x78, 0x05, 0x8a, 0x8b, 0xfb, 0x41, 0xae, 0xfb,
  0xe5, 0x8a, 0x08, 0xfb, 0xe6, 0x8c, 0xfb, 0x43, 0x68, 0x8c, 0x8b, 0x08,
  0x8a, 0xfb, 0x36, 0x05, 0x5d, 0x8b, 0xfb, 0x18, 0x8c, 0x34, 0x91, 0x08,
  0x8c, 0xfb, 0x05, 0x05, 0x8a, 0x8b, 0xf7, 0x30, 0x93, 0xf7, 0x02, 0x8a,
  0x08, 0x8a, 0xfb, 0x54, 0x05, 0xf7, 0x25, 0x8c, 0x05, 0x8a, 0xf7, 0x52,
  0x05, 0xf8, 0xf4, 0x8a, 0xf7, 0x03, 0x4a, 0x9d, 0x7c, 0x08, 0x8a, 0xfb,
  0x02, 0x05, 0x8a, 0xf8, 0x0b, 0x15, 0x8c, 0x45, 0x05, 0x3a, 0x84, 0xfb,
  0x0c, 0x84, 0xfb, 0x3b, 0x8a, 0x08, 0xfc, 0x05, 0x06, 0x8c, 0xe0, 0x05,
  0xb3, 0x8f, 0xf7, 0x0d, 0x96, 0xf7, 0x63, 0x8a, 0x08, 0xf7, 0x3b, 0x8c,
  0xf7, 0x0c, 0x84, 0xdc, 0x83, 0x08, 0x0e, 0x86, 0xca, 0xf7, 0x18, 0xca,
  0xf7, 0x18, 0xca, 0x01, 0x8b, 0xf7, 0x00, 0xf9, 0x8b, 0xf7, 0x00, 0x03,
  0xf8, 0x7c, 0x75, 0x15, 0xf7, 0xe0, 0x8c, 0xf7, 0x41, 0xad, 0x8a, 0x8b,
  0x08, 0x8c, 0xf7, 0x96, 0x05, 0xfd, 0xf8, 0x8a, 0x05, 0x8c, 0xde, 0x05,
  0xb2, 0x90, 0xf7, 0x09, 0x96, 0xf7, 0x62, 0x8a, 0x08, 0xf7, 0xca, 0x8c,
  0xf7, 0x57, 0x68, 0x8a, 0x8b, 0x08, 0x8c, 0xec, 0x05, 0x8a, 0x8b, 0xfb,
  0x46, 0xae, 0xfb, 0xdb, 0x8a, 0x08, 0xfb, 0xda, 0x8c, 0xfb, 0x47, 0x68,
  0x8c, 0x8b, 0x08, 0x8a, 0xfb, 0x97, 0x05, 0xf9, 0xf9, 0x8c, 0x05, 0x8a,
  0x36, 0x05, 0x6a, 0x87, 0x27, 0x82, 0xfb, 0x7a, 0x8a, 0x08, 0xfb, 0xbe,
  0x8b, 0xfb, 0x63, 0xae, 0x8c, 0x8b, 0x08, 0x8a, 0x2b, 0x05, 0x8c, 0x8b,
  0xf7, 0x41, 0x68, 0xf7, 0xe0, 0x8c, 0x08, 0x0e, 0x89, 0x9c, 0xf8, 0x07,
  0xca, 0x01, 0xf9, 0x62, 0xf7, 0x00, 0x03, 0xf8, 0xca, 0xf8, 0x00, 0x15,
  0xf7, 0xc6, 0x8b, 0xf7, 0x1a, 0x6c, 0x8a, 0x8b, 0x08, 0x8c, 0xee, 0x05,
  0x8a, 0x8b, 0xfb, 0x39, 0xad, 0xfb, 0xee, 0x8a, 0x08, 0xfb, 0xf0, 0x8c,
  0xfb, 0x39, 0x69, 0x8c, 0x8b, 0x08, 0x8a, 0x28, 0x05, 0x8c, 0x8b, 0xf7,
  0x17, 0xab, 0xf7, 0xc8, 0x8e, 0x08, 0x8a, 0xfc, 0x19, 0x05, 0xf7, 0x26,
  0x8c, 0x05, 0x8a, 0xf8, 0x14, 0x05, 0x0e, 0x87, 0xca, 0xf8, 0x08, 0x9c,
  0x01, 0x8d, 0xf7, 0x00, 0xf9, 0x98, 0xf7, 0x00, 0x03, 0xf8, 0x84, 0x76,
  0x15, 0xf7, 0xf1, 0x8c, 0xf7, 0x37, 0xad, 0x8a, 0x8b, 0x08, 0x8c, 0xf8,
  0x58, 0x05, 0xfb, 0x24, 0x8a, 0x05, 0x8c, 0xfc, 0x0a, 0x05, 0x61, 0x87,
  0xfb, 0x11, 0x80, 0xfb, 0x5e, 0x8c, 0x08, 0xfb, 0x3a, 0x8a, 0xfb, 0x0e,
  0x92, 0x3a, 0x93, 0x08, 0x8c, 0xf8, 0x0b, 0x05, 0xfb, 0x24, 0x8a, 0x05,
  0x8c, 0xfc, 0x57, 0x05, 0x8a, 0x8b, 0xf7, 0x3f, 0x68, 0xf7, 0xe9, 0x8c,
  0x08, 0x0e, 0x73, 0x9c, 0xf8, 0x4a, 0x9c, 0x01, 0xf8, 0x87, 0x5c, 0x15,
  0xf8, 0x9a, 0xf8, 0x4b, 0x05, 0xfb, 0x16, 0xd3, 0x05, 0xfc, 0x18, 0xfb,
  0xeb, 0x05, 0xfc, 0x27, 0xf7, 0xf0, 0x05, 0xfb, 0x1a, 0x3f, 0x05, 0xf8,
  0xad, 0xfc, 0x4c, 0x05, 0x0e, 0x86, 0xca, 0xf8, 0x05, 0x9c, 0x01, 0x8b,
  0xf7, 0x00, 0xf7, 0xe6, 0xf2, 0xf7, 0xdd, 0xf7, 0x00, 0x03, 0xf8, 0xc2,
  0xd6, 0x15, 0x8a, 0xf7, 0x1d, 0x05, 0x8c, 0xf7, 0x04, 0x97, 0xd7, 0x8b,
  0x8a, 0x08, 0xfb, 0x2f, 0x8c, 0x05, 0x98, 0xfb, 0x03, 0x8c, 0x73, 0x8a,
  0x52, 0x08, 0x8c, 0xfb, 0x19, 0x05, 0xfb, 0x1a, 0x8d, 0x28, 0x92, 0x44,
  0x91, 0x08, 0x8c, 0xf8, 0x08, 0x05, 0xfb, 0x24, 0x8a, 0x05, 0x8c, 0xfc,
  0x55, 0x05, 0x8a, 0x8b, 0xf7, 0x2a, 0x6d, 0xf7, 0xbd, 0x87, 0x08, 0x8a,
  0x4b, 0x05, 0xf7, 0x15, 0x8c, 0x05, 0x8a, 0xca, 0x05, 0xf7, 0xc2, 0x8e,
  0xf7, 0x18, 0xa6, 0x99, 0x9d, 0x08, 0x8a, 0xf8, 0x48, 0x05, 0xfb, 0x24,
  0x8a, 0x05, 0x8c, 0xfc, 0x08, 0x05, 0x66, 0x87, 0x24, 0x83, 0xfb, 0x37,
  0x89, 0x08, 0x0e, 0x7f, 0x9c, 0xf8, 0x41, 0x9c, 0x01, 0xf8, 0xe3, 0xf7,
  0x6f, 0x15, 0xf8, 0x15, 0xf7, 0x41, 0x05, 0x36, 0xdb, 0x05, 0xfc, 0x3a,
  0xfb, 0x54, 0x05, 0xfc, 0x37, 0xf7, 0x54, 0x05, 0x34, 0x3b, 0x05, 0xf8,
  0x16, 0xfb, 0x41, 0x05, 0xfc, 0x16, 0xfb, 0x3f, 0x05, 0xe2, 0x3a, 0x05,
  0xf8, 0x38, 0xf7, 0x53, 0x05, 0xf8, 0x34, 0xfb, 0x53, 0x05, 0xe5, 0xdc,
  0x05, 0xfc, 0x15, 0xf7, 0x3f, 0x05, 0x0e, 0x87, 0x9c, 0x01, 0x88, 0xf7,
  0x00, 0xf7, 0xe5, 0xed, 0xf7, 0xe7, 0xf7, 0x00, 0x03, 0xf8, 0x3f, 0xf7,
  0x98, 0x15, 0x77, 0x8c, 0x05, 0x2d, 0x8d, 0x2b, 0x8c, 0x2e, 0x95, 0x08,
  0x8c, 0xf7, 0x4c, 0x05, 0xfb, 0x26, 0x8a, 0x05, 0x8c, 0xfb, 0x99, 0x05,
  0x8a, 0x8b, 0xf7, 0x26, 0x6c, 0xf7, 0xc3, 0x88, 0x08, 0x8a, 0xfb, 0x4b,
  0x05, 0xf7, 0x17, 0x8c, 0x05, 0x8a, 0xf7, 0x4a, 0x05, 0xce, 0x8c, 0xf7,
  0x84, 0x91, 0xf7, 0x21, 0xa6, 0x08, 0x8a, 0xf7, 0x9a, 0x05, 0xfb, 0x24,
  0x8a, 0x05, 0x8c, 0xfb, 0x4b, 0x05, 0x62, 0x87, 0xfb, 0x06, 0x82, 0xfb,
  0x2c, 0x8a, 0x08, 0x8c, 0x9d, 0x92, 0xcd, 0x95, 0xb7, 0x08, 0xfb, 0x31,
  0x8a, 0x05, 0x8b, 0x8c, 0x95, 0x43, 0x8d, 0x53, 0x08, 0x0e, 0x87, 0xca,
  0xf7, 0xda, 0xca, 0x01, 0x87, 0xf7, 0x22, 0x03, 0xf8, 0x78, 0x76, 0x15,
  0xf7, 0xe0, 0x8c, 0xf7, 0x41, 0xad, 0x8a, 0x8b, 0x08, 0x8c, 0xeb, 0x05,
  0x8a, 0x8b, 0xfb, 0x4b, 0x68, 0xfb, 0xd5, 0x8c, 0x08, 0xfb, 0x0f, 0x8a,
  0x37, 0x8e, 0x56, 0x8e, 0x08, 0xf9, 0x91, 0xf7, 0x9a, 0x05, 0x8a, 0xe5,
  0x05, 0x8c, 0x8b, 0xfb, 0x50, 0xad, 0xfb, 0xd2, 0x8a, 0x08, 0xfb, 0xdb,
  0xfb, 0x47, 0x68, 0x8b, 0x1f, 0x8d, 0x2b, 0x05, 0x8b, 0x8b, 0xf7, 0x4e,
  0xad, 0xf7, 0xd3, 0x8a, 0x08, 0xf7, 0x04, 0x8c, 0xde, 0x87, 0xc3, 0x88,
  0x08, 0xfd, 0x89, 0xfb, 0x99, 0x05, 0x8c, 0x34, 0x05, 0x8a, 0x8b, 0xf7,
  0x41, 0x68, 0xf7, 0xe1, 0x8c, 0x08, 0x0e, 0xfe, 0x07, 0x38, 0xee, 0xf8,
  0x36, 0xee, 0x01, 0x79, 0xf7, 0x18, 0x03, 0x79, 0x53, 0x15, 0xf7, 0x13,
  0x74, 0xf7, 0x0a, 0x87, 0x8a, 0x8b, 0x08, 0x8c, 0xee, 0x05, 0x52, 0x8e,
  0x67, 0x8e, 0x77, 0x8d, 0x08, 0xf8, 0x26, 0x07, 0xb4, 0x8f, 0xd3, 0x8f,
  0x8a, 0x8b, 0x08, 0x8c, 0xee, 0x05, 0xfb, 0x19, 0x84, 0xfb, 0x04, 0x77,
  0x8b, 0x8b, 0x08, 0xfc, 0xc6, 0x07, 0x0e, 0xfd, 0x37, 0x79, 0x9f, 0x01,
  0xf8, 0x19, 0x79, 0x15, 0xf7, 0x3b, 0x8c, 0x05, 0xfc, 0x3d, 0xf8, 0x7a,
  0x05, 0xfb, 0x3a, 0x8a, 0x05, 0xf8, 0x3c, 0xfc, 0x7a, 0x05, 0x0e, 0xfe,
  0x07, 0x39, 0xf4, 0xf8, 0x27, 0xf6, 0x01, 0x79, 0xf7, 0x18, 0x03, 0xfb,
  0x16, 0x38, 0x15, 0x8b, 0x8b, 0xf7, 0x09, 0x8f, 0xf7, 0x13, 0xa2, 0x08,
  0xf8, 0xc6, 0x07, 0x8b, 0x8b, 0xfb, 0x03, 0x9f, 0xfb, 0x19, 0x92, 0x08,
  0x28, 0x07, 0x8b, 0x8b, 0xd6, 0x87, 0xb0, 0x87, 0x08, 0xfc, 0x26, 0x07,
  0x77, 0x89, 0x63, 0x87, 0x57, 0x89, 0x08, 0x28, 0x07, 0x0e, 0xfd, 0x6f,
  0xf7, 0xe6, 0xf7, 0x17, 0x01, 0xf7, 0x71, 0xf7, 0xe7, 0x15, 0xf7, 0x3f,
  0x8a, 0x05, 0xfb, 0x2f, 0xf7, 0x17, 0x05, 0xfb, 0x14, 0x8c, 0x05, 0xfb,
  0x2e, 0xfb, 0x18, 0x05, 0xf7, 0x3e, 0x06, 0xbb, 0xc2, 0x05, 0xbb, 0x54,
  0x05, 0x0e, 0x4c, 0xe5, 0x01, 0x77, 0xfb, 0x28, 0x15, 0xfa, 0x98, 0x8c,
  0x05, 0x8a, 0xef, 0x05, 0xfe, 0x98, 0x8a, 0x05, 0x8c, 0x27, 0x05, 0x0e,
  0xfd, 0x6f, 0x7a, 0xf7, 0x22, 0x03, 0xd6, 0xf7, 0xb4, 0x15, 0xed, 0xbf,
  0x05, 0x4e, 0xc2, 0x9a, 0xce, 0x8b, 0x8a, 0x08, 0xfb, 0x11, 0x8c, 0x05,
  0x78, 0x8a, 0x05, 0x8c, 0xfb, 0x1a, 0xe6, 0x64, 0x8b, 0x8b, 0x08, 0x0e,
  0xf8, 0xb8, 0x8a, 0x9c, 0xf7, 0x42, 0xca, 0xf7, 0x1b, 0xca, 0x01, 0xf7,
  0x9e, 0xf7, 0x00, 0xf9, 0x98, 0xf7, 0x00, 0x03, 0x1c, 0x04, 0xf8, 0xf7,
  0x40, 0x15, 0xf7, 0x0b, 0x8b, 0xf7, 0x26, 0x84, 0x8a, 0x8b, 0x08, 0x8c,
  0xf7, 0x06, 0x05, 0xfb, 0x00, 0x84, 0xfb, 0x06, 0x8a, 0x5f, 0x8b, 0x08,
  0x8c, 0xf7, 0x37, 0x05, 0x8a, 0x8b, 0xfb, 0x27, 0xae, 0xfb, 0xff, 0x8a,
  0x08, 0xfc, 0x01, 0x8c, 0xfb, 0x28, 0x68, 0x8c, 0x8b, 0x08, 0x8a, 0xfb,
  0x38, 0x05, 0x33, 0x8b, 0xfb, 0x46, 0x93, 0x8c, 0x8b, 0x08, 0x8a, 0xfb,
  0x06, 0x05, 0xe5, 0x93, 0xf7, 0x16, 0x8c, 0xba, 0x8b, 0x08, 0x8a, 0xfb,
  0x54, 0x05, 0xf7, 0x24, 0x8c, 0x05, 0x8a, 0xf7, 0x53, 0x05, 0xf9, 0x76,
  0x8a, 0x05, 0x8a, 0xfb, 0x53, 0x05, 0xf7, 0x24, 0x8c, 0x05, 0x8a, 0xf7,
  0x52, 0x05, 0xfb, 0x24, 0xf7, 0x4b, 0x15, 0x8c, 0x36, 0x05, 0xfd, 0x76,
  0x8c, 0x05, 0x8c, 0xe0, 0x05, 0xb4, 0x90, 0xf7, 0x14, 0x96, 0xf7, 0x5c,
  0x8a, 0x08, 0xf7, 0x5a, 0x8b, 0xf7, 0x13, 0x80, 0xb6, 0x86, 0x08, 0x0e,
  0xf7, 0xa2, 0x87, 0xca, 0xf7, 0x17, 0xca, 0xf7, 0x18, 0xca, 0x01, 0xf7,
  0x97, 0xf7, 0x00, 0xf9, 0x8a, 0xf7, 0x00, 0x03, 0x1c, 0x04, 0xa4, 0xf7,
  0x73, 0x15, 0xad, 0x93, 0xa2, 0x94, 0x91, 0x8d, 0x08, 0x8a, 0xf7, 0x52,
  0x05, 0x8c, 0x8b, 0xfb, 0x3d, 0xae, 0xfb, 0xe3, 0x8a, 0x08, 0xfb, 0xf0,
  0xfb, 0x31, 0x68, 0x8b, 0x1f, 0x8a, 0xfb, 0x34, 0x05, 0x5c, 0x8b, 0xfb,
  0x15, 0x8c, 0x35, 0x92, 0x08, 0x8c, 0xfb, 0x04, 0x05, 0x8a, 0x8b, 0xf7,
  0x30, 0x93, 0xf5, 0x89, 0x08, 0x8a, 0xfb, 0x33, 0x05, 0x8c, 0x8b, 0xf7,
  0x21, 0x6a, 0xf8, 0x00, 0x8a, 0x08, 0xf7, 0xe5, 0x8a, 0xf7, 0x3c, 0xae,
  0x8a, 0x8b, 0x08, 0x8c, 0xf7, 0x51, 0x05, 0x85, 0x8d, 0x74, 0x94, 0x69,
  0x94, 0x08, 0x3a, 0xf7, 0x17, 0x15, 0x8c, 0x54, 0x05, 0x26, 0x72, 0x46,
  0x89, 0x25, 0x8a, 0x08, 0x37, 0x8b, 0xfb, 0xba, 0x8b, 0x3f, 0x8b, 0x08,
  0x8c, 0xde, 0x05, 0xb8, 0x8f, 0xf7, 0x1d, 0x96, 0xf7, 0x49, 0x8a, 0x08,
  0xf7, 0x48, 0x8c, 0xf7, 0x1d, 0x80, 0xb8, 0x87, 0x08, 0x8a, 0xfb, 0x63,
  0x15, 0x8c, 0x52, 0x05, 0x5e, 0x87, 0xfb, 0x1d, 0x80, 0xfb, 0x48, 0x8c,
  0x08, 0xfb, 0x49, 0x8a, 0xfb, 0x1d, 0x96, 0x5d, 0x8f, 0x08, 0x8c, 0xdf,
  0x05, 0xf8, 0x59, 0x8a, 0x05, 0xf1, 0x8c, 0xd0, 0x89, 0xf0, 0x72, 0x08,
  0x0e, 0x87, 0xca, 0xf7, 0xda, 0xca, 0x01, 0x8d, 0xf7, 0x00, 0x03, 0xf8,
  0x7e, 0x76, 0x15, 0xf7, 0xdf, 0x8c, 0xf7, 0x42, 0xad, 0x8a, 0x8b, 0x08,
  0x8c, 0xeb, 0x05, 0x8a, 0x8b, 0xfb, 0x43, 0x68, 0xfb, 0xe1, 0x8c, 0x08,
  0xfb, 0x60, 0x8a, 0xfb, 0x09, 0x96, 0x63, 0x8f, 0x08, 0x8c, 0xf7, 0x9c,
  0x05, 0xb4, 0x8f, 0xf7, 0x10, 0x96, 0xf7, 0x5a, 0x8a, 0x08, 0xf7, 0xd8,
  0x8c, 0xf7, 0x4a, 0x69, 0x8a, 0x8b, 0x08, 0x8c, 0xec, 0x05, 0x8a, 0x8b,
  0xfb, 0x3c, 0xae, 0xfb, 0xe4, 0x8a, 0x08, 0xfb, 0xe6, 0xfb, 0x3d, 0x68,
  0x8b, 0x1f, 0x8d, 0xfc, 0x35, 0x05, 0x8b, 0x8b, 0xf7, 0x40, 0x68, 0xf7,
  0xe1, 0x8c, 0x08, 0x0e, 0x87, 0xca, 0xf7, 0xda, 0xca, 0x01, 0xe4, 0xf7,
  0x00, 0xf9, 0x53, 0xf7, 0x00, 0x03, 0xf8, 0x9d, 0x75, 0x15, 0xf7, 0xe1,
  0x8c, 0xf7, 0x32, 0xab, 0x87, 0xae, 0x08, 0x9d, 0x79, 0x05, 0x8a, 0xf8,
  0x28, 0x05, 0x8c, 0x8b, 0xfb, 0x3d, 0xae, 0xfb, 0xe5, 0x8a, 0x08, 0xfc,
  0x12, 0x8b, 0xfb, 0x32, 0x60, 0x8c, 0x8b, 0x08, 0x8a, 0x2a, 0x05, 0x8c,
  0x8b, 0xbf, 0x97, 0xb2, 0x92, 0x08, 0xfb, 0x88, 0x07, 0x79, 0x8e, 0x6b,
  0x90, 0x61, 0x95, 0x08, 0x8c, 0x28, 0x05, 0x8a, 0x8b, 0xf7, 0x30, 0x61,
  0xf8, 0x15, 0x8c, 0x08, 0xf8, 0x00, 0xf8, 0x0c, 0x15, 0xfb, 0x9c, 0x07,
  0x57, 0x88, 0xfb, 0x3b, 0x7f, 0xfb, 0x24, 0x8c, 0x08, 0xfb, 0x2d, 0x8a,
  0xfb, 0x04, 0x92, 0x62, 0x8e, 0x08, 0x8c, 0xf7, 0xa6, 0x05, 0xb1, 0x8e,
  0xf5, 0x92, 0xf7, 0x36, 0x8a, 0x08, 0xf7, 0x4e, 0x8c, 0xf7, 0x18, 0x80,
  0xb7, 0x87, 0x08, 0x0e, 0xf7, 0x95, 0x87, 0xca, 0xf7, 0x17, 0xca, 0xf7,
  0x18, 0xca, 0x01, 0xf7, 0x99, 0xf7, 0x00, 0x03, 0xf9, 0x81, 0x76, 0x15,
  0xf7, 0xe0, 0x8c, 0xf7, 0x41, 0xad, 0x8a, 0x8b, 0x08, 0x8c, 0xeb, 0x05,
  0x8a, 0x8b, 0xfb, 0x3e, 0x68, 0xfb, 0xe3, 0x8c, 0x08, 0xfb, 0x60, 0x8a,
  0xfb, 0x0b, 0x96, 0x63, 0x8f, 0x08, 0x8c, 0xdf, 0x05, 0xf8, 0x2c, 0x8a,
  0x05, 0xcb, 0x8c, 0xf7, 0x0c, 0x8a, 0xea, 0x84, 0x08, 0x89, 0xf7, 0x04,
  0x05, 0x8b, 0x8b, 0xfb, 0x28, 0x83, 0xfb, 0x14, 0x8c, 0x08, 0xfc, 0x2e,
  0x8a, 0x05, 0x8c, 0xdf, 0x05, 0xb4, 0x8f, 0xf7, 0x0f, 0x96, 0xf7, 0x5a,
  0x8a, 0x08, 0xf7, 0xd9, 0x8c, 0xf7, 0x49, 0x69, 0x8a, 0x8b, 0x08, 0x8c,
  0xec, 0x05, 0x8a, 0x8b, 0xfb, 0x3c, 0xae, 0xfb, 0xe4, 0x8a, 0x08, 0xfb,
  0xe5, 0x8b, 0xfb, 0x3d, 0x68, 0x8c, 0x8b, 0x08, 0x8a, 0xfb, 0x35, 0x05,
  0xfb, 0x99, 0x8c, 0x05, 0x8c, 0x29, 0x05, 0xf7, 0x99, 0x8c, 0x05, 0x8a,
  0xfb, 0x34, 0x05, 0x8c, 0x8b, 0xf7, 0x41, 0x68, 0xf7, 0xe0, 0x8c, 0x08,
  0x0e, 0xf7, 0x81, 0x8b, 0x9c, 0xf7, 0x41, 0xca, 0xf7, 0x1b, 0xca, 0x01,
  0xf7, 0x9f, 0xf7, 0x00, 0x03, 0xf9, 0x8d, 0xf8, 0x08, 0x15, 0xf7, 0xde,
  0x8a, 0xf7, 0x36, 0x6b, 0xa0, 0x9d, 0x08, 0x8a, 0xd8, 0x05, 0x8c, 0x8b,
  0xfb, 0x40, 0xae, 0xfb, 0xe9, 0x8a, 0x08, 0xfb, 0xea, 0x8c, 0xfb, 0x3e,
  0x68, 0x8c, 0x8b, 0x08, 0x8a, 0xfb, 0x38, 0x05, 0xfb, 0x9d, 0x8c, 0x05,
  0x8c, 0x28, 0x05, 0xf7, 0x9d, 0x8c, 0x05, 0x8a, 0xfb, 0x53, 0x05, 0xf7,
  0x24, 0x8c, 0x05, 0x8a, 0xf7, 0x52, 0x05, 0xf8, 0x34, 0x8a, 0x05, 0xca,
  0x8c, 0xf7, 0x0e, 0x8a, 0xeb, 0x84, 0x08, 0x8a, 0xf7, 0x07, 0x05, 0x8c,
  0x8b, 0xfb, 0x2c, 0x81, 0xfb, 0x14, 0x8c, 0x08, 0xfc, 0x35, 0x8a, 0x05,
  0x8c, 0xe2, 0x05, 0xb4, 0x8f, 0xf7, 0x11, 0x96, 0xf7, 0x5e, 0x8a, 0x08,
  0x0e, 0xf7, 0x7d, 0x86, 0xca, 0xf7, 0x18, 0xca, 0xf7, 0x18, 0xca, 0x01,
  0x88, 0xf7, 0x00, 0xf9, 0x8c, 0xf7, 0x00, 0x03, 0xfa, 0x73, 0xf7, 0x41,
  0x15, 0xf7, 0x27, 0xea, 0x85, 0xae, 0x1f, 0x9d, 0x79, 0x05, 0x8a, 0xe9,
  0x05, 0xfb, 0x14, 0x82, 0xfb, 0x2c, 0x8d, 0x24, 0x8a, 0x08, 0xfc, 0x52,
  0x8c, 0x05, 0x8c, 0x29, 0x05, 0xf8, 0x3f, 0x8c, 0x05, 0x8a, 0x36, 0x05,
  0x3c, 0x84, 0xfb, 0x0c, 0x84, 0xfb, 0x37, 0x8c, 0x08, 0xfb, 0x60, 0x8a,
  0xfb, 0x0b, 0x96, 0x63, 0x8f, 0x08, 0x8c, 0xf7, 0x9b, 0x05, 0xb3, 0x90,
  0xf7, 0x10, 0x96, 0xf7, 0x5a, 0x8a, 0x08, 0xf7, 0xd8, 0x8c, 0xf7, 0x4a,
  0x68, 0x8b, 0x8b, 0x08, 0x89, 0xec, 0x05, 0x8b, 0x8b, 0xfb, 0x3c, 0xae,
  0xfb, 0xe4, 0x8a, 0x08, 0xfb, 0xe4, 0x8c, 0xfb, 0x3d, 0x68, 0x8b, 0x8b,
  0x08, 0x89, 0xfc, 0x37, 0x05, 0x8b, 0x8b, 0xf7, 0x42, 0x69, 0xf7, 0xe0,
  0x8c, 0x08, 0xf7, 0xe1, 0x8a, 0xf7, 0x42, 0xad, 0x8b, 0x8b, 0x08, 0x8a,
  0xf7, 0x35, 0x05, 0x0e, 0xf8, 0xf3, 0x87, 0x9c, 0xf7, 0x3f, 0xd0, 0xf7,
  0x46, 0x9c, 0x01, 0xf7, 0xa2, 0xf7, 0x00, 0xf9, 0xa7, 0xf7, 0x00, 0x03,
  0x1c, 0x05, 0x0b, 0xf7, 0x41, 0x15, 0xae, 0x8b, 0xe5, 0x8b, 0xf7, 0x24,
  0x84, 0x08, 0x8a, 0xf7, 0x06, 0x05, 0x8c, 0x8b, 0xfb, 0x06, 0x82, 0xfb,
  0x30, 0x8c, 0x08, 0x8c, 0xf7, 0x56, 0x05, 0xfb, 0x26, 0x8a, 0x05, 0x8c,
  0xfb, 0x56, 0x05, 0xfd, 0x82, 0x8c, 0x05, 0x8c, 0xf7, 0x56, 0x05, 0xfb,
  0x26, 0x8a, 0x05, 0x8c, 0xfb, 0x56, 0x05, 0x68, 0x8b, 0x34, 0x8b, 0xfb,
  0x28, 0x94, 0x08, 0x8c, 0xfb, 0x08, 0x05, 0x8a, 0x8b, 0xf7, 0x14, 0x93,
  0xf7, 0x22, 0x8b, 0x08, 0x8a, 0xfb, 0x55, 0x05, 0xf7, 0x26, 0x8c, 0x05,
  0x8a, 0xf7, 0x55, 0x05, 0xf9, 0x82, 0x8a, 0x05, 0x8a, 0xfb, 0x55, 0x05,
  0xf7, 0x26, 0x8c, 0x05, 0x8a, 0xf7, 0x55, 0x05, 0x0e, 0xfd, 0x6f, 0x8a,
  0x9c, 0xf8, 0x36, 0x9c, 0x01, 0x8b, 0xf7, 0x00, 0x03, 0x7a, 0x78, 0x15,
  0xf7, 0x26, 0x8c, 0x05, 0x8a, 0xf8, 0x7b, 0x05, 0xfb, 0x26, 0x8a, 0x05,
  0x8c, 0xfc, 0x7b, 0x05, 0x0e, 0x6e, 0xca, 0xf8, 0x1d, 0x9c, 0x01, 0x88,
  0xf7, 0x00, 0xf9, 0x99, 0xf7, 0x00, 0x03, 0xf8, 0x7f, 0x5d, 0x15, 0xf7,
  0xe6, 0x8c, 0xf7, 0x43, 0xad, 0x8a, 0x8b, 0x08, 0x8c, 0xf8, 0x6d, 0x05,
  0xfb, 0x25, 0x8a, 0x05, 0x8c, 0xfc, 0x1f, 0x05, 0x62, 0x87, 0xfb, 0x0c,
  0x80, 0xfb, 0x64, 0x8c, 0x08, 0xfb, 0x3b, 0x8a, 0xfb, 0x0c, 0x92, 0x3a,
  0x93, 0x08, 0x8c, 0xf7, 0x0d, 0x05, 0xfb, 0x25, 0x8a, 0x05, 0x8c, 0xfb,
  0x59, 0x05, 0x8a, 0x8b, 0xf7, 0x43, 0x68, 0xf7, 0xe5, 0x8c, 0x08, 0x0e,
  0xf7, 0xbd, 0x87, 0x9c, 0xf7, 0x3f, 0xd0, 0xf7, 0x46, 0x9c, 0x01, 0xf7,
  0x9e, 0xf7, 0x00, 0xf9, 0xa7, 0xf7, 0x00, 0x03, 0x1c, 0x04, 0x75, 0x76,
  0x15, 0xf7, 0x26, 0x8c, 0x05, 0x8a, 0xf7, 0x52, 0x05, 0x7f, 0x90, 0x37,
  0xa8, 0xfb, 0x1e, 0x9f, 0x08, 0xdc, 0x95, 0xe2, 0x9b, 0xce, 0xa4, 0x08,
  0x8a, 0xf7, 0x53, 0x05, 0xfb, 0x26, 0x8a, 0x05, 0x8c, 0xfb, 0x11, 0x05,
  0x4e, 0x7d, 0xfb, 0x9f, 0x53, 0xfc, 0x39, 0x8c, 0x08, 0x8c, 0xf7, 0x57,
  0x05, 0xfb, 0x26, 0x8a, 0x05, 0x8c, 0xfb, 0x55, 0x05, 0xfb, 0x03, 0x8b,
  0xfb, 0x33, 0x92, 0x8c, 0x8b, 0x08, 0x8a, 0xfb, 0x07, 0x05, 0xf7, 0x22,
  0x95, 0xe7, 0x8b, 0xaf, 0x8a, 0x08, 0x8a, 0xfb, 0x56, 0x05, 0xf7, 0x26,
  0x8c, 0x05, 0x8a, 0xf7, 0x55, 0x05, 0xe7, 0x8c, 0xf8, 0x46, 0x8b, 0xf7,
  0x73, 0x47, 0x08, 0x8a, 0xfb, 0x13, 0x05, 0x0e, 0x6d, 0xca, 0xf8, 0x1e,
  0x9c, 0x01, 0x89, 0xf7, 0x00, 0xf9, 0x98, 0xf7, 0x00, 0x03, 0xf8, 0x80,
  0x5c, 0x15, 0xf7, 0xe6, 0x8c, 0xf7, 0x43, 0xad, 0x8a, 0x8b, 0x08, 0x8c,
  0xf7, 0x5a, 0x05, 0xfb, 0x25, 0x8a, 0x05, 0x8c, 0xfb, 0x0c, 0x05, 0x3b,
  0x85, 0xfb, 0x0c, 0x84, 0xfb, 0x3c, 0x8a, 0x08, 0xfb, 0x63, 0x8b, 0xfb,
  0x0d, 0x95, 0x62, 0x8f, 0x08, 0x8c, 0xf8, 0x21, 0x05, 0xfb, 0x25, 0x8a,
  0x05, 0x8c, 0xfc, 0x6d, 0x05, 0x8a, 0x8b, 0xf7, 0x42, 0x68, 0xf7, 0xe6,
  0x8c, 0x08, 0x0e, 0x87, 0x9c, 0xf8, 0x05, 0xca, 0x01, 0x88, 0xf7, 0x00,
  0xf7, 0xe6, 0xe8, 0xf7, 0xe6, 0xf7, 0x00, 0x03, 0xf8, 0x3e, 0xf8, 0x01,
  0x15, 0x8a, 0xfb, 0x1c, 0x05, 0x8c, 0xfb, 0x04, 0x7d, 0x3e, 0x8b, 0x8c,
  0x08, 0xf7, 0x30, 0x8a, 0x05, 0x7d, 0xf7, 0x03, 0x8a, 0xa3, 0x8c, 0xc4,
  0x08, 0x8a, 0xf7, 0x19, 0x05, 0xf7, 0x19, 0x8a, 0xef, 0x84, 0xd2, 0x85,
  0x08, 0x8a, 0xfc, 0x08, 0x05, 0xf7, 0x24, 0x8c, 0x05, 0x8a, 0xf8, 0x55,
  0x05, 0x8c, 0x8b, 0xfb, 0x29, 0xa9, 0xfb, 0xbe, 0x8f, 0x08, 0x8c, 0xca,
  0x05, 0xfb, 0x15, 0x8a, 0x05, 0x8c, 0x4c, 0x05, 0xfb, 0xc2, 0x88, 0xfb,
  0x25, 0x6d, 0x8c, 0x8b, 0x08, 0x8a, 0xfc, 0x56, 0x05, 0xf7, 0x25, 0x8c,
  0x05, 0x8a, 0xf8, 0x07, 0x05, 0xb0, 0x8f, 0xf2, 0x94, 0xf7, 0x37, 0x8c,
  0x08, 0x0e, 0x8b, 0x9c, 0xf8, 0x08, 0xca, 0x01, 0x8d, 0xf7, 0x00, 0xf9,
  0x98, 0xf7, 0x00, 0x03, 0xf9, 0xf4, 0x79, 0x15, 0xf7, 0x24, 0x8c, 0x05,
  0x8a, 0xf8, 0x58, 0x05, 0x8c, 0x8b, 0xfb, 0x3f, 0xae, 0xfb, 0xe9, 0x8a,
  0x08, 0xfb, 0xf2, 0x8c, 0xfb, 0x37, 0x68, 0x8b, 0x8b, 0x08, 0x8d, 0xfc,
  0x59, 0x05, 0xf7, 0x23, 0x8c, 0x05, 0x8a, 0xf8, 0x0a, 0x05, 0xb5, 0x90,
  0xf7, 0x11, 0x96, 0xf7, 0x5e, 0x8a, 0x08, 0xf7, 0x39, 0x8b, 0xf7, 0x0e,
  0x84, 0xdd, 0x83, 0x08, 0x8a, 0xfc, 0x0b, 0x05, 0x0e, 0x86, 0xca, 0xf7,
  0xda, 0xca, 0x01, 0x8f, 0xf7, 0x00, 0xf9, 0x8b, 0xf7, 0x00, 0x03, 0xf8,
  0x7f, 0x74, 0x15, 0xf7, 0xe2, 0x8c, 0xf7, 0x32, 0xaa, 0x87, 0xae, 0x08,
  0x9d, 0x79, 0x05, 0x8a, 0xf8, 0x28, 0x05, 0x8c, 0x8b, 0xfb, 0x3d, 0xae,
  0xfb, 0xe5, 0x8a, 0x08, 0xfb, 0xec, 0x8c, 0xfb, 0x35, 0x68, 0x8c, 0x8b,
  0x08, 0x8a, 0xfc, 0x36, 0x05, 0x8c, 0x8b, 0xf7, 0x3c, 0x68, 0xf7, 0xe4,
  0x8c, 0x08, 0x8d, 0xf8, 0x1b, 0x15, 0xf7, 0x36, 0x8a, 0xf7, 0x0d, 0x85,
  0xdb, 0x83, 0x08, 0x8a, 0xfb, 0x9c, 0x05, 0x3c, 0x83, 0xfb, 0x0a, 0x84,
  0xfb, 0x3a, 0x8c, 0x08, 0xfb, 0x4e, 0x8a, 0xfb, 0x19, 0x97, 0x5f, 0x8f,
  0x08, 0x8c, 0xf7, 0x9b, 0x05, 0xb4, 0x8f, 0xf7, 0x0f, 0x96, 0xf7, 0x5b,
  0x8a, 0x08, 0x0e, 0xf7, 0xa1, 0x89, 0x9c, 0xf7, 0x42, 0xca, 0xf7, 0x1b,
  0xca, 0x01, 0x85, 0xf7, 0x9d, 0x8c, 0xf7, 0x00, 0xf9, 0x99, 0xf7, 0x00,
  0x03, 0xf9, 0x86, 0xf7, 0x40, 0x15, 0xf7, 0xe6, 0x8a, 0xf7, 0x43, 0xaf,
  0x8a, 0x8b, 0x08, 0x8c, 0xf7, 0x76, 0x05, 0x8a, 0x8b, 0xfb, 0x42, 0xae,
  0xfb, 0xe6, 0x8a, 0x08, 0xfb, 0xe5, 0x8c, 0xfb, 0x43, 0x68, 0x8c, 0x8b,
  0x08, 0x8a, 0xfb, 0x36, 0x05, 0x5c, 0x8b, 0xfb, 0x18, 0x8c, 0x34, 0x91,
  0x08, 0x8c, 0xfb, 0x06, 0x05, 0x8a, 0x8b, 0xf7, 0x30, 0x95, 0xf7, 0x03,
  0x89, 0x08, 0x8a, 0xfb, 0x54, 0x05, 0xf7, 0x24, 0x8c, 0x05, 0x8a, 0xf7,
  0x53, 0x05, 0xf8, 0x05, 0x8a, 0x05, 0xf8, 0x05, 0xf7, 0x4c, 0x15, 0x8a,
  0x44, 0x05, 0x3c, 0x83, 0xfb, 0x0c, 0x84, 0xfb, 0x3d, 0x8c, 0x08, 0xfc,
  0x05, 0x8a, 0x05, 0x8c, 0xe0, 0x05, 0xb3, 0x90, 0xf7, 0x0d, 0x96, 0xf7,
  0x63, 0x8a, 0x08, 0xf7, 0x3d, 0x8c, 0xf7, 0x0c, 0x84, 0xdb, 0x83, 0x08,
  0x0e, 0x86, 0xca, 0xf7, 0xe1, 0xca, 0x01, 0x88, 0xf7, 0x00, 0xf7, 0xe4,
  0xed, 0xf7, 0xe4, 0xf7, 0x00, 0x03, 0xf8, 0xc1, 0x76, 0x15, 0xf7, 0xb9,
  0x8f, 0xf7, 0x1d, 0xa6, 0x93, 0xa9, 0x08, 0x91, 0x7f, 0x05, 0x8a, 0xf8,
  0x2d, 0x05, 0x8c, 0x8b, 0xfb, 0x3d, 0xae, 0xfb, 0xeb, 0x8a, 0x08, 0xfb,
  0xf0, 0x8c, 0xfb, 0x36, 0x68, 0x8c, 0x8b, 0x08, 0x8a, 0xfc, 0x3b, 0x05,
  0x8c, 0x8b, 0xf7, 0x28, 0x6d, 0xf7, 0xbb, 0x86, 0x08, 0x8b, 0x41, 0x8a,
  0x67, 0x86, 0x3a, 0x08, 0xf7, 0x28, 0x8c, 0x05, 0x84, 0xd4, 0x8a, 0xc0,
  0x8b, 0xcb, 0x08, 0xf7, 0xc1, 0xf8, 0x10, 0x15, 0x8a, 0xfb, 0xa1, 0x05,
  0x47, 0x85, 0x27, 0x84, 0xfb, 0x17, 0x89, 0x08, 0x8c, 0xf7, 0x1b, 0x05,
  0xfb, 0x1b, 0x8a, 0x05, 0x8c, 0xfb, 0x1a, 0x05, 0xfb, 0x2e, 0x8e, 0xfb,
  0x00, 0x93, 0x64, 0x8f, 0x08, 0x8c, 0xf7, 0xa1, 0x05, 0xb4, 0x8f, 0xf7,
  0x10, 0x94, 0xf7, 0x5d, 0x8a, 0x08, 0xf7, 0x38, 0x8c, 0xf7, 0x0f, 0x86,
  0xdb, 0x83, 0x08, 0x0e, 0x89, 0x9c, 0xf7, 0x42, 0xca, 0xf7, 0x1b, 0xca,
  0x01, 0xfa, 0x0b, 0xf7, 0x00, 0x03, 0xf9, 0xfa, 0x77, 0x15, 0xf7, 0x23,
  0x8c, 0x05, 0x8a, 0xf7, 0x2b, 0x05, 0x5f, 0xa9, 0x60, 0x9c, 0x60, 0x97,
  0x08, 0xe2, 0x91, 0xb7, 0x93, 0x8a, 0x8b, 0x08, 0x8c, 0xf7, 0x78, 0x05,
  0x8a, 0x8b, 0xfb, 0x41, 0xae, 0xfb, 0xe5, 0x8a, 0x08, 0xfb, 0xe6, 0x8c,
  0xfb, 0x43, 0x68, 0x8c, 0x8b, 0x08, 0x8a, 0xfc, 0x59, 0x05, 0xf7, 0x25,
  0x8c, 0x05, 0x8a, 0xf7, 0x52, 0x05, 0xf8, 0xf4, 0x8a, 0xf7, 0x03, 0x4a,
  0x9d, 0x7c, 0x08, 0x8a, 0xfb, 0x02, 0x05, 0x8a, 0xf8, 0x0b, 0x15, 0x8c,
  0x45, 0x05, 0x3a, 0x84, 0xfb, 0x0c, 0x84, 0xfb, 0x3b, 0x8a, 0x08, 0xfc,
  0x05, 0x06, 0x8c, 0xe0, 0x05, 0xb3, 0x8f, 0xf7, 0x0d, 0x96, 0xf7, 0x63,
  0x8a, 0x08, 0xf7, 0x3b, 0x8c, 0xf7, 0x0c, 0x84, 0xdc, 0x83, 0x08, 0x0e,
  0x86, 0xca, 0xf7, 0x18, 0xca, 0xf7, 0x18, 0xca, 0x01, 0x8b, 0xf7, 0x00,
  0xf9, 0x8b, 0xf7, 0x00, 0x03, 0xf8, 0x7c, 0x75, 0x15, 0xf7, 0xe0, 0x8c,
  0xf7, 0x41, 0xad, 0x8a, 0x8b, 0x08, 0x8c, 0xf7, 0x96, 0x05, 0xfd, 0xf8,
  0x8a, 0x05, 0x8c, 0xde, 0x05, 0xb2, 0x90, 0xf7, 0x09, 0x96, 0xf7, 0x62,
  0x8a, 0x08, 0xf7, 0xca, 0x8c, 0xf7, 0x57, 0x68, 0x8a, 0x8b, 0x08, 0x8c,
  0xec, 0x05, 0x8a, 0x8b, 0xfb, 0x46, 0xae, 0xfb, 0xdb, 0x8a, 0x08, 0xfb,
  0xda, 0x8c, 0xfb, 0x47, 0x68, 0x8c, 0x8b, 0x08, 0x8a, 0xfb, 0x97, 0x05,
  0xf9, 0xf9, 0x8c, 0x05, 0x8a, 0x36, 0x05, 0x6a, 0x87, 0x27, 0x82, 0xfb,
  0x7a, 0x8a, 0x08, 0xfb, 0xbe, 0x8b, 0xfb, 0x63, 0xae, 0x8c, 0x8b, 0x08,
  0x8a, 0x2b, 0x05, 0x8c, 0x8b, 0xf7, 0x41, 0x68, 0xf7, 0xe0, 0x8c, 0x08,
  0x0e, 0x89, 0x9c, 0xf8, 0x07, 0xca, 0x01, 0xf9, 0x62, 0xf7, 0x00, 0x03,
  0xf8, 0xca, 0xf8, 0x00, 0x15, 0xf7, 0xc6, 0x8b, 0xf7, 0x1a, 0x6c, 0x8a,
  0x8b, 0x08, 0x8c, 0xee, 0x05, 0x8a, 0x8b, 0xfb, 0x39, 0xad, 0xfb, 0xee,
  0x8a, 0x08, 0xfb, 0xf0, 0x8c, 0xfb, 0x39, 0x69, 0x8c, 0x8b, 0x08, 0x8a,
  0x28, 0x05, 0x8c, 0x8b, 0xf7, 0x17, 0xab, 0xf7, 0xc8, 0x8e, 0x08, 0x8a,
  0xfc, 0x19, 0x05, 0xf7, 0x26, 0x8c, 0x05, 0x8a, 0xf8, 0x14, 0x05, 0x0e,
  0x87, 0xca, 0xf8, 0x08, 0x9c, 0x01, 0x8d, 0xf7, 0x00, 0xf9, 0x98, 0xf7,
  0x00, 0x03, 0xf8, 0x84, 0x76, 0x15, 0xf7, 0xf1, 0x8c, 0xf7, 0x37, 0xad,
  0x8a, 0x8b, 0x08, 0x8c, 0xf8, 0x58, 0x05, 0xfb, 0x24, 0x8a, 0x05, 0x8c,
  0xfc, 0x0a, 0x05, 0x61, 0x87, 0xfb, 0x11, 0x80, 0xfb, 0x5e, 0x8c, 0x08,
  0xfb, 0x3a, 0x8a, 0xfb, 0x0e, 0x92, 0x3a, 0x93, 0x08, 0x8c, 0xf8, 0x0b,
  0x05, 0xfb, 0x24, 0x8a, 0x05, 0x8c, 0xfc, 0x57, 0x05, 0x8a, 0x8b, 0xf7,
  0x3f, 0x68, 0xf7, 0xe9, 0x8c, 0x08, 0x0e, 0x73, 0x9c, 0xf8, 0x4a, 0x9c,
  0x01, 0xf8, 0x87, 0x5c, 0x15, 0xf8, 0x9a, 0xf8, 0x4b, 0x05, 0xfb, 0x16,
  0xd3, 0x05, 0xfc, 0x18, 0xfb, 0xeb, 0x05, 0xfc, 0x27, 0xf7, 0xf0, 0x05,
  0xfb, 0x1a, 0x3f, 0x05, 0xf8, 0xad, 0xfc, 0x4c, 0x05, 0x0e, 0x86, 0xca,
  0xf8, 0x05, 0x9c, 0x01, 0x8b, 0xf7, 0x00, 0xf7, 0xe6, 0xf2, 0xf7, 0xdd,
  0xf7, 0x00, 0x03, 0xf8, 0xc2, 0xd6, 0x15, 0x8a, 0xf7, 0x1d, 0x05, 0x8c,
  0xf7, 0x04, 0x97, 0xd7, 0x8b, 0x8a, 0x08, 0xfb, 0x2f, 0x8c, 0x05, 0x98,
  0xfb, 0x03, 0x8c, 0x73, 0x8a, 0x52, 0x08, 0x8c, 0xfb, 0x19, 0x05, 0xfb,
  0x1a, 0x8d, 0x28, 0x92, 0x44, 0x91, 0x08, 0x8c, 0xf8, 0x08, 0x05, 0xfb,
  0x24, 0x8a, 0x05, 0x8c, 0xfc, 0x55, 0x05, 0x8a, 0x8b, 0xf7, 0x2a, 0x6d,
  0xf7, 0xbd, 0x87, 0x08, 0x8a, 0x4b, 0x05, 0xf7, 0x15, 0x8c, 0x05, 0x8a,
  0xca, 0x05, 0xf7, 0xc2, 0x8e, 0xf7, 0x18, 0xa6, 0x99, 0x9d, 0x08, 0x8a,
  0xf8, 0x48, 0x05, 0xfb, 0x24, 0x8a, 0x05, 0x8c, 0xfc, 0x08, 0x05, 0x66,
  0x87, 0x24, 0x83, 0xfb, 0x37, 0x89, 0x08, 0x0e, 0x7f, 0x9c, 0xf8, 0x41,
  0x9c, 0x01, 0xf8, 0xe3, 0xf7, 0x6f, 0x15, 0xf8, 0x15, 0xf7, 0x41, 0x05,
  0x36, 0xdb, 0x05, 0xfc, 0x3a, 0xfb, 0x54, 0x05, 0xfc, 0x37, 0xf7, 0x54,
  0x05, 0x34, 0x3b, 0x05, 0xf8, 0x16, 0xfb, 0x41, 0x05, 0xfc, 0x16, 0xfb,
  0x3f, 0x05, 0xe2, 0x3a, 0x05, 0xf8, 0x38, 0xf7, 0x53, 0x05, 0xf8, 0x34,
  0xfb, 0x53, 0x05, 0xe5, 0xdc, 0x05, 0xfc, 0x15, 0xf7, 0x3f, 0x05, 0x0e,
  0x87, 0x9c, 0x01, 0x88, 0xf7, 0x00, 0xf7, 0xe5, 0xed, 0xf7, 0xe7, 0xf7,
  0x00, 0x03, 0xf8, 0x3f, 0xf7, 0x98, 0x15, 0x77, 0x8c, 0x05, 0x2d, 0x8d,
  0x2b, 0x8c, 0x2e, 0x95, 0x08, 0x8c, 0xf7, 0x4c, 0x05, 0xfb, 0x26, 0x8a,
  0x05, 0x8c, 0xfb, 0x99, 0x05, 0x8a, 0x8b, 0xf7, 0x26, 0x6c, 0xf7, 0xc3,
  0x88, 0x08, 0x8a, 0xfb, 0x4b, 0x05, 0xf7, 0x17, 0x8c, 0x05, 0x8a, 0xf7,
  0x4a, 0x05, 0xce, 0x8c, 0xf7, 0x84, 0x91, 0xf7, 0x21, 0xa6, 0x08, 0x8a,
  0xf7, 0x9a, 0x05, 0xfb, 0x24, 0x8a, 0x05, 0x8c, 0xfb, 0x4b, 0x05, 0x62,
  0x87, 0xfb, 0x06, 0x82, 0xfb, 0x2c, 0x8a, 0x08, 0x8c, 0x9d, 0x92, 0xcd,
  0x95, 0xb7, 0x08, 0xfb, 0x31, 0x8a, 0x05, 0x8b, 0x8c, 0x95, 0x43, 0x8d,
  0x53, 0x08, 0x0e, 0x87, 0xca, 0xf7, 0xda, 0xca, 0x01, 0x87, 0xf7, 0x22,
  0x03, 0xf8, 0x78, 0x76, 0x15, 0xf7, 0xe0, 0x8c, 0xf7, 0x41, 0xad, 0x8a,
  0x8b, 0x08, 0x8c, 0xeb, 0x05, 0x8a, 0x8b, 0xfb, 0x4b, 0x68, 0xfb, 0xd5,
  0x8c, 0x08, 0xfb, 0x0f, 0x8a, 0x37, 0x8e, 0x56, 0x8e, 0x08, 0xf9, 0x91,
  0xf7, 0x9a, 0x05, 0x8a, 0xe5, 0x05, 0x8c, 0x8b, 0xfb, 0x50, 0xad, 0xfb,
  0xd2, 0x8a, 0x08, 0xfb, 0xdb, 0xfb, 0x47, 0x68, 0x8b, 0x1f, 0x8d, 0x2b,
  0x05, 0x8b, 0x8b, 0xf7, 0x4e, 0xad, 0xf7, 0xd3, 0x8a, 0x08, 0xf7, 0x04,
  0x8c, 0xde, 0x87, 0xc3, 0x88, 0x08, 0xfd, 0x89, 0xfb, 0x99, 0x05, 0x8c,
  0x34, 0x05, 0x8a, 0x8b, 0xf7, 0x41, 0x68, 0xf7, 0xe1, 0x8c, 0x08, 0x0e,
  0xfe, 0x07, 0x3a, 0xeb, 0xf7, 0x33, 0xef, 0xf7, 0x34, 0xee, 0x01, 0xe8,
  0xf7, 0x18, 0x03, 0xe8, 0x53, 0x15, 0xf7, 0x04, 0x74, 0xf7, 0x18, 0x87,
  0x8b, 0x8b, 0x08, 0xed, 0x07, 0x4a, 0x8f, 0x6c, 0x8e, 0x7a, 0x8c, 0x08,
  0x8c, 0xf7, 0x3f, 0x05, 0x78, 0x9b, 0x7b, 0x94, 0x7a, 0x91, 0x08, 0xaa,
  0x99, 0xa0, 0x9c, 0x8a, 0x8b, 0x08, 0x8c, 0xf7, 0x3e, 0x05, 0xbf, 0x91,
  0xc7, 0x8d, 0x8b, 0x8b, 0x08, 0xee, 0x07, 0xfb, 0x25, 0x83, 0x28, 0x78,
  0x8b, 0x8b, 0x08, 0xfb, 0x60, 0x07, 0x70, 0x70, 0x4b, 0x8a, 0x78, 0x8b,
  0x08, 0x27, 0x07, 0xcc, 0x8f, 0xac, 0x75, 0x97, 0x81, 0x08, 0xfb, 0x5e,
  0x07, 0x0e, 0xfd, 0x6f, 0x79, 0xf7, 0x26, 0x03, 0x7a, 0x78, 0x15, 0xf7,
  0x26, 0x8c, 0x05, 0x8a, 0xf8, 0x7b, 0x05, 0xfb, 0x26, 0x8a, 0x05, 0x8c,
  0xfc, 0x7b, 0x05, 0x0e, 0xfe, 0x06, 0x3a, 0xf4, 0xf7, 0x2a, 0xef, 0x01,
  0x7a, 0xf7, 0x18, 0x03, 0xf7, 0x07, 0xf7, 0x26, 0x15, 0x97, 0x95, 0xac,
  0xa1, 0xcc, 0x87, 0x08, 0x8a, 0xef, 0x05, 0x77, 0x8b, 0x4c, 0x8c, 0x71,
  0xa6, 0x08, 0xf7, 0x60, 0x07, 0x8b, 0x8b, 0x28, 0x9e, 0xfb, 0x25, 0x93,
  0x08, 0x28, 0x07, 0x8b, 0x8b, 0xc9, 0x89, 0xbd, 0x85, 0x08, 0xfb, 0x3e,
  0x07, 0x8b, 0x8b, 0xa3, 0x78, 0xa7, 0x7e, 0x08, 0x78, 0x84, 0x79, 0x81,
  0x7c, 0x7e, 0x08, 0xfb, 0x3e, 0x07, 0x79, 0x89, 0x68, 0x88, 0x50, 0x87,
  0x08, 0x29, 0x07, 0x8b, 0x8b, 0xf7, 0x18, 0x8f, 0xf7, 0x04, 0xa2, 0x08,
  0xf7, 0x5e, 0x07, 0x0e, 0xfd, 0x6f, 0xf7, 0x7e, 0xf7, 0x32, 0x15, 0x8b,
  0x8b, 0xb2, 0x8b, 0xc6, 0xa2, 0x08, 0x8a, 0xf0, 0x05, 0x4b, 0x71, 0x6a,
  0x8b, 0x8b, 0x8b, 0x08, 0x8b, 0x8b, 0x69, 0x8a, 0x64, 0x95, 0x08, 0x6d,
  0x92, 0x5c, 0x8d, 0x8b, 0x8b, 0x08, 0x8b, 0x8b, 0x5b, 0x8b, 0x57, 0x73,
  0x08, 0x25, 0x07, 0xc7, 0xa6, 0xb4, 0x8c, 0x8b, 0x8a, 0x08, 0x8b, 0x8c,
  0xb5, 0x89, 0xa4, 0x85, 0x08, 0xb6, 0x80, 0xb2, 0x8c, 0x8b, 0x8b, 0x08,
  0x0e, 0xfd, 0x6f, 0xf8, 0x75, 0xf7, 0x08, 0x01, 0x7a, 0xf7, 0x35, 0x03,
  0x7c, 0xf8, 0x76, 0x15, 0xf7, 0x33, 0x06, 0xf7, 0x07, 0x07, 0xfb, 0x33,
  0x06, 0xfb, 0x07, 0x07, 0x89, 0xfc, 0x88, 0x15, 0xf7, 0x35, 0x06, 0xf8,
  0x58, 0x07, 0xfb, 0x35, 0x06, 0xfc, 0x58, 0x07, 0x0e, 0x78, 0xf7, 0x00,
  0xf7, 0x9e, 0xe9, 0x01, 0x79, 0xf7, 0x1f, 0xf7, 0xb1, 0xf7, 0x14, 0x03,
  0xf8, 0xac, 0x77, 0x15, 0xce, 0x8d, 0xf7, 0x8f, 0x94, 0xf5, 0xa1, 0x08,
  0x8a, 0xe8, 0x05, 0x8c, 0x8b, 0xfb, 0x5f, 0x6d, 0xfb, 0x73, 0x8a, 0x08,
  0x8c, 0xf7, 0xac, 0x05, 0xcf, 0x8a, 0xf7, 0x8f, 0x85, 0xf5, 0x71, 0x08,
  0x8a, 0xea, 0x05, 0x8c, 0x8b, 0xfb, 0x21, 0xa9, 0xfb, 0xb0, 0x8d, 0x08,
  0x8a, 0xc2, 0x05, 0xfb, 0x13, 0x8a, 0x05, 0x8d, 0x55, 0x05, 0x48, 0x8a,
  0xfb, 0x7e, 0x86, 0xfb, 0x12, 0x71, 0x08, 0x8c, 0xfc, 0x29, 0x05, 0x8a,
  0x8b, 0xf7, 0x2e, 0x70, 0xf7, 0xa6, 0x87, 0x08, 0x8a, 0x54, 0x05, 0xf7,
  0x13, 0x8c, 0x05, 0x8a, 0xc0, 0x05, 0xfc, 0x33, 0xf7, 0xff, 0x15, 0xc9,
  0x92, 0xf7, 0x3d, 0x90, 0xc2, 0x8c, 0x08, 0xfb, 0xad, 0x07, 0xfb, 0x11,
  0x8b, 0xfb, 0x0b, 0x95, 0x61, 0x8f, 0x08, 0xf7, 0x92, 0x07, 0x0e, 0xf7,
  0x53, 0xb0, 0xd7, 0xb0, 0xd7, 0xb0, 0x01, 0xf9, 0x7a, 0xe9, 0x03, 0xf8,
  0x01, 0xf7, 0x98, 0x15, 0xda, 0x07, 0xf7, 0x19, 0x97, 0xf7, 0x23, 0x8d,
  0x8b, 0x8b, 0x08, 0xea, 0x07, 0xfb, 0xa8, 0x87, 0xfb, 0x1e, 0x6e, 0x8b,
  0x8b, 0x08, 0xfb, 0x2f, 0x07, 0xfb, 0x90, 0x06, 0x2c, 0x07, 0xf7, 0x90,
  0x06, 0x34, 0x07, 0xfb, 0x8c, 0x06, 0x2c, 0x07, 0xfa, 0x64, 0x06, 0xf7,
  0x10, 0x07, 0x2c, 0x6e, 0xfb, 0xbf, 0x8b, 0x89, 0x8b, 0x08, 0xfb, 0x55,
  0x06, 0xe2, 0x07, 0xf7, 0x0b, 0x8c, 0xf7, 0x30, 0x83, 0x8b, 0x8b, 0x08,
  0xf7, 0x04, 0x07, 0x6f, 0x84, 0xfb, 0x17, 0x89, 0xfb, 0x09, 0x8a, 0x08,
  0x0e, 0xb9, 0xe7, 0xae, 0xf7, 0xb3, 0x01, 0x79, 0xf7, 0x23, 0xf7, 0xc1,
  0xf7, 0x16, 0xf7, 0xc2, 0xf7, 0x23, 0x03, 0xf8, 0xc1, 0xf7, 0x40, 0x15,
  0xf7, 0xcb, 0x8a, 0xf7, 0x19, 0xae, 0x8b, 0x8b, 0x08, 0xf7, 0x92, 0x07,
  0xfb, 0x23, 0x06, 0xfb, 0x47, 0x07, 0x54, 0x82, 0xfb, 0x4f, 0x89, 0x50,
  0x8b, 0x08, 0x8d, 0xc9, 0x94, 0xcc, 0x8b, 0x8b, 0x08, 0xfb, 0x2c, 0x06,
  0x94, 0x47, 0x8c, 0x65, 0x8c, 0x76, 0x08, 0xfb, 0x4d, 0x8b, 0x35, 0x94,
  0x6d, 0x8f, 0x08, 0xf7, 0x45, 0x07, 0xfb, 0x24, 0x06, 0xfb, 0x94, 0x07,
  0xf7, 0x26, 0x70, 0xf7, 0x7d, 0x87, 0xcd, 0x8a, 0x08, 0x69, 0x07, 0xfb,
  0x01, 0x06, 0x2f, 0x07, 0xf7, 0x01, 0x06, 0x4c, 0x07, 0xf7, 0x16, 0x06,
  0xca, 0x07, 0xf7, 0x01, 0x06, 0xe7, 0x07, 0xfb, 0x01, 0x06, 0xad, 0x07,
  0x0e, 0xf9, 0x03, 0x0e, 0xfd, 0x6f, 0xf8, 0x3f, 0x9c, 0x01, 0x7a, 0xf7,
  0xb3, 0x15, 0xf7, 0x26, 0x8a, 0x05, 0x8a, 0xf7, 0x44, 0x05, 0xfb, 0x26,
  0x8a, 0x05, 0x8c, 0xfb, 0x43, 0x05, 0x0e, 0xfd, 0x6f, 0x7a, 0xf7, 0x22,
  0xc5, 0xf7, 0x22, 0x03, 0xf7, 0xa7, 0xf7, 0xb4, 0x15, 0xee, 0xbf, 0x05,
  0x4e, 0xc2, 0x99, 0xce, 0x8b, 0x8a, 0x08, 0xfb, 0x10, 0x8c, 0x05, 0x78,
  0x8a, 0x05, 0xfb, 0x1a, 0xe6, 0x64, 0x8b, 0x1e, 0xfb, 0x5c, 0x16, 0xed,
  0xbf, 0x05, 0x4e, 0xc2, 0x9a, 0xce, 0x8b, 0x8a, 0x08, 0xfb, 0x11, 0x8c,
  0x05, 0x78, 0x8a, 0x05, 0x8c, 0xfb, 0x1a, 0xe6, 0x64, 0x8b, 0x8b, 0x08,
  0x0e, 0xfd, 0x6f, 0xac, 0xf7, 0xd0, 0x01, 0xf7, 0xf5, 0xac, 0x15, 0xf7,
  0x24, 0x06, 0xfb, 0x1e, 0xf7, 0x33, 0x05, 0xf7, 0x1c, 0xf7, 0x31, 0x05,
  0xfb, 0x24, 0x06, 0xfb, 0x1c, 0xfb, 0x32, 0x05, 0xf7, 0x1e, 0xfb, 0x32,
  0x05, 0xfb, 0x79, 0x16, 0xf7, 0x24, 0x06, 0xfb, 0x1e, 0xf7, 0x33, 0x05,
  0xf7, 0x1c, 0xf7, 0x31, 0x05, 0xfb, 0x24, 0x06, 0xfb, 0x1c, 0xfb, 0x32,
  0x05, 0xf7, 0x1e, 0xfb, 0x32, 0x05, 0x0e, 0xfc, 0x13, 0xf7, 0x4f, 0xca,
  0x01, 0x78, 0xf7, 0x3f, 0x15, 0xf8, 0xa2, 0x8a, 0x05, 0x8a, 0xf0, 0x05,
  0xfc, 0xa2, 0x8a, 0x05, 0x8c, 0x27, 0x05, 0x0e, 0xfd, 0x6f, 0xe0, 0xf7,
  0xa3, 0x01, 0x7a, 0xf7, 0xa3, 0x03, 0xf7, 0x0b, 0xe0, 0x15, 0xd6, 0x8a,
  0xc8, 0xc8, 0x8a, 0xd6, 0x08, 0x8c, 0xd6, 0x4e, 0xc8, 0x40, 0x8a, 0x08,
  0x40, 0x8c, 0x4e, 0x4e, 0x8c, 0x40, 0x08, 0x8a, 0x40, 0xc8, 0x4e, 0xd6,
  0x8c, 0x08, 0x0e, 0xfd, 0x6f, 0x7b, 0xf7, 0x12, 0xd5, 0xf7, 0x12, 0x03,
  0xf7, 0x7e, 0xf7, 0xb4, 0x15, 0x8b, 0x8b, 0xe7, 0xb2, 0x78, 0xf7, 0x1b,
  0x08, 0xfb, 0x11, 0x8a, 0x05, 0x8b, 0x8c, 0x9a, 0x48, 0x4e, 0x54, 0x08,
  0xed, 0x57, 0x05, 0xfb, 0x5c, 0x16, 0x8b, 0x8b, 0xe7, 0xb2, 0x78, 0xf7,
  0x1b, 0x08, 0xfb, 0x11, 0x8a, 0x05, 0x8b, 0x8c, 0x9a, 0x48, 0x4e, 0x54,
  0x08, 0xed, 0x57, 0x05, 0x0e, 0xfd, 0x6f, 0xac, 0xf7, 0xd0, 0x01, 0xf7,
  0xdc, 0xac, 0x15, 0xf7, 0x1e, 0xf7, 0x32, 0x05, 0xfb, 0x1c, 0xf7, 0x32,
  0x05, 0xfb, 0x24, 0x06, 0xf7, 0x1c, 0xfb, 0x31, 0x05, 0xfb, 0x1e, 0xfb,
  0x33, 0x05, 0xf7, 0x24, 0x06, 0xfb, 0x73, 0x16, 0xf7, 0x1e, 0xf7, 0x32,
  0x05, 0xfb, 0x1c, 0xf7, 0x32, 0x05, 0xfb, 0x24, 0x06, 0xf7, 0x1c, 0xfb,
  0x31, 0x05, 0xfb, 0x1e, 0xfb, 0x33, 0x05, 0xf7, 0x24, 0x06, 0x0e, 0x77,
  0xf7, 0x08, 0x01, 0x76, 0xf7, 0x44, 0xf7, 0x99, 0xf7, 0x44, 0xf7, 0x84,
  0xf7, 0x44, 0x03, 0xf9, 0xd5, 0x77, 0x15, 0xf7, 0x44, 0x8c, 0x05, 0x8a,
  0xf7, 0x08, 0x05, 0xfb, 0x44, 0x8a, 0x05, 0x8c, 0xfb, 0x08, 0x05, 0xfc,
  0x35, 0x8c, 0x15, 0xf7, 0x45, 0x8a, 0x05, 0x8a, 0xf7, 0x09, 0x05, 0xfb,
  0x44, 0x8a, 0x05, 0x8c, 0xfb, 0x08, 0x05, 0xfc, 0x4a, 0x8c, 0x15, 0xf7,
  0x45, 0x8a, 0x05, 0x8a, 0xf7, 0x09, 0x05, 0xfb, 0x44, 0x8a, 0x05, 0x8c,
  0xfb, 0x08, 0x05, 0x0e, 0x78, 0xec, 0xf0, 0xed, 0xe8, 0xee, 0x01, 0xf8,
  0x3f, 0xf7, 0x17, 0xf7, 0xc4, 0xf7, 0x23, 0x03, 0xf8, 0x40, 0xf8, 0x06,
  0x15, 0xf7, 0x17, 0x8a, 0x05, 0x8a, 0xef, 0x05, 0xfb, 0x17, 0x8a, 0x05,
  0x8c, 0x28, 0x05, 0xcd, 0xfc, 0x19, 0x15, 0xf7, 0xf3, 0x8c, 0xf7, 0x35,
  0xad, 0x8a, 0x8b, 0x08, 0x8c, 0xf7, 0x99, 0x05, 0xfc, 0x54, 0x8a, 0x05,
  0x8c, 0xce, 0x05, 0xfb, 0x18, 0x8a, 0x05, 0x8c, 0xfb, 0x38, 0x05, 0xf8,
  0x46, 0x8c, 0x05, 0x36, 0x07, 0x62, 0x86, 0xfb, 0x11, 0x80, 0xfb, 0x5e,
  0x8c, 0x08, 0xfb, 0xeb, 0x8a, 0xfb, 0x40, 0xae, 0x8c, 0x8b, 0x08, 0x8a,
  0x2a, 0x05, 0x8c, 0x8b, 0xf7, 0x35, 0x68, 0xf7, 0xf5, 0x8c, 0x08, 0x0e,
  0xfd, 0x6f, 0xf8, 0x64, 0xf7, 0x16, 0x01, 0xf1, 0xf8, 0x64, 0x15, 0xf7,
  0x3d, 0x06, 0xfb, 0x2f, 0xf7, 0x16, 0x05, 0xfb, 0x3c, 0x06, 0xf7, 0x2e,
  0xfb, 0x16, 0x05, 0x0e, 0xfd, 0x6f, 0xf8, 0x80, 0xf7, 0x17, 0x01, 0xf7,
  0x09, 0xf8, 0x80, 0x15, 0xf7, 0x31, 0xf7, 0x17, 0x05, 0xfb, 0x3e, 0x06,
  0xfb, 0x30, 0xfb, 0x17, 0x05, 0xf7, 0x3d, 0x06, 0x0e, 0xfd, 0x6f, 0xf8,
  0x85, 0xed, 0x01, 0x7a, 0xf8, 0x85, 0x15, 0xf7, 0xf4, 0x8a, 0x05, 0x8a,
  0xee, 0x05, 0xfb, 0xf3, 0x06, 0x28, 0x07, 0x0e, 0xfd, 0x6f, 0xf7, 0xd9,
  0xf8, 0x94, 0x15, 0xf5, 0x07, 0x45, 0x58, 0x26, 0x8b, 0x88, 0x8b, 0x08,
  0x89, 0x8b, 0x28, 0x8c, 0x47, 0xbe, 0x08, 0x8c, 0x21, 0x05, 0xc2, 0x61,
  0xf7, 0x06, 0x8a, 0x8b, 0x8b, 0x08, 0x8b, 0x8b, 0xeb, 0x8b, 0xd8, 0xb5,
  0x08, 0x0e, 0xfd, 0x6f, 0xf8, 0x99, 0xf6, 0x01, 0x79, 0xf7, 0x24, 0x03,
  0x79, 0xf8, 0x99, 0x15, 0xf7, 0x24, 0x06, 0xf6, 0x07, 0xfb, 0x24, 0x06,
  0x20, 0x07, 0x0e, 0xfd, 0x6f, 0xf8, 0x97, 0xf6, 0x01, 0x79, 0xf7, 0x24,
  0xc8, 0xf7, 0x24, 0x03, 0xf7, 0x4f, 0xf8, 0x97, 0x15, 0xf7, 0x24, 0x06,
  0xf6, 0x07, 0xfb, 0x24, 0x06, 0x20, 0x07, 0xfb, 0x61, 0x16, 0xf7, 0x24,
  0x06, 0xf6, 0x07, 0xfb, 0x24, 0x06, 0x20, 0x07, 0x0e, 0xf8, 0x66, 0xb9,
  0xcf, 0xb7, 0x01, 0x8d, 0xca, 0xee, 0xc4, 0x03, 0xf7, 0x71, 0xf8, 0xb5,
  0x15, 0xbc, 0x53, 0xa9, 0x56, 0x1e, 0x55, 0x53, 0x6d, 0x5a, 0x1f, 0x5a,
  0xc3, 0x6d, 0xc1, 0x1e, 0xc0, 0xc3, 0xa9, 0xbc, 0x1f, 0x52, 0x8c, 0x15,
  0x8b, 0x78, 0x75, 0x7c, 0x70, 0x8c, 0x08, 0x70, 0x8a, 0x74, 0x9a, 0x8b,
  0x9e, 0x08, 0x8b, 0x9e, 0xa2, 0x9a, 0xa6, 0x8a, 0x08, 0xa6, 0x8c, 0xa1,
  0x7c, 0x8b, 0x78, 0x08, 0x0e, 0xf8, 0xb8, 0xf7, 0x3f, 0xe5, 0x01, 0x77,
  0xf7, 0x3e, 0x15, 0x1c, 0x04, 0x9f, 0x8a, 0x05, 0x8a, 0xf0, 0x05, 0x1c,
  0xfb, 0x61, 0x8a, 0x05, 0x8c, 0x27, 0x05, 0x0e, 0x1c, 0x04, 0xed, 0x74,
  0x9f, 0xf7, 0x41, 0xf6, 0x01, 0x78, 0xf7, 0x22, 0xf9, 0x6c, 0xf7, 0x21,
  0x03, 0xfa, 0x30, 0xf8, 0x4f, 0x15, 0x36, 0x95, 0xfb, 0x1b, 0xa5, 0xfb,
  0x6d, 0x7c, 0x08, 0x8b, 0x8b, 0xfb, 0xfb, 0x8b, 0xfb, 0x27, 0x69, 0x08,
  0xfb, 0x46, 0x07, 0x4d, 0x07, 0xfb, 0x62, 0x07, 0xf7, 0x23, 0x06, 0xf7,
  0x50, 0x07, 0xf9, 0x6b, 0x06, 0xfb, 0x19, 0x07, 0x4c, 0x7b, 0x05, 0xf7,
  0x7f, 0x5d, 0xf7, 0xe1, 0x8b, 0x8b, 0x8b, 0x08, 0x8b, 0x8b, 0xf7, 0xe2,
  0x8b, 0xf7, 0x41, 0xad, 0x08, 0x8a, 0xed, 0x05, 0xfb, 0x3e, 0x68, 0xfb,
  0xe3, 0x8b, 0x8a, 0x8b, 0x08, 0x8b, 0x8b, 0xfb, 0x80, 0x8b, 0xfb, 0x13,
  0x99, 0x08, 0xdf, 0x07, 0xf7, 0xae, 0xf7, 0x14, 0x8b, 0x8b, 0x1f, 0xc9,
  0x8b, 0xf7, 0x0d, 0x8a, 0xea, 0x84, 0x08, 0xf7, 0x05, 0x07, 0xfb, 0x2a,
  0x83, 0xfb, 0x14, 0x8b, 0x8b, 0x8b, 0x08, 0xfc, 0x2e, 0x06, 0xdf, 0x07,
  0xf7, 0x1a, 0x99, 0xf7, 0x79, 0x8b, 0x8b, 0x8b, 0x08, 0x8c, 0x8b, 0xf7,
  0xda, 0x8b, 0xf7, 0x48, 0x69, 0x08, 0x8a, 0xed, 0x05, 0xfb, 0x3c, 0xac,
  0xfb, 0xe6, 0x8c, 0x8b, 0x8b, 0x08, 0xfb, 0x6e, 0x99, 0xfb, 0x22, 0x70,
  0x43, 0x82, 0x08, 0x42, 0x31, 0x15, 0x37, 0x07, 0xfd, 0x6b, 0x06, 0xdf,
  0x07, 0xf7, 0x1d, 0x99, 0xf7, 0x76, 0x8b, 0x8b, 0x8b, 0x08, 0x8b, 0x8b,
  0xf7, 0x77, 0x8b, 0xf7, 0x1d, 0x7d, 0x08, 0x0e, 0x1c, 0x04, 0xed, 0x7a,
  0x9f, 0x8d, 0xe4, 0xe0, 0xec, 0x01, 0x7a, 0xf7, 0x23, 0xf9, 0x6f, 0xf7,
  0x23, 0x03, 0x1c, 0x05, 0x56, 0x7a, 0x15, 0x8b, 0x8b, 0xf7, 0xed, 0x8b,
  0xf7, 0x37, 0xad, 0x08, 0xed, 0x07, 0xfb, 0x3b, 0x68, 0xfb, 0xe8, 0x8b,
  0x8a, 0x8b, 0x08, 0x8b, 0x8b, 0xfb, 0x85, 0x8b, 0xfb, 0x11, 0x99, 0x08,
  0xe0, 0x07, 0xf8, 0x02, 0x06, 0xf7, 0x83, 0xe2, 0x83, 0x8b, 0x1f, 0xf7,
  0x05, 0x07, 0xfb, 0x4d, 0x81, 0xfb, 0x21, 0x8d, 0x8b, 0x8b, 0x08, 0xfc,
  0x02, 0x06, 0xe0, 0x07, 0xf7, 0x19, 0x99, 0xf7, 0x7d, 0x8b, 0x8b, 0x8b,
  0x08, 0x8c, 0x8b, 0xf7, 0xe4, 0x8b, 0xf7, 0x3f, 0x69, 0x08, 0xed, 0x07,
  0xfb, 0x33, 0xac, 0xfb, 0xf1, 0x8c, 0x8b, 0x8b, 0x08, 0x8b, 0x8b, 0xfb,
  0xae, 0x8b, 0xfb, 0x2b, 0x75, 0x08, 0xfb, 0x34, 0xa1, 0xfb, 0xad, 0x8b,
  0x8b, 0x8b, 0x08, 0x8b, 0x8b, 0xfb, 0xed, 0x8a, 0xfb, 0x38, 0x6a, 0x08,
  0xfc, 0x3a, 0x07, 0xf7, 0x1d, 0x69, 0xf8, 0x08, 0x8b, 0x8b, 0x8b, 0x08,
  0x8b, 0x8b, 0xf7, 0xbe, 0x8b, 0xf7, 0x23, 0xa1, 0x08, 0xf7, 0x20, 0x75,
  0xf7, 0xb9, 0x8b, 0x8b, 0x8b, 0x08, 0xfc, 0x91, 0xf8, 0x0d, 0x15, 0xfb,
  0x9e, 0x07, 0xfb, 0x33, 0x7d, 0xfb, 0x62, 0x8b, 0x8b, 0x8b, 0x08, 0x8b,
  0x8b, 0xfb, 0x6d, 0x8b, 0xfb, 0x29, 0x99, 0x08, 0xf7, 0x9f, 0x07, 0xf7,
  0x0c, 0x99, 0xf7, 0x8a, 0x8b, 0x8b, 0x8b, 0x08, 0x8b, 0x8b, 0xf7, 0x7d,
  0x8b, 0xf7, 0x18, 0x7c, 0x08, 0x0e, 0x73, 0xf7, 0x02, 0xf7, 0xa0, 0xf4,
  0x01, 0x7a, 0xf7, 0x24, 0xf9, 0x76, 0xf7, 0x24, 0x03, 0xf8, 0x84, 0x70,
  0x15, 0xca, 0x8a, 0xf7, 0xb0, 0x8f, 0xf7, 0x3a, 0xaa, 0x08, 0xf8, 0x3e,
  0x07, 0x2a, 0x9b, 0x36, 0x92, 0x5c, 0x8e, 0x08, 0x9f, 0xa2, 0x05, 0xfb,
  0x08, 0xbe, 0x05, 0x51, 0x47, 0x05, 0x3b, 0x8d, 0x5c, 0x8b, 0x88, 0x8b,
  0x08, 0x3d, 0x8c, 0xfb, 0x98, 0x89, 0xfb, 0x43, 0x6a, 0x08, 0xfc, 0x3f,
  0x07, 0xe8, 0x7b, 0xe1, 0x85, 0xb9, 0x88, 0x08, 0x7a, 0x77, 0x05, 0xf7,
  0x07, 0x59, 0x05, 0xc2, 0xca, 0x05, 0xd4, 0x8a, 0xc5, 0x8b, 0x8f, 0x8b,
  0x08, 0xf8, 0x05, 0xf8, 0x11, 0x15, 0xfb, 0xa0, 0x07, 0xfb, 0x4b, 0x7b,
  0xfb, 0x23, 0x8c, 0x60, 0x8b, 0x08, 0x8b, 0x74, 0x8b, 0x6f, 0x1e, 0xf7,
  0x92, 0xf7, 0xba, 0x05, 0xa3, 0x8a, 0xd4, 0x88, 0xd0, 0x84, 0x08, 0xfc,
  0x05, 0x9a, 0x15, 0x8b, 0xa1, 0x8b, 0xa4, 0x1e, 0xfb, 0x92, 0xfb, 0xba,
  0x05, 0x71, 0x8c, 0x3a, 0x8f, 0x53, 0x90, 0x08, 0xf7, 0xa1, 0x07, 0xf7,
  0x3c, 0x9b, 0xf7, 0x2d, 0x8a, 0xbc, 0x8b, 0x08, 0x0e, 0x78, 0x9f, 0xf7,
  0x3f, 0xed, 0xf7, 0x89, 0xf6, 0x01, 0x79, 0xf7, 0x23, 0xf7, 0x55, 0xf7,
  0x23, 0xc9, 0xf7, 0x23, 0xf7, 0x57, 0xf7, 0x23, 0x03, 0xf8, 0x9f, 0xf8,
  0x96, 0x15, 0xf7, 0x24, 0x06, 0xf7, 0x00, 0x07, 0xfb, 0x24, 0x06, 0xfb,
  0x00, 0x07, 0xfb, 0x60, 0x16, 0xf7, 0x23, 0x06, 0xf7, 0x00, 0x07, 0xfb,
  0x23, 0x06, 0xfb, 0x00, 0x07, 0xf8, 0xb2, 0xfc, 0xa9, 0x15, 0xf7, 0x23,
  0x06, 0xf8, 0x57, 0x07, 0xfb, 0x28, 0xad, 0xfb, 0xff, 0x8c, 0x8b, 0x8b,
  0x08, 0x8b, 0x8b, 0xfb, 0xff, 0x8a, 0xfb, 0x28, 0x69, 0x08, 0xfc, 0x57,
  0x07, 0xf7, 0x24, 0x06, 0xf7, 0x53, 0x07, 0xf9, 0x73, 0x06, 0xfb, 0x53,
  0x07, 0xf8, 0x0a, 0x04, 0x36, 0x07, 0xfd, 0x73, 0x06, 0xe0, 0x07, 0xf7,
  0x1e, 0x99, 0xf7, 0x79, 0x8b, 0x8b, 0x8b, 0x08, 0x8b, 0x8b, 0xf7, 0x79,
  0x8b, 0xf7, 0x1f, 0x7d, 0x08, 0x0e, 0xf7, 0x53, 0xca, 0xf7, 0x1c, 0xca,
  0xf7, 0x1e, 0xca, 0x01, 0xf7, 0xa6, 0xf7, 0x00, 0xf7, 0x90, 0xf7, 0x05,
  0xf9, 0x4f, 0xf7, 0x00, 0x03, 0xf9, 0xcf, 0x7c, 0x15, 0xf7, 0x1f, 0x06,
  0xf8, 0x46, 0x07, 0xfb, 0x23, 0xac, 0xfb, 0xf1, 0x8b, 0x8b, 0x8b, 0x08,
  0x8b, 0x8b, 0xfb, 0xf1, 0x8b, 0xfb, 0x23, 0x6a, 0x08, 0x8c, 0xfc, 0x46,
  0x05, 0xf7, 0x1f, 0x06, 0xf7, 0x4b, 0x07, 0xf9, 0x55, 0x06, 0xfb, 0x4b,
  0x07, 0xf7, 0xfa, 0x04, 0x3b, 0x07, 0xfd, 0x55, 0x06, 0xdb, 0x07, 0xf7,
  0x19, 0x99, 0xf7, 0x6f, 0x8b, 0x8b, 0x8b, 0x08, 0x8b, 0x8b, 0xf7, 0x70,
  0x8b, 0xf7, 0x19, 0x7d, 0x08, 0xfb, 0x8a, 0xf7, 0x5e, 0x15, 0xbc, 0x53,
  0xa9, 0x56, 0x1e, 0x55, 0x53, 0x6d, 0x5a, 0x1f, 0x5a, 0xc3, 0x6d, 0xc1,
  0x1e, 0xc0, 0xc3, 0xa9, 0xbc, 0x1f, 0x52, 0x8c, 0x15, 0x8b, 0x78, 0x75,
  0x7c, 0x70, 0x8c, 0x08, 0x70, 0x8a, 0x74, 0x9a, 0x8b, 0x9e, 0x08, 0x8b,
  0x9e, 0xa2, 0x9a, 0xa6, 0x8a, 0x08, 0xa6, 0x8c, 0xa1, 0x7c, 0x8b, 0x78,
  0x08, 0x0e, 0x0e, 0xf7, 0x95, 0x76, 0x9f, 0xf7, 0x40, 0xec, 0xf7, 0x75,
  0xf7, 0x16, 0x01, 0xf7, 0x84, 0xf7, 0x21, 0x03, 0xf9, 0x7f, 0xf8, 0x81,
  0x15, 0xf7, 0x30, 0xf7, 0x16, 0x05, 0xfb, 0x3e, 0x06, 0xfb, 0x2e, 0xfb,
  0x16, 0x05, 0xf7, 0x3c, 0x06, 0x83, 0xfc, 0x96, 0x15, 0x8b, 0x8b, 0xf7,
  0xdc, 0x8b, 0xf7, 0x3e, 0xac, 0x08, 0xec, 0x07, 0xfb, 0x3c, 0x6a, 0xfb,
  0xdd, 0x8a, 0x8a, 0x8b, 0x08, 0x8b, 0x8b, 0xfb, 0x7c, 0x8b, 0xfb, 0x12,
  0x99, 0x08, 0xdd, 0x07, 0xf7, 0xaa, 0xf7, 0x12, 0x8b, 0x8b, 0x1f, 0xc8,
  0x8c, 0xf7, 0x0b, 0x89, 0xe9, 0x85, 0x08, 0xf7, 0x03, 0x07, 0xfb, 0x28,
  0x84, 0xfb, 0x12, 0x8b, 0x8b, 0x8b, 0x08, 0xfc, 0x28, 0x06, 0xdd, 0x07,
  0xf7, 0x18, 0x99, 0xf7, 0x76, 0x8b, 0x8b, 0x8b, 0x08, 0x8b, 0x8b, 0xf7,
  0xd5, 0x8b, 0xf7, 0x45, 0x69, 0x08, 0xec, 0x07, 0xfb, 0x3a, 0xac, 0xfb,
  0xe0, 0x8b, 0x8b, 0x8b, 0x08, 0x8b, 0x8b, 0xfb, 0xe1, 0x8b, 0xfb, 0x3a,
  0x6a, 0x08, 0xfb, 0x33, 0x07, 0xfb, 0x96, 0x06, 0x2a, 0x07, 0xf7, 0x96,
  0x06, 0xfb, 0x33, 0x07, 0xf7, 0x3e, 0x6a, 0xf7, 0xdd, 0x8b, 0x8b, 0x8b,
  0x08, 0x0e, 0x7b, 0x9f, 0x01, 0x79, 0xf7, 0x23, 0xf9, 0x75, 0xf7, 0x23,
  0x03, 0xf8, 0xd1, 0xf8, 0x94, 0x15, 0x8b, 0x8b, 0xb2, 0x8b, 0xc6, 0xa2,
  0x08, 0xf1, 0x07, 0x4a, 0x70, 0x6a, 0x8b, 0x8b, 0x8b, 0x08, 0x8b, 0x8b,
  0x69, 0x8a, 0x63, 0x95, 0x08, 0x6e, 0x93, 0x5c, 0x8c, 0x8b, 0x8b, 0x08,
  0x8b, 0x8b, 0x5a, 0x8b, 0x57, 0x73, 0x08, 0x8c, 0x25, 0x05, 0xc6, 0xa7,
  0xb4, 0x8b, 0x8b, 0x8b, 0x08, 0x8c, 0x8b, 0xb5, 0x89, 0xa3, 0x85, 0x08,
  0xb7, 0x80, 0xb2, 0x8c, 0x8b, 0x8b, 0x08, 0xf7, 0xb5, 0xfc, 0xa4, 0x15,
  0xf7, 0x23, 0x06, 0xf8, 0x57, 0x07, 0xfb, 0x3e, 0xad, 0xfb, 0xe9, 0x8b,
  0x8b, 0x8b, 0x08, 0x8b, 0x8b, 0xfb, 0xf1, 0x8b, 0xfb, 0x37, 0x69, 0x08,
  0x8c, 0xfc, 0x57, 0x05, 0xf7, 0x23, 0x06, 0xf8, 0x09, 0x07, 0xf7, 0x1c,
  0x99, 0xf7, 0x7c, 0x8b, 0x8b, 0x8b, 0x08, 0xf7, 0x39, 0x92, 0xf7, 0x0d,
  0x7e, 0xdc, 0x83, 0x08, 0x8c, 0xfc, 0x09, 0x05, 0x0e, 0xf8, 0x98, 0xf6,
  0x01, 0x79, 0xf7, 0x23, 0xf7, 0x55, 0xf7, 0x23, 0xc7, 0xf7, 0x23, 0xf7,
  0x53, 0xf7, 0x23, 0x03, 0xf8, 0x9e, 0xf8, 0x98, 0x15, 0xf7, 0x23, 0x06,
  0xf6, 0x07, 0xfb, 0x23, 0x06, 0x20, 0x07, 0xfb, 0x5f, 0x16, 0xf7, 0x23,
  0x06, 0xf6, 0x07, 0xfb, 0x23, 0x06, 0x20, 0x07, 0xf7, 0x3f, 0xfc, 0xb0,
  0x15, 0x8b, 0x8b, 0xf7, 0xe3, 0x8b, 0xf7, 0x41, 0xac, 0x08, 0xf8, 0x3a,
  0x07, 0xfb, 0x3d, 0xad, 0xfb, 0xe7, 0x8b, 0x8b, 0x8b, 0x08, 0x8b, 0x8b,
  0xfb, 0xee, 0x8b, 0xfb, 0x36, 0x69, 0x08, 0xfc, 0x3a, 0x07, 0xf7, 0x3e,
  0x6a, 0xf7, 0xe6, 0x8b, 0x8b, 0x8b, 0x08, 0x8c, 0xf8, 0x1b, 0x15, 0xf7,
  0x37, 0x92, 0xf7, 0x0d, 0x7e, 0xdc, 0x83, 0x08, 0xfb, 0x9e, 0x07, 0x3b,
  0x83, 0xfb, 0x0c, 0x7e, 0xfb, 0x39, 0x92, 0x08, 0x8b, 0x8b, 0xfb, 0x6d,
  0x8b, 0xfb, 0x29, 0x99, 0x08, 0xf7, 0x9e, 0x07, 0xf7, 0x1b, 0x99, 0xf7,
  0x7b, 0x8b, 0x8b, 0x8b, 0x08, 0x0e, 0x74, 0x9f, 0xf8, 0x9b, 0xf6, 0x01,
  0x78, 0xf7, 0x23, 0xf7, 0x51, 0xf7, 0x23, 0xc7, 0xf7, 0x23, 0xf7, 0x56,
  0xf7, 0x23, 0x03, 0xf8, 0x99, 0xf8, 0x98, 0x15, 0xf7, 0x22, 0x06, 0xf6,
  0x07, 0xfb, 0x22, 0x06, 0x20, 0x07, 0xfb, 0x60, 0x16, 0xf7, 0x23, 0x06,
  0xf6, 0x07, 0xfb, 0x23, 0x06, 0x20, 0x07, 0xf7, 0x44, 0xfc, 0xaf, 0x15,
  0x8b, 0x8b, 0xf7, 0xed, 0x8b, 0xf7, 0x36, 0xac, 0x08, 0xf8, 0x55, 0x07,
  0xfb, 0x22, 0x06, 0xfc, 0x07, 0x07, 0xfb, 0x1b, 0x7d, 0xfb, 0x7b, 0x8b,
  0x8b, 0x8b, 0x08, 0xfb, 0x37, 0x84, 0xfb, 0x0d, 0x98, 0x3b, 0x93, 0x08,
  0xf8, 0x07, 0x07, 0xfb, 0x23, 0x06, 0xfc, 0x55, 0x07, 0xf7, 0x3d, 0x6a,
  0xf7, 0xe7, 0x8b, 0x8b, 0x8b, 0x08, 0x0e, 0xf8, 0xb8, 0x7b, 0x9f, 0xf7,
  0x3c, 0xec, 0xf7, 0x72, 0xf7, 0x17, 0x01, 0xf7, 0x87, 0xf7, 0x22, 0xf9,
  0x67, 0xf7, 0x22, 0x03, 0xf9, 0x85, 0xf8, 0x7f, 0x15, 0xf7, 0x31, 0xf7,
  0x17, 0x05, 0xfb, 0x3f, 0x06, 0xfb, 0x2f, 0xfb, 0x17, 0x05, 0xf7, 0x3d,
  0x06, 0xf8, 0x86, 0xfb, 0xd4, 0x15, 0xb1, 0x8b, 0xed, 0x8a, 0xf7, 0x10,
  0x85, 0x08, 0xf7, 0x04, 0x07, 0x8b, 0xfb, 0x0d, 0x83, 0xfb, 0x1f, 0x1e,
  0xf7, 0x35, 0x07, 0xfb, 0x26, 0xac, 0xfb, 0xfa, 0x8c, 0x8b, 0x8b, 0x08,
  0x8b, 0x8b, 0xfb, 0xfa, 0x8a, 0xfb, 0x26, 0x6a, 0x08, 0xfb, 0x35, 0x07,
  0x6b, 0x8b, 0x39, 0x8b, 0xfb, 0x27, 0x93, 0x08, 0xfb, 0x05, 0x07, 0x8b,
  0x8b, 0xed, 0x93, 0xf7, 0x37, 0x8c, 0x08, 0xfb, 0x50, 0x07, 0xf7, 0x22,
  0x06, 0xf7, 0x50, 0x07, 0xf9, 0x68, 0x06, 0xfb, 0x50, 0x07, 0xf7, 0x22,
  0x06, 0xf7, 0x4f, 0x07, 0xfb, 0x22, 0xf7, 0x49, 0x15, 0x37, 0x07, 0xfd,
  0x68, 0x06, 0xdf, 0x07, 0xf7, 0x1c, 0x99, 0xf7, 0x76, 0x8b, 0x8b, 0x8b,
  0x08, 0x8b, 0x8b, 0xf7, 0x75, 0x8b, 0xf7, 0x1d, 0x7d, 0x08, 0x0e, 0xf8,
  0xb8, 0x7a, 0x9f, 0xf7, 0x3c, 0xec, 0xf7, 0x74, 0xf7, 0x17, 0x01, 0xf7,
  0x86, 0xf7, 0x22, 0xf9, 0x67, 0xf7, 0x22, 0x03, 0xf9, 0x76, 0xf8, 0x80,
  0x15, 0xf7, 0x3f, 0x06, 0xfb, 0x32, 0xf7, 0x17, 0x05, 0xfb, 0x3d, 0x06,
  0xf7, 0x30, 0xfb, 0x17, 0x05, 0xf8, 0x93, 0xfb, 0xd5, 0x15, 0xb2, 0x8a,
  0xec, 0x8a, 0xf7, 0x11, 0x85, 0x08, 0xf7, 0x04, 0x07, 0x8b, 0xfb, 0x0d,
  0x83, 0xfb, 0x20, 0x1e, 0xf7, 0x35, 0x07, 0xfb, 0x25, 0xac, 0xfb, 0xfa,
  0x8c, 0x8b, 0x8b, 0x08, 0x8b, 0x8b, 0xfb, 0xfa, 0x8a, 0xfb, 0x25, 0x6a,
  0x08, 0xfb, 0x35, 0x07, 0x6a, 0x8b, 0x3a, 0x8c, 0xfb, 0x27, 0x92, 0x08,
  0xfb, 0x04, 0x07, 0x8b, 0xed, 0x93, 0xf7, 0x37, 0x1e, 0xfb, 0x50, 0x07,
  0xf7, 0x21, 0x06, 0xf7, 0x50, 0x07, 0xf9, 0x68, 0x06, 0xfb, 0x50, 0x07,
  0xf7, 0x21, 0x06, 0xf7, 0x50, 0x07, 0xfb, 0x21, 0xf7, 0x48, 0x15, 0x37,
  0x07, 0xfd, 0x68, 0x8c, 0x05, 0xde, 0x07, 0xf7, 0x1d, 0x99, 0xf7, 0x75,
  0x8b, 0x8b, 0x8b, 0x08, 0x8b, 0x8b, 0xf7, 0x75, 0x8b, 0xf7, 0x1d, 0x7d,
  0x08, 0x0e, 0xf8, 0xb8, 0x7a, 0x9f, 0xf7, 0x3b, 0xec, 0xf7, 0x74, 0xf7,
  0x18, 0x01, 0xf7, 0x86, 0xf7, 0x22, 0xf9, 0x66, 0xf7, 0x22, 0x03, 0xf9,
  0xae, 0xf8, 0x80, 0x15, 0xf7, 0x40, 0x06, 0xfb, 0x30, 0xf7, 0x17, 0x05,
  0xfb, 0x14, 0x06, 0xfb, 0x2f, 0xfb, 0x18, 0x05, 0xf7, 0x3f, 0x06, 0xba,
  0xc3, 0x05, 0xbc, 0x54, 0x05, 0xf8, 0x5a, 0xfb, 0xd6, 0x15, 0xb2, 0x8b,
  0xec, 0x8a, 0xf7, 0x10, 0x85, 0x08, 0xf7, 0x04, 0x07, 0x8b, 0x8b, 0xfb,
  0x0d, 0x82, 0xfb, 0x1f, 0x8c, 0x08, 0xf7, 0x34, 0x07, 0xfb, 0x25, 0xad,
  0xfb, 0xfa, 0x8b, 0x8b, 0x8b, 0x08, 0x8b, 0x8b, 0xfb, 0xf9, 0x8b, 0xfb,
  0x26, 0x69, 0x08, 0xfb, 0x34, 0x07, 0x6b, 0x8a, 0x3a, 0x8c, 0xfb, 0x27,
  0x92, 0x08, 0xfb, 0x04, 0x07, 0x8b, 0xec, 0x93, 0xf7, 0x37, 0x1e, 0xfb,
  0x4f, 0x07, 0xf7, 0x22, 0x06, 0xf7, 0x4f, 0x07, 0xf9, 0x66, 0x06, 0xfb,
  0x4f, 0x07, 0xf7, 0x22, 0x06, 0xf7, 0x4f, 0x07, 0xfb, 0x22, 0xf7, 0x48,
  0x15, 0x38, 0x07, 0xfd, 0x66, 0x06, 0xde, 0x07, 0xf7, 0x1c, 0x99, 0xf7,
  0x75, 0x8b, 0x8b, 0x8b, 0x08, 0x8b, 0x8b, 0xf7, 0x75, 0x8b, 0xf7, 0x1c,
  0x7d, 0x08, 0x0e, 0xf8, 0xb8, 0x7a, 0x9f, 0xf7, 0x3e, 0xed, 0xf7, 0x8c,
  0xf6, 0x01, 0xf7, 0x8a, 0xf7, 0x23, 0xf7, 0x55, 0xf7, 0x23, 0xc9, 0xf7,
  0x23, 0xf7, 0x56, 0xf7, 0x23, 0x03, 0xf9, 0xa7, 0xf8, 0x9a, 0x15, 0xf7,
  0x23, 0x06, 0xf7, 0x00, 0x07, 0xfb, 0x23, 0x06, 0xfb, 0x00, 0x07, 0xfb,
  0x60, 0x16, 0xf7, 0x23, 0x06, 0xf7, 0x00, 0x07, 0xfb, 0x23, 0x06, 0xfb,
  0x00, 0x07, 0xf9, 0x40, 0xfb, 0xed, 0x15, 0xb2, 0x8b, 0xee, 0x8a, 0xf7,
  0x12, 0x85, 0x08, 0xf7, 0x05, 0x07, 0x8b, 0x8b, 0xfb, 0x0e, 0x82, 0xfb,
  0x22, 0x8c, 0x08, 0xf7, 0x36, 0x07, 0xfb, 0x27, 0xad, 0xfb, 0xff, 0x8c,
  0x8b, 0x8b, 0x08, 0x8b, 0x8b, 0xfb, 0xff, 0x8a, 0xfb, 0x27, 0x69, 0x08,
  0xfb, 0x36, 0x07, 0x6a, 0x8a, 0x39, 0x8c, 0xfb, 0x2a, 0x92, 0x08, 0xfb,
  0x05, 0x07, 0x8b, 0xee, 0x93, 0xf7, 0x3a, 0x1e, 0xfb, 0x52, 0x07, 0xf7,
  0x23, 0x06, 0xf7, 0x52, 0x07, 0xf9, 0x72, 0x06, 0xfb, 0x52, 0x07, 0xf7,
  0x23, 0x06, 0xf7, 0x52, 0x07, 0xfb, 0x23, 0xf7, 0x4b, 0x15, 0x36, 0x07,
  0xfd, 0x72, 0x06, 0xe0, 0x07, 0xf7, 0x1e, 0x99, 0xf7, 0x79, 0x8b, 0x8b,
  0x8b, 0x08, 0x8b, 0x8b, 0xf7, 0x79, 0x8b, 0xf7, 0x1e, 0x7d, 0x08, 0x0e,
  0xf8, 0xb8, 0x78, 0x9f, 0xf7, 0x3f, 0xed, 0x01, 0xf7, 0x8b, 0xf7, 0x24,
  0xf9, 0x74, 0xf7, 0x24, 0x03, 0xf9, 0xdf, 0xf8, 0x9c, 0x15, 0x8b, 0x8b,
  0xb2, 0x8b, 0xc5, 0xa3, 0x08, 0xf0, 0x07, 0x4b, 0x71, 0x69, 0x8b, 0x8b,
  0x8b, 0x08, 0x8b, 0x8b, 0x69, 0x89, 0x63, 0x96, 0x08, 0x6e, 0x92, 0x5c,
  0x8c, 0x8b, 0x8b, 0x08, 0x8b, 0x8b, 0x5a, 0x8b, 0x57, 0x73, 0x08, 0x25,
  0x07, 0xc7, 0xa7, 0xb4, 0x8b, 0x8b, 0x8b, 0x08, 0x8c, 0x8b, 0xb5, 0x89,
  0xa3, 0x85, 0x08, 0xb8, 0x80, 0xb2, 0x8c, 0x8b, 0x8b, 0x08, 0xf8, 0x40,
  0xfb, 0xf0, 0x15, 0xb2, 0x8a, 0xef, 0x8a, 0xf7, 0x12, 0x85, 0x08, 0xf7,
  0x05, 0x07, 0x8b, 0xfb, 0x0f, 0x83, 0xfb, 0x22, 0x1e, 0xf7, 0x38, 0x07,
  0xfb, 0x28, 0xad, 0xfc, 0x00, 0x8b, 0x8b, 0x8b, 0x08, 0x8b, 0x8b, 0xfc,
  0x00, 0x8b, 0xfb, 0x28, 0x69, 0x08, 0xfb, 0x38, 0x07, 0x6b, 0x8b, 0x38,
  0x8c, 0xfb, 0x2a, 0x92, 0x08, 0xfb, 0x06, 0x07, 0x8b, 0x8b, 0xee, 0x93,
  0xf7, 0x3a, 0x8c, 0x08, 0xfb, 0x53, 0x07, 0xf7, 0x24, 0x06, 0xf7, 0x53,
  0x07, 0xf9, 0x75, 0x06, 0xfb, 0x53, 0x07, 0xf7, 0x23, 0x06, 0xf7, 0x53,
  0x07, 0xfb, 0x23, 0xf7, 0x4b, 0x15, 0x35, 0x07, 0xfd, 0x75, 0x8c, 0x05,
  0xe0, 0x07, 0xf7, 0x1f, 0x99, 0xf7, 0x79, 0x8b, 0x8b, 0x8b, 0x08, 0x8b,
  0x8b, 0xf7, 0x7a, 0x8b, 0xf7, 0x1f, 0x7d, 0x08, 0x0e, 0xf8, 0xb8, 0x78,
  0x9f, 0xf7, 0x37, 0xea, 0xf7, 0x64, 0xb9, 0xce, 0xb7, 0x01, 0xf7, 0x80,
  0xf7, 0x1f, 0xf7, 0x89, 0xca, 0xee, 0xc4, 0xf7, 0x86, 0xf7, 0x1f, 0x03,
  0xf9, 0xdc, 0xf8, 0xb5, 0x15, 0xbc, 0x52, 0xa9, 0x56, 0x1e, 0x56, 0x53,
  0x6d, 0x5a, 0x1f, 0x5a, 0xc3, 0x6d, 0xc0, 0x1e, 0xc0, 0xc4, 0xa9, 0xbc,
  0x1f, 0xf9, 0x0f, 0xfc, 0x18, 0x15, 0xf7, 0x02, 0x07, 0x8b, 0xfb, 0x0b,
  0x83, 0xfb, 0x1b, 0x1e, 0xf7, 0x31, 0x07, 0xfb, 0x23, 0xac, 0xfb, 0xf1,
  0x8b, 0x8b, 0x8b, 0x08, 0x8b, 0x8b, 0xfb, 0xf2, 0x8b, 0xfb, 0x22, 0x6a,
  0x08, 0xfb, 0x31, 0x07, 0x6b, 0x8b, 0x3c, 0x8c, 0xfb, 0x24, 0x92, 0x08,
  0xfb, 0x03, 0x07, 0x8b, 0xeb, 0x93, 0xf7, 0x33, 0x1e, 0xfb, 0x4b, 0x07,
  0xf7, 0x1f, 0x06, 0xf7, 0x4b, 0x07, 0xf9, 0x55, 0x06, 0xfb, 0x4b, 0x07,
  0xf7, 0x20, 0x06, 0xf7, 0x4b, 0x07, 0xb1, 0x8b, 0xe9, 0x8a, 0xf7, 0x0e,
  0x85, 0x08, 0xfd, 0x48, 0xf8, 0x19, 0x15, 0x8b, 0x78, 0x75, 0x7c, 0x6f,
  0x8c, 0x08, 0x70, 0x8a, 0x75, 0x9a, 0x8b, 0x9e, 0x08, 0x8b, 0x9e, 0xa1,
  0x9a, 0xa7, 0x8a, 0x08, 0xa6, 0x8c, 0xa1, 0x7c, 0x8b, 0x78, 0x08, 0xf7,
  0xbe, 0xfb, 0xb2, 0x15, 0xfd, 0x55, 0x06, 0xdb, 0x07, 0xf7, 0x19, 0x99,
  0xf7, 0x70, 0x8b, 0x8b, 0x8b, 0x08, 0x8b, 0x8b, 0xf7, 0x6f, 0x8b, 0xf7,
  0x19, 0x7d, 0x08, 0x3b, 0x07, 0x0e, 0xbc, 0xb0, 0xd9, 0xb0, 0xda, 0xb0,
  0x01, 0x88, 0xe9, 0xf7, 0x6f, 0xed, 0xf8, 0xf5, 0xe9, 0x03, 0xf8, 0xb9,
  0x73, 0x15, 0xf7, 0x9d, 0xf7, 0x38, 0xac, 0x8b, 0x1f, 0xeb, 0x07, 0xfb,
  0x4f, 0x6a, 0xfb, 0xcb, 0x8b, 0x8b, 0x8b, 0x08, 0x8b, 0x8b, 0xfb, 0x83,
  0x8b, 0xfb, 0x0a, 0x98, 0x08, 0xf7, 0x99, 0x07, 0xf7, 0x12, 0x98, 0xf7,
  0x7b, 0x8b, 0x8b, 0x8b, 0x08, 0x8b, 0x8b, 0xf7, 0xc3, 0x8b, 0xf7, 0x57,
  0x6a, 0x08, 0xec, 0x07, 0xfb, 0x49, 0xab, 0xfb, 0xd1, 0x8b, 0x8b, 0x8b,
  0x08, 0x8b, 0x8b, 0xfb, 0xd0, 0x8b, 0xfb, 0x4a, 0x6b, 0x08, 0xfc, 0x32,
  0x07, 0xf7, 0x1b, 0x6e, 0xf7, 0x7e, 0x88, 0xcd, 0x8a, 0x08, 0x8b, 0x8b,
  0xb3, 0x67, 0x38, 0x74, 0x08, 0xd0, 0x3d, 0x05, 0xf7, 0x06, 0x99, 0x92,
  0xc5, 0x8b, 0x8b, 0x08, 0x8b, 0x8b, 0x8e, 0xba, 0x79, 0x9d, 0x08, 0x0e,
  0xf7, 0x95, 0x76, 0x9f, 0xf7, 0x40, 0xec, 0xf7, 0x75, 0xf7, 0x16, 0x01,
  0xf7, 0x84, 0xf7, 0x21, 0x03, 0xf9, 0x7f, 0xf8, 0x81, 0x15, 0xf7, 0x30,
  0xf7, 0x16, 0x05, 0xfb, 0x3e, 0x06, 0xfb, 0x2e, 0xfb, 0x16, 0x05, 0xf7,
  0x3c, 0x06, 0x83, 0xfc, 0x96, 0x15, 0x8b, 0x8b, 0xf7, 0xdc, 0x8b, 0xf7,
  0x3e, 0xac, 0x08, 0xec, 0x07, 0xfb, 0x3c, 0x6a, 0xfb, 0xdd, 0x8a, 0x8a,
  0x8b, 0x08, 0x8b, 0x8b, 0xfb, 0x7c, 0x8b, 0xfb, 0x12, 0x99, 0x08, 0xdd,
  0x07, 0xf7, 0xaa, 0xf7, 0x12, 0x8b, 0x8b, 0x1f, 0xc8, 0x8c, 0xf7, 0x0b,
  0x89, 0xe9, 0x85, 0x08, 0xf7, 0x03, 0x07, 0xfb, 0x28, 0x84, 0xfb, 0x12,
  0x8b, 0x8b, 0x8b, 0x08, 0xfc, 0x28, 0x06, 0xdd, 0x07, 0xf7, 0x18, 0x99,
  0xf7, 0x76, 0x8b, 0x8b, 0x8b, 0x08, 0x8b, 0x8b, 0xf7, 0xd5, 0x8b, 0xf7,
  0x45, 0x69, 0x08, 0xec, 0x07, 0xfb, 0x3a, 0xac, 0xfb, 0xe0, 0x8b, 0x8b,
  0x8b, 0x08, 0x8b, 0x8b, 0xfb, 0xe1, 0x8b, 0xfb, 0x3a, 0x6a, 0x08, 0xfb,
  0x33, 0x07, 0xfb, 0x96, 0x06, 0x2a, 0x07, 0xf7, 0x96, 0x06, 0xfb, 0x33,
  0x07, 0xf7, 0x3e, 0x6a, 0xf7, 0xdd, 0x8b, 0x8b, 0x8b, 0x08, 0x0e, 0xf7,
  0x95, 0x74, 0x9f, 0xf7, 0x3f, 0xec, 0xf7, 0x78, 0xf7, 0x16, 0x01, 0xf7,
  0x84, 0xf7, 0x21, 0x03, 0xf9, 0x6f, 0xf8, 0x81, 0x15, 0xf7, 0x3e, 0x06,
  0xfb, 0x30, 0xf7, 0x16, 0x05, 0xfb, 0x3c, 0x06, 0xf7, 0x2e, 0xfb, 0x16,
  0x05, 0x93, 0xfc, 0x98, 0x15, 0x8b, 0x8b, 0xf7, 0xdc, 0x8b, 0xf7, 0x3e,
  0xac, 0x08, 0xec, 0x07, 0xfb, 0x3c, 0x69, 0xfb, 0xdd, 0x8b, 0x8a, 0x8b,
  0x08, 0x8b, 0x8b, 0xfb, 0x7c, 0x8b, 0xfb, 0x12, 0x99, 0x08, 0xdc, 0x07,
  0xf7, 0xaa, 0x8c, 0xf7, 0x12, 0x8b, 0x8b, 0x8b, 0x08, 0xc8, 0x8b, 0xf7,
  0x0b, 0x89, 0xe9, 0x85, 0x08, 0xf7, 0x03, 0x07, 0xfb, 0x28, 0x84, 0xfb,
  0x12, 0x8b, 0x8b, 0x8b, 0x08, 0xfc, 0x28, 0x06, 0xdd, 0x07, 0xf7, 0x18,
  0x99, 0xf7, 0x76, 0x8b, 0x8b, 0x8b, 0x08, 0x8b, 0x8b, 0xf7, 0xd5, 0x8b,
  0xf7, 0x45, 0x69, 0x08, 0xec, 0x07, 0xfb, 0x3a, 0xac, 0xfb, 0xe0, 0x8b,
  0x8b, 0x8b, 0x08, 0x8b, 0x8b, 0xfb, 0xe1, 0x8b, 0xfb, 0x3a, 0x6a, 0x08,
  0xfb, 0x33, 0x07, 0xfb, 0x96, 0x06, 0x2b, 0x07, 0xf7, 0x96, 0x8a, 0x05,
  0xfb, 0x32, 0x07, 0xf7, 0x3e, 0x6a, 0xf7, 0xdd, 0x8b, 0x8b, 0x8b, 0x08,
  0x0e, 0xf7, 0x95, 0x73, 0x9f, 0xf7, 0x40, 0xec, 0xf7, 0x77, 0xf7, 0x17,
  0x01, 0xf7, 0x84, 0xf7, 0x21, 0x03, 0xf9, 0xa5, 0xf8, 0x81, 0x15, 0xf7,
  0x3e, 0x06, 0xfb, 0x2e, 0xf7, 0x16, 0x05, 0xfb, 0x13, 0x06, 0xfb, 0x2e,
  0xfb, 0x17, 0x05, 0xf7, 0x3d, 0x06, 0xbb, 0xc2, 0x05, 0xbb, 0x55, 0x05,
  0x5c, 0xfc, 0x99, 0x15, 0x8b, 0x8b, 0xf7, 0xdd, 0x8c, 0xf7, 0x3e, 0xab,
  0x08, 0xec, 0x07, 0xfb, 0x3c, 0x6a, 0xfb, 0xde, 0x8b, 0x8a, 0x8b, 0x08,
  0x8b, 0x8b, 0xfb, 0x7c, 0x8b, 0xfb, 0x11, 0x98, 0x08, 0xdd, 0x07, 0xf7,
  0xa9, 0x8c, 0xf7, 0x13, 0x8a, 0x8b, 0x8c, 0x08, 0xc8, 0x8b, 0xf7, 0x0b,
  0x89, 0xe8, 0x85, 0x08, 0xf7, 0x03, 0x07, 0xfb, 0x28, 0x84, 0xfb, 0x11,
  0x8b, 0x8b, 0x8b, 0x08, 0xfc, 0x28, 0x06, 0xdd, 0x07, 0xf7, 0x18, 0x99,
  0xf7, 0x75, 0x8b, 0x8b, 0x8b, 0x08, 0x8c, 0x8b, 0xf7, 0xd4, 0x8b, 0xf7,
  0x46, 0x69, 0x08, 0xec, 0x07, 0xfb, 0x3a, 0xac, 0xfb, 0xe1, 0x8b, 0x8b,
  0x8b, 0x08, 0x8b, 0x8b, 0xfb, 0xe0, 0x8b, 0xfb, 0x3a, 0x6a, 0x08, 0xfb,
  0x33, 0x07, 0xfb, 0x96, 0x06, 0x2a, 0x07, 0xf7, 0x96, 0x06, 0xfb, 0x33,
  0x07, 0xf7, 0x3e, 0x6b, 0xf7, 0xdc, 0x8a, 0x8b, 0x8b, 0x08, 0x0e, 0xf7,
  0x95, 0x77, 0x9f, 0xf7, 0x43, 0xed, 0xf7, 0x88, 0xf5, 0x01, 0xf7, 0x87,
  0xf7, 0x22, 0xf7, 0x53, 0xf7, 0x22, 0xc7, 0xf7, 0x22, 0x03, 0xf9, 0x9e,
  0xf8, 0x99, 0x15, 0xf7, 0x22, 0x06, 0xf5, 0x07, 0xfb, 0x22, 0x06, 0x21,
  0x07, 0xfb, 0x5e, 0x16, 0xf7, 0x22, 0x06, 0xf5, 0x07, 0xfb, 0x22, 0x06,
  0x21, 0x07, 0xf7, 0x40, 0xfc, 0xad, 0x15, 0x8b, 0x8b, 0xf7, 0xe1, 0x8b,
  0xf7, 0x40, 0xad, 0x08, 0xec, 0x07, 0xfb, 0x3e, 0x69, 0xfb, 0xe2, 0x8b,
  0x8a, 0x8b, 0x08, 0x8b, 0x8b, 0xfb, 0x7f, 0x8b, 0xfb, 0x13, 0x99, 0x08,
  0xdf, 0x07, 0xf7, 0xad, 0xf7, 0x14, 0x8b, 0x8b, 0x1f, 0xc9, 0x8b, 0xf7,
  0x0d, 0x89, 0xe9, 0x85, 0x08, 0xf7, 0x04, 0x07, 0xfb, 0x29, 0x84, 0xfb,
  0x14, 0x8b, 0x8b, 0x8b, 0x08, 0xfc, 0x2d, 0x06, 0xdf, 0x07, 0xf7, 0x19,
  0x99, 0xf7, 0x79, 0x8b, 0x8b, 0x8b, 0x08, 0x8c, 0x8b, 0xf7, 0xd9, 0x8b,
  0xf7, 0x47, 0x69, 0x08, 0xec, 0x07, 0xfb, 0x3c, 0xad, 0xfb, 0xe5, 0x8b,
  0x8b, 0x8b, 0x08, 0x8b, 0x8b, 0xfb, 0xe4, 0x8b, 0xfb, 0x3c, 0x69, 0x08,
  0xfb, 0x35, 0x07, 0xfb, 0x9a, 0x06, 0x2a, 0x07, 0xf7, 0x9a, 0x06, 0xfb,
  0x35, 0x07, 0xf7, 0x40, 0x69, 0xf7, 0xe0, 0x8b, 0x8b, 0x8b, 0x08, 0x0e,
  0xfd, 0x6f, 0xf8, 0x7f, 0xf7, 0x17, 0x01, 0xb5, 0xf7, 0x22, 0x03, 0xf7,
  0x0e, 0xf8, 0x7f, 0x15, 0xf7, 0x31, 0xf7, 0x17, 0x05, 0xfb, 0x3f, 0x06,
  0xfb, 0x30, 0xfb, 0x17, 0x05, 0xf7, 0x3e, 0x06, 0x3b, 0xfc, 0x8f, 0x15,
  0xf7, 0x22, 0x06, 0xf8, 0x6b, 0x07, 0xfb, 0x22, 0x8c, 0x05, 0xfc, 0x6c,
  0x07, 0x0e, 0xfd, 0x6f, 0xf8, 0x80, 0xf7, 0x17, 0x01, 0xb4, 0xf7, 0x22,
  0x03, 0xf5, 0xf8, 0x7f, 0x15, 0xf7, 0x3f, 0x06, 0xfb, 0x31, 0xf7, 0x18,
  0x05, 0xfb, 0x3e, 0x06, 0xf7, 0x30, 0xfb, 0x18, 0x05, 0x49, 0xfc, 0x8f,
  0x15, 0xf7, 0x22, 0x06, 0xf8, 0x6c, 0x07, 0xfb, 0x22, 0x06, 0xfc, 0x6c,
  0x07, 0x0e, 0xfd, 0x69, 0xf8, 0x7f, 0xf7, 0x18, 0x01, 0xee, 0xf7, 0x22,
  0x03, 0xf7, 0x70, 0xf8, 0x80, 0x15, 0xf7, 0x3f, 0x06, 0xfb, 0x2f, 0xf7,
  0x17, 0x05, 0xfb, 0x15, 0x8c, 0x05, 0xfb, 0x2f, 0xfb, 0x18, 0x05, 0xf7,
  0x3f, 0x06, 0xbb, 0xc2, 0x05, 0xbc, 0x54, 0x05, 0xfb, 0x0d, 0xfc, 0x91,
  0x15, 0xf7, 0x22, 0x06, 0xf8, 0x6c, 0x07, 0xfb, 0x22, 0x06, 0xfc, 0x6c,
  0x07, 0x0e, 0xfd, 0x69, 0xf8, 0x97, 0xf7, 0x00, 0x01, 0xe0, 0xf7, 0x24,
  0x03, 0xf7, 0x51, 0xf8, 0x97, 0x15, 0xf7, 0x24, 0x06, 0xf7, 0x00, 0x07,
  0xfb, 0x24, 0x06, 0xfb, 0x00, 0x07, 0xfb, 0x62, 0x16, 0xf7, 0x24, 0x06,
  0xf7, 0x00, 0x07, 0xfb, 0x24, 0x06, 0xfb, 0x00, 0x07, 0xf0, 0xfc, 0xa8,
  0x15, 0xf7, 0x25, 0x06, 0xf8, 0x77, 0x07, 0xfb, 0x25, 0x06, 0xfc, 0x77,
  0x07, 0x0e, 0x7b, 0x9f, 0x01, 0x79, 0xf7, 0x23, 0xf9, 0x75, 0xf7, 0x23,
  0x03, 0xf8, 0xd1, 0xf8, 0x90, 0x15, 0x8b, 0x8b, 0xb2, 0x8b, 0xc6, 0xa2,
  0x08, 0xf1, 0x07, 0x4a, 0x70, 0x6a, 0x8b, 0x8b, 0x8b, 0x08, 0x8b, 0x8b,
  0x69, 0x8a, 0x63, 0x95, 0x08, 0x6e, 0x93, 0x5c, 0x8c, 0x8b, 0x8b, 0x08,
  0x8b, 0x8b, 0x5a, 0x8b, 0x57, 0x73, 0x08, 0x8c, 0x25, 0x05, 0xc6, 0xa7,
  0xb4, 0x8b, 0x8b, 0x8b, 0x08, 0x8c, 0x8b, 0xb5, 0x89, 0xa3, 0x85, 0x08,
  0xb7, 0x80, 0xb2, 0x8c, 0x8b, 0x8b, 0x08, 0xf7, 0xb5, 0xfc, 0xa0, 0x15,
  0xf7, 0x23, 0x06, 0xf8, 0x57, 0x07, 0xfb, 0x3e, 0xad, 0xfb, 0xe9, 0x8b,
  0x8b, 0x8b, 0x08, 0x8b, 0x8b, 0xfb, 0xf1, 0x8b, 0xfb, 0x37, 0x69, 0x08,
  0x8c, 0xfc, 0x57, 0x05, 0xf7, 0x23, 0x06, 0xf8, 0x09, 0x07, 0xf7, 0x1c,
  0x99, 0xf7, 0x7c, 0x8b, 0x8b, 0x8b, 0x08, 0xf7, 0x39, 0x92, 0xf7, 0x0d,
  0x7e, 0xdc, 0x83, 0x08, 0x8c, 0xfc, 0x09, 0x05, 0x0e, 0x74, 0x9f, 0xf8,
  0x84, 0xf7, 0x16, 0x01, 0x79, 0xf7, 0x20, 0xf9, 0x5f, 0xf7, 0x20, 0x03,
  0xf8, 0x7c, 0xf8, 0x81, 0x15, 0xf7, 0x30, 0xf7, 0x16, 0x05, 0xfb, 0x3d,
  0x06, 0xfb, 0x2f, 0xfb, 0x16, 0x05, 0xf7, 0x3c, 0x06, 0x83, 0xfc, 0x98,
  0x15, 0x8b, 0x8b, 0xf7, 0xdc, 0x8b, 0xf7, 0x3d, 0xac, 0x08, 0xf8, 0x32,
  0x07, 0xfb, 0x39, 0xac, 0xfb, 0xe0, 0x8b, 0x8b, 0x8b, 0x08, 0x8b, 0x8b,
  0xfb, 0xe7, 0x8b, 0xfb, 0x33, 0x69, 0x08, 0x8c, 0xfc, 0x31, 0x05, 0xf7,
  0x3a, 0x6a, 0xf7, 0xdf, 0x8b, 0x8b, 0x8b, 0x08, 0xf8, 0x14, 0x04, 0xf7,
  0x34, 0x91, 0xf7, 0x0a, 0x7f, 0xda, 0x83, 0x08, 0xfb, 0x98, 0x07, 0x3d,
  0x83, 0xfb, 0x09, 0x7f, 0xfb, 0x36, 0x91, 0x08, 0x8b, 0x8b, 0xfb, 0x68,
  0x8b, 0xfb, 0x25, 0x99, 0x08, 0xf7, 0x98, 0x07, 0xf7, 0x18, 0x99, 0xf7,
  0x75, 0x8b, 0x8b, 0x8b, 0x08, 0x0e, 0x76, 0x9f, 0xf8, 0x82, 0xf7, 0x16,
  0x01, 0x78, 0xf7, 0x21, 0xf9, 0x5f, 0xf7, 0x21, 0x03, 0xf8, 0x6c, 0xf8,
  0x81, 0x15, 0xf7, 0x3e, 0x06, 0xfb, 0x30, 0xf7, 0x16, 0x05, 0xfb, 0x3c,
  0x06, 0xf7, 0x2e, 0xfb, 0x16, 0x05, 0x93, 0xfc, 0x96, 0x15, 0x8b, 0x8c,
  0xf7, 0xdc, 0x8b, 0xf7, 0x3e, 0xac, 0x08, 0xf8, 0x32, 0x07, 0xfb, 0x3a,
  0xac, 0xfb, 0xe0, 0x8b, 0x8b, 0x8b, 0x08, 0x8b, 0x8b, 0xfb, 0xe8, 0x8b,
  0xfb, 0x33, 0x6a, 0x08, 0xfc, 0x32, 0x07, 0xf7, 0x3b, 0x6a, 0xf7, 0xe0,
  0x8a, 0x8b, 0x8c, 0x08, 0xf8, 0x15, 0x04, 0xf7, 0x34, 0x91, 0xf7, 0x0a,
  0x7f, 0xdb, 0x83, 0x08, 0xfb, 0x98, 0x07, 0x3c, 0x83, 0xfb, 0x09, 0x7e,
  0xfb, 0x36, 0x92, 0x08, 0x8b, 0x8b, 0xfb, 0x68, 0x8b, 0xfb, 0x26, 0x99,
  0x08, 0xf7, 0x98, 0x07, 0xf7, 0x18, 0x99, 0xf7, 0x76, 0x8b, 0x8b, 0x8b,
  0x08, 0x0e, 0x75, 0x9f, 0xf8, 0x82, 0xf7, 0x17, 0x01, 0x79, 0xf7, 0x20,
  0xf9, 0x5f, 0xf7, 0x20, 0x03, 0xf8, 0xa4, 0xf8, 0x81, 0x15, 0xf7, 0x3f,
  0x06, 0xfb, 0x2e, 0xf7, 0x16, 0x05, 0xfb, 0x14, 0x06, 0xfb, 0x2d, 0xfb,
  0x17, 0x05, 0xf7, 0x3d, 0x06, 0xba, 0xc2, 0x05, 0xbb, 0x55, 0x05, 0x5b,
  0xfc, 0x97, 0x15, 0x8b, 0x8b, 0xf7, 0xdc, 0x8b, 0xf7, 0x3d, 0xac, 0x08,
  0xf8, 0x32, 0x07, 0xfb, 0x39, 0xab, 0xfb, 0xe0, 0x8c, 0x8b, 0x8b, 0x08,
  0x8b, 0x8b, 0xfb, 0xe7, 0x8a, 0xfb, 0x33, 0x6a, 0x08, 0xfc, 0x31, 0x07,
  0xf7, 0x3b, 0x6a, 0xf7, 0xdf, 0x8b, 0x8b, 0x8b, 0x08, 0xf8, 0x14, 0x04,
  0xf7, 0x34, 0x91, 0xf7, 0x0a, 0x7f, 0xda, 0x83, 0x08, 0xfb, 0x98, 0x07,
  0x3d, 0x83, 0xfb, 0x09, 0x7f, 0xfb, 0x36, 0x91, 0x08, 0x8b, 0x8b, 0xfb,
  0x68, 0x8b, 0xfb, 0x25, 0x99, 0x08, 0xf7, 0x98, 0x07, 0xf7, 0x18, 0x99,
  0xf7, 0x75, 0x8b, 0x8b, 0x8b, 0x08, 0x0e, 0xf8, 0x96, 0xf6, 0x01, 0x79,
  0xf7, 0x23, 0xf7, 0x55, 0xf7, 0x23, 0xc7, 0xf7, 0x23, 0xf7, 0x53, 0xf7,
  0x23, 0x03, 0xf8, 0x9e, 0xf8, 0x96, 0x15, 0xf7, 0x23, 0x06, 0xf6, 0x07,
  0xfb, 0x23, 0x06, 0x20, 0x07, 0xfb, 0x5f, 0x16, 0xf7, 0x23, 0x06, 0xf6,
  0x07, 0xfb, 0x23, 0x06, 0x20, 0x07, 0xf7, 0x3f, 0xfc, 0xae, 0x15, 0x8b,
  0x8b, 0xf7, 0xe3, 0x8b, 0xf7, 0x41, 0xac, 0x08, 0xf8, 0x3a, 0x07, 0xfb,
  0x3d, 0xad, 0xfb, 0xe7, 0x8b, 0x8b, 0x8b, 0x08, 0x8b, 0x8b, 0xfb, 0xee,
  0x8b, 0xfb, 0x36, 0x69, 0x08, 0xfc, 0x3a, 0x07, 0xf7, 0x3e, 0x6a, 0xf7,
  0xe6, 0x8b, 0x8b, 0x8b, 0x08, 0x8c, 0xf8, 0x1b, 0x15, 0xf7, 0x37, 0x92,
  0xf7, 0x0d, 0x7e, 0xdc, 0x83, 0x08, 0xfb, 0x9e, 0x07, 0x3b, 0x83, 0xfb,
  0x0c, 0x7e, 0xfb, 0x39, 0x92, 0x08, 0x8b, 0x8b, 0xfb, 0x6d, 0x8b, 0xfb,
  0x29, 0x99, 0x08, 0xf7, 0x9e, 0x07, 0xf7, 0x1b, 0x99, 0xf7, 0x7b, 0x8b,
  0x8b, 0x8b, 0x08, 0x0e, 0x74, 0x9f, 0x01, 0x79, 0xf7, 0x21, 0xf9, 0x5e,
  0xf7, 0x21, 0x03, 0xf8, 0xc0, 0xf8, 0x94, 0x15, 0x8b, 0x8b, 0xb2, 0x8b,
  0xc4, 0xa2, 0x08, 0xef, 0x07, 0x4b, 0x71, 0x6b, 0x8b, 0x8b, 0x8b, 0x08,
  0x8b, 0x8b, 0x6a, 0x8a, 0x65, 0x95, 0x08, 0x6e, 0x92, 0x5d, 0x8c, 0x8b,
  0x8b, 0x08, 0x8b, 0x8b, 0x5b, 0x8b, 0x59, 0x74, 0x08, 0x26, 0x07, 0xc6,
  0xa7, 0xb2, 0x8b, 0x8b, 0x8b, 0x08, 0x8c, 0x8b, 0xb4, 0x89, 0xa3, 0x85,
  0x08, 0xb6, 0x80, 0xb0, 0x8c, 0x8b, 0x8b, 0x08, 0x40, 0xfc, 0xab, 0x15,
  0x8b, 0x8b, 0xf7, 0xdc, 0x8c, 0xf7, 0x3e, 0xab, 0x08, 0xf8, 0x33, 0x07,
  0xfb, 0x3a, 0xac, 0xfb, 0xe0, 0x8b, 0x8b, 0x8b, 0x08, 0x8b, 0x8b, 0xfb,
  0xe7, 0x8a, 0xfb, 0x34, 0x6a, 0x08, 0xfc, 0x31, 0x07, 0xf7, 0x3b, 0x6a,
  0xf7, 0xe0, 0x8a, 0x8b, 0x8b, 0x08, 0xf8, 0x15, 0x04, 0xf7, 0x34, 0x91,
  0xf7, 0x0a, 0x7f, 0xda, 0x83, 0x08, 0xfb, 0x98, 0x07, 0x3d, 0x83, 0xfb,
  0x09, 0x7e, 0xfb, 0x36, 0x92, 0x08, 0x8b, 0x8b, 0xfb, 0x68, 0x8b, 0xfb,
  0x26, 0x99, 0x08, 0xf7, 0x98, 0x07, 0xf7, 0x18, 0x99, 0xf7, 0x76, 0x8b,
  0x8b, 0x8b, 0x08, 0x0e, 0x76, 0x9f, 0xf8, 0x82, 0xf7, 0x16, 0x01, 0x79,
  0xf7, 0x20, 0xf9, 0x5e, 0xf7, 0x20, 0x03, 0xf8, 0x7e, 0xf8, 0x81, 0x15,
  0xf7, 0x2f, 0xf7, 0x16, 0x05, 0xfb, 0x3d, 0x06, 0xfb, 0x2e, 0xfb, 0x16,
  0x05, 0xf7, 0x3c, 0x06, 0x81, 0xfc, 0x96, 0x15, 0x8b, 0x8b, 0xf7, 0xe6,
  0x8b, 0xf7, 0x33, 0xac, 0x08, 0xf8, 0x4c, 0x07, 0xfb, 0x21, 0x06, 0xfb,
  0xff, 0x07, 0xfb, 0x17, 0x7d, 0xfb, 0x76, 0x8b, 0x8b, 0x8b, 0x08, 0xfb,
  0x33, 0x85, 0xfb, 0x0a, 0x97, 0x3c, 0x93, 0x08, 0xf7, 0xff, 0x07, 0xfb,
  0x21, 0x06, 0x8c, 0xfc, 0x4c, 0x05, 0xf7, 0x39, 0x6a, 0xf7, 0xe0, 0x8b,
  0x8b, 0x8b, 0x08, 0x0e, 0x75, 0x9f, 0xf8, 0x83, 0xf7, 0x16, 0x01, 0x79,
  0xf7, 0x20, 0xf9, 0x5e, 0xf7, 0x20, 0x03, 0xf8, 0x6d, 0xf8, 0x81, 0x15,
  0xf7, 0x3d, 0x06, 0xfb, 0x2f, 0xf7, 0x16, 0x05, 0xfb, 0x3c, 0x06, 0xf7,
  0x2e, 0xfb, 0x16, 0x05, 0x92, 0xfc, 0x97, 0x15, 0x8b, 0x8b, 0xf7, 0xe6,
  0x8c, 0xf7, 0x33, 0xac, 0x08, 0xf8, 0x4b, 0x07, 0xfb, 0x20, 0x06, 0xfb,
  0xff, 0x07, 0xfb, 0x18, 0x7d, 0xfb, 0x76, 0x8b, 0x8b, 0x8b, 0x08, 0xfb,
  0x33, 0x85, 0xfb, 0x0a, 0x97, 0x3c, 0x93, 0x08, 0xf7, 0xff, 0x07, 0xfb,
  0x21, 0x06, 0x8c, 0xfc, 0x4b, 0x05, 0xf7, 0x39, 0x6a, 0xf7, 0xe0, 0x8a,
  0x8b, 0x8b, 0x08, 0x0e, 0x75, 0x9f, 0xf8, 0x83, 0xf7, 0x16, 0x01, 0x79,
  0xf7, 0x20, 0xf9, 0x5e, 0xf7, 0x20, 0x03, 0xf8, 0xa5, 0xf8, 0x81, 0x15,
  0xf7, 0x3e, 0x06, 0xfb, 0x2e, 0xf7, 0x16, 0x05, 0xfb, 0x13, 0x06, 0xfb,
  0x2e, 0xfb, 0x17, 0x05, 0xf7, 0x3e, 0x06, 0xba, 0xc2, 0x05, 0xbb, 0x55,
  0x05, 0x5a, 0xfc, 0x97, 0x15, 0x8b, 0x8b, 0xf7, 0xe6, 0x8b, 0xf7, 0x33,
  0xac, 0x08, 0xf8, 0x4c, 0x07, 0xfb, 0x21, 0x06, 0xfb, 0xff, 0x07, 0xfb,
  0x17, 0x7d, 0xfb, 0x76, 0x8b, 0x8b, 0x8b, 0x08, 0xfb, 0x33, 0x85, 0xfb,
  0x0a, 0x97, 0x3c, 0x93, 0x08, 0xf7, 0xff, 0x07, 0xfb, 0x21, 0x06, 0xfc,
  0x4c, 0x07, 0xf7, 0x3a, 0x6a, 0xf7, 0xe0, 0x8b, 0x8b, 0x8b, 0x08, 0x0e,
  0x74, 0x9f, 0xf8, 0x9b, 0xf6, 0x01, 0x78, 0xf7, 0x23, 0xf7, 0x51, 0xf7,
  0x23, 0xc7, 0xf7, 0x23, 0xf7, 0x56, 0xf7, 0x23, 0x03, 0xf8, 0x99, 0xf8,
  0x98, 0x15, 0xf7, 0x22, 0x06, 0xf6, 0x07, 0xfb, 0x22, 0x06, 0x20, 0x07,
  0xfb, 0x60, 0x16, 0xf7, 0x23, 0x06, 0xf6, 0x07, 0xfb, 0x23, 0x06, 0x20,
  0x07, 0xf7, 0x44, 0xfc, 0xaf, 0x15, 0x8b, 0x8b, 0xf7, 0xed, 0x8b, 0xf7,
  0x36, 0xac, 0x08, 0xf8, 0x55, 0x07, 0xfb, 0x22, 0x06, 0xfc, 0x07, 0x07,
  0xfb, 0x1b, 0x7d, 0xfb, 0x7b, 0x8b, 0x8b, 0x8b, 0x08, 0xfb, 0x37, 0x84,
  0xfb, 0x0d, 0x98, 0x3b, 0x93, 0x08, 0xf8, 0x07, 0x07, 0xfb, 0x23, 0x06,
  0xfc, 0x55, 0x07, 0xf7, 0x3d, 0x6a, 0xf7, 0xe7, 0x8b, 0x8b, 0x8b, 0x08,
  0x0e, 0x8b, 0xca, 0xf7, 0x19, 0xca, 0xf7, 0x1f, 0xca, 0x01, 0xf7, 0xa3,
  0xf7, 0x00, 0xf7, 0x8f, 0xf7, 0x00, 0xf9, 0x50, 0xf7, 0x00, 0x03, 0xf9,
  0x93, 0xa6, 0x15, 0xf8, 0x1a, 0x07, 0x8b, 0xfb, 0x0b, 0xab, 0xfb, 0xa9,
  0x1e, 0xfb, 0xad, 0x2d, 0x6b, 0x8b, 0x1f, 0xfc, 0x1a, 0x07, 0x8b, 0xe8,
  0x6b, 0xf7, 0xac, 0x1e, 0xf7, 0xb3, 0xf7, 0x03, 0xab, 0x8b, 0x1f, 0x57,
  0xb1, 0x15, 0x3b, 0x7b, 0x37, 0x83, 0xfb, 0x46, 0x8b, 0x08, 0xfb, 0x7a,
  0x30, 0x9f, 0x8b, 0x1f, 0xf7, 0xd3, 0x07, 0x8b, 0xd4, 0xa3, 0xf7, 0x8e,
  0x1e, 0xf7, 0x42, 0x8b, 0xe0, 0x7e, 0xdc, 0x83, 0x08, 0x8a, 0x93, 0x8c,
  0xfb, 0x6b, 0x8b, 0xfb, 0x03, 0x08, 0x39, 0xb4, 0x15, 0xcc, 0x07, 0x51,
  0xb3, 0x2b, 0x8b, 0x8b, 0x8b, 0x08, 0xf7, 0x00, 0x8e, 0xb9, 0x93, 0x8b,
  0x8b, 0x08, 0xf4, 0x07, 0x8b, 0x39, 0x9b, 0xfb, 0x44, 0x1e, 0xfb, 0x44,
  0x37, 0x7b, 0x8b, 0x1f, 0xfb, 0x71, 0x07, 0xc4, 0x06, 0xef, 0x07, 0xf8,
  0x0a, 0xaa, 0x5b, 0x8b, 0x1f, 0x57, 0x07, 0xc3, 0x06, 0x53, 0xf7, 0x22,
  0x15, 0x61, 0x87, 0x49, 0x87, 0x2d, 0x8b, 0x08, 0xfb, 0x5f, 0x8a, 0x05,
  0xc9, 0x07, 0x8b, 0xcd, 0x94, 0xf7, 0x1d, 0x1e, 0xe9, 0x8b, 0xcd, 0x87,
  0xb5, 0x86, 0x08, 0x56, 0x07, 0x0e, 0x86, 0xb9, 0xc0, 0xad, 0xf7, 0x4b,
  0xae, 0xb0, 0xcd, 0x01, 0x87, 0xc3, 0xcb, 0xc6, 0xf8, 0xb0, 0xbf, 0x03,
  0xf9, 0x93, 0xa6, 0x15, 0xf8, 0x1a, 0x07, 0x8b, 0xfb, 0x01, 0xab, 0xfb,
  0xa9, 0x1e, 0xfb, 0xad, 0x23, 0x6b, 0x8b, 0x1f, 0xfc, 0x1a, 0x07, 0x8b,
  0xf2, 0x6b, 0xf7, 0xac, 0x1e, 0xf7, 0xb3, 0xf0, 0xab, 0x8b, 0x1f, 0x57,
  0xb1, 0x15, 0x3b, 0x7b, 0x41, 0x83, 0xfb, 0x46, 0x8b, 0x08, 0xfb, 0x7a,
  0x26, 0x9f, 0x8b, 0x1f, 0xf7, 0xd3, 0x07, 0x8b, 0xde, 0xa3, 0xf7, 0x8e,
  0x1e, 0xf7, 0x42, 0x8b, 0xd6, 0x7e, 0xdc, 0x83, 0x08, 0x8a, 0x93, 0x8c,
  0xfb, 0x6b, 0x8b, 0xfb, 0x03, 0x08, 0x3c, 0xb9, 0x15, 0xad, 0x07, 0x8b,
  0x4c, 0x7a, 0xfb, 0x4f, 0x1e, 0xfb, 0x24, 0x48, 0x94, 0x8b, 0x1f, 0xf7,
  0x39, 0x07, 0x8b, 0xd5, 0x94, 0xf7, 0x1f, 0x1e, 0xf7, 0x4a, 0xcd, 0x7a,
  0x8b, 0x1f, 0xae, 0x07, 0x8b, 0x4e, 0x9c, 0xfb, 0x4f, 0x1e, 0xfb, 0x4f,
  0x36, 0x79, 0x8b, 0x1f, 0xfb, 0x6d, 0x07, 0x8b, 0xe3, 0x7a, 0xf7, 0x4c,
  0x1e, 0xf7, 0x4c, 0xcb, 0x9c, 0x8b, 0x1f, 0x0e, 0xf7, 0x95, 0xf8, 0x23,
  0xd0, 0x01, 0xf7, 0x67, 0xe8, 0xf7, 0xa0, 0xe5, 0xf7, 0x19, 0xdd, 0xf7,
  0x1a, 0xe4, 0x03, 0xfa, 0xe0, 0xf7, 0x62, 0x15, 0xf7, 0x84, 0x07, 0x8b,
  0x8b, 0x3c, 0x9b, 0xfb, 0x24, 0x8e, 0x08, 0xaa, 0x07, 0x3a, 0x06, 0x8a,
  0x6b, 0x05, 0xfb, 0x26, 0x89, 0x3f, 0x7b, 0x8b, 0x8b, 0x08, 0xfb, 0x85,
  0x07, 0xe4, 0x8c, 0x05, 0xf7, 0x4e, 0x07, 0xa1, 0x8d, 0xb8, 0x8f, 0xce,
  0x8b, 0x08, 0x50, 0x07, 0x54, 0x82, 0x5b, 0x8b, 0x1e, 0xed, 0x06, 0x83,
  0xcc, 0x8b, 0x96, 0x8b, 0xa8, 0x08, 0xc4, 0x07, 0xc4, 0x8b, 0xb7, 0x88,
  0xac, 0x88, 0x08, 0xfb, 0x4f, 0x07, 0xe4, 0x8c, 0x05, 0xfd, 0xb0, 0xf7,
  0x53, 0x15, 0xf7, 0x0b, 0x8b, 0xd7, 0x7e, 0xa4, 0x86, 0x08, 0xd2, 0x07,
  0x73, 0x8f, 0x2e, 0x99, 0xfb, 0x29, 0x8b, 0x08, 0xfb, 0x2a, 0x8b, 0x2f,
  0x7d, 0x73, 0x87, 0x08, 0x44, 0x07, 0xa4, 0x90, 0xd6, 0x98, 0xf7, 0x0c,
  0x8d, 0x08, 0x8a, 0xfb, 0x56, 0x05, 0xe8, 0x06, 0xf7, 0x54, 0x07, 0x0e,
  0xf7, 0xcb, 0x0e, 0xfd, 0x15, 0x0e, 0x7a, 0x9f, 0xf7, 0x3c, 0xec, 0xf7,
  0x72, 0xf7, 0x17, 0x01, 0x79, 0xf7, 0x22, 0xf9, 0x67, 0xf7, 0x22, 0x03,
  0xf8, 0x73, 0xf8, 0x7e, 0x15, 0xf7, 0x3e, 0x06, 0xfb, 0x31, 0xf7, 0x17,
  0x05, 0xfb, 0x3d, 0x06, 0xf7, 0x30, 0xfb, 0x17, 0x05, 0xf8, 0x05, 0xfc,
  0x8f, 0x15, 0xf7, 0x21, 0x06, 0xf8, 0x51, 0x07, 0xfb, 0x25, 0xac, 0xfb,
  0xfa, 0x8c, 0x8b, 0x8b, 0x08, 0x8b, 0x8b, 0xfb, 0xfa, 0x8a, 0xfb, 0x26,
  0x6a, 0x08, 0x8c, 0xfc, 0x51, 0x05, 0xf7, 0x21, 0x06, 0xf7, 0x50, 0x07,
  0xf9, 0x68, 0x06, 0xfb, 0x50, 0x07, 0xf8, 0x04, 0x04, 0x38, 0x07, 0xfd,
  0x68, 0x06, 0xde, 0x07, 0xf7, 0x1d, 0x99, 0xf7, 0x75, 0x8b, 0x8b, 0x8b,
  0x08, 0x8b, 0x8b, 0xf7, 0x75, 0x8b, 0xf7, 0x1d, 0x7d, 0x08, 0x0e, 0x77,
  0x9f, 0xf7, 0x3f, 0xed, 0x01, 0x79, 0xf7, 0x23, 0xf9, 0x75, 0xf7, 0x23,
  0x03, 0xf8, 0xd1, 0xf8, 0x99, 0x15, 0x8b, 0x8b, 0xb2, 0x8b, 0xc6, 0xa3,
  0x08, 0xf0, 0x07, 0x4a, 0x71, 0x6a, 0x8b, 0x8b, 0x8b, 0x08, 0x8b, 0x8b,
  0x69, 0x8a, 0x63, 0x95, 0x08, 0x6d, 0x92, 0x5d, 0x8d, 0x8b, 0x8b, 0x08,
  0x8b, 0x8b, 0x5a, 0x8a, 0x57, 0x73, 0x08, 0x25, 0x07, 0xc7, 0xa7, 0xb4,
  0x8b, 0x8b, 0x8b, 0x08, 0x8b, 0x8b, 0xb6, 0x8a, 0xa3, 0x84, 0x08, 0xb7,
  0x80, 0xb2, 0x8c, 0x8b, 0x8b, 0x08, 0xf7, 0xb5, 0xfc, 0xad, 0x15, 0xf7,
  0x23, 0x06, 0xf8, 0x58, 0x07, 0xfb, 0x28, 0xad, 0xfb, 0xff, 0x8b, 0x8b,
  0x8b, 0x08, 0x8b, 0x8b, 0xfc, 0x00, 0x8b, 0xfb, 0x28, 0x69, 0x08, 0x8c,
  0xfc, 0x58, 0x05, 0xf7, 0x23, 0x06, 0xf7, 0x53, 0x07, 0xf9, 0x74, 0x06,
  0xfb, 0x53, 0x07, 0xf8, 0x0a, 0x04, 0x36, 0x07, 0xfd, 0x74, 0x06, 0xe0,
  0x07, 0xf7, 0x1f, 0x99, 0xf7, 0x79, 0x8b, 0x8b, 0x8b, 0x08, 0x8b, 0x8b,
  0xf7, 0x79, 0x8b, 0xf7, 0x1f, 0x7d, 0x08, 0x0e, 0xf7, 0x42, 0xf7, 0x76,
  0xf7, 0x07, 0xf7, 0x00, 0x01, 0x79, 0xf7, 0x24, 0xf7, 0x57, 0xf7, 0x24,
  0xc8, 0xf7, 0x24, 0xf7, 0x57, 0xf7, 0x24, 0x03, 0xf8, 0xa3, 0xf8, 0x97,
  0x15, 0xf7, 0x24, 0x06, 0xf7, 0x00, 0x07, 0xfb, 0x24, 0x06, 0xfb, 0x00,
  0x07, 0xfb, 0x62, 0x16, 0xf7, 0x24, 0x06, 0xf7, 0x00, 0x07, 0xfb, 0x24,
  0x06, 0xfb, 0x00, 0x07, 0xf7, 0x85, 0xfb, 0xe9, 0x15, 0xf7, 0xb8, 0x8e,
  0xf7, 0x30, 0xaa, 0x8b, 0x8b, 0x08, 0xf7, 0x94, 0x07, 0xfb, 0x24, 0x06,
  0xfb, 0x45, 0x07, 0xfb, 0x04, 0x80, 0xfb, 0x22, 0x88, 0x59, 0x8b, 0x08,
  0x8e, 0xdc, 0x94, 0xba, 0x8b, 0x8b, 0x08, 0xfb, 0x30, 0x06, 0x95, 0x49,
  0x8d, 0x63, 0x8c, 0x75, 0x08, 0xfb, 0x40, 0x8d, 0x2a, 0x93, 0x67, 0x8f,
  0x08, 0xf7, 0x45, 0x07, 0xfb, 0x24, 0x06, 0xfb, 0x94, 0x07, 0xf7, 0x18,
  0x6f, 0xf7, 0x8d, 0x86, 0xcf, 0x8a, 0x08, 0xfb, 0x53, 0x07, 0xf7, 0x17,
  0x06, 0xf7, 0x53, 0x07, 0x0e, 0x7a, 0x9f, 0xf7, 0x3c, 0xec, 0xf7, 0x71,
  0xf7, 0x18, 0x01, 0x79, 0xf7, 0x22, 0xf9, 0x67, 0xf7, 0x22, 0x03, 0xf8,
  0xac, 0xf8, 0x7e, 0x15, 0xf7, 0x40, 0x06, 0xfb, 0x30, 0xf7, 0x17, 0x05,
  0xfb, 0x15, 0x8c, 0x05, 0xfb, 0x2f, 0xfb, 0x18, 0x05, 0xf7, 0x3f, 0x06,
  0xbb, 0xc2, 0x05, 0xbc, 0x54, 0x05, 0xf7, 0xcc, 0xfc, 0x8f, 0x15, 0xf7,
  0x21, 0x06, 0xf8, 0x51, 0x07, 0xfb, 0x25, 0xac, 0xfb, 0xfa, 0x8c, 0x8b,
  0x8b, 0x08, 0x8b, 0x8b, 0xfb, 0xfa, 0x8a, 0xfb, 0x26, 0x6a, 0x08, 0x8c,
  0xfc, 0x51, 0x05, 0xf7, 0x21, 0x06, 0xf7, 0x50, 0x07, 0xf9, 0x68, 0x06,
  0xfb, 0x50, 0x07, 0xf8, 0x04, 0x04, 0x37, 0x07, 0xfd, 0x68, 0x06, 0xdf,
  0x07, 0xf7, 0x1d, 0x99, 0xf7, 0x75, 0x8b, 0x8b, 0x8b, 0x08, 0x8b, 0x8b,
  0xf7, 0x75, 0x8b, 0xf7, 0x1d, 0x7d, 0x08, 0x0e, 0x7a, 0x9f, 0xf7, 0x3c,
  0xec, 0xf7, 0x74, 0xf7, 0x17, 0x01, 0x7b, 0xf7, 0x22, 0xf9, 0x68, 0xf7,
  0x22, 0x03, 0xf8, 0x84, 0xf8, 0x80, 0x15, 0xf7, 0x31, 0xf7, 0x17, 0x05,
  0xfb, 0x3f, 0x06, 0xfb, 0x30, 0xfb, 0x17, 0x05, 0xf7, 0x3e, 0x06, 0xf7,
  0xf6, 0xfc, 0x91, 0x15, 0xf7, 0x22, 0x06, 0xf8, 0x51, 0x07, 0xfb, 0x26,
  0xad, 0xfb, 0xfa, 0x8b, 0x8b, 0x8b, 0x08, 0x8b, 0x8b, 0xfb, 0xfa, 0x8b,
  0xfb, 0x26, 0x69, 0x08, 0xfc, 0x51, 0x07, 0xf7, 0x22, 0x06, 0x8a, 0xf7,
  0x50, 0x05, 0xf9, 0x69, 0x06, 0xfb, 0x50, 0x07, 0xf8, 0x04, 0x04, 0x37,
  0x07, 0xfd, 0x69, 0x8c, 0x05, 0x8c, 0xde, 0x05, 0xf7, 0x1c, 0x99, 0xf7,
  0x76, 0x8b, 0x8b, 0x8b, 0x08, 0x8b, 0x8b, 0xf7, 0x75, 0x8b, 0xf7, 0x1d,
  0x7d, 0x08, 0x0e, 0xf9, 0x11, 0x0e, 0xf8, 0x2c, 0x0e, 0x73, 0xa3, 0xf7,
  0x7b, 0x8e, 0xf7, 0x1c, 0x90, 0x06, 0x1e, 0x0a, 0x00, 0x51, 0x43, 0xff,
  0x0c, 0x09, 0xc9, 0x0a, 0xf7, 0x00, 0x0b, 0xc9, 0x92, 0x0c, 0x0c, 0xf7,
  0x00, 0x90, 0x0c, 0x0d, 0x8c, 0x0c, 0x0e, 0x1c, 0x05, 0x91, 0x14, 0x1c,
  0x05, 0x91, 0x15, 0x00, 0x00, 0x00, 0x00, 0x03, 0x00, 0x00, 0x00, 0x03,
  0x00, 0x00, 0x01, 0x22, 0x00, 0x01, 0x00, 0x00, 0x00, 0x00, 0x00, 0x1c,
  0x00, 0x03, 0x00, 0x01, 0x00, 0x00, 0x01, 0x22, 0x00, 0x00, 0x01, 0x06,
  0x00, 0x00, 0x00, 0x00, 0x00, 0x00, 0x00, 0x00, 0x00, 0x00, 0x00, 0x00,
  0x00, 0x00, 0x00, 0x00, 0x00, 0x00, 0x00, 0x00, 0x00, 0x00, 0x00, 0x00,
  0x00, 0x00, 0x00, 0x00, 0x00, 0x00, 0x00, 0x00, 0x00, 0x00, 0x01, 0x02,
  0x03, 0x04, 0x05, 0x06, 0x07, 0x08, 0x09, 0x0a, 0x0b, 0x0c, 0x0d, 0x0e,
  0x0f, 0x10, 0x11, 0x12, 0x13, 0x14, 0x15, 0x16, 0x17, 0x18, 0x19, 0x1a,
  0x1b, 0x1c, 0x1d, 0x1e, 0x1f, 0x20, 0x00, 0x21, 0x22, 0x23, 0x24, 0x25,
  0x26, 0x27, 0x28, 0x29, 0x2a, 0x2b, 0x2c, 0x2d, 0x2e, 0x2f, 0x30, 0x31,
  0x32, 0x33, 0x34, 0x35, 0x36, 0x37, 0x38, 0x39, 0x3a, 0x3b, 0x3c, 0x3d,
  0x3e, 0x3f, 0x40, 0x41, 0x42, 0x43, 0x44, 0x45, 0x46, 0x47, 0x48, 0x49,
  0x4a, 0x4b, 0x4c, 0x4d, 0x4e, 0x4f, 0x50, 0x51, 0x52, 0x53, 0x54, 0x55,
  0x56, 0x57, 0x58, 0x59, 0x5a, 0x5b, 0x5c, 0x5d, 0x5e, 0x00, 0x00, 0x00,
  0x00, 0x00, 0x00, 0x00, 0x00, 0x00, 0x00, 0x00, 0x00, 0x00, 0x00, 0x00,
  0x00, 0x00, 0x00, 0x00, 0x00, 0x00, 0x00, 0x00, 0x00, 0x00, 0x00, 0x00,
  0x00, 0x00, 0x00, 0x00, 0x00, 0x00, 0x00, 0x5f, 0x60, 0x61, 0x00, 0x62,
  0x63, 0x00, 0x00, 0x64, 0x65, 0x66, 0x00, 0x00, 0x00, 0x00, 0x00, 0x67,
  0x00, 0x00, 0x00, 0x00, 0x00, 0x68, 0x00, 0x00, 0x69, 0x6a, 0x6b, 0x00,
  0x00, 0x6c, 0x00, 0x6d, 0x6e, 0x00, 0x00, 0x6f, 0x70, 0x71, 0x72, 0x00,
  0x73, 0x00, 0x00, 0x00, 0x00, 0x00, 0x74, 0x00, 0x00, 0x00, 0x00, 0x00,
  0x00, 0x00, 0x00, 0x00, 0x00, 0x00, 0x00, 0x00, 0x00, 0x00, 0x00, 0x75,
  0x00, 0x00, 0x00, 0x00, 0x00, 0x00, 0x00, 0x00, 0x76, 0x00, 0x00, 0x00,
  0x00, 0x00, 0x00, 0x00, 0x00, 0x00, 0x00, 0x00, 0x00, 0x00, 0x00, 0x77,
  0x00, 0x00, 0x00, 0x00, 0x00, 0x00, 0x00, 0x04, 0x02, 0x46, 0x00, 0x00,
  0x00, 0x3c, 0x00, 0x20, 0x00, 0x04, 0x00, 0x1c, 0x00, 0x3f, 0x00, 0x7e,
  0x00, 0xa3, 0x00, 0xa5, 0x00, 0xa9, 0x00, 0xac, 0x00, 0xaf, 0x00, 0xb4,
  0x00, 0xbb, 0x00, 0xc7, 0x00, 0xc9, 0x00, 0xcf, 0x00, 0xd2, 0x00, 0xd6,
  0x00, 0xdc, 0x00, 0xe5, 0x00, 0xef, 0x00, 0xf6, 0x00, 0xfc, 0x01, 0x52,
  0x01, 0x78, 0x01, 0x92, 0x02, 0xda, 0x20, 0x14, 0x20, 0x19, 0x20, 0x1d,
  0x20, 0x22, 0x20, 0x26, 0x21, 0x22, 0xff, 0xff, 0x00, 0x00, 0x00, 0x20,
  0x00, 0x41, 0x00, 0xa0, 0x00, 0xa5, 0x00, 0xa8, 0x00, 0xab, 0x00, 0xae,
  0x00, 0xb4, 0x00, 0xbb, 0x00, 0xbf, 0x00, 0xc9, 0x00, 0xcf, 0x00, 0xd1,
  0x00, 0xd6, 0x00, 0xdc, 0x00, 0xe0, 0x00, 0xe7, 0x00, 0xf1, 0x00, 0xf8,
  0x01, 0x52, 0x01, 0x78, 0x01, 0x92, 0x02, 0xd8, 0x20, 0x13, 0x20, 0x18,
  0x20, 0x1c, 0x20, 0x22, 0x20, 0x26, 0x21, 0x22, 0xff, 0xff, 0x00, 0x00,
  0x00, 0x00, 0x00, 0x00, 0x00, 0x00, 0x00, 0x00, 0x00, 0x00, 0x00, 0x00,
  0x00, 0x00, 0x00, 0x00, 0x00, 0x00, 0x00, 0x00, 0x00, 0x00, 0x00, 0x00,
  0x00, 0x00, 0x00, 0x00, 0x00, 0x00, 0x00, 0x00, 0x00, 0x00, 0x00, 0x00,
  0x00, 0x00, 0x00, 0x00, 0x00, 0x00, 0x00, 0x00, 0x00, 0x00, 0x00, 0x00,
  0x00, 0x00, 0x00, 0x00, 0x00, 0x00, 0x00, 0x00, 0x00, 0x01, 0x00, 0x3c,
  0x00, 0x7a, 0x00, 0xf4, 0x00, 0xfa, 0x00, 0xfa, 0x00, 0xfc, 0x00, 0xfe,
  0x01, 0x00, 0x01, 0x00, 0x01, 0x00, 0x01, 0x10, 0x01, 0x10, 0x01, 0x10,
  0x01, 0x12, 0x01, 0x12, 0x01, 0x12, 0x01, 0x1c, 0x01, 0x2c, 0x01, 0x36,
  0x01, 0x3e, 0x01, 0x3e, 0x01, 0x3e, 0x01, 0x3e, 0x01, 0x42, 0x01, 0x44,
  0x01, 0x46, 0x01, 0x48, 0x01, 0x48, 0x01, 0x48, 0x00, 0x00, 0x00, 0x01,
  0x00, 0x02, 0x00, 0x03, 0x00, 0x04, 0x00, 0x05, 0x00, 0x06, 0x00, 0x07,
  0x00, 0x64, 0x00, 0x09, 0x00, 0x0a, 0x00, 0x0b, 0x00, 0x0c, 0x00, 0x0d,
  0x00, 0x0e, 0x00, 0x0f, 0x00, 0x10, 0x00, 0x11, 0x00, 0x12, 0x00, 0x13,
  0x00, 0x14, 0x00, 0x15, 0x00, 0x16, 0x00, 0x17, 0x00, 0x18, 0x00, 0x19,
  0x00, 0x1a, 0x00, 0x1b, 0x00, 0x1c, 0x00, 0x1d, 0x00, 0x1e, 0x00, 0x1f,
  0x00, 0x20, 0x00, 0x21, 0x00, 0x22, 0x00, 0x23, 0x00, 0x24, 0x00, 0x25,
  0x00, 0x26, 0x00, 0x27, 0x00, 0x28, 0x00, 0x29, 0x00, 0x2a, 0x00, 0x2b,
  0x00, 0x2c, 0x00, 0x2d, 0x00, 0x2e, 0x00, 0x2f, 0x00, 0x30, 0x00, 0x31,
  0x00, 0x32, 0x00, 0x33, 0x00, 0x34, 0x00, 0x35, 0x00, 0x36, 0x00, 0x37,
  0x00, 0x38, 0x00, 0x39, 0x00, 0x3a, 0x00, 0x3b, 0x00, 0x3c, 0x00, 0x3d,
  0x00, 0x3e, 0x00, 0x3f, 0x00, 0x6d, 0x00, 0x41, 0x00, 0x42, 0x00, 0x43,
  0x00, 0x44, 0x00, 0x45, 0x00, 0x46, 0x00, 0x47, 0x00, 0x48, 0x00, 0x49,
  0x00, 0x4a, 0x00, 0x4b, 0x00, 0x4c, 0x00, 0x4d, 0x00, 0x4e, 0x00, 0x4f,
  0x00, 0x50, 0x00, 0x51, 0x00, 0x52, 0x00, 0x53, 0x00, 0x54, 0x00, 0x55,
  0x00, 0x56, 0x00, 0x57, 0x00, 0x58, 0x00, 0x59, 0x00, 0x5a, 0x00, 0x5b,
  0x00, 0x5c, 0x00, 0x5d, 0x00, 0x5e, 0x00, 0x9c, 0x00, 0x5f, 0x00, 0x60,
  0x00, 0x61, 0x00, 0x62, 0x00, 0x72, 0x00, 0x99, 0x00, 0x66, 0x00, 0x9b,
  0x00, 0x98, 0x00, 0x6f, 0x00, 0x6e, 0x00, 0x6a, 0x00, 0x6c, 0x00, 0x9d,
  0x00, 0xa1, 0x00, 0xa0, 0x00, 0x9e, 0x00, 0x78, 0x00, 0x79, 0x00, 0x75,
  0x00, 0x7a, 0x00, 0x7b, 0x00, 0xa2, 0x00, 0x7c, 0x00, 0xa3, 0x00, 0x7d,
  0x00, 0x7e, 0x00, 0x80, 0x00, 0x7f, 0x00, 0x81, 0x00, 0x83, 0x00, 0x82,
  0x00, 0x84, 0x00, 0x85, 0x00, 0x87, 0x00, 0x86, 0x00, 0x88, 0x00, 0x89,
  0x00, 0x8b, 0x00, 0x8a, 0x00, 0x8c, 0x00, 0x8d, 0x00, 0x8e, 0x00, 0x90,
  0x00, 0x8f, 0x00, 0x91, 0x00, 0x93, 0x00, 0x92, 0x00, 0x77, 0x00, 0x95,
  0x00, 0x94, 0x00, 0x96, 0x00, 0x97, 0x00, 0x76, 0x00, 0x9f, 0x00, 0x63,
  0x00, 0x70, 0x00, 0x71, 0x00, 0x73, 0x00, 0x67, 0x00, 0x74, 0x00, 0x40,
  0x00, 0x08, 0x00, 0x65, 0x00, 0x69, 0x00, 0x68, 0x00, 0x6b, 0x00, 0x9a,
  0x00, 0x00, 0x00, 0x00, 0x00, 0x01, 0x00, 0x00, 0x00, 0x01, 0x00, 0x00,
  0xf5, 0xf3, 0x11, 0xfd, 0x5f, 0x0f, 0x3c, 0xf5, 0x00, 0x03, 0x03, 0xe8,
  0x00, 0x00, 0x00, 0x00, 0xc2, 0x5b, 0x22, 0x6d, 0x00, 0x00, 0x00, 0x00,
  0xc2, 0x5b, 0x22, 0x6d, 0xff, 0x7e, 0xff, 0x2c, 0x07, 0x52, 0x02, 0x85,
  0x00, 0x01, 0x00, 0x06, 0x00, 0x02, 0x00, 0x00, 0x00, 0x00, 0x00, 0x00,
  0x00, 0x01, 0x00, 0x00, 0x02, 0x85, 0xff, 0x2c, 0x00, 0x00, 0x0a, 0x7e,
  0xff, 0x7e, 0x00, 0x98, 0x07, 0x52, 0x00, 0x01, 0x00, 0x00, 0x00, 0x00,
  0x00, 0x00, 0x00, 0x00, 0x00, 0x00, 0x00, 0x00, 0x00, 0x00, 0x00, 0xa4,
  0x00, 0x00, 0x00, 0x00, 0x01, 0xa1, 0xff, 0xf8, 0x03, 0x10, 0xff, 0xf8,
  0x02, 0xb6, 0xff, 0xee, 0x02, 0xb6, 0xff, 0xee, 0x04, 0x12, 0xff, 0xf1,
  0x05, 0x91, 0xff, 0xeb, 0x05, 0x91, 0xff, 0xee, 0x06, 0x92, 0xff, 0xeb,
  0x02, 0xb6, 0xff, 0xb9, 0x02, 0x1e, 0xff, 0xef, 0x02, 0x1e, 0xff, 0x9d,
  0x02, 0xb6, 0xff, 0xe4, 0x04, 0x12, 0xff, 0xe8, 0x02, 0xb6, 0xff, 0xc2,
  0x04, 0x12, 0xff, 0xec, 0x02, 0xb6, 0xff, 0xeb, 0x02, 0xee, 0xff, 0xe2,
  0x05, 0x91, 0xff, 0xea, 0x03, 0x87, 0xff, 0xea, 0x05, 0x91, 0xff, 0xef,
  0x05, 0x91, 0xff, 0xea, 0x05, 0x91, 0xff, 0xe8, 0x05, 0x91, 0xff, 0xea,
  0x05, 0x91, 0xff, 0xec, 0x05, 0x91, 0xff, 0xca, 0x05, 0x91, 0xff, 0xea,
  0x05, 0x91, 0xff, 0xeb, 0x01, 0x2b, 0xff, 0xec, 0x01, 0x48, 0xff, 0xb5,
  0x02, 0xb6, 0xff, 0xeb, 0x04, 0x12, 0xff, 0xec, 0x02, 0xb6, 0xff, 0xd8,
  0x05, 0x91, 0xff, 0xeb, 0x05, 0x91, 0xff, 0xf0, 0x05, 0x91, 0xff, 0xec,
  0x05, 0x91, 0xff, 0xef, 0x05, 0x91, 0xff, 0xec, 0x05, 0x91, 0xff, 0xef,
  0x05, 0x91, 0xff, 0xec, 0x05, 0x91, 0xff, 0xeb, 0x05, 0x91, 0xff, 0xeb,
  0x02, 0xb6, 0xff, 0xee, 0x05, 0x91, 0xff, 0xeb, 0x05, 0x91, 0xff, 0xeb,
  0x05, 0x91, 0xff, 0xec, 0x05, 0x91, 0xff, 0xeb, 0x05, 0x91, 0xff, 0xef,
  0x05, 0x91, 0xff, 0xf2, 0x05, 0x91, 0xff, 0xee, 0x05, 0x91, 0xff, 0xeb,
  0x06, 0x9a, 0xff, 0xeb, 0x05, 0x91, 0xff, 0xee, 0x05, 0x91, 0xff, 0xed,
  0x05, 0x91, 0xff, 0xf0, 0x05, 0x91, 0xff, 0xda, 0x05, 0x91, 0xff, 0xee,
  0x05, 0x91, 0xff, 0xdb, 0x05, 0x91, 0xff, 0xeb, 0x05, 0x91, 0xff, 0xe9,
  0x02, 0x1e, 0xff, 0xee, 0x02, 0xee, 0xff, 0xdd, 0x02, 0x1e, 0xff, 0x7e,
  0x02, 0xb6, 0xff, 0xd3, 0x05, 0x91, 0xff, 0xeb, 0x02, 0xb6, 0xff, 0xef,
  0x07, 0xb5, 0xff, 0xee, 0x06, 0x9f, 0xff, 0xeb, 0x05, 0x91, 0xff, 0xef,
  0x05, 0x91, 0xff, 0xec, 0x06, 0x92, 0xff, 0xee, 0x06, 0x7e, 0xff, 0xf0,
  0x06, 0x7a, 0xff, 0xeb, 0x07, 0xf0, 0xff, 0xee, 0x02, 0xb6, 0xff, 0xee,
  0x05, 0x91, 0xff, 0xeb, 0x06, 0xba, 0xff, 0xea, 0x05, 0x91, 0xff, 0xec,
  0x05, 0x91, 0xff, 0xeb, 0x05, 0x91, 0xff, 0xef, 0x05, 0x91, 0xff, 0xf2,
  0x06, 0x9e, 0xff, 0xe8, 0x05, 0x91, 0xff, 0xeb, 0x05, 0x91, 0xff, 0xf5,
  0x05, 0x91, 0xff, 0xee, 0x05, 0x91, 0xff, 0xed, 0x05, 0x91, 0xff, 0xf0,
  0x05, 0x91, 0xff, 0xda, 0x05, 0x91, 0xff, 0xee, 0x05, 0x91, 0xff, 0xdb,
  0x05, 0x91, 0xff, 0xeb, 0x05, 0x91, 0xff, 0xe9, 0x02, 0x1e, 0xff, 0xef,
  0x02, 0xb6, 0xff, 0xee, 0x02, 0x1f, 0xff, 0x7f, 0x02, 0xb6, 0xff, 0xf0,
  0x02, 0xb6, 0xff, 0xef, 0x05, 0x91, 0xff, 0xee, 0x05, 0x91, 0xff, 0xe7,
  0x05, 0x91, 0xff, 0xee, 0x08, 0x00, 0xff, 0xf8, 0x02, 0xb6, 0xff, 0xee,
  0x02, 0xb6, 0xff, 0xef, 0x02, 0xb6, 0xff, 0xf2, 0x04, 0x12, 0xff, 0xec,
  0x02, 0xb6, 0xff, 0xef, 0x02, 0xb6, 0xff, 0xc0, 0x02, 0xb6, 0xff, 0xd9,
  0x05, 0x91, 0xff, 0xeb, 0x05, 0x91, 0xff, 0xeb, 0x02, 0xb6, 0xff, 0xcc,
  0x02, 0xb6, 0xff, 0xcc, 0x02, 0xb6, 0xff, 0xef, 0x02, 0xb6, 0xff, 0xee,
  0x02, 0xb6, 0xff, 0xee, 0x02, 0xb6, 0xff, 0xee, 0x05, 0x91, 0x00, 0x02,
  0x07, 0xb5, 0xff, 0xeb, 0x0a, 0x7e, 0xff, 0xed, 0x0a, 0x7e, 0xff, 0xef,
  0x05, 0x91, 0xff, 0xef, 0x05, 0x91, 0xff, 0xee, 0x05, 0x91, 0xff, 0xee,
  0x05, 0x91, 0xff, 0xf8, 0x06, 0x92, 0xff, 0xee, 0x05, 0x91, 0xff, 0xee,
  0x05, 0x91, 0xff, 0xee, 0x05, 0x91, 0xff, 0xed, 0x07, 0xb5, 0xff, 0xee,
  0x07, 0xb5, 0xff, 0xee, 0x07, 0xb5, 0xff, 0xee, 0x07, 0xb5, 0xff, 0xee,
  0x07, 0xb5, 0xff, 0xee, 0x07, 0xb5, 0xff, 0xee, 0x05, 0x91, 0xff, 0xee,
  0x06, 0x92, 0xff, 0xee, 0x06, 0x92, 0xff, 0xee, 0x06, 0x92, 0xff, 0xee,
  0x06, 0x92, 0xff, 0xee, 0x02, 0xb6, 0xff, 0xd0, 0x02, 0xb6, 0xff, 0xce,
  0x02, 0xbc, 0xff, 0xd0, 0x02, 0xbc, 0xff, 0xef, 0x05, 0x91, 0xff, 0xee,
  0x05, 0x91, 0xff, 0xee, 0x05, 0x91, 0xff, 0xed, 0x05, 0x91, 0xff, 0xee,
  0x05, 0x91, 0xff, 0xee, 0x05, 0x91, 0xff, 0xee, 0x05, 0x91, 0xff, 0xee,
  0x05, 0x91, 0xff, 0xee, 0x05, 0x91, 0xff, 0xee, 0x05, 0x91, 0xff, 0xed,
  0x05, 0x91, 0xff, 0xfc, 0x05, 0x91, 0xff, 0xfc, 0x06, 0x92, 0xff, 0xf8,
  0x06, 0xc8, 0xff, 0xf8, 0x03, 0x10, 0xff, 0xf8, 0x05, 0x91, 0xff, 0xee,
  0x05, 0x91, 0xff, 0xee, 0x05, 0x91, 0xff, 0xee, 0x05, 0x91, 0xff, 0xee,
  0x05, 0x91, 0xff, 0xf0, 0x08, 0x0e, 0xff, 0xf8, 0x07, 0x29, 0xff, 0xf8,
  0x00, 0x00, 0x00, 0x00, 0x00, 0x00, 0x50, 0x00, 0x00, 0xa4, 0x00, 0x00,
  0x00, 0x00, 0x00, 0x15, 0x01, 0x02, 0x00, 0x00, 0x00, 0x00, 0x00, 0x00,
  0x00, 0x00, 0x00, 0x6c, 0x00, 0x73, 0x00, 0x00, 0x00, 0x00, 0x00, 0x00,
  0x00, 0x01, 0x00, 0x08, 0x00, 0xdf, 0x00, 0x00, 0x00, 0x00, 0x00, 0x00,
  0x00, 0x02, 0x00, 0x08, 0x00, 0xe7, 0x00, 0x00, 0x00, 0x00, 0x00, 0x00,
  0x00, 0x03, 0x00, 0x28, 0x00, 0xef, 0x00, 0x00, 0x00, 0x00, 0x00, 0x00,
  0x00, 0x04, 0x00, 0x12, 0x01, 0x17, 0x00, 0x00, 0x00, 0x00, 0x00, 0x00,
  0x00, 0x05, 0x00, 0x0e, 0x01, 0x29, 0x00, 0x00, 0x00, 0x00, 0x00, 0x00,
  0x00, 0x06, 0x00, 0x12, 0x01, 0x37, 0x00, 0x01, 0x00, 0x00, 0x00, 0x00,
  0x00, 0x00, 0x00, 0x36, 0x00, 0x00, 0x00, 0x01, 0x00, 0x00, 0x00, 0x00,
  0x00, 0x01, 0x00, 0x04, 0x00, 0x36, 0x00, 0x01, 0x00, 0x00, 0x00, 0x00,
  0x00, 0x02, 0x00, 0x04, 0x00, 0x3a, 0x00, 0x01, 0x00, 0x00, 0x00, 0x00,
  0x00, 0x03, 0x00, 0x14, 0x00, 0x3e, 0x00, 0x01, 0x00, 0x00, 0x00, 0x00,
  0x00, 0x04, 0x00, 0x09, 0x00, 0x52, 0x00, 0x01, 0x00, 0x00, 0x00, 0x00,
  0x00, 0x05, 0x00, 0x07, 0x00, 0x5b, 0x00, 0x01, 0x00, 0x00, 0x00, 0x00,
  0x00, 0x06, 0x00, 0x09, 0x00, 0x62, 0x00, 0x03, 0x00, 0x01, 0x04, 0x09,
  0x00, 0x00, 0x00, 0x6c, 0x00, 0x73, 0x00, 0x03, 0x00, 0x01, 0x04, 0x09,
  0x00, 0x01, 0x00, 0x08, 0x01, 0x49, 0x00, 0x03, 0x00, 0x01, 0x04, 0x09,
  0x00, 0x02, 0x00, 0x08, 0x01, 0x51, 0x00, 0x03, 0x00, 0x01, 0x04, 0x09,
  0x00, 0x03, 0x00, 0x28, 0x00, 0xef, 0x00, 0x03, 0x00, 0x01, 0x04, 0x09,
  0x00, 0x04, 0x00, 0x12, 0x01, 0x37, 0x00, 0x03, 0x00, 0x01, 0x04, 0x09,
  0x00, 0x05, 0x00, 0x0e, 0x01, 0x29, 0x00, 0x03, 0x00, 0x01, 0x04, 0x09,
  0x00, 0x06, 0x00, 0x12, 0x01, 0x37, 0x43, 0x6f, 0x70, 0x72, 0x2e, 0x20,
  0x31, 0x39, 0x39, 0x34, 0x2c, 0x20, 0x54, 0x32, 0x36, 0x20, 0x43, 0x68,
  0x69, 0x63, 0x61, 0x67, 0x6f, 0x2c, 0x20, 0x49, 0x6c, 0x6c, 0x69, 0x6e,
  0x6f, 0x69, 0x73, 0x2c, 0x20, 0x44, 0x65, 0x73, 0x69, 0x67, 0x6e, 0x3a,
  0x20, 0x47, 0x72, 0x65, 0x67, 0x20, 0x53, 0x61, 0x6d, 0x61, 0x74, 0x61,
  0x4d, 0x61, 0x74, 0x61, 0x42, 0x6f, 0x6c, 0x64, 0x4d, 0x61, 0x74, 0x61,
  0x2d, 0x42, 0x6f, 0x6c, 0x64, 0x3a, 0x31, 0x31, 0x37, 0x37, 0x39, 0x32,
  0x35, 0x36, 0x39, 0x33, 0x4d, 0x61, 0x74, 0x61, 0x2d, 0x42, 0x6f, 0x6c,
  0x64, 0x30, 0x30, 0x31, 0x2e, 0x30, 0x30, 0x30, 0x4d, 0x61, 0x74, 0x61,
  0x2d, 0x42, 0x6f, 0x6c, 0x64, 0x4d, 0x61, 0x74, 0x61, 0x42, 0x6f, 0x6c,
  0x64, 0x00, 0x43, 0x00, 0x6f, 0x00, 0x70, 0x00, 0x72, 0x00, 0x2e, 0x00,
  0x20, 0x00, 0x31, 0x00, 0x39, 0x00, 0x39, 0x00, 0x34, 0x00, 0x2c, 0x00,
  0x20, 0x00, 0x54, 0x00, 0x32, 0x00, 0x36, 0x00, 0x20, 0x00, 0x43, 0x00,
  0x68, 0x00, 0x69, 0x00, 0x63, 0x00, 0x61, 0x00, 0x67, 0x00, 0x6f, 0x00,
  0x2c, 0x00, 0x20, 0x00, 0x49, 0x00, 0x6c, 0x00, 0x6c, 0x00, 0x69, 0x00,
  0x6e, 0x00, 0x6f, 0x00, 0x69, 0x00, 0x73, 0x00, 0x2c, 0x00, 0x20, 0x00,
  0x44, 0x00, 0x65, 0x00, 0x73, 0x00, 0x69, 0x00, 0x67, 0x00, 0x6e, 0x00,
  0x3a, 0x00, 0x20, 0x00, 0x47, 0x00, 0x72, 0x00, 0x65, 0x00, 0x67, 0x00,
  0x20, 0x00, 0x53, 0x00, 0x61, 0x00, 0x6d, 0x00, 0x61, 0x00, 0x74, 0x00,
  0x61, 0x00, 0x4d, 0x00, 0x61, 0x00, 0x74, 0x00, 0x61, 0x00, 0x42, 0x00,
  0x6f, 0x00, 0x6c, 0x00, 0x64, 0x00, 0x4d, 0x00, 0x61, 0x00, 0x74, 0x00,
  0x61, 0x00, 0x2d, 0x00, 0x42, 0x00, 0x6f, 0x00, 0x6c, 0x00, 0x64, 0x00,
  0x3a, 0x00, 0x31, 0x00, 0x31, 0x00, 0x37, 0x00, 0x37, 0x00, 0x39, 0x00,
  0x32, 0x00, 0x35, 0x00, 0x36, 0x00, 0x39, 0x00, 0x33, 0x00, 0x4d, 0x00,
  0x61, 0x00, 0x74, 0x00, 0x61, 0x00, 0x2d, 0x00, 0x42, 0x00, 0x6f, 0x00,
  0x6c, 0x00, 0x64, 0x00, 0x30, 0x00, 0x30, 0x00, 0x31, 0x00, 0x2e, 0x00,
  0x30, 0x00, 0x30, 0x00, 0x30, 0x00, 0x4d, 0x00, 0x61, 0x00, 0x74, 0x00,
  0x61, 0x00, 0x2d, 0x00, 0x42, 0x00, 0x6f, 0x00, 0x6c, 0x00, 0x64, 0x00,
  0x4d, 0x00, 0x61, 0x00, 0x74, 0x00, 0x61, 0x00, 0x42, 0x00, 0x6f, 0x00,
  0x6c, 0x00, 0x64, 0x00, 0x00, 0x02, 0x05, 0x03, 0x02, 0xbc, 0x00, 0x05,
  0x00, 0x00, 0x02, 0x8a, 0x02, 0x8a, 0x00, 0x00, 0x00, 0x96, 0x02, 0x8a,
  0x02, 0x8a, 0x00, 0x00, 0x01, 0xf4, 0x00, 0x32, 0x00, 0xe1, 0x00, 0x00,
  0x00, 0x00, 0x00, 0x00, 0x00, 0x00, 0x00, 0x00, 0x00, 0x00, 0x80, 0x00,
  0x00, 0x2f, 0x00, 0x00, 0x00, 0x08, 0x00, 0x00, 0x00, 0x00, 0x00, 0x00,
  0x00, 0x00, 0x00, 0x00, 0x00, 0x00, 0x00, 0x20, 0x00, 0x20, 0x21, 0x22,
  0x01, 0xd2, 0xff, 0xec, 0x00, 0x79, 0x02, 0x85, 0x00, 0xd4, 0x00, 0x00,
  0x00, 0x01, 0x00, 0x00, 0x00, 0x00, 0x01, 0xd8, 0x01, 0xd5, 0x00, 0x00,
  0x00, 0x20, 0x00, 0x00, 0x00, 0x00, 0x00, 0x00, 0x00, 0x03, 0x00, 0x00,
  0x00, 0x00, 0x00, 0x00, 0xff, 0xa3, 0x00, 0x0e, 0x00, 0x00, 0x00, 0x00,
  0x00, 0x00, 0x00, 0x00, 0x00, 0x00, 0x00, 0x00, 0x00, 0x00, 0x00, 0x00,
  0x00, 0x00, 0x00, 0x00, 0x00, 0x00, 0x00, 0x00, 0x00, 0x00, 0x00, 0x00
};
unsigned int Mata_Bold_otf_len = 19284;
