unsigned char Microgramma_ttf[] = {
  0x00, 0x01, 0x00, 0x00, 0x00, 0x0a, 0x00, 0x80, 0x00, 0x03, 0x00, 0x20,
  0x4f, 0x53, 0x2f, 0x32, 0x72, 0x4b, 0x69, 0xf6, 0x00, 0x00, 0x00, 0xac,
  0x00, 0x00, 0x00, 0x4e, 0x63, 0x6d, 0x61, 0x70, 0x21, 0xf0, 0xbb, 0x4e,
  0x00, 0x00, 0x00, 0xfc, 0x00, 0x00, 0x01, 0xe4, 0x67, 0x6c, 0x79, 0x66,
  0x87, 0x02, 0xdc, 0xf2, 0x00, 0x00, 0x02, 0xe0, 0x00, 0x00, 0x92, 0x8c,
  0x68, 0x65, 0x61, 0x64, 0xf5, 0x47, 0xf8, 0x55, 0x00, 0x00, 0x95, 0x6c,
  0x00, 0x00, 0x00, 0x36, 0x68, 0x68, 0x65, 0x61, 0x15, 0x11, 0x0c, 0xce,
  0x00, 0x00, 0x95, 0xa4, 0x00, 0x00, 0x00, 0x24, 0x68, 0x6d, 0x74, 0x78,
  0x35, 0x4c, 0x4a, 0x52, 0x00, 0x00, 0x95, 0xc8, 0x00, 0x00, 0x04, 0xb8,
  0x6c, 0x6f, 0x63, 0x61, 0x00, 0x67, 0x17, 0x64, 0x00, 0x00, 0x9a, 0x80,
  0x00, 0x00, 0x04, 0xbc, 0x6d, 0x61, 0x78, 0x70, 0x01, 0xb4, 0x02, 0xd8,
  0x00, 0x00, 0x9f, 0x3c, 0x00, 0x00, 0x00, 0x20, 0x6e, 0x61, 0x6d, 0x65,
  0x7b, 0xa4, 0x9b, 0xa8, 0x00, 0x00, 0x9f, 0x5c, 0x00, 0x00, 0x02, 0xb2,
  0x70, 0x6f, 0x73, 0x74, 0x00, 0x03, 0x00, 0x00, 0x00, 0x00, 0xa2, 0x10,
  0x00, 0x00, 0x00, 0x20, 0x00, 0x00, 0x04, 0xa2, 0x01, 0x90, 0x00, 0x05,
  0x00, 0x06, 0x04, 0xad, 0x03, 0x33, 0x00, 0x00, 0x00, 0x00, 0x04, 0xad,
  0x03, 0x33, 0x00, 0x00, 0x02, 0x22, 0x00, 0xf6, 0x01, 0x48, 0x00, 0x00,
  0x02, 0x0e, 0x09, 0x07, 0x03, 0x05, 0x06, 0x06, 0x02, 0x04, 0x00, 0x00,
  0x00, 0x00, 0x00, 0x00, 0x00, 0x00, 0x00, 0x00, 0x00, 0x00, 0x00, 0x00,
  0x00, 0x00, 0x55, 0x52, 0x57, 0x20, 0x00, 0x40, 0x00, 0x20, 0xf0, 0x02,
  0x06, 0x46, 0xfe, 0x46, 0x00, 0x00, 0x08, 0x18, 0x02, 0x46, 0x00, 0x00,
  0x00, 0x00, 0x00, 0x01, 0x00, 0x03, 0x00, 0x01, 0x00, 0x00, 0x00, 0x0c,
  0x00, 0x04, 0x01, 0xd8, 0x00, 0x00, 0x00, 0x72, 0x00, 0x40, 0x00, 0x05,
  0x00, 0x32, 0x00, 0x02, 0x00, 0x7e, 0x00, 0xb6, 0x00, 0xff, 0x01, 0x07,
  0x01, 0x0d, 0x01, 0x11, 0x01, 0x1f, 0x01, 0x2f, 0x01, 0x30, 0x01, 0x31,
  0x01, 0x40, 0x01, 0x42, 0x01, 0x4d, 0x01, 0x52, 0x01, 0x53, 0x01, 0x5f,
  0x01, 0x60, 0x01, 0x61, 0x01, 0x78, 0x01, 0x7e, 0x01, 0x92, 0x02, 0xc6,
  0x02, 0xc7, 0x02, 0xc9, 0x02, 0xd9, 0x02, 0xdb, 0x02, 0xdc, 0x03, 0xc0,
  0x20, 0x14, 0x20, 0x19, 0x20, 0x1a, 0x20, 0x1d, 0x20, 0x1e, 0x20, 0x21,
  0x20, 0x22, 0x20, 0x26, 0x20, 0x30, 0x20, 0x39, 0x20, 0x3a, 0x20, 0xa3,
  0x21, 0x22, 0x21, 0x26, 0x22, 0x02, 0x22, 0x06, 0x22, 0x0f, 0x22, 0x12,
  0x22, 0x15, 0x22, 0x19, 0x22, 0x1a, 0x22, 0x1e, 0x22, 0x2b, 0x22, 0x48,
  0x22, 0x60, 0x22, 0x65, 0x25, 0xca, 0xff, 0xff, 0x00, 0x00, 0x00, 0x01,
  0x00, 0x20, 0x00, 0xa0, 0x00, 0xb8, 0x01, 0x06, 0x01, 0x0c, 0x01, 0x11,
  0x01, 0x1e, 0x01, 0x23, 0x01, 0x30, 0x01, 0x31, 0x01, 0x32, 0x01, 0x41,
  0x01, 0x43, 0x01, 0x52, 0x01, 0x53, 0x01, 0x5e, 0x01, 0x60, 0x01, 0x61,
  0x01, 0x78, 0x01, 0x7d, 0x01, 0x92, 0x02, 0xc6, 0x02, 0xc7, 0x02, 0xc9,
  0x02, 0xd8, 0x02, 0xda, 0x02, 0xdc, 0x03, 0xc0, 0x20, 0x13, 0x20, 0x18,
  0x20, 0x1a, 0x20, 0x1c, 0x20, 0x1e, 0x20, 0x20, 0x20, 0x22, 0x20, 0x26,
  0x20, 0x30, 0x20, 0x39, 0x20, 0x3a, 0x20, 0xa3, 0x21, 0x22, 0x21, 0x26,
  0x22, 0x02, 0x22, 0x06, 0x22, 0x0f, 0x22, 0x11, 0x22, 0x15, 0x22, 0x19,
  0x22, 0x1a, 0x22, 0x1e, 0x22, 0x2b, 0x22, 0x48, 0x22, 0x60, 0x22, 0x64,
  0x25, 0xca, 0xff, 0xff, 0x00, 0xe2, 0xff, 0xe3, 0xff, 0xda, 0xff, 0xda,
  0xff, 0xe1, 0xff, 0xdd, 0xff, 0xda, 0xff, 0xd1, 0xff, 0xe0, 0xff, 0xc1,
  0xff, 0xab, 0xff, 0xe0, 0xff, 0x9f, 0xff, 0xe0, 0xff, 0x1a, 0xff, 0x25,
  0xff, 0x8e, 0xff, 0x0a, 0xff, 0x15, 0xff, 0x01, 0xff, 0x68, 0xfe, 0xd1,
  0xfd, 0xa2, 0xfe, 0x18, 0xfe, 0x29, 0xfe, 0x02, 0xfe, 0x03, 0xfd, 0x98,
  0xfd, 0x33, 0xe0, 0x5f, 0xe0, 0x55, 0xe0, 0x48, 0xe0, 0x53, 0xe0, 0x46,
  0xe0, 0x46, 0xe0, 0x4f, 0xe0, 0x3f, 0xe0, 0x39, 0xe0, 0x32, 0xe0, 0x3d,
  0xe0, 0x4b, 0xdf, 0x53, 0xdf, 0xce, 0xde, 0xf3, 0xde, 0xf0, 0xde, 0xe8,
  0xde, 0xe7, 0xde, 0xcd, 0xde, 0x78, 0xde, 0xe0, 0xde, 0xdd, 0xde, 0xd1,
  0xde, 0xb5, 0xde, 0x9e, 0xde, 0x9b, 0xdb, 0x37, 0x00, 0x02, 0x00, 0x00,
  0x00, 0x00, 0x00, 0x00, 0x00, 0x00, 0x00, 0x00, 0x00, 0x00, 0x00, 0x00,
  0x00, 0x00, 0x00, 0x00, 0x00, 0x00, 0x00, 0x00, 0x00, 0x00, 0x00, 0x00,
  0x00, 0x00, 0x00, 0x00, 0x00, 0x00, 0x00, 0x00, 0x00, 0x00, 0x00, 0x00,
  0x00, 0x00, 0x00, 0x00, 0x00, 0x00, 0x00, 0x00, 0x00, 0x00, 0x00, 0x00,
  0x00, 0x00, 0x00, 0x00, 0x00, 0x00, 0x00, 0x00, 0x00, 0x00, 0x00, 0x00,
  0x00, 0x00, 0x00, 0x00, 0x00, 0x00, 0x00, 0x00, 0x00, 0x00, 0x00, 0x00,
  0x00, 0x00, 0x00, 0x00, 0x00, 0x00, 0x00, 0x00, 0x00, 0x00, 0x00, 0x00,
  0x00, 0x00, 0x00, 0x00, 0x00, 0x00, 0x00, 0x00, 0x00, 0x00, 0x00, 0x00,
  0x00, 0x00, 0x00, 0x00, 0x00, 0x00, 0x00, 0x00, 0x00, 0x00, 0x00, 0x00,
  0x00, 0x00, 0x00, 0x00, 0x00, 0x02, 0x00, 0x75, 0x00, 0x00, 0x06, 0xde,
  0x07, 0x53, 0x00, 0x03, 0x00, 0x07, 0x00, 0x3d, 0x40, 0x1b, 0x07, 0x04,
  0x43, 0x00, 0x06, 0x05, 0x43, 0x01, 0x05, 0x04, 0x42, 0x03, 0x02, 0x07,
  0x06, 0x42, 0x01, 0x00, 0x02, 0x01, 0x03, 0x03, 0x00, 0x1a, 0x01, 0x00,
  0x46, 0x76, 0x2f, 0x37, 0x18, 0x00, 0x3f, 0x3c, 0x3f, 0x3c, 0x01, 0x2f,
  0x3c, 0xfd, 0x3c, 0x2f, 0x3c, 0xfd, 0x3c, 0x00, 0x10, 0xfd, 0x3c, 0x10,
  0xfd, 0x3c, 0x31, 0x30, 0xb2, 0x08, 0x00, 0x05, 0x2b, 0x33, 0x11, 0x21,
  0x11, 0x27, 0x11, 0x21, 0x11, 0x75, 0x06, 0x69, 0x75, 0xfa, 0x81, 0x07,
  0x53, 0xf8, 0xad, 0x75, 0x06, 0x69, 0xf9, 0x97, 0x00, 0x02, 0x00, 0x70,
  0x00, 0x00, 0x02, 0x3a, 0x05, 0x55, 0x00, 0x03, 0x00, 0x07, 0x00, 0x3b,
  0x40, 0x19, 0x03, 0x02, 0x05, 0x04, 0x3a, 0x07, 0x04, 0x00, 0x06, 0x05,
  0x01, 0x03, 0x00, 0x42, 0x02, 0x01, 0x01, 0x00, 0x00, 0x07, 0x06, 0x1a,
  0x01, 0x04, 0x46, 0x76, 0x2f, 0x37, 0x18, 0x00, 0x3f, 0x3c, 0x3f, 0x3c,
  0x01, 0x2f, 0x3c, 0xfd, 0x3c, 0x10, 0xd6, 0x3c, 0x10, 0xd6, 0x3c, 0x00,
  0x3f, 0x3c, 0xd6, 0x3c, 0x31, 0x30, 0xb2, 0x08, 0x04, 0x05, 0x2b, 0x13,
  0x21, 0x11, 0x21, 0x07, 0x21, 0x11, 0x21, 0x89, 0x01, 0x99, 0xfe, 0x67,
  0x19, 0x01, 0xca, 0xfe, 0x36, 0x05, 0x55, 0xfc, 0xf4, 0x9e, 0xfe, 0x55,
  0x00, 0x02, 0x00, 0x4b, 0x02, 0xfa, 0x03, 0xde, 0x05, 0x55, 0x00, 0x03,
  0x00, 0x07, 0x00, 0x2f, 0x40, 0x15, 0x06, 0x42, 0x07, 0x03, 0x42, 0x02,
  0x07, 0x06, 0x03, 0x03, 0x02, 0x00, 0x05, 0x04, 0x01, 0x03, 0x00, 0x2b,
  0x01, 0x02, 0x46, 0x76, 0x2f, 0x37, 0x18, 0x00, 0x3f, 0x17, 0x3c, 0x3f,
  0x17, 0x3c, 0x01, 0x2f, 0xfd, 0x2f, 0xfd, 0x00, 0x31, 0x30, 0xb2, 0x08,
  0x02, 0x05, 0x2b, 0x01, 0x21, 0x03, 0x21, 0x01, 0x21, 0x03, 0x21, 0x01,
  0xaf, 0xfe, 0xc4, 0x28, 0x01, 0x8c, 0x01, 0xdf, 0xfe, 0xc4, 0x28, 0x01,
  0x8c, 0x02, 0xfa, 0x02, 0x5b, 0xfd, 0xa5, 0x02, 0x5b, 0x00, 0x00, 0x02,
  0x00, 0x8e, 0x00, 0x00, 0x06, 0xb3, 0x05, 0x55, 0x00, 0x1b, 0x00, 0x1f,
  0x00, 0x69, 0x40, 0x3b, 0x1f, 0x1d, 0x19, 0x18, 0x15, 0x14, 0x13, 0x10,
  0x0f, 0x0b, 0x0a, 0x07, 0x06, 0x05, 0x02, 0x01, 0x1e, 0x1d, 0x17, 0x16,
  0x0b, 0x05, 0x0a, 0x43, 0x15, 0x14, 0x11, 0x10, 0x0d, 0x05, 0x0c, 0x1f,
  0x1c, 0x19, 0x18, 0x09, 0x05, 0x08, 0x43, 0x1b, 0x1a, 0x07, 0x06, 0x03,
  0x05, 0x02, 0x15, 0x05, 0x04, 0x01, 0x03, 0x00, 0x00, 0x13, 0x12, 0x0f,
  0x03, 0x0e, 0x1a, 0x00, 0x3f, 0x17, 0x3c, 0x3f, 0x17, 0x3c, 0x00, 0x3f,
  0x17, 0x3c, 0xfd, 0x17, 0x3c, 0x2f, 0x17, 0x3c, 0xfd, 0x17, 0x3c, 0x01,
  0x2e, 0x2e, 0x2e, 0x2e, 0x2e, 0x2e, 0x2e, 0x2e, 0x2e, 0x2e, 0x2e, 0x2e,
  0x2e, 0x2e, 0x2e, 0x2e, 0x31, 0x30, 0xb2, 0x20, 0x15, 0x05, 0x2b, 0x01,
  0x21, 0x03, 0x21, 0x13, 0x21, 0x03, 0x21, 0x07, 0x21, 0x03, 0x21, 0x07,
  0x21, 0x03, 0x21, 0x13, 0x21, 0x03, 0x21, 0x13, 0x21, 0x37, 0x21, 0x13,
  0x21, 0x37, 0x21, 0x17, 0x03, 0x21, 0x13, 0x02, 0x30, 0x01, 0x04, 0x2f,
  0x01, 0x9a, 0x2e, 0x01, 0x04, 0x2f, 0x01, 0x11, 0x1e, 0xfe, 0xef, 0x26,
  0x01, 0x12, 0x1f, 0xfe, 0xee, 0x2e, 0xfe, 0xfd, 0x2e, 0xfe, 0x66, 0x2e,
  0xfe, 0xfd, 0x2e, 0xfe, 0xef, 0x1f, 0x01, 0x11, 0x25, 0xfe, 0xef, 0x1f,
  0x01, 0x11, 0xe5, 0x26, 0x01, 0x9a, 0x25, 0x05, 0x55, 0xfe, 0xb5, 0x01,
  0x4b, 0xfe, 0xb5, 0xda, 0xfe, 0xf5, 0xda, 0xfe, 0xb5, 0x01, 0x4b, 0xfe,
  0xb5, 0x01, 0x4b, 0xda, 0x01, 0x0b, 0xda, 0xda, 0xfe, 0xf5, 0x01, 0x0b,
  0x00, 0x03, 0x00, 0x10, 0xff, 0x5e, 0x07, 0x30, 0x05, 0xd9, 0x00, 0x47,
  0x00, 0x51, 0x00, 0x5d, 0x00, 0xa4, 0x40, 0x5b, 0x43, 0x11, 0x0f, 0x15,
  0x09, 0x08, 0x52, 0x43, 0x20, 0x53, 0x43, 0x20, 0x49, 0x48, 0x10, 0x03,
  0x0f, 0x43, 0x47, 0x46, 0x02, 0x00, 0x32, 0x31, 0x43, 0x24, 0x23, 0x1f,
  0x03, 0x20, 0x1b, 0x5c, 0x5d, 0x43, 0x12, 0x33, 0x43, 0x51, 0x34, 0x43,
  0x12, 0x51, 0x4e, 0x42, 0x3a, 0x56, 0x42, 0x1c, 0x2c, 0x42, 0x2a, 0x09,
  0x42, 0x07, 0x08, 0x2b, 0x42, 0x2a, 0x1c, 0x01, 0x2a, 0x29, 0x00, 0x5d,
  0x52, 0x21, 0x20, 0x11, 0x10, 0x02, 0x07, 0x01, 0x42, 0x51, 0x48, 0x47,
  0x33, 0x32, 0x23, 0x22, 0x07, 0x00, 0x01, 0x00, 0x04, 0x22, 0x21, 0x36,
  0x01, 0x29, 0x46, 0x76, 0x2f, 0x37, 0x18, 0x00, 0x3f, 0x3c, 0x3f, 0x3c,
  0x01, 0x2f, 0x17, 0x3c, 0xfd, 0x17, 0x3c, 0x10, 0xdd, 0x3c, 0x10, 0xdd,
  0x31, 0x10, 0xfd, 0x2f, 0x3c, 0xfd, 0x10, 0xfd, 0x10, 0xfd, 0x2f, 0xfd,
  0x00, 0x2f, 0x3c, 0xfd, 0x10, 0xfd, 0x10, 0xfd, 0x3c, 0x3f, 0x17, 0x3c,
  0xfd, 0x3c, 0x3f, 0x3c, 0x3c, 0xfd, 0x17, 0x3c, 0x10, 0xfd, 0x10, 0xfd,
  0x2f, 0x3c, 0xd6, 0x10, 0xd6, 0x00, 0x2e, 0x31, 0x30, 0xb2, 0x5e, 0x29,
  0x05, 0x2b, 0x01, 0x33, 0x15, 0x20, 0x04, 0x17, 0x16, 0x15, 0x07, 0x21,
  0x34, 0x27, 0x2e, 0x02, 0x2b, 0x01, 0x15, 0x17, 0x32, 0x16, 0x17, 0x32,
  0x16, 0x17, 0x16, 0x17, 0x16, 0x15, 0x10, 0x06, 0x21, 0x25, 0x15, 0x23,
  0x35, 0x23, 0x20, 0x27, 0x2e, 0x01, 0x35, 0x37, 0x21, 0x17, 0x14, 0x16,
  0x17, 0x16, 0x3b, 0x01, 0x35, 0x25, 0x22, 0x26, 0x27, 0x2e, 0x01, 0x35,
  0x34, 0x36, 0x37, 0x36, 0x37, 0x36, 0x37, 0x36, 0x33, 0x32, 0x36, 0x33,
  0x17, 0x11, 0x23, 0x22, 0x06, 0x07, 0x06, 0x15, 0x14, 0x16, 0x33, 0x13,
  0x17, 0x32, 0x36, 0x35, 0x34, 0x26, 0x27, 0x2e, 0x01, 0x23, 0x27, 0x03,
  0x26, 0xdf, 0x01, 0x6f, 0x01, 0x37, 0x3a, 0x21, 0x01, 0xfe, 0x96, 0x1a,
  0x18, 0x62, 0x9a, 0x48, 0x20, 0x18, 0xad, 0xca, 0x4c, 0x28, 0x51, 0x29,
  0x68, 0x27, 0x1f, 0xe0, 0xfe, 0xc4, 0xfe, 0xf1, 0xdf, 0x4d, 0xfe, 0x6c,
  0x83, 0x63, 0x4f, 0x02, 0x01, 0x6a, 0x01, 0x1a, 0x2d, 0x40, 0xea, 0x38,
  0xfe, 0xa5, 0x21, 0x43, 0x39, 0x90, 0x7d, 0x24, 0x26, 0x2c, 0x46, 0x29,
  0x2a, 0x38, 0x3a, 0x20, 0xe2, 0x29, 0x59, 0x13, 0x87, 0x96, 0x17, 0x3c,
  0xb8, 0xcb, 0xdf, 0x7c, 0xc8, 0x67, 0x1f, 0x27, 0x1c, 0x97, 0x78, 0x3a,
  0x05, 0xd9, 0x73, 0x42, 0x6c, 0x3c, 0x90, 0x3d, 0x48, 0x16, 0x12, 0x0c,
  0x06, 0xe4, 0x01, 0x08, 0x08, 0x14, 0x11, 0x2a, 0x60, 0x52, 0x87, 0xfe,
  0xf6, 0xbe, 0x02, 0x90, 0x90, 0x33, 0x25, 0x9b, 0x9a, 0x5e, 0x19, 0x50,
  0x34, 0x0c, 0x0e, 0xff, 0x06, 0x08, 0x0a, 0x17, 0xb1, 0xb9, 0x6a, 0x95,
  0x2e, 0x35, 0x1b, 0x10, 0x09, 0x0c, 0x0b, 0x01, 0xfe, 0xca, 0x0a, 0x08,
  0x17, 0x43, 0x5a, 0x1c, 0xfd, 0xd9, 0x02, 0x29, 0x4e, 0x2e, 0x30, 0x0e,
  0x08, 0x0b, 0x02, 0x00, 0x00, 0x05, 0x00, 0x29, 0xff, 0xe0, 0x0a, 0x91,
  0x05, 0x75, 0x00, 0x16, 0x00, 0x2d, 0x00, 0x31, 0x00, 0x48, 0x00, 0x5f,
  0x00, 0x59, 0x40, 0x2c, 0x30, 0x2f, 0x42, 0x31, 0x2e, 0x2e, 0x31, 0x49,
  0x43, 0x32, 0x19, 0x54, 0x43, 0x3d, 0x1b, 0x17, 0x43, 0x00, 0x00, 0x22,
  0x43, 0x0a, 0x3b, 0x43, 0x42, 0x4e, 0x05, 0x42, 0x28, 0x59, 0x42, 0x37,
  0x1d, 0x42, 0x11, 0x2e, 0x02, 0x5d, 0x30, 0x1b, 0x78, 0x01, 0x11, 0x46,
  0x76, 0x2f, 0x37, 0x18, 0x00, 0x76, 0x3f, 0x76, 0x3f, 0x18, 0x01, 0x2f,
  0xfd, 0x2f, 0xfd, 0x2f, 0xfd, 0x2f, 0xfd, 0x00, 0x3f, 0xfd, 0x3f, 0xfd,
  0x3f, 0xfd, 0x3f, 0xfd, 0x87, 0x2e, 0x0e, 0xc4, 0x0e, 0xfc, 0x0e, 0xc4,
  0x31, 0x30, 0xb2, 0x60, 0x11, 0x05, 0x2b, 0x01, 0x20, 0x17, 0x1e, 0x01,
  0x15, 0x14, 0x06, 0x07, 0x06, 0x21, 0x20, 0x27, 0x26, 0x27, 0x2e, 0x01,
  0x35, 0x34, 0x36, 0x37, 0x3e, 0x01, 0x17, 0x22, 0x07, 0x06, 0x07, 0x06,
  0x15, 0x14, 0x16, 0x17, 0x16, 0x33, 0x32, 0x37, 0x36, 0x37, 0x36, 0x35,
  0x34, 0x27, 0x2e, 0x02, 0x25, 0x17, 0x01, 0x27, 0x01, 0x20, 0x17, 0x1e,
  0x01, 0x15, 0x14, 0x06, 0x07, 0x0e, 0x01, 0x23, 0x20, 0x27, 0x26, 0x27,
  0x26, 0x35, 0x34, 0x36, 0x37, 0x3e, 0x01, 0x17, 0x22, 0x07, 0x0e, 0x01,
  0x15, 0x14, 0x16, 0x17, 0x1e, 0x01, 0x33, 0x32, 0x37, 0x3e, 0x01, 0x35,
  0x34, 0x26, 0x27, 0x26, 0x27, 0x26, 0x02, 0x47, 0x01, 0x53, 0x72, 0x36,
  0x20, 0x25, 0x46, 0x74, 0xfe, 0xc3, 0xfe, 0xc3, 0x74, 0x43, 0x15, 0x0a,
  0x0a, 0x30, 0x57, 0x3c, 0xc8, 0x8e, 0xba, 0x38, 0x1d, 0x0e, 0x0c, 0x1b,
  0x28, 0x36, 0xaf, 0xb5, 0x46, 0x20, 0x0c, 0x09, 0x10, 0x07, 0x25, 0x97,
  0x05, 0x3a, 0x8c, 0xfa, 0x81, 0x90, 0x06, 0x0b, 0x01, 0x4e, 0x82, 0x3d,
  0x24, 0x27, 0x51, 0x42, 0xda, 0x9f, 0xfe, 0xd5, 0x76, 0x41, 0x15, 0x13,
  0x2f, 0x53, 0x3c, 0xc5, 0x8a, 0xae, 0x36, 0x1e, 0x19, 0x1a, 0x29, 0x1d,
  0x66, 0x53, 0xc2, 0x48, 0x1e, 0x19, 0x06, 0x08, 0x0d, 0x27, 0x4a, 0x05,
  0x6a, 0x36, 0x19, 0x89, 0xbf, 0xd2, 0x7e, 0x1b, 0x2d, 0x2c, 0x19, 0x46,
  0x23, 0x89, 0x70, 0xc8, 0x82, 0x1b, 0x11, 0x12, 0xd4, 0x16, 0x0c, 0x27,
  0x26, 0x51, 0x60, 0x49, 0x0d, 0x12, 0x14, 0x09, 0x33, 0x2c, 0x48, 0x5f,
  0x2f, 0x16, 0x0f, 0x11, 0xdf, 0xa0, 0xfb, 0x0b, 0xa1, 0x02, 0xa0, 0x35,
  0x18, 0x81, 0xcd, 0xdb, 0x78, 0x1c, 0x16, 0x16, 0x2f, 0x1b, 0x44, 0x49,
  0xd4, 0xcb, 0x7e, 0x1c, 0x12, 0x14, 0xd7, 0x14, 0x0a, 0x4e, 0x54, 0x64,
  0x47, 0x0e, 0x08, 0x08, 0x15, 0x08, 0x54, 0x54, 0x31, 0x3e, 0x14, 0x25,
  0x0a, 0x12, 0x00, 0x02, 0x00, 0x37, 0xff, 0xf2, 0x07, 0xe6, 0x05, 0x63,
  0x00, 0x3e, 0x00, 0x50, 0x00, 0x8e, 0x40, 0x46, 0x50, 0x17, 0x04, 0x3f,
  0x29, 0x24, 0x06, 0x05, 0x46, 0x0c, 0x07, 0x01, 0x3e, 0x4e, 0x30, 0x31,
  0x3f, 0x38, 0x1c, 0x3c, 0x30, 0x01, 0x00, 0x31, 0x30, 0x0b, 0x4e, 0x43,
  0x51, 0x07, 0x43, 0x51, 0x4a, 0x49, 0x48, 0x47, 0x04, 0x46, 0x43, 0x0c,
  0x34, 0x43, 0x27, 0x42, 0x42, 0x14, 0x38, 0x42, 0x1c, 0x31, 0x42, 0x2f,
  0x30, 0x3d, 0x00, 0x3c, 0x42, 0x01, 0x00, 0x3e, 0x42, 0x02, 0x01, 0x27,
  0x00, 0x0c, 0x1b, 0x01, 0x14, 0x46, 0x76, 0x2f, 0x37, 0x18, 0x00, 0x3f,
  0x3f, 0x01, 0x2f, 0x3c, 0xfd, 0x3c, 0x10, 0xfd, 0x3c, 0x3c, 0x2f, 0x3c,
  0xfd, 0x2f, 0xfd, 0x2f, 0xfd, 0x00, 0x10, 0xfd, 0x10, 0xfd, 0x17, 0x3c,
  0x10, 0xfd, 0x10, 0xfd, 0x3f, 0x3c, 0xd6, 0x3c, 0x10, 0xd6, 0x01, 0x11,
  0x12, 0x39, 0x11, 0x12, 0x39, 0x11, 0x12, 0x39, 0x00, 0x11, 0x12, 0x39,
  0x00, 0x2e, 0x2e, 0x2e, 0x2e, 0x01, 0x2e, 0x2e, 0x2e, 0x31, 0x30, 0xb2,
  0x51, 0x14, 0x05, 0x2b, 0x01, 0x21, 0x15, 0x14, 0x07, 0x05, 0x03, 0x25,
  0x06, 0x07, 0x06, 0x04, 0x23, 0x20, 0x27, 0x2e, 0x01, 0x27, 0x2e, 0x01,
  0x35, 0x34, 0x36, 0x37, 0x26, 0x27, 0x2e, 0x01, 0x35, 0x34, 0x37, 0x36,
  0x37, 0x36, 0x37, 0x36, 0x33, 0x3e, 0x01, 0x33, 0x20, 0x17, 0x32, 0x16,
  0x17, 0x1e, 0x01, 0x15, 0x07, 0x21, 0x34, 0x26, 0x23, 0x20, 0x07, 0x06,
  0x15, 0x14, 0x16, 0x17, 0x01, 0x35, 0x37, 0x05, 0x0e, 0x01, 0x15, 0x14,
  0x1e, 0x01, 0x33, 0x37, 0x3b, 0x02, 0x32, 0x33, 0x36, 0x33, 0x32, 0x37,
  0x05, 0x5b, 0x01, 0x5e, 0x12, 0x01, 0x3f, 0x83, 0xfe, 0xe2, 0x40, 0x97,
  0x4b, 0xfe, 0xf8, 0xbd, 0xfe, 0xbd, 0x8c, 0x44, 0x6a, 0x24, 0x48, 0x3e,
  0x70, 0xab, 0x4d, 0x1d, 0x0e, 0x0e, 0x3b, 0x27, 0x3c, 0x24, 0x23, 0x2f,
  0x31, 0x5d, 0x93, 0x56, 0x01, 0x53, 0x6b, 0x32, 0x58, 0x23, 0x41, 0x35,
  0x01, 0xfe, 0x93, 0x33, 0xef, 0xfe, 0xec, 0x1c, 0x2a, 0x1b, 0x3a, 0x02,
  0xb6, 0x03, 0xfc, 0xe9, 0x5d, 0x2e, 0x25, 0x7b, 0xd8, 0xf6, 0x5d, 0x0f,
  0x0b, 0x0f, 0x10, 0x0e, 0x02, 0x0f, 0x1a, 0x02, 0xec, 0x51, 0xbc, 0x3f,
  0x9e, 0xfe, 0xf7, 0x92, 0x59, 0x21, 0x0f, 0x10, 0x0f, 0x07, 0x1e, 0x16,
  0x2c, 0xa3, 0x9b, 0xbe, 0x89, 0x18, 0x1e, 0x3c, 0x1e, 0x5b, 0x43, 0x9f,
  0x42, 0x2d, 0x15, 0x0d, 0x07, 0x0a, 0x03, 0x04, 0x0a, 0x18, 0x13, 0x23,
  0x8d, 0x8b, 0x4f, 0x66, 0x2e, 0x0b, 0x0f, 0x35, 0x20, 0x1e, 0x1c, 0xfe,
  0xae, 0x12, 0x5f, 0x44, 0x0a, 0x39, 0x6a, 0x4f, 0x3b, 0x14, 0x02, 0x02,
  0x0c, 0x00, 0x00, 0x01, 0x00, 0x4b, 0x02, 0xfa, 0x01, 0xd7, 0x05, 0x55,
  0x00, 0x03, 0x00, 0x1b, 0x40, 0x09, 0x02, 0x42, 0x03, 0x03, 0x02, 0x00,
  0x01, 0x00, 0x2b, 0x00, 0x3f, 0x3c, 0x3f, 0x3c, 0x01, 0x2f, 0xfd, 0x00,
  0x31, 0x30, 0xb2, 0x04, 0x02, 0x05, 0x2b, 0x01, 0x21, 0x03, 0x21, 0x01,
  0xaf, 0xfe, 0xc4, 0x28, 0x01, 0x8c, 0x02, 0xfa, 0x02, 0x5b, 0x00, 0x01,
  0x00, 0x44, 0xff, 0x80, 0x02, 0xdf, 0x05, 0x83, 0x00, 0x29, 0x00, 0x3d,
  0x40, 0x1b, 0x17, 0x16, 0x01, 0x00, 0x16, 0x43, 0x17, 0x02, 0x01, 0x43,
  0x29, 0x02, 0x0e, 0x0a, 0x42, 0x1f, 0x0b, 0x42, 0x1f, 0x00, 0x02, 0x18,
  0x17, 0x1d, 0x01, 0x1f, 0x46, 0x76, 0x2f, 0x37, 0x18, 0x00, 0x3f, 0x3c,
  0x3f, 0x01, 0x2f, 0xfd, 0x10, 0xfd, 0x3c, 0x00, 0x3f, 0xfd, 0x3c, 0x10,
  0xfd, 0x01, 0x2e, 0x2e, 0x2e, 0x2e, 0x31, 0x30, 0xb2, 0x2a, 0x1f, 0x05,
  0x2b, 0x01, 0x11, 0x23, 0x22, 0x06, 0x07, 0x06, 0x07, 0x0e, 0x01, 0x15,
  0x03, 0x14, 0x16, 0x17, 0x14, 0x16, 0x17, 0x16, 0x17, 0x1e, 0x01, 0x33,
  0x11, 0x23, 0x20, 0x27, 0x26, 0x27, 0x2e, 0x01, 0x35, 0x10, 0x37, 0x3e,
  0x01, 0x37, 0x36, 0x37, 0x3e, 0x01, 0x33, 0x02, 0xdf, 0x3c, 0x3a, 0x4b,
  0x18, 0x2d, 0x0f, 0x05, 0x08, 0x05, 0x05, 0x02, 0x0f, 0x0e, 0x15, 0x1e,
  0x18, 0x97, 0x21, 0x49, 0xfe, 0xf3, 0x5c, 0xaf, 0x27, 0x09, 0x0a, 0x0b,
  0x05, 0x14, 0x10, 0x2a, 0x55, 0x2d, 0x7d, 0x51, 0x05, 0x83, 0xfe, 0xff,
  0x06, 0x08, 0x0f, 0x2c, 0x0f, 0x2b, 0x1b, 0xfe, 0x92, 0x8b, 0xac, 0x3c,
  0x1b, 0x2a, 0x11, 0x19, 0x06, 0x02, 0x06, 0xfe, 0xfa, 0x1e, 0x3c, 0xde,
  0x36, 0xf1, 0xbc, 0x01, 0x00, 0x6d, 0x3c, 0x5a, 0x24, 0x63, 0x2a, 0x16,
  0x1b, 0x00, 0x00, 0x01, 0x00, 0x44, 0xff, 0x80, 0x02, 0xdf, 0x05, 0x83,
  0x00, 0x24, 0x00, 0x33, 0x40, 0x16, 0x24, 0x1d, 0x14, 0x13, 0x0a, 0x00,
  0x15, 0x14, 0x43, 0x12, 0x1d, 0x24, 0x43, 0x00, 0x1a, 0x42, 0x07, 0x01,
  0x00, 0x02, 0x13, 0x1d, 0x00, 0x3f, 0x3f, 0x3c, 0x01, 0x2f, 0xfd, 0x00,
  0x10, 0xfd, 0x3f, 0xfd, 0x3c, 0x01, 0x2e, 0x2e, 0x2e, 0x2e, 0x2e, 0x2e,
  0x31, 0x30, 0xb2, 0x25, 0x00, 0x05, 0x2b, 0x13, 0x33, 0x20, 0x17, 0x16,
  0x17, 0x16, 0x11, 0x14, 0x06, 0x07, 0x14, 0x06, 0x07, 0x06, 0x07, 0x0e,
  0x01, 0x23, 0x07, 0x11, 0x33, 0x32, 0x37, 0x3e, 0x01, 0x11, 0x34, 0x26,
  0x27, 0x34, 0x26, 0x27, 0x2e, 0x02, 0x23, 0x44, 0x53, 0x01, 0x05, 0x58,
  0xad, 0x2a, 0x14, 0x07, 0x03, 0x15, 0x12, 0x2a, 0x58, 0x2c, 0x82, 0x53,
  0xe7, 0x3e, 0x78, 0x2c, 0x2a, 0x1b, 0x05, 0x02, 0x11, 0x0d, 0x18, 0x39,
  0x61, 0x50, 0x05, 0x83, 0x1d, 0x39, 0xd5, 0x6d, 0xfe, 0xb0, 0x5a, 0xc9,
  0x6b, 0x38, 0x5f, 0x2b, 0x69, 0x2d, 0x17, 0x1b, 0x03, 0x01, 0x06, 0x0f,
  0x10, 0x71, 0x01, 0x60, 0x78, 0xb3, 0x45, 0x2a, 0x3b, 0x0f, 0x1b, 0x09,
  0x04, 0x00, 0x00, 0x01, 0x00, 0xa5, 0x02, 0xbe, 0x03, 0x5a, 0x05, 0x55,
  0x00, 0x0e, 0x00, 0x56, 0x40, 0x23, 0x0a, 0x09, 0x02, 0x06, 0x05, 0x42,
  0x07, 0x08, 0x08, 0x07, 0x0b, 0x0c, 0x42, 0x0e, 0x0d, 0x0d, 0x0e, 0x0c,
  0x00, 0x04, 0x01, 0x02, 0x01, 0x42, 0x0e, 0x00, 0x01, 0x00, 0x00, 0x07,
  0x35, 0x78, 0x01, 0x0c, 0x46, 0x76, 0x2f, 0x37, 0x18, 0x00, 0x76, 0x3f,
  0x18, 0x3f, 0x3c, 0x01, 0x2f, 0x3c, 0xfd, 0x3c, 0x10, 0xdd, 0x10, 0xdd,
  0x31, 0x00, 0x87, 0x2e, 0x0e, 0xc4, 0x0e, 0xfc, 0x0e, 0xc4, 0x87, 0x2e,
  0x0e, 0xc4, 0x0e, 0xfc, 0x0e, 0xc4, 0x00, 0x2e, 0x2e, 0x01, 0x2e, 0x31,
  0x30, 0xb2, 0x0f, 0x0c, 0x05, 0x2b, 0x01, 0x33, 0x15, 0x37, 0x17, 0x07,
  0x17, 0x07, 0x27, 0x07, 0x27, 0x37, 0x27, 0x37, 0x17, 0x01, 0xa4, 0xbe,
  0xc4, 0x34, 0xbd, 0x73, 0x99, 0x78, 0x7b, 0x97, 0x7a, 0xc2, 0x3c, 0xc3,
  0x05, 0x55, 0xcb, 0x37, 0xb6, 0x36, 0xaa, 0x6d, 0xab, 0xa1, 0x72, 0xa3,
  0x40, 0xb3, 0x41, 0x00, 0x00, 0x01, 0x01, 0x03, 0x00, 0x5d, 0x06, 0x3d,
  0x05, 0x14, 0x00, 0x0b, 0x00, 0x4d, 0x40, 0x26, 0x07, 0x06, 0x03, 0x03,
  0x02, 0x43, 0x09, 0x08, 0x01, 0x03, 0x00, 0x3b, 0x08, 0x07, 0x05, 0x02,
  0x01, 0x00, 0x0a, 0x09, 0x06, 0x03, 0x05, 0x42, 0x0b, 0x04, 0x03, 0x03,
  0x00, 0x05, 0x04, 0x0c, 0x0b, 0x0a, 0x33, 0x01, 0x01, 0x46, 0x76, 0x2f,
  0x37, 0x18, 0x00, 0x3f, 0x3c, 0x3f, 0x3c, 0x01, 0x2f, 0x17, 0x3c, 0xfd,
  0x17, 0x3c, 0x10, 0xdd, 0x3c, 0x10, 0xdd, 0x3c, 0x31, 0x00, 0x3f, 0x17,
  0x3c, 0xfd, 0x17, 0x3c, 0x31, 0x30, 0xb2, 0x0c, 0x01, 0x05, 0x2b, 0x01,
  0x21, 0x35, 0x21, 0x11, 0x33, 0x11, 0x21, 0x15, 0x21, 0x11, 0x23, 0x03,
  0x25, 0xfd, 0xde, 0x02, 0x22, 0xf6, 0x02, 0x22, 0xfd, 0xde, 0xf6, 0x02,
  0x3d, 0xf6, 0x01, 0xe1, 0xfe, 0x1f, 0xf6, 0xfe, 0x20, 0x00, 0x00, 0x01,
  0x00, 0x59, 0xfe, 0x92, 0x02, 0x47, 0x01, 0x95, 0x00, 0x13, 0x00, 0x36,
  0x40, 0x17, 0x13, 0x12, 0x11, 0x0c, 0x0b, 0x02, 0x01, 0x00, 0x13, 0x12,
  0x43, 0x00, 0x0e, 0x0d, 0x0c, 0x43, 0x0b, 0x01, 0x00, 0x0a, 0x0b, 0x08,
  0x1f, 0x00, 0x3f, 0x3c, 0x3f, 0x3c, 0x00, 0x10, 0xfd, 0x3c, 0x3c, 0x10,
  0xfd, 0x3c, 0x01, 0x2e, 0x2e, 0x2e, 0x2e, 0x2e, 0x2e, 0x2e, 0x2e, 0x31,
  0x30, 0xb2, 0x14, 0x0b, 0x05, 0x2b, 0x13, 0x21, 0x11, 0x14, 0x06, 0x07,
  0x0e, 0x01, 0x23, 0x22, 0x26, 0x23, 0x35, 0x3b, 0x01, 0x32, 0x36, 0x3d,
  0x01, 0x23, 0x92, 0x01, 0xb5, 0x17, 0x1e, 0x27, 0x88, 0xa1, 0x0e, 0x46,
  0x15, 0x1e, 0x25, 0x36, 0x32, 0x72, 0x01, 0x95, 0xfe, 0x72, 0x7d, 0x80,
  0x26, 0x32, 0x20, 0x02, 0xd6, 0x35, 0x3b, 0x26, 0x00, 0x01, 0x00, 0x00,
  0x01, 0x61, 0x03, 0x60, 0x02, 0x76, 0x00, 0x03, 0x00, 0x1c, 0x40, 0x09,
  0x03, 0x02, 0x01, 0x01, 0x00, 0x10, 0x03, 0x02, 0x1e, 0x00, 0x3f, 0x3c,
  0x3f, 0x3c, 0x00, 0x01, 0x2e, 0x2e, 0x2e, 0x31, 0x30, 0xb2, 0x04, 0x03,
  0x05, 0x2b, 0x13, 0x21, 0x11, 0x21, 0x03, 0x03, 0x5d, 0xfc, 0xa0, 0x02,
  0x76, 0xfe, 0xeb, 0x00, 0x00, 0x01, 0x00, 0x74, 0x00, 0x00, 0x02, 0x29,
  0x01, 0x6b, 0x00, 0x03, 0x00, 0x1e, 0x40, 0x0a, 0x03, 0x02, 0x01, 0x00,
  0x01, 0x00, 0x11, 0x03, 0x02, 0x1a, 0x00, 0x3f, 0x3c, 0x3f, 0x3c, 0x00,
  0x01, 0x2e, 0x2e, 0x2e, 0x2e, 0x31, 0x30, 0xb2, 0x04, 0x00, 0x05, 0x2b,
  0x13, 0x21, 0x11, 0x21, 0x74, 0x01, 0xb5, 0xfe, 0x4b, 0x01, 0x6b, 0xfe,
  0x95, 0x00, 0x00, 0x01, 0xff, 0xbc, 0xfe, 0xd8, 0x05, 0x2a, 0x06, 0x7d,
  0x00, 0x03, 0x00, 0x24, 0x40, 0x0d, 0x02, 0x03, 0x42, 0x01, 0x00, 0x00,
  0x01, 0x03, 0x00, 0x12, 0x02, 0x01, 0x27, 0x00, 0x3f, 0x3c, 0x3f, 0x3c,
  0x00, 0x87, 0x2e, 0x0e, 0xc4, 0x0e, 0xfc, 0x0e, 0xc4, 0x31, 0x30, 0xb2,
  0x04, 0x02, 0x05, 0x2b, 0x09, 0x01, 0x21, 0x01, 0x05, 0x2a, 0xfb, 0x96,
  0xfe, 0xfc, 0x04, 0x69, 0x06, 0x7d, 0xf8, 0x5b, 0x07, 0xa5, 0x00, 0x02,
  0x00, 0x48, 0xff, 0xf0, 0x06, 0xfa, 0x05, 0x65, 0x00, 0x2c, 0x00, 0x45,
  0x00, 0x37, 0x40, 0x18, 0x40, 0x32, 0x1f, 0x1c, 0x09, 0x06, 0x29, 0x12,
  0x39, 0x43, 0x15, 0x45, 0x43, 0x00, 0x2d, 0x43, 0x00, 0x3a, 0x43, 0x15,
  0x00, 0x00, 0x15, 0x1b, 0x00, 0x3f, 0x3f, 0x00, 0x10, 0xfd, 0x10, 0xfd,
  0x10, 0xfd, 0x10, 0xfd, 0x00, 0x2e, 0x2e, 0x01, 0x2e, 0x2e, 0x2e, 0x2e,
  0x2e, 0x2e, 0x31, 0x30, 0xb2, 0x46, 0x1c, 0x05, 0x2b, 0x01, 0x20, 0x04,
  0x17, 0x1e, 0x01, 0x11, 0x14, 0x06, 0x07, 0x14, 0x07, 0x06, 0x07, 0x06,
  0x07, 0x0e, 0x01, 0x23, 0x22, 0x06, 0x23, 0x20, 0x27, 0x26, 0x27, 0x2e,
  0x01, 0x11, 0x34, 0x36, 0x37, 0x34, 0x36, 0x37, 0x36, 0x37, 0x36, 0x37,
  0x3e, 0x01, 0x33, 0x32, 0x37, 0x36, 0x13, 0x20, 0x07, 0x0e, 0x01, 0x15,
  0x14, 0x16, 0x17, 0x16, 0x17, 0x16, 0x1f, 0x01, 0x32, 0x36, 0x37, 0x3e,
  0x01, 0x35, 0x34, 0x26, 0x27, 0x26, 0x27, 0x03, 0xa1, 0x01, 0x85, 0x01,
  0x59, 0x47, 0x23, 0x11, 0x02, 0x01, 0x0d, 0x1b, 0x81, 0x34, 0x4a, 0x30,
  0x61, 0x3c, 0x36, 0xf1, 0x3a, 0xfe, 0x7a, 0xa2, 0xb7, 0x47, 0x23, 0x11,
  0x01, 0x01, 0x07, 0x07, 0x1b, 0x81, 0x35, 0x48, 0x30, 0x62, 0x3c, 0x35,
  0x45, 0xac, 0x23, 0xfe, 0xe4, 0x3e, 0x27, 0x1f, 0x08, 0x09, 0x12, 0x33,
  0x24, 0x2e, 0xf6, 0x79, 0x8d, 0x20, 0x6f, 0x3f, 0x22, 0x34, 0x25, 0x32,
  0x05, 0x65, 0x31, 0x85, 0x40, 0xa9, 0xfe, 0xe5, 0x70, 0x7d, 0x34, 0x37,
  0x43, 0x98, 0x45, 0x1b, 0x0f, 0x08, 0x0a, 0x07, 0x18, 0x1b, 0x83, 0x40,
  0xaa, 0x01, 0x2d, 0x43, 0x87, 0x44, 0x1d, 0x3b, 0x22, 0x98, 0x45, 0x1d,
  0x0d, 0x08, 0x0a, 0x02, 0x05, 0xfe, 0x9d, 0x25, 0x18, 0x82, 0x92, 0x53,
  0x76, 0x21, 0x3f, 0x18, 0x0f, 0x06, 0x08, 0x05, 0x04, 0x0c, 0x79, 0xca,
  0xa1, 0x81, 0x18, 0x11, 0x04, 0x00, 0x00, 0x01, 0x00, 0xd5, 0x00, 0x00,
  0x05, 0x5a, 0x05, 0x55, 0x00, 0x07, 0x00, 0x2a, 0x40, 0x10, 0x07, 0x04,
  0x03, 0x02, 0x01, 0x06, 0x05, 0x04, 0x43, 0x00, 0x01, 0x00, 0x00, 0x03,
  0x02, 0x1a, 0x00, 0x3f, 0x3c, 0x3f, 0x3c, 0x00, 0x10, 0xfd, 0x3c, 0x00,
  0x2e, 0x01, 0x2e, 0x2e, 0x2e, 0x2e, 0x2e, 0x31, 0x30, 0xb2, 0x08, 0x07,
  0x05, 0x2b, 0x01, 0x21, 0x11, 0x21, 0x11, 0x23, 0x01, 0x03, 0x02, 0xc8,
  0x02, 0x92, 0xfe, 0x60, 0x6c, 0xfe, 0x6d, 0xe6, 0x05, 0x55, 0xfa, 0xab,
  0x03, 0xf1, 0xfe, 0xac, 0x01, 0x0c, 0x00, 0x01, 0x00, 0x6e, 0x00, 0x00,
  0x06, 0xdf, 0x05, 0x66, 0x00, 0x48, 0x00, 0x47, 0x40, 0x20, 0x2a, 0x28,
  0x27, 0x0b, 0x27, 0x26, 0x43, 0x28, 0x41, 0x43, 0x09, 0x3f, 0x43, 0x09,
  0x32, 0x43, 0x1b, 0x26, 0x00, 0x42, 0x01, 0x39, 0x42, 0x11, 0x09, 0x00,
  0x29, 0x28, 0x1a, 0x01, 0x01, 0x46, 0x76, 0x2f, 0x37, 0x18, 0x00, 0x3f,
  0x3c, 0x3f, 0x01, 0x2f, 0xfd, 0x2f, 0xfd, 0x3c, 0x00, 0x2f, 0xfd, 0x10,
  0xfd, 0x10, 0xfd, 0x10, 0xfd, 0x3c, 0x00, 0x2e, 0x01, 0x2e, 0x2e, 0x2e,
  0x31, 0x30, 0xb2, 0x49, 0x01, 0x05, 0x2b, 0x01, 0x21, 0x34, 0x36, 0x37,
  0x36, 0x37, 0x36, 0x24, 0x21, 0x20, 0x17, 0x32, 0x16, 0x17, 0x1e, 0x01,
  0x15, 0x14, 0x06, 0x07, 0x06, 0x07, 0x06, 0x07, 0x0e, 0x01, 0x23, 0x22,
  0x06, 0x07, 0x06, 0x07, 0x0e, 0x01, 0x07, 0x0e, 0x01, 0x15, 0x21, 0x11,
  0x21, 0x27, 0x34, 0x37, 0x36, 0x37, 0x3e, 0x01, 0x37, 0x25, 0x32, 0x36,
  0x37, 0x3e, 0x02, 0x35, 0x34, 0x27, 0x26, 0x27, 0x26, 0x21, 0x22, 0x07,
  0x22, 0x06, 0x07, 0x06, 0x07, 0x0e, 0x01, 0x02, 0x01, 0xfe, 0x6d, 0x06,
  0x07, 0x18, 0x72, 0x4b, 0x01, 0x13, 0x01, 0x15, 0x01, 0xa7, 0x6f, 0x37,
  0x5b, 0x26, 0x4a, 0x39, 0x06, 0x08, 0x0c, 0x22, 0x2b, 0x4a, 0x45, 0x97,
  0x51, 0x89, 0xc5, 0x65, 0x3b, 0x3b, 0x7d, 0x32, 0x09, 0x04, 0x06, 0x04,
  0xdf, 0xf9, 0xa3, 0x04, 0x0f, 0x1e, 0xbf, 0x22, 0x45, 0x20, 0x01, 0x67,
  0x79, 0xcb, 0x12, 0x36, 0x48, 0x18, 0x0e, 0x0c, 0x24, 0x2c, 0xfe, 0xf3,
  0xf0, 0x51, 0x2b, 0x38, 0x0e, 0x10, 0x06, 0x02, 0x02, 0x03, 0x59, 0x52,
  0x7b, 0x2e, 0x97, 0x39, 0x24, 0x1e, 0x0a, 0x1a, 0x17, 0x2c, 0xa3, 0xa6,
  0x3f, 0x5a, 0x25, 0x46, 0x2f, 0x40, 0x1b, 0x18, 0x1f, 0x0c, 0x0b, 0x07,
  0x07, 0x0b, 0x22, 0x15, 0x0b, 0x34, 0x11, 0xfe, 0xc6, 0x9c, 0xea, 0x66,
  0xc0, 0x30, 0x08, 0x0d, 0x04, 0x1e, 0x1a, 0x02, 0x06, 0x18, 0x2d, 0x37,
  0x3c, 0x19, 0x19, 0x0c, 0x0f, 0x08, 0x0f, 0x0c, 0x10, 0x1f, 0x13, 0x3c,
  0x00, 0x01, 0x00, 0x61, 0xff, 0xef, 0x06, 0xc4, 0x05, 0x66, 0x00, 0x46,
  0x00, 0x65, 0x40, 0x31, 0x39, 0x38, 0x02, 0x1c, 0x11, 0x39, 0x37, 0x24,
  0x23, 0x01, 0x00, 0x16, 0x2e, 0x43, 0x47, 0x2b, 0x43, 0x1a, 0x40, 0x43,
  0x09, 0x38, 0x37, 0x43, 0x3a, 0x39, 0x19, 0x3d, 0x42, 0x0e, 0x33, 0x42,
  0x15, 0x25, 0x42, 0x23, 0x00, 0x42, 0x01, 0x24, 0x42, 0x23, 0x09, 0x00,
  0x1a, 0x1b, 0x01, 0x23, 0x46, 0x76, 0x2f, 0x37, 0x18, 0x00, 0x3f, 0x3f,
  0x01, 0x2f, 0xfd, 0x2f, 0xfd, 0x10, 0xfd, 0x2f, 0xfd, 0x2f, 0xfd, 0x00,
  0x3f, 0x3c, 0xfd, 0x3c, 0x10, 0xfd, 0x10, 0xfd, 0x10, 0xfd, 0x3f, 0x3c,
  0xd6, 0x3c, 0x00, 0x11, 0x12, 0x39, 0x00, 0x2e, 0x01, 0x2e, 0x2e, 0x2e,
  0x31, 0x30, 0xb2, 0x47, 0x23, 0x05, 0x2b, 0x01, 0x21, 0x27, 0x34, 0x37,
  0x3e, 0x01, 0x37, 0x36, 0x21, 0x20, 0x04, 0x1e, 0x01, 0x15, 0x14, 0x06,
  0x07, 0x1e, 0x02, 0x15, 0x14, 0x07, 0x06, 0x04, 0x21, 0x22, 0x27, 0x22,
  0x26, 0x27, 0x26, 0x27, 0x26, 0x35, 0x21, 0x17, 0x14, 0x16, 0x17, 0x1e,
  0x01, 0x33, 0x32, 0x36, 0x37, 0x32, 0x37, 0x3e, 0x01, 0x35, 0x34, 0x27,
  0x26, 0x2b, 0x01, 0x11, 0x21, 0x32, 0x36, 0x35, 0x34, 0x26, 0x21, 0x22,
  0x06, 0x07, 0x0e, 0x02, 0x01, 0xf2, 0xfe, 0x74, 0x01, 0x42, 0x2a, 0x85,
  0x77, 0xb7, 0x01, 0x47, 0x01, 0x1f, 0x01, 0x01, 0x84, 0x3b, 0x5d, 0x81,
  0x73, 0x5b, 0x2a, 0x36, 0x43, 0xfe, 0x9a, 0xfe, 0x19, 0xbd, 0x53, 0x2b,
  0x4e, 0x35, 0xb7, 0x1b, 0x0d, 0x01, 0x8c, 0x01, 0x1c, 0x29, 0x15, 0xaf,
  0x96, 0x63, 0x95, 0x3a, 0x2c, 0x1e, 0x14, 0x14, 0x3b, 0x30, 0xf7, 0xf1,
  0x01, 0x3b, 0x9b, 0x63, 0x67, 0xfe, 0xe9, 0xeb, 0x8a, 0x17, 0x11, 0x06,
  0x04, 0x03, 0x7a, 0x52, 0xbf, 0x51, 0x33, 0x35, 0x0e, 0x14, 0x1e, 0x52,
  0x93, 0x7c, 0x90, 0x7f, 0x1b, 0x1b, 0x3e, 0x7d, 0x6e, 0xa8, 0x4b, 0x5b,
  0x3c, 0x08, 0x0e, 0x0f, 0x30, 0xb1, 0x59, 0x9d, 0x19, 0x53, 0x39, 0x0a,
  0x04, 0x08, 0x05, 0x05, 0x14, 0x0c, 0x2e, 0x24, 0x55, 0x12, 0x0e, 0x01,
  0x26, 0x2e, 0x47, 0x4b, 0x25, 0x0d, 0x16, 0x0f, 0x21, 0x4e, 0x00, 0x02,
  0x00, 0x5e, 0x00, 0x00, 0x07, 0x34, 0x05, 0x55, 0x00, 0x0a, 0x00, 0x0f,
  0x00, 0x54, 0x40, 0x2a, 0x01, 0x00, 0x0d, 0x0c, 0x43, 0x08, 0x0f, 0x0b,
  0x0a, 0x03, 0x00, 0x43, 0x06, 0x05, 0x02, 0x03, 0x01, 0x0c, 0x0b, 0x05,
  0x03, 0x04, 0x42, 0x0a, 0x09, 0x03, 0x03, 0x02, 0x0f, 0x0e, 0x42, 0x07,
  0x06, 0x09, 0x08, 0x00, 0x04, 0x03, 0x1a, 0x01, 0x06, 0x46, 0x76, 0x2f,
  0x37, 0x18, 0x00, 0x3f, 0x3c, 0x3f, 0x3c, 0x01, 0x2f, 0x3c, 0xfd, 0x3c,
  0x2f, 0x17, 0x3c, 0xfd, 0x17, 0x3c, 0x00, 0x2f, 0x17, 0x3c, 0xfd, 0x17,
  0x3c, 0x10, 0xfd, 0x3c, 0x01, 0x2e, 0x2e, 0x31, 0x30, 0xb2, 0x10, 0x06,
  0x05, 0x2b, 0x01, 0x11, 0x21, 0x15, 0x21, 0x35, 0x21, 0x11, 0x01, 0x21,
  0x11, 0x21, 0x11, 0x23, 0x01, 0x15, 0x07, 0x34, 0xfe, 0xf8, 0xfe, 0x75,
  0xfb, 0xbd, 0x03, 0x2c, 0x02, 0xa2, 0xfe, 0x75, 0x54, 0xfd, 0x85, 0x02,
  0x31, 0xfe, 0xcd, 0xfe, 0xfe, 0x02, 0x0b, 0x02, 0x4c, 0xfc, 0xdc, 0x01,
  0xe8, 0xfe, 0x4e, 0x36, 0x00, 0x01, 0x00, 0x60, 0xff, 0xef, 0x06, 0xc4,
  0x05, 0x55, 0x00, 0x3d, 0x00, 0x64, 0x40, 0x32, 0x02, 0x01, 0x1b, 0x09,
  0x3d, 0x3c, 0x23, 0x22, 0x3a, 0x2c, 0x43, 0x18, 0x29, 0x43, 0x18, 0x03,
  0x02, 0x43, 0x00, 0x38, 0x43, 0x0d, 0x0b, 0x05, 0x43, 0x00, 0x32, 0x42,
  0x12, 0x23, 0x42, 0x21, 0x22, 0x3c, 0x09, 0x06, 0x05, 0x04, 0x3b, 0x42,
  0x3d, 0x00, 0x01, 0x00, 0x00, 0x18, 0x1b, 0x01, 0x21, 0x46, 0x76, 0x2f,
  0x37, 0x18, 0x00, 0x3f, 0x3f, 0x3c, 0x01, 0x2f, 0x3c, 0xfd, 0x17, 0x3c,
  0x2f, 0x3c, 0xfd, 0x2f, 0xfd, 0x00, 0x10, 0xfd, 0x3f, 0xfd, 0x10, 0xfd,
  0x3c, 0x10, 0xfd, 0x10, 0xfd, 0x3f, 0x3c, 0xd6, 0x3c, 0x00, 0x2e, 0x2e,
  0x01, 0x2e, 0x2e, 0x31, 0x30, 0xb2, 0x3e, 0x21, 0x05, 0x2b, 0x13, 0x21,
  0x11, 0x21, 0x22, 0x27, 0x15, 0x14, 0x06, 0x07, 0x36, 0x37, 0x36, 0x21,
  0x20, 0x17, 0x1e, 0x01, 0x15, 0x14, 0x06, 0x07, 0x0e, 0x01, 0x23, 0x22,
  0x26, 0x27, 0x22, 0x26, 0x27, 0x2e, 0x01, 0x35, 0x37, 0x21, 0x14, 0x16,
  0x17, 0x1e, 0x01, 0x33, 0x32, 0x36, 0x37, 0x32, 0x36, 0x37, 0x3e, 0x01,
  0x35, 0x34, 0x26, 0x27, 0x2e, 0x01, 0x23, 0x22, 0x06, 0x15, 0x17, 0x21,
  0x95, 0x05, 0xef, 0xfc, 0x87, 0xe0, 0x29, 0x02, 0x01, 0x40, 0x3e, 0x66,
  0x01, 0x30, 0x01, 0xb1, 0x7a, 0x47, 0x3f, 0x54, 0x63, 0x50, 0xdb, 0xf0,
  0x77, 0xd4, 0x79, 0x36, 0x68, 0x54, 0x76, 0x66, 0x01, 0x01, 0x8c, 0x0d,
  0x0c, 0x17, 0xae, 0xb8, 0x6d, 0x78, 0x33, 0x1f, 0x29, 0x16, 0x1f, 0x19,
  0x23, 0x33, 0x38, 0xd2, 0xa7, 0xb5, 0x74, 0x01, 0xfe, 0x93, 0x05, 0x55,
  0xfe, 0xda, 0x0a, 0x92, 0x20, 0x30, 0x16, 0x3b, 0x11, 0x1b, 0x4f, 0x2d,
  0xaf, 0x95, 0xc3, 0xcd, 0x2c, 0x23, 0x1a, 0x05, 0x03, 0x0c, 0x13, 0x1b,
  0x9f, 0xa0, 0x36, 0x25, 0x33, 0x0c, 0x15, 0x11, 0x02, 0x01, 0x07, 0x09,
  0x0c, 0x4a, 0x56, 0x4c, 0x3d, 0x0c, 0x0a, 0x0a, 0x23, 0x36, 0x11, 0x00,
  0x00, 0x02, 0x00, 0x72, 0xff, 0xef, 0x06, 0xbe, 0x05, 0x66, 0x00, 0x36,
  0x00, 0x4c, 0x00, 0x52, 0x40, 0x28, 0x10, 0x01, 0x00, 0x42, 0x43, 0x4d,
  0x06, 0x43, 0x31, 0x37, 0x43, 0x13, 0x16, 0x09, 0x43, 0x31, 0x40, 0x43,
  0x1d, 0x47, 0x42, 0x16, 0x3b, 0x42, 0x2a, 0x24, 0x10, 0x0f, 0x42, 0x27,
  0x01, 0x42, 0x00, 0x31, 0x00, 0x1d, 0x1b, 0x01, 0x27, 0x46, 0x76, 0x2f,
  0x37, 0x18, 0x00, 0x3f, 0x3f, 0x01, 0x2f, 0xfd, 0x2f, 0xfd, 0x3c, 0x2f,
  0x3c, 0xfd, 0x2f, 0xfd, 0x00, 0x10, 0xfd, 0x10, 0xfd, 0x3f, 0xfd, 0x10,
  0xfd, 0x10, 0xfd, 0x00, 0x2e, 0x2e, 0x2e, 0x31, 0x30, 0xb2, 0x4d, 0x27,
  0x05, 0x2b, 0x01, 0x21, 0x34, 0x27, 0x26, 0x2f, 0x01, 0x22, 0x26, 0x23,
  0x20, 0x07, 0x06, 0x07, 0x06, 0x15, 0x17, 0x3e, 0x01, 0x21, 0x20, 0x16,
  0x11, 0x14, 0x07, 0x06, 0x07, 0x06, 0x04, 0x21, 0x20, 0x27, 0x26, 0x27,
  0x2e, 0x01, 0x35, 0x34, 0x26, 0x35, 0x34, 0x36, 0x37, 0x34, 0x36, 0x37,
  0x36, 0x37, 0x36, 0x21, 0x20, 0x04, 0x17, 0x1e, 0x01, 0x01, 0x22, 0x07,
  0x06, 0x15, 0x14, 0x16, 0x17, 0x16, 0x33, 0x20, 0x37, 0x32, 0x36, 0x37,
  0x36, 0x35, 0x34, 0x26, 0x27, 0x2e, 0x01, 0x06, 0xbe, 0xfe, 0x7b, 0x16,
  0x0d, 0x1b, 0x6f, 0x2f, 0xa0, 0x22, 0xfe, 0xe9, 0x48, 0x22, 0x0f, 0x0d,
  0x01, 0x4d, 0xd0, 0x01, 0x0c, 0x01, 0x92, 0xfa, 0x32, 0x27, 0x45, 0x41,
  0xfe, 0xf2, 0xfe, 0x8a, 0xfe, 0xc7, 0x93, 0xd1, 0x2a, 0x0d, 0x06, 0x05,
  0x03, 0x02, 0x0b, 0x09, 0x21, 0x7e, 0x9f, 0x01, 0xf9, 0x01, 0x82, 0x01,
  0x4f, 0x1e, 0x05, 0x08, 0xfc, 0xa4, 0xe7, 0x2f, 0x47, 0x22, 0x28, 0x34,
  0xd4, 0x01, 0x0c, 0x59, 0x1b, 0x26, 0x0d, 0x17, 0x2b, 0x35, 0x25, 0xb2,
  0x03, 0xd8, 0x2e, 0x11, 0x09, 0x05, 0x08, 0x06, 0x1e, 0x0d, 0x2d, 0x2f,
  0x64, 0x4d, 0x4a, 0x2f, 0xa9, 0xfe, 0xec, 0xce, 0x58, 0x43, 0x23, 0x20,
  0x1c, 0x1e, 0x2b, 0xc4, 0x45, 0x36, 0x29, 0x23, 0xde, 0x36, 0x4c, 0x77,
  0x32, 0x22, 0x47, 0x25, 0x95, 0x35, 0x42, 0x43, 0x99, 0x20, 0x5a, 0xfe,
  0x31, 0x12, 0x1b, 0x63, 0x3a, 0x3c, 0x0c, 0x0d, 0x0a, 0x12, 0x11, 0x1f,
  0x41, 0x43, 0x3b, 0x09, 0x05, 0x06, 0x00, 0x01, 0x00, 0x9b, 0x00, 0x00,
  0x06, 0xb4, 0x05, 0x55, 0x00, 0x06, 0x00, 0x29, 0x40, 0x10, 0x06, 0x05,
  0x04, 0x02, 0x01, 0x00, 0x06, 0x05, 0x43, 0x00, 0x01, 0x00, 0x00, 0x04,
  0x03, 0x1a, 0x00, 0x3f, 0x3c, 0x3f, 0x3c, 0x00, 0x10, 0xfd, 0x3c, 0x01,
  0x2e, 0x2e, 0x2e, 0x2e, 0x2e, 0x2e, 0x31, 0x30, 0xb2, 0x07, 0x00, 0x05,
  0x2b, 0x13, 0x21, 0x11, 0x01, 0x21, 0x01, 0x21, 0x9b, 0x06, 0x19, 0xfc,
  0xf9, 0xfd, 0xf3, 0x03, 0x04, 0xfb, 0xf7, 0x05, 0x55, 0xfe, 0xc2, 0xfb,
  0xe9, 0x03, 0xfb, 0x00, 0x00, 0x03, 0x00, 0x7e, 0xff, 0xf0, 0x06, 0xc2,
  0x05, 0x65, 0x00, 0x32, 0x00, 0x46, 0x00, 0x5a, 0x00, 0x5e, 0x40, 0x2c,
  0x28, 0x22, 0x00, 0x18, 0x00, 0x00, 0x3b, 0x47, 0x18, 0x13, 0x41, 0x00,
  0x36, 0x05, 0x50, 0x43, 0x25, 0x33, 0x43, 0x0d, 0x47, 0x43, 0x3e, 0x3b,
  0x19, 0x41, 0x42, 0x13, 0x36, 0x42, 0x05, 0x4c, 0x42, 0x2e, 0x55, 0x42,
  0x1d, 0x0d, 0x00, 0x25, 0x1b, 0x01, 0x2e, 0x46, 0x76, 0x2f, 0x37, 0x18,
  0x00, 0x3f, 0x3f, 0x01, 0x2f, 0xfd, 0x2f, 0xfd, 0x2f, 0xfd, 0x2f, 0xfd,
  0x00, 0x3f, 0x3c, 0xfd, 0x10, 0xfd, 0x10, 0xfd, 0x01, 0x11, 0x12, 0x39,
  0x11, 0x12, 0x39, 0x00, 0x11, 0x12, 0x39, 0x10, 0x3c, 0x00, 0x2e, 0x2e,
  0x2e, 0x31, 0x30, 0xb2, 0x5b, 0x2e, 0x05, 0x2b, 0x01, 0x22, 0x26, 0x27,
  0x26, 0x35, 0x34, 0x37, 0x3e, 0x01, 0x37, 0x3e, 0x01, 0x33, 0x20, 0x17,
  0x16, 0x17, 0x16, 0x15, 0x14, 0x07, 0x0e, 0x01, 0x23, 0x16, 0x17, 0x1e,
  0x01, 0x15, 0x14, 0x07, 0x0e, 0x01, 0x07, 0x0e, 0x01, 0x23, 0x22, 0x26,
  0x27, 0x22, 0x26, 0x27, 0x2e, 0x01, 0x35, 0x34, 0x36, 0x37, 0x36, 0x01,
  0x22, 0x06, 0x15, 0x14, 0x17, 0x1e, 0x01, 0x33, 0x32, 0x36, 0x37, 0x32,
  0x36, 0x35, 0x34, 0x26, 0x27, 0x2e, 0x01, 0x03, 0x20, 0x07, 0x0e, 0x01,
  0x15, 0x14, 0x1e, 0x01, 0x33, 0x20, 0x37, 0x3e, 0x01, 0x35, 0x34, 0x26,
  0x27, 0x2e, 0x01, 0x01, 0x88, 0x32, 0x4d, 0x1c, 0x5f, 0x40, 0x26, 0x86,
  0x7c, 0x59, 0xc9, 0x88, 0x01, 0xe7, 0x84, 0x5f, 0x27, 0x21, 0x36, 0x1d,
  0x61, 0x46, 0x79, 0x2a, 0x37, 0x30, 0x39, 0x28, 0x93, 0x8c, 0x6e, 0xe3,
  0x51, 0x87, 0xda, 0x53, 0x35, 0x5f, 0x2d, 0x5c, 0x51, 0x36, 0x42, 0x28,
  0x02, 0x58, 0xeb, 0x71, 0x35, 0x1b, 0x9b, 0x8c, 0x4b, 0x8f, 0x44, 0x2b,
  0x4c, 0x23, 0x29, 0x27, 0xaf, 0x64, 0xfe, 0xcf, 0x2f, 0x1e, 0x18, 0x1c,
  0x56, 0xfc, 0x01, 0x10, 0x5a, 0x31, 0x23, 0x18, 0x25, 0x16, 0xe8, 0x02,
  0xba, 0x15, 0x12, 0x3f, 0xc9, 0xae, 0x50, 0x2f, 0x33, 0x0c, 0x08, 0x08,
  0x36, 0x26, 0x55, 0x4b, 0x80, 0xa2, 0x42, 0x23, 0x28, 0x15, 0x1d, 0x24,
  0x86, 0x79, 0xa7, 0x4e, 0x36, 0x36, 0x0c, 0x03, 0x05, 0x07, 0x02, 0x14,
  0x12, 0x24, 0x94, 0x8e, 0x7e, 0x8b, 0x24, 0x15, 0x01, 0x8c, 0x28, 0x50,
  0x53, 0x12, 0x08, 0x08, 0x01, 0x01, 0x23, 0x51, 0x30, 0x2f, 0x09, 0x07,
  0x08, 0xfd, 0xee, 0x10, 0x09, 0x33, 0x36, 0x39, 0x2d, 0x16, 0x0c, 0x06,
  0x34, 0x3f, 0x33, 0x2c, 0x0b, 0x06, 0x09, 0x00, 0x00, 0x02, 0x00, 0x7d,
  0xff, 0xef, 0x06, 0xd2, 0x05, 0x65, 0x00, 0x2e, 0x00, 0x3f, 0x00, 0x4c,
  0x40, 0x22, 0x3b, 0x0f, 0x0f, 0x36, 0x14, 0x01, 0x00, 0x14, 0x36, 0x43,
  0x14, 0x08, 0x43, 0x2a, 0x2f, 0x43, 0x1f, 0x32, 0x42, 0x19, 0x0f, 0x42,
  0x25, 0x03, 0x01, 0x42, 0x00, 0x1f, 0x00, 0x2a, 0x1b, 0x01, 0x19, 0x46,
  0x76, 0x2f, 0x37, 0x18, 0x00, 0x3f, 0x3f, 0x01, 0x2f, 0xfd, 0x3c, 0x2f,
  0xfd, 0x2f, 0xfd, 0x00, 0x10, 0xfd, 0x10, 0xfd, 0x2f, 0xfd, 0x10, 0xd6,
  0x3c, 0x00, 0x11, 0x12, 0x39, 0x00, 0x2e, 0x01, 0x2e, 0x31, 0x30, 0xb2,
  0x40, 0x19, 0x05, 0x2b, 0x13, 0x21, 0x14, 0x17, 0x14, 0x16, 0x17, 0x16,
  0x33, 0x32, 0x36, 0x37, 0x36, 0x37, 0x36, 0x35, 0x06, 0x07, 0x0e, 0x01,
  0x23, 0x20, 0x27, 0x2e, 0x01, 0x35, 0x34, 0x36, 0x37, 0x36, 0x24, 0x33,
  0x20, 0x04, 0x17, 0x1e, 0x01, 0x11, 0x10, 0x07, 0x06, 0x04, 0x21, 0x22,
  0x2e, 0x02, 0x01, 0x20, 0x06, 0x15, 0x14, 0x1e, 0x01, 0x33, 0x20, 0x37,
  0x3e, 0x01, 0x35, 0x34, 0x26, 0x27, 0x26, 0x9f, 0x01, 0x8c, 0x02, 0x14,
  0x1c, 0x3b, 0xdf, 0x80, 0xaa, 0x2b, 0x54, 0x13, 0x10, 0x2c, 0x2b, 0x41,
  0xcb, 0xb4, 0xfe, 0x74, 0x7e, 0x59, 0x4c, 0x79, 0x98, 0x4c, 0x01, 0x01,
  0xb6, 0x01, 0x37, 0x01, 0x41, 0x46, 0x51, 0x32, 0x18, 0x27, 0xfe, 0x5f,
  0xfe, 0x22, 0xe3, 0xe4, 0x81, 0x2d, 0x02, 0xf9, 0xfe, 0xf2, 0x7a, 0x1d,
  0x61, 0xec, 0x01, 0x54, 0x35, 0x21, 0x1b, 0x1c, 0x27, 0x44, 0x01, 0x8d,
  0x0d, 0x03, 0x25, 0x1a, 0x0a, 0x12, 0x08, 0x09, 0x12, 0x38, 0x32, 0xab,
  0x32, 0x14, 0x1d, 0x1a, 0x36, 0x27, 0xb6, 0xb1, 0xdc, 0xaa, 0x1f, 0x0f,
  0x10, 0x2a, 0x32, 0x39, 0xfc, 0xfe, 0xa3, 0xfe, 0xf6, 0x6e, 0xb9, 0x57,
  0x1f, 0x4f, 0x8d, 0x03, 0x48, 0x2e, 0x64, 0x3e, 0x37, 0x1b, 0x16, 0x0d,
  0x38, 0x38, 0x39, 0x37, 0x0c, 0x13, 0x00, 0x02, 0x00, 0x74, 0x00, 0x00,
  0x02, 0x29, 0x03, 0xc9, 0x00, 0x03, 0x00, 0x07, 0x00, 0x34, 0x40, 0x16,
  0x07, 0x06, 0x05, 0x04, 0x03, 0x02, 0x01, 0x00, 0x05, 0x04, 0x43, 0x06,
  0x03, 0x02, 0x43, 0x00, 0x01, 0x00, 0x01, 0x07, 0x06, 0x1a, 0x00, 0x3f,
  0x3c, 0x3f, 0x3c, 0x00, 0x10, 0xfd, 0x3c, 0x10, 0xfd, 0x3c, 0x01, 0x2e,
  0x2e, 0x2e, 0x2e, 0x2e, 0x2e, 0x2e, 0x2e, 0x31, 0x30, 0xb2, 0x08, 0x00,
  0x05, 0x2b, 0x13, 0x21, 0x11, 0x21, 0x15, 0x21, 0x11, 0x21, 0x74, 0x01,
  0xb5, 0xfe, 0x4b, 0x01, 0xb5, 0xfe, 0x4b, 0x03, 0xc9, 0xfe, 0x95, 0xf3,
  0xfe, 0x95, 0x00, 0x02, 0x00, 0x59, 0xfe, 0x92, 0x02, 0x47, 0x03, 0xc9,
  0x00, 0x13, 0x00, 0x17, 0x00, 0x48, 0x40, 0x21, 0x17, 0x16, 0x15, 0x14,
  0x13, 0x12, 0x11, 0x0c, 0x0b, 0x02, 0x01, 0x00, 0x01, 0x00, 0x43, 0x13,
  0x12, 0x1a, 0x17, 0x16, 0x43, 0x14, 0x0e, 0x0d, 0x0c, 0x43, 0x0b, 0x15,
  0x14, 0x01, 0x0b, 0x08, 0x1f, 0x00, 0x3f, 0x3c, 0x3f, 0x3c, 0x00, 0x10,
  0xfd, 0x3c, 0x3c, 0x10, 0xfd, 0x3c, 0x3f, 0x3c, 0xfd, 0x3c, 0x01, 0x2e,
  0x2e, 0x2e, 0x2e, 0x2e, 0x2e, 0x2e, 0x2e, 0x2e, 0x2e, 0x2e, 0x2e, 0x31,
  0x30, 0xb2, 0x18, 0x0b, 0x05, 0x2b, 0x13, 0x21, 0x11, 0x14, 0x06, 0x07,
  0x0e, 0x01, 0x23, 0x22, 0x26, 0x23, 0x35, 0x3b, 0x01, 0x32, 0x36, 0x3d,
  0x01, 0x23, 0x11, 0x21, 0x11, 0x21, 0x92, 0x01, 0xb5, 0x17, 0x1e, 0x27,
  0x88, 0xa1, 0x0e, 0x46, 0x15, 0x1e, 0x25, 0x36, 0x32, 0x72, 0x01, 0xb5,
  0xfe, 0x4b, 0x01, 0x95, 0xfe, 0x72, 0x7d, 0x80, 0x26, 0x32, 0x20, 0x02,
  0xd6, 0x35, 0x3b, 0x26, 0x03, 0xc9, 0xfe, 0x95, 0x00, 0x01, 0x00, 0x44,
  0x00, 0x17, 0x03, 0xbb, 0x05, 0x3e, 0x00, 0x06, 0x00, 0x25, 0x40, 0x0d,
  0x06, 0x05, 0x04, 0x03, 0x02, 0x01, 0x00, 0x00, 0x00, 0x5d, 0x04, 0x2a,
  0x78, 0x00, 0x76, 0x3f, 0x76, 0x3f, 0x18, 0x00, 0x01, 0x2e, 0x2e, 0x2e,
  0x2e, 0x2e, 0x2e, 0x2e, 0x31, 0x30, 0xb2, 0x07, 0x05, 0x05, 0x2b, 0x01,
  0x11, 0x09, 0x01, 0x11, 0x01, 0x11, 0x03, 0xbb, 0xfe, 0x2a, 0x01, 0xd6,
  0xfc, 0x89, 0x05, 0x3e, 0xfe, 0x77, 0xfe, 0xf5, 0xfe, 0xf6, 0xfe, 0x77,
  0x01, 0xf0, 0x01, 0x49, 0x00, 0x02, 0x01, 0x03, 0x01, 0x71, 0x06, 0x3d,
  0x04, 0x00, 0x00, 0x03, 0x00, 0x07, 0x00, 0x34, 0x40, 0x16, 0x07, 0x06,
  0x05, 0x04, 0x03, 0x02, 0x01, 0x00, 0x03, 0x02, 0x43, 0x00, 0x05, 0x04,
  0x43, 0x06, 0x01, 0x00, 0x15, 0x07, 0x06, 0x1e, 0x00, 0x3f, 0x3c, 0x3f,
  0x3c, 0x00, 0x10, 0xfd, 0x3c, 0x10, 0xfd, 0x3c, 0x01, 0x2e, 0x2e, 0x2e,
  0x2e, 0x2e, 0x2e, 0x2e, 0x2e, 0x31, 0x30, 0xb2, 0x08, 0x00, 0x05, 0x2b,
  0x01, 0x21, 0x15, 0x21, 0x15, 0x21, 0x15, 0x21, 0x01, 0x03, 0x05, 0x3a,
  0xfa, 0xc6, 0x05, 0x3a, 0xfa, 0xc6, 0x04, 0x00, 0xf6, 0xa3, 0xf6, 0x00,
  0x00, 0x01, 0x00, 0x44, 0x00, 0x17, 0x03, 0xbb, 0x05, 0x3e, 0x00, 0x06,
  0x00, 0x25, 0x40, 0x0d, 0x06, 0x05, 0x04, 0x03, 0x02, 0x01, 0x00, 0x00,
  0x00, 0x5d, 0x03, 0x2a, 0x78, 0x00, 0x76, 0x3f, 0x76, 0x3f, 0x18, 0x00,
  0x01, 0x2e, 0x2e, 0x2e, 0x2e, 0x2e, 0x2e, 0x2e, 0x31, 0x30, 0xb2, 0x07,
  0x00, 0x05, 0x2b, 0x13, 0x01, 0x11, 0x01, 0x11, 0x09, 0x01, 0x44, 0x03,
  0x77, 0xfc, 0x89, 0x01, 0xd6, 0xfe, 0x2a, 0x05, 0x3e, 0xfe, 0x12, 0xfe,
  0xb7, 0xfe, 0x10, 0x01, 0x89, 0x01, 0x0a, 0x01, 0x0b, 0x00, 0x00, 0x02,
  0x00, 0x1b, 0x00, 0x00, 0x05, 0x83, 0x05, 0x6a, 0x00, 0x2a, 0x00, 0x2e,
  0x00, 0x57, 0x40, 0x28, 0x2e, 0x2b, 0x1c, 0x01, 0x01, 0x00, 0x1b, 0x1a,
  0x2b, 0x2c, 0x2b, 0x43, 0x2d, 0x25, 0x43, 0x0a, 0x2d, 0x2c, 0x1a, 0x29,
  0x42, 0x02, 0x2a, 0x00, 0x42, 0x02, 0x1a, 0x42, 0x1b, 0x21, 0x42, 0x11,
  0x0a, 0x00, 0x2e, 0x2d, 0x1a, 0x01, 0x01, 0x46, 0x76, 0x2f, 0x37, 0x18,
  0x00, 0x3f, 0x3c, 0x3f, 0x01, 0x2f, 0xfd, 0x2f, 0xfd, 0x2f, 0xfd, 0x3c,
  0x10, 0xfd, 0x10, 0xd6, 0x3c, 0x00, 0x10, 0xfd, 0x10, 0xfd, 0x3c, 0x10,
  0xd6, 0x3c, 0x00, 0x2e, 0x2e, 0x01, 0x2e, 0x2e, 0x2e, 0x2e, 0x31, 0x30,
  0xb2, 0x2f, 0x01, 0x05, 0x2b, 0x01, 0x21, 0x37, 0x34, 0x36, 0x37, 0x3e,
  0x01, 0x37, 0x36, 0x33, 0x20, 0x17, 0x16, 0x17, 0x1e, 0x01, 0x15, 0x14,
  0x06, 0x07, 0x0e, 0x01, 0x07, 0x0e, 0x01, 0x15, 0x21, 0x27, 0x34, 0x36,
  0x24, 0x36, 0x35, 0x34, 0x27, 0x26, 0x23, 0x22, 0x07, 0x06, 0x0f, 0x01,
  0x13, 0x21, 0x11, 0x21, 0x01, 0x82, 0xfe, 0x99, 0x01, 0x16, 0x1c, 0x26,
  0x7f, 0x72, 0x99, 0xfd, 0x01, 0x7f, 0x7d, 0x4d, 0x20, 0x0f, 0x10, 0x1f,
  0x24, 0x29, 0x8d, 0xde, 0x52, 0x27, 0xfe, 0x9b, 0x01, 0x6d, 0x01, 0x70,
  0x77, 0x4a, 0x39, 0xc4, 0xbf, 0x35, 0x58, 0x07, 0x04, 0x26, 0x01, 0xba,
  0xfe, 0x46, 0x03, 0x6d, 0x48, 0x75, 0x7d, 0x29, 0x36, 0x3d, 0x12, 0x15,
  0x42, 0x2a, 0x4e, 0x26, 0x72, 0x4d, 0x70, 0x7e, 0x2c, 0x30, 0x2f, 0x25,
  0x0e, 0x21, 0x30, 0x35, 0xa5, 0x79, 0x3c, 0x2c, 0x4f, 0x55, 0x13, 0x0f,
  0x0a, 0x0f, 0x55, 0x55, 0xfd, 0xe0, 0xfe, 0x94, 0x00, 0x02, 0x00, 0x44,
  0xff, 0xf9, 0x07, 0x63, 0x05, 0x5c, 0x00, 0x6e, 0x00, 0x80, 0x00, 0x79,
  0x40, 0x3d, 0x7b, 0x30, 0x03, 0x02, 0x01, 0x37, 0x5f, 0x5e, 0x2a, 0x3d,
  0x6e, 0x6d, 0x14, 0x01, 0x00, 0x11, 0x2f, 0x5b, 0x78, 0x43, 0x62, 0x6f,
  0x43, 0x6a, 0x25, 0x07, 0x43, 0x62, 0x5b, 0x2d, 0x17, 0x11, 0x43, 0x45,
  0x4b, 0x00, 0x14, 0x43, 0x48, 0x27, 0x43, 0x35, 0x72, 0x42, 0x65, 0x20,
  0x42, 0x3e, 0x0d, 0x42, 0x52, 0x1d, 0x42, 0x3e, 0x48, 0x00, 0x35, 0x1a,
  0x01, 0x3e, 0x46, 0x76, 0x2f, 0x37, 0x18, 0x00, 0x3f, 0x3f, 0x01, 0x2f,
  0xfd, 0x2f, 0xfd, 0x10, 0xfd, 0x2f, 0xfd, 0x00, 0x10, 0xfd, 0x10, 0xfd,
  0x3f, 0x3c, 0xfd, 0x3c, 0x3f, 0x3c, 0xfd, 0x3f, 0xfd, 0x10, 0xfd, 0x10,
  0xd6, 0x10, 0xd6, 0x3c, 0x10, 0xd6, 0x3c, 0x3f, 0xd6, 0x3c, 0x00, 0x2e,
  0x01, 0x2e, 0x2e, 0x2e, 0x2e, 0x2e, 0x31, 0x30, 0xb2, 0x81, 0x3e, 0x05,
  0x2b, 0x01, 0x21, 0x03, 0x15, 0x14, 0x17, 0x16, 0x33, 0x32, 0x36, 0x37,
  0x3e, 0x01, 0x35, 0x34, 0x27, 0x26, 0x27, 0x2e, 0x01, 0x23, 0x22, 0x06,
  0x07, 0x22, 0x06, 0x07, 0x0e, 0x01, 0x15, 0x14, 0x16, 0x15, 0x14, 0x16,
  0x17, 0x16, 0x17, 0x16, 0x21, 0x32, 0x36, 0x37, 0x32, 0x36, 0x37, 0x36,
  0x37, 0x17, 0x06, 0x07, 0x06, 0x04, 0x21, 0x20, 0x27, 0x22, 0x26, 0x27,
  0x26, 0x27, 0x26, 0x11, 0x10, 0x37, 0x36, 0x37, 0x3e, 0x01, 0x33, 0x32,
  0x24, 0x33, 0x32, 0x16, 0x17, 0x32, 0x16, 0x17, 0x16, 0x17, 0x16, 0x15,
  0x14, 0x06, 0x07, 0x0e, 0x01, 0x07, 0x0e, 0x01, 0x23, 0x22, 0x26, 0x27,
  0x23, 0x0e, 0x01, 0x23, 0x22, 0x26, 0x35, 0x10, 0x37, 0x3e, 0x01, 0x33,
  0x32, 0x16, 0x17, 0x33, 0x07, 0x22, 0x06, 0x15, 0x14, 0x16, 0x17, 0x1e,
  0x01, 0x33, 0x32, 0x36, 0x35, 0x34, 0x27, 0x26, 0x27, 0x26, 0x04, 0xcd,
  0x01, 0x29, 0x27, 0x12, 0x12, 0x36, 0x28, 0x25, 0x0b, 0x05, 0x06, 0x16,
  0x1b, 0x7d, 0x64, 0xc8, 0x47, 0xa5, 0xf9, 0x87, 0x39, 0x52, 0x25, 0x45,
  0x37, 0x07, 0x0e, 0x0d, 0x21, 0x91, 0x45, 0x01, 0x1b, 0x86, 0xa3, 0x6b,
  0x3a, 0x4f, 0x24, 0x21, 0x23, 0xae, 0x21, 0x38, 0x4b, 0xfe, 0xea, 0xfe,
  0x61, 0xfe, 0xfd, 0x54, 0x29, 0x51, 0x26, 0xae, 0x27, 0x18, 0x2b, 0x4d,
  0xe5, 0x25, 0x60, 0x37, 0x2c, 0x01, 0x37, 0x51, 0x94, 0xac, 0x71, 0x39,
  0x51, 0x2c, 0xa7, 0x2d, 0x17, 0x08, 0x09, 0x0f, 0x51, 0x41, 0x20, 0x61,
  0x47, 0xb2, 0x7d, 0x16, 0x08, 0x1e, 0x8c, 0xa0, 0xf1, 0xb0, 0x6e, 0x35,
  0xa6, 0xae, 0x86, 0x69, 0x26, 0x08, 0xe4, 0xae, 0x57, 0x1d, 0x2a, 0x1a,
  0x4f, 0x2b, 0x9b, 0x61, 0x0b, 0x09, 0x1b, 0x30, 0x04, 0x0c, 0xfe, 0x47,
  0x10, 0x2c, 0x11, 0x0f, 0x23, 0x31, 0x1b, 0x73, 0x55, 0xc5, 0x49, 0x5d,
  0x0d, 0x03, 0x05, 0x05, 0x03, 0x13, 0x13, 0x24, 0xa8, 0xb7, 0x5b, 0xdc,
  0x03, 0x30, 0x44, 0x25, 0x5c, 0x1b, 0x0c, 0x03, 0x03, 0x0d, 0x0d, 0x0a,
  0x2e, 0x3f, 0x4e, 0x28, 0x33, 0x1e, 0x08, 0x14, 0x10, 0x47, 0xb6, 0x72,
  0x01, 0x02, 0x01, 0x41, 0x71, 0xc9, 0x33, 0x08, 0x0b, 0x05, 0x04, 0x02,
  0x0c, 0x0c, 0x31, 0xb2, 0x5f, 0xcd, 0x50, 0x7c, 0x2c, 0x56, 0x72, 0x15,
  0x0a, 0x0a, 0x2b, 0x47, 0x42, 0x31, 0x70, 0x98, 0x01, 0x23, 0x5f, 0x2c,
  0x23, 0x2c, 0x45, 0x69, 0x40, 0x77, 0x2f, 0x2b, 0x09, 0x04, 0x06, 0x3b,
  0x7d, 0x2a, 0x13, 0x14, 0x0a, 0x11, 0x00, 0x02, 0xff, 0xde, 0x00, 0x00,
  0x08, 0x02, 0x05, 0x55, 0x00, 0x07, 0x00, 0x0b, 0x00, 0x32, 0x40, 0x16,
  0x0b, 0x08, 0x07, 0x04, 0x0a, 0x09, 0x43, 0x05, 0x0b, 0x08, 0x43, 0x02,
  0x01, 0x06, 0x05, 0x00, 0x07, 0x04, 0x03, 0x03, 0x00, 0x1a, 0x00, 0x3f,
  0x17, 0x3c, 0x3f, 0x3c, 0x00, 0x2f, 0x3c, 0xfd, 0x3c, 0x10, 0xfd, 0x3c,
  0x01, 0x2e, 0x2e, 0x2e, 0x2e, 0x31, 0x30, 0xb2, 0x0c, 0x04, 0x05, 0x2b,
  0x21, 0x27, 0x21, 0x07, 0x21, 0x01, 0x21, 0x09, 0x02, 0x23, 0x01, 0x06,
  0x2a, 0x75, 0xfc, 0x79, 0x75, 0xfe, 0x25, 0x02, 0xd4, 0x02, 0x86, 0x02,
  0xca, 0xfd, 0x21, 0xfe, 0xf9, 0x53, 0xfe, 0xf9, 0xe7, 0xe7, 0x05, 0x55,
  0xfa, 0xab, 0x02, 0x12, 0x02, 0x05, 0xfd, 0xfb, 0x00, 0x03, 0x00, 0x60,
  0x00, 0x00, 0x07, 0x13, 0x05, 0x55, 0x00, 0x1c, 0x00, 0x28, 0x00, 0x3c,
  0x00, 0x65, 0x40, 0x34, 0x19, 0x05, 0x0e, 0x1d, 0x3b, 0x32, 0x43, 0x3d,
  0x30, 0x2f, 0x2e, 0x2d, 0x2c, 0x2b, 0x2a, 0x07, 0x29, 0x43, 0x00, 0x28,
  0x27, 0x43, 0x01, 0x3c, 0x3b, 0x43, 0x1e, 0x1d, 0x19, 0x22, 0x42, 0x0b,
  0x36, 0x42, 0x12, 0x3c, 0x29, 0x28, 0x03, 0x1d, 0x42, 0x01, 0x00, 0x02,
  0x01, 0x00, 0x1c, 0x00, 0x1a, 0x01, 0x00, 0x46, 0x76, 0x2f, 0x37, 0x18,
  0x00, 0x3f, 0x3c, 0x3f, 0x3c, 0x01, 0x2f, 0x3c, 0xfd, 0x17, 0x3c, 0x2f,
  0xfd, 0x2f, 0xfd, 0x00, 0x3f, 0x3c, 0xfd, 0x3c, 0x10, 0xfd, 0x3c, 0x10,
  0xfd, 0x17, 0x3c, 0x10, 0xfd, 0x00, 0x11, 0x12, 0x39, 0x00, 0x2e, 0x2e,
  0x31, 0x30, 0xb2, 0x3d, 0x00, 0x05, 0x2b, 0x33, 0x11, 0x21, 0x32, 0x16,
  0x17, 0x32, 0x16, 0x17, 0x1e, 0x01, 0x15, 0x14, 0x06, 0x07, 0x16, 0x17,
  0x16, 0x15, 0x14, 0x07, 0x06, 0x07, 0x0e, 0x01, 0x23, 0x0e, 0x01, 0x23,
  0x01, 0x21, 0x32, 0x37, 0x36, 0x35, 0x34, 0x27, 0x2e, 0x01, 0x23, 0x21,
  0x11, 0x21, 0x3b, 0x05, 0x32, 0x37, 0x32, 0x37, 0x36, 0x35, 0x34, 0x27,
  0x2e, 0x01, 0x23, 0x21, 0x60, 0x03, 0xd5, 0x9c, 0xba, 0x1e, 0x3f, 0x63,
  0x23, 0x3c, 0x36, 0x50, 0x68, 0x5b, 0x2c, 0x64, 0x34, 0x22, 0x3d, 0x21,
  0x58, 0x30, 0x5e, 0xc4, 0x7d, 0xfd, 0xb4, 0x02, 0x4a, 0xbf, 0x27, 0x31,
  0x3b, 0x0b, 0x6e, 0x63, 0xfd, 0xb6, 0x02, 0x4c, 0x2b, 0x22, 0x1b, 0x15,
  0x11, 0x0e, 0x2e, 0x0f, 0x20, 0x19, 0x36, 0x3e, 0x0b, 0x83, 0x7c, 0xfd,
  0xb4, 0x05, 0x55, 0x02, 0x03, 0x1a, 0x16, 0x26, 0x8c, 0x7c, 0x95, 0x88,
  0x1e, 0x0f, 0x1f, 0x43, 0xd7, 0xa7, 0x50, 0x35, 0x1b, 0x0d, 0x14, 0x03,
  0x04, 0x03, 0x3b, 0x0f, 0x12, 0x50, 0x51, 0x10, 0x03, 0x04, 0xfd, 0x34,
  0x03, 0x0b, 0x15, 0x53, 0x55, 0x10, 0x03, 0x04, 0x00, 0x01, 0x00, 0x44,
  0xff, 0xeb, 0x07, 0x16, 0x05, 0x6a, 0x00, 0x36, 0x00, 0x31, 0x40, 0x15,
  0x2c, 0x1c, 0x1a, 0x0e, 0x02, 0x00, 0x01, 0x00, 0x1c, 0x1b, 0x16, 0x31,
  0x43, 0x07, 0x26, 0x43, 0x14, 0x14, 0x00, 0x07, 0x1b, 0x00, 0x3f, 0x3f,
  0x00, 0x10, 0xfd, 0x10, 0xfd, 0x3f, 0x3c, 0xd6, 0x3c, 0x01, 0x2e, 0x2e,
  0x2e, 0x2e, 0x2e, 0x2e, 0x31, 0x30, 0xb2, 0x37, 0x0e, 0x05, 0x2b, 0x01,
  0x21, 0x17, 0x14, 0x07, 0x06, 0x04, 0x21, 0x20, 0x24, 0x27, 0x2e, 0x02,
  0x35, 0x34, 0x36, 0x37, 0x36, 0x24, 0x21, 0x20, 0x16, 0x17, 0x1e, 0x01,
  0x15, 0x07, 0x21, 0x34, 0x26, 0x27, 0x26, 0x27, 0x26, 0x27, 0x2e, 0x01,
  0x23, 0x22, 0x06, 0x07, 0x0e, 0x01, 0x15, 0x14, 0x1e, 0x02, 0x33, 0x32,
  0x36, 0x37, 0x3e, 0x01, 0x05, 0x72, 0x01, 0xa0, 0x04, 0x2f, 0x33, 0xfe,
  0xd2, 0xfe, 0x8c, 0xfe, 0x7b, 0xfe, 0xb3, 0x53, 0x4a, 0x4a, 0x15, 0x12,
  0x1a, 0x39, 0x01, 0x5c, 0x02, 0x10, 0x01, 0x08, 0xef, 0x48, 0x5c, 0x4d,
  0x01, 0xfe, 0x60, 0x03, 0x06, 0x04, 0x12, 0x18, 0x61, 0x2c, 0x9d, 0x5d,
  0xc3, 0x95, 0x20, 0x24, 0x1e, 0x19, 0x49, 0x99, 0xc2, 0xf7, 0x98, 0x1b,
  0x12, 0x15, 0x02, 0x0f, 0x81, 0x9f, 0x58, 0x63, 0x49, 0x1e, 0x2b, 0x27,
  0x84, 0xd0, 0xf3, 0xed, 0xd4, 0x38, 0x81, 0x4e, 0x18, 0x21, 0x2b, 0xaf,
  0xa7, 0x44, 0x21, 0x22, 0x18, 0x16, 0x10, 0x15, 0x09, 0x04, 0x06, 0x10,
  0x1a, 0x1e, 0x90, 0x99, 0x9d, 0x7d, 0x37, 0x12, 0x10, 0x1b, 0x11, 0x53,
  0x00, 0x02, 0x00, 0x60, 0x00, 0x00, 0x07, 0x6b, 0x05, 0x55, 0x00, 0x1b,
  0x00, 0x2b, 0x00, 0x35, 0x40, 0x16, 0x2b, 0x22, 0x1c, 0x0d, 0x01, 0x00,
  0x17, 0x05, 0x1d, 0x1c, 0x43, 0x00, 0x2b, 0x2a, 0x43, 0x01, 0x02, 0x01,
  0x00, 0x1b, 0x00, 0x1a, 0x00, 0x3f, 0x3c, 0x3f, 0x3c, 0x00, 0x10, 0xfd,
  0x3c, 0x10, 0xfd, 0x3c, 0x00, 0x2e, 0x2e, 0x01, 0x2e, 0x2e, 0x2e, 0x2e,
  0x2e, 0x2e, 0x31, 0x30, 0xb2, 0x2c, 0x00, 0x05, 0x2b, 0x33, 0x11, 0x21,
  0x32, 0x16, 0x17, 0x32, 0x16, 0x17, 0x16, 0x17, 0x1e, 0x01, 0x15, 0x14,
  0x07, 0x0e, 0x01, 0x07, 0x06, 0x07, 0x0e, 0x01, 0x23, 0x22, 0x07, 0x06,
  0x23, 0x01, 0x21, 0x32, 0x3e, 0x02, 0x35, 0x34, 0x26, 0x27, 0x26, 0x27,
  0x2e, 0x01, 0x23, 0x21, 0x60, 0x03, 0xd9, 0x5c, 0xa4, 0x57, 0x26, 0x52,
  0x31, 0xcc, 0x3f, 0x16, 0x11, 0x0a, 0x04, 0x12, 0x0d, 0x3c, 0xbf, 0x37,
  0x5b, 0x2c, 0x38, 0x25, 0xba, 0x34, 0xfd, 0xc0, 0x02, 0x43, 0xa2, 0x94,
  0x41, 0x1d, 0x18, 0x1e, 0x20, 0x43, 0x1e, 0x81, 0x60, 0xfd, 0xc1, 0x05,
  0x55, 0x03, 0x01, 0x0b, 0x0b, 0x2a, 0xbe, 0x46, 0xab, 0xa3, 0xbb, 0x5a,
  0x2e, 0x56, 0x27, 0xb4, 0x2a, 0x0c, 0x0f, 0x01, 0x05, 0x01, 0x5c, 0x14,
  0x38, 0x80, 0x7d, 0x7d, 0x80, 0x24, 0x23, 0x0c, 0x05, 0x06, 0x00, 0x01,
  0x00, 0x60, 0x00, 0x00, 0x06, 0x50, 0x05, 0x55, 0x00, 0x0b, 0x00, 0x45,
  0x40, 0x1f, 0x0b, 0x0a, 0x09, 0x08, 0x07, 0x06, 0x05, 0x04, 0x03, 0x02,
  0x01, 0x00, 0x09, 0x08, 0x43, 0x0a, 0x03, 0x02, 0x43, 0x00, 0x07, 0x06,
  0x43, 0x05, 0x04, 0x01, 0x00, 0x00, 0x0b, 0x0a, 0x1a, 0x00, 0x3f, 0x3c,
  0x3f, 0x3c, 0x00, 0x2f, 0x3c, 0xfd, 0x3c, 0x10, 0xfd, 0x3c, 0x10, 0xfd,
  0x3c, 0x01, 0x2e, 0x2e, 0x2e, 0x2e, 0x2e, 0x2e, 0x2e, 0x2e, 0x2e, 0x2e,
  0x2e, 0x2e, 0x31, 0x30, 0xb2, 0x0c, 0x00, 0x05, 0x2b, 0x13, 0x21, 0x11,
  0x21, 0x15, 0x21, 0x11, 0x21, 0x15, 0x21, 0x11, 0x21, 0x60, 0x05, 0xe8,
  0xfb, 0xb2, 0x04, 0x16, 0xfb, 0xea, 0x04, 0x56, 0xfa, 0x10, 0x05, 0x55,
  0xfe, 0xbf, 0xc5, 0xfe, 0xd4, 0xdb, 0xfe, 0xb8, 0x00, 0x01, 0x00, 0x60,
  0x00, 0x00, 0x06, 0x03, 0x05, 0x55, 0x00, 0x09, 0x00, 0x3a, 0x40, 0x19,
  0x09, 0x08, 0x07, 0x06, 0x05, 0x04, 0x03, 0x02, 0x01, 0x00, 0x03, 0x02,
  0x43, 0x00, 0x05, 0x04, 0x43, 0x07, 0x06, 0x01, 0x00, 0x00, 0x09, 0x08,
  0x1a, 0x00, 0x3f, 0x3c, 0x3f, 0x3c, 0x00, 0x2f, 0x3c, 0xfd, 0x3c, 0x10,
  0xfd, 0x3c, 0x01, 0x2e, 0x2e, 0x2e, 0x2e, 0x2e, 0x2e, 0x2e, 0x2e, 0x2e,
  0x2e, 0x31, 0x30, 0xb2, 0x0a, 0x00, 0x05, 0x2b, 0x13, 0x21, 0x11, 0x21,
  0x11, 0x21, 0x11, 0x21, 0x11, 0x21, 0x60, 0x05, 0xa3, 0xfb, 0xfd, 0x03,
  0xd1, 0xfc, 0x2f, 0xfe, 0x60, 0x05, 0x55, 0xfe, 0xbf, 0xfe, 0xfe, 0xfe,
  0xc6, 0xfe, 0x28, 0x00, 0x00, 0x01, 0x00, 0x44, 0xff, 0xec, 0x07, 0x56,
  0x05, 0x69, 0x00, 0x46, 0x00, 0x4c, 0x40, 0x25, 0x46, 0x44, 0x35, 0x27,
  0x26, 0x13, 0x02, 0x00, 0x27, 0x26, 0x00, 0x39, 0x43, 0x47, 0x30, 0x43,
  0x1a, 0x2c, 0x43, 0x1d, 0x00, 0x3c, 0x43, 0x0c, 0x3f, 0x43, 0x09, 0x1b,
  0x01, 0x00, 0x43, 0x46, 0x45, 0x1a, 0x00, 0x0c, 0x1b, 0x00, 0x3f, 0x3f,
  0x00, 0x2f, 0x3c, 0xfd, 0x3c, 0x3f, 0xfd, 0x10, 0xfd, 0x3f, 0xfd, 0x10,
  0xfd, 0x10, 0xfd, 0x10, 0xd6, 0x3c, 0x01, 0x2e, 0x2e, 0x2e, 0x2e, 0x2e,
  0x2e, 0x2e, 0x2e, 0x31, 0x30, 0xb2, 0x47, 0x13, 0x05, 0x2b, 0x01, 0x21,
  0x17, 0x10, 0x07, 0x06, 0x07, 0x0e, 0x01, 0x23, 0x22, 0x04, 0x23, 0x20,
  0x24, 0x27, 0x2e, 0x02, 0x11, 0x34, 0x36, 0x37, 0x36, 0x37, 0x36, 0x21,
  0x32, 0x16, 0x17, 0x32, 0x17, 0x16, 0x17, 0x16, 0x17, 0x1e, 0x01, 0x15,
  0x21, 0x34, 0x2e, 0x02, 0x23, 0x22, 0x27, 0x26, 0x23, 0x22, 0x0e, 0x02,
  0x15, 0x14, 0x1e, 0x01, 0x17, 0x1e, 0x01, 0x33, 0x32, 0x36, 0x37, 0x32,
  0x3e, 0x02, 0x35, 0x27, 0x21, 0x03, 0x9d, 0x03, 0xb7, 0x02, 0x0f, 0x18,
  0xf4, 0x3d, 0x77, 0x3d, 0x13, 0xfe, 0xba, 0x44, 0xfe, 0x9d, 0xfe, 0xdf,
  0x55, 0x38, 0x3e, 0x1a, 0x13, 0x1e, 0x3b, 0xc0, 0xd8, 0x01, 0xad, 0x81,
  0xc8, 0x4f, 0x46, 0x42, 0x2f, 0x40, 0x9c, 0x22, 0x08, 0x09, 0xfe, 0x60,
  0x0d, 0x25, 0x4c, 0x34, 0x38, 0x23, 0xaf, 0x26, 0xdc, 0xb5, 0x43, 0x19,
  0x18, 0x43, 0x37, 0x4c, 0xb1, 0x5c, 0x81, 0x9d, 0x3b, 0x1d, 0x2e, 0x35,
  0x19, 0x01, 0xfd, 0xdd, 0x03, 0x06, 0x25, 0xfe, 0xe0, 0x93, 0xeb, 0x33,
  0x0c, 0x10, 0x08, 0x25, 0x3a, 0x26, 0x79, 0xc3, 0x01, 0x13, 0xbf, 0xb8,
  0x4d, 0x9e, 0x22, 0x25, 0x06, 0x07, 0x0d, 0x09, 0x15, 0x30, 0xa4, 0x28,
  0x76, 0x41, 0x3a, 0x28, 0x1c, 0x12, 0x01, 0x05, 0x13, 0x37, 0x80, 0x9a,
  0xab, 0x8b, 0x37, 0x06, 0x04, 0x05, 0x03, 0x02, 0x09, 0x16, 0x3f, 0x38,
  0x26, 0x00, 0x00, 0x01, 0x00, 0x60, 0x00, 0x00, 0x07, 0x75, 0x05, 0x55,
  0x00, 0x0b, 0x00, 0x40, 0x40, 0x1e, 0x0b, 0x0a, 0x09, 0x08, 0x07, 0x06,
  0x05, 0x04, 0x03, 0x02, 0x01, 0x00, 0x09, 0x08, 0x43, 0x03, 0x02, 0x16,
  0x05, 0x04, 0x01, 0x03, 0x00, 0x00, 0x0b, 0x0a, 0x07, 0x03, 0x06, 0x1a,
  0x00, 0x3f, 0x17, 0x3c, 0x3f, 0x17, 0x3c, 0x00, 0x3f, 0x3c, 0xfd, 0x3c,
  0x01, 0x2e, 0x2e, 0x2e, 0x2e, 0x2e, 0x2e, 0x2e, 0x2e, 0x2e, 0x2e, 0x2e,
  0x2e, 0x31, 0x30, 0xb2, 0x0c, 0x00, 0x05, 0x2b, 0x13, 0x21, 0x11, 0x21,
  0x11, 0x21, 0x11, 0x21, 0x11, 0x21, 0x11, 0x21, 0x60, 0x01, 0xb5, 0x03,
  0xab, 0x01, 0xb5, 0xfe, 0x4b, 0xfc, 0x55, 0xfe, 0x4b, 0x05, 0x55, 0xfe,
  0x18, 0x01, 0xe8, 0xfa, 0xab, 0x01, 0xef, 0xfe, 0x11, 0x00, 0x00, 0x01,
  0x00, 0x60, 0x00, 0x00, 0x02, 0x15, 0x05, 0x55, 0x00, 0x03, 0x00, 0x1e,
  0x40, 0x0a, 0x03, 0x02, 0x01, 0x00, 0x01, 0x00, 0x00, 0x03, 0x02, 0x1a,
  0x00, 0x3f, 0x3c, 0x3f, 0x3c, 0x00, 0x01, 0x2e, 0x2e, 0x2e, 0x2e, 0x31,
  0x30, 0xb2, 0x04, 0x00, 0x05, 0x2b, 0x13, 0x21, 0x11, 0x21, 0x60, 0x01,
  0xb5, 0xfe, 0x4b, 0x05, 0x55, 0xfa, 0xab, 0x00, 0x00, 0x01, 0x00, 0x07,
  0xff, 0xec, 0x05, 0xa8, 0x05, 0x55, 0x00, 0x1d, 0x00, 0x2a, 0x40, 0x10,
  0x1d, 0x13, 0x11, 0x02, 0x01, 0x00, 0x13, 0x12, 0x18, 0x43, 0x0a, 0x01,
  0x00, 0x00, 0x0a, 0x1b, 0x00, 0x3f, 0x3f, 0x3c, 0x00, 0x10, 0xfd, 0x00,
  0x2e, 0x2e, 0x01, 0x2e, 0x2e, 0x2e, 0x2e, 0x2e, 0x2e, 0x31, 0x30, 0xb2,
  0x1e, 0x11, 0x05, 0x2b, 0x01, 0x21, 0x11, 0x14, 0x06, 0x07, 0x06, 0x07,
  0x0e, 0x01, 0x23, 0x22, 0x26, 0x27, 0x26, 0x27, 0x26, 0x35, 0x37, 0x21,
  0x14, 0x16, 0x17, 0x16, 0x33, 0x32, 0x37, 0x3e, 0x01, 0x35, 0x04, 0x08,
  0x01, 0xa0, 0x25, 0x34, 0x42, 0x82, 0x42, 0xca, 0x93, 0xac, 0xf8, 0x4f,
  0xba, 0x27, 0x11, 0x03, 0x01, 0xa0, 0x0c, 0x16, 0x2f, 0xd3, 0xdf, 0x35,
  0x17, 0x0f, 0x05, 0x55, 0xfc, 0xd0, 0xc1, 0xb5, 0x3d, 0x4c, 0x1e, 0x0e,
  0x0e, 0x12, 0x13, 0x2d, 0xb3, 0x4f, 0x7f, 0x8f, 0x6e, 0x4e, 0x16, 0x2d,
  0x2e, 0x14, 0x45, 0x58, 0x00, 0x01, 0x00, 0x60, 0x00, 0x00, 0x07, 0xbf,
  0x05, 0x5e, 0x00, 0x0c, 0x00, 0x40, 0x40, 0x1c, 0x0c, 0x0b, 0x0a, 0x07,
  0x05, 0x02, 0x01, 0x00, 0x01, 0x00, 0x06, 0x02, 0x09, 0x0a, 0x09, 0x43,
  0x03, 0x02, 0x16, 0x05, 0x04, 0x00, 0x0c, 0x0b, 0x08, 0x03, 0x07, 0x1a,
  0x00, 0x3f, 0x17, 0x3c, 0x3f, 0x3c, 0x00, 0x3f, 0x3c, 0xfd, 0x3c, 0x00,
  0x11, 0x12, 0x39, 0x00, 0x2e, 0x2e, 0x01, 0x2e, 0x2e, 0x2e, 0x2e, 0x2e,
  0x2e, 0x2e, 0x2e, 0x31, 0x30, 0xb2, 0x0d, 0x00, 0x05, 0x2b, 0x13, 0x21,
  0x11, 0x33, 0x01, 0x21, 0x09, 0x01, 0x21, 0x01, 0x23, 0x11, 0x21, 0x60,
  0x01, 0xa0, 0xe4, 0x02, 0x1c, 0x02, 0x7c, 0xfc, 0xeb, 0x03, 0x58, 0xfd,
  0x88, 0xfd, 0x9d, 0xe4, 0xfe, 0x60, 0x05, 0x55, 0xfe, 0x11, 0x01, 0xf8,
  0xfd, 0x59, 0xfd, 0x49, 0x02, 0x0a, 0xfd, 0xf6, 0x00, 0x01, 0x00, 0x60,
  0x00, 0x00, 0x05, 0xe0, 0x05, 0x55, 0x00, 0x05, 0x00, 0x29, 0x40, 0x10,
  0x05, 0x04, 0x03, 0x02, 0x01, 0x00, 0x03, 0x02, 0x43, 0x04, 0x01, 0x00,
  0x00, 0x05, 0x04, 0x1a, 0x00, 0x3f, 0x3c, 0x3f, 0x3c, 0x00, 0x10, 0xfd,
  0x3c, 0x01, 0x2e, 0x2e, 0x2e, 0x2e, 0x2e, 0x2e, 0x31, 0x30, 0xb2, 0x06,
  0x00, 0x05, 0x2b, 0x13, 0x21, 0x11, 0x21, 0x11, 0x21, 0x60, 0x01, 0xb5,
  0x03, 0xcb, 0xfa, 0x80, 0x05, 0x55, 0xfc, 0x07, 0xfe, 0xa4, 0x00, 0x01,
  0x00, 0x60, 0x00, 0x00, 0x09, 0x6c, 0x05, 0x55, 0x00, 0x0e, 0x00, 0x45,
  0x40, 0x22, 0x0d, 0x06, 0x0c, 0x0b, 0x08, 0x03, 0x07, 0x43, 0x00, 0x0c,
  0x42, 0x0e, 0x00, 0x07, 0x42, 0x05, 0x04, 0x04, 0x03, 0x01, 0x03, 0x00,
  0x00, 0x0e, 0x0d, 0x0a, 0x09, 0x06, 0x05, 0x05, 0x1a, 0x01, 0x00, 0x46,
  0x76, 0x2f, 0x37, 0x18, 0x00, 0x3f, 0x17, 0x3c, 0x3f, 0x17, 0x3c, 0x01,
  0x2f, 0x3c, 0xfd, 0x2f, 0x3c, 0xfd, 0x00, 0x10, 0xfd, 0x17, 0x3c, 0x01,
  0x2e, 0x2e, 0x31, 0x30, 0xb2, 0x0f, 0x00, 0x05, 0x2b, 0x13, 0x21, 0x09,
  0x01, 0x21, 0x11, 0x21, 0x13, 0x23, 0x01, 0x21, 0x01, 0x23, 0x13, 0x21,
  0x60, 0x02, 0xf2, 0x01, 0x96, 0x01, 0x96, 0x02, 0xee, 0xfe, 0x66, 0x0a,
  0x44, 0xfd, 0xfd, 0xfe, 0xa7, 0xfd, 0xfd, 0x49, 0x0a, 0xfe, 0x66, 0x05,
  0x55, 0xfc, 0x8a, 0x03, 0x76, 0xfa, 0xab, 0x03, 0xfe, 0xfc, 0x02, 0x03,
  0xfe, 0xfc, 0x02, 0x00, 0x00, 0x01, 0x00, 0x60, 0x00, 0x00, 0x07, 0xcc,
  0x05, 0x55, 0x00, 0x0b, 0x00, 0x3c, 0x40, 0x1c, 0x0b, 0x0a, 0x09, 0x06,
  0x05, 0x04, 0x03, 0x00, 0x03, 0x02, 0x43, 0x06, 0x09, 0x08, 0x43, 0x00,
  0x05, 0x04, 0x01, 0x03, 0x00, 0x00, 0x0b, 0x0a, 0x07, 0x03, 0x06, 0x1a,
  0x00, 0x3f, 0x17, 0x3c, 0x3f, 0x17, 0x3c, 0x00, 0x10, 0xfd, 0x3c, 0x10,
  0xfd, 0x3c, 0x01, 0x2e, 0x2e, 0x2e, 0x2e, 0x2e, 0x2e, 0x2e, 0x2e, 0x31,
  0x30, 0xb2, 0x0c, 0x00, 0x05, 0x2b, 0x13, 0x21, 0x01, 0x33, 0x03, 0x21,
  0x11, 0x21, 0x01, 0x23, 0x13, 0x21, 0x60, 0x02, 0xd9, 0x02, 0xcb, 0x2b,
  0x0a, 0x01, 0xa7, 0xfd, 0x2d, 0xfd, 0x32, 0x2d, 0x09, 0xfe, 0x59, 0x05,
  0x55, 0xfc, 0x06, 0x03, 0xfa, 0xfa, 0xab, 0x03, 0xfa, 0xfc, 0x06, 0x00,
  0x00, 0x02, 0x00, 0x44, 0xff, 0xec, 0x07, 0x98, 0x05, 0x69, 0x00, 0x18,
  0x00, 0x31, 0x00, 0x24, 0x40, 0x0e, 0x2c, 0x1f, 0x13, 0x06, 0x26, 0x43,
  0x0d, 0x19, 0x43, 0x00, 0x00, 0x00, 0x0d, 0x1b, 0x00, 0x3f, 0x3f, 0x00,
  0x10, 0xfd, 0x10, 0xfd, 0x01, 0x2e, 0x2e, 0x2e, 0x2e, 0x31, 0x30, 0xb2,
  0x32, 0x13, 0x05, 0x2b, 0x01, 0x20, 0x17, 0x16, 0x17, 0x16, 0x11, 0x14,
  0x06, 0x07, 0x06, 0x07, 0x06, 0x21, 0x20, 0x27, 0x26, 0x27, 0x26, 0x11,
  0x10, 0x37, 0x36, 0x37, 0x36, 0x01, 0x22, 0x06, 0x07, 0x0e, 0x01, 0x15,
  0x14, 0x16, 0x17, 0x16, 0x17, 0x16, 0x21, 0x32, 0x36, 0x37, 0x3e, 0x01,
  0x35, 0x34, 0x26, 0x27, 0x2e, 0x01, 0x03, 0xee, 0x01, 0xbc, 0xa4, 0xee,
  0x37, 0x25, 0x12, 0x13, 0x36, 0xef, 0xad, 0xfe, 0x51, 0xfe, 0x3f, 0xa3,
  0xee, 0x37, 0x25, 0x25, 0x36, 0xef, 0xad, 0x01, 0xb4, 0xa4, 0xc7, 0x23,
  0x4b, 0x32, 0x06, 0x07, 0x18, 0x7f, 0x5d, 0x01, 0x0c, 0xfa, 0xa7, 0x28,
  0x24, 0x1a, 0x13, 0x1b, 0x21, 0x9b, 0x05, 0x69, 0x16, 0x1f, 0xc4, 0x89,
  0xfe, 0xc4, 0x9f, 0xe2, 0x45, 0xc2, 0x21, 0x16, 0x16, 0x1f, 0xc4, 0x89,
  0x01, 0x45, 0x01, 0x39, 0x84, 0xc2, 0x21, 0x16, 0xfe, 0x9d, 0x08, 0x09,
  0x13, 0x8c, 0xcf, 0x3e, 0x59, 0x1e, 0x67, 0x10, 0x0c, 0x12, 0x1f, 0x1b,
  0x72, 0x78, 0x96, 0x86, 0x24, 0x2c, 0x15, 0x00, 0x00, 0x02, 0x00, 0x60,
  0x00, 0x00, 0x06, 0xc7, 0x05, 0x55, 0x00, 0x11, 0x00, 0x27, 0x00, 0x3d,
  0x40, 0x1d, 0x27, 0x20, 0x12, 0x11, 0x10, 0x07, 0x01, 0x00, 0x18, 0x17,
  0x16, 0x15, 0x14, 0x13, 0x06, 0x12, 0x43, 0x10, 0x0f, 0x27, 0x26, 0x43,
  0x01, 0x02, 0x01, 0x00, 0x11, 0x00, 0x1a, 0x00, 0x3f, 0x3c, 0x3f, 0x3c,
  0x00, 0x10, 0xfd, 0x3c, 0x2f, 0x3c, 0xfd, 0x17, 0x3c, 0x01, 0x2e, 0x2e,
  0x2e, 0x2e, 0x2e, 0x2e, 0x2e, 0x2e, 0x31, 0x30, 0xb2, 0x28, 0x00, 0x05,
  0x2b, 0x33, 0x11, 0x21, 0x20, 0x17, 0x1e, 0x01, 0x11, 0x14, 0x07, 0x0e,
  0x01, 0x07, 0x0e, 0x01, 0x23, 0x21, 0x19, 0x01, 0x21, 0x3b, 0x04, 0x32,
  0x37, 0x36, 0x37, 0x36, 0x37, 0x36, 0x35, 0x34, 0x26, 0x27, 0x2e, 0x01,
  0x23, 0x21, 0x60, 0x03, 0xa7, 0x01, 0x1c, 0x4a, 0xcb, 0x8f, 0x3b, 0x27,
  0x8f, 0x7f, 0x29, 0xb0, 0x73, 0xfd, 0xf5, 0x02, 0x08, 0x22, 0x1a, 0x15,
  0x11, 0x0d, 0x2f, 0x0f, 0x21, 0x18, 0x1e, 0x0e, 0x0c, 0x1e, 0x26, 0x10,
  0x69, 0x61, 0xfd, 0xf8, 0x05, 0x55, 0x0b, 0x1b, 0xce, 0xfe, 0xf5, 0xfd,
  0x66, 0x45, 0x47, 0x0f, 0x04, 0x06, 0xfe, 0xb2, 0x02, 0xa3, 0x04, 0x03,
  0x0d, 0x10, 0x23, 0x23, 0x49, 0x47, 0x45, 0x10, 0x06, 0x08, 0x00, 0x02,
  0x00, 0x44, 0xff, 0xec, 0x08, 0x3c, 0x05, 0x69, 0x00, 0x1c, 0x00, 0x37,
  0x00, 0x44, 0x40, 0x1e, 0x37, 0x36, 0x2b, 0x1f, 0x1c, 0x1a, 0x17, 0x0b,
  0x1e, 0x00, 0x33, 0x05, 0x1d, 0x25, 0x02, 0x43, 0x38, 0x01, 0x43, 0x38,
  0x25, 0x43, 0x11, 0x33, 0x43, 0x05, 0x11, 0x00, 0x05, 0x1b, 0x00, 0x3f,
  0x3f, 0x00, 0x10, 0xfd, 0x10, 0xfd, 0x10, 0xfd, 0x10, 0xfd, 0x10, 0xd6,
  0x00, 0x11, 0x12, 0x39, 0x00, 0x2e, 0x01, 0x2e, 0x2e, 0x2e, 0x2e, 0x2e,
  0x2e, 0x2e, 0x2e, 0x31, 0x30, 0xb2, 0x38, 0x0b, 0x05, 0x2b, 0x01, 0x03,
  0x27, 0x06, 0x04, 0x21, 0x20, 0x27, 0x26, 0x27, 0x26, 0x11, 0x10, 0x37,
  0x36, 0x37, 0x36, 0x21, 0x20, 0x17, 0x16, 0x17, 0x16, 0x17, 0x14, 0x16,
  0x15, 0x14, 0x07, 0x09, 0x01, 0x37, 0x34, 0x26, 0x27, 0x2e, 0x01, 0x21,
  0x22, 0x06, 0x07, 0x0e, 0x01, 0x15, 0x14, 0x16, 0x17, 0x1e, 0x01, 0x17,
  0x16, 0x21, 0x32, 0x36, 0x37, 0x25, 0x08, 0x3c, 0x9d, 0x86, 0x54, 0xfe,
  0xda, 0xfe, 0x41, 0xfe, 0x51, 0xa3, 0xee, 0x37, 0x25, 0x25, 0x36, 0xef,
  0xad, 0x01, 0xb3, 0x01, 0xbc, 0xa4, 0xee, 0x37, 0x14, 0x09, 0x08, 0x0c,
  0xfc, 0xc3, 0x01, 0xa8, 0x01, 0x13, 0x1b, 0x21, 0x9c, 0xfe, 0xe1, 0xa5,
  0xc6, 0x21, 0x4e, 0x30, 0x06, 0x07, 0x0c, 0x4c, 0x55, 0x5a, 0x01, 0x09,
  0x83, 0xae, 0x2f, 0xfe, 0x48, 0x01, 0x14, 0xfe, 0xde, 0x5f, 0x3f, 0x26,
  0x16, 0x1f, 0xc4, 0x89, 0x01, 0x3d, 0x01, 0x40, 0x85, 0xc2, 0x21, 0x16,
  0x16, 0x1f, 0xc4, 0x46, 0x6b, 0x13, 0xde, 0x2d, 0xc7, 0x6b, 0x01, 0xf6,
  0xfe, 0xf4, 0x2c, 0x96, 0x86, 0x24, 0x2c, 0x15, 0x08, 0x09, 0x13, 0x8c,
  0xd0, 0x3e, 0x59, 0x1d, 0x36, 0x3a, 0x0b, 0x08, 0x06, 0x07, 0xe9, 0x00,
  0x00, 0x02, 0x00, 0x60, 0x00, 0x00, 0x07, 0x04, 0x05, 0x55, 0x00, 0x1d,
  0x00, 0x2d, 0x00, 0x52, 0x40, 0x26, 0x2d, 0x26, 0x1e, 0x1d, 0x1c, 0x15,
  0x14, 0x13, 0x12, 0x09, 0x01, 0x00, 0x0d, 0x0d, 0x1e, 0x1b, 0x2b, 0x43,
  0x01, 0x1f, 0x1e, 0x43, 0x1c, 0x1b, 0x1e, 0x2d, 0x2c, 0x43, 0x01, 0x02,
  0x01, 0x00, 0x1d, 0x14, 0x13, 0x03, 0x00, 0x1a, 0x00, 0x3f, 0x17, 0x3c,
  0x3f, 0x3c, 0x00, 0x10, 0xfd, 0x3c, 0x3f, 0x3c, 0xfd, 0x3c, 0x10, 0xfd,
  0x00, 0x11, 0x12, 0x39, 0x00, 0x2e, 0x01, 0x2e, 0x2e, 0x2e, 0x2e, 0x2e,
  0x2e, 0x2e, 0x2e, 0x2e, 0x2e, 0x2e, 0x2e, 0x31, 0x30, 0xb2, 0x2e, 0x00,
  0x05, 0x2b, 0x33, 0x11, 0x21, 0x20, 0x17, 0x16, 0x17, 0x1e, 0x01, 0x15,
  0x14, 0x0e, 0x01, 0x07, 0x32, 0x1e, 0x02, 0x1d, 0x01, 0x21, 0x35, 0x34,
  0x2e, 0x03, 0x23, 0x21, 0x19, 0x01, 0x21, 0x32, 0x3e, 0x01, 0x37, 0x3e,
  0x01, 0x35, 0x34, 0x26, 0x27, 0x26, 0x2f, 0x01, 0x21, 0x60, 0x03, 0xed,
  0x01, 0x69, 0x3f, 0x46, 0x41, 0x4d, 0x3b, 0x25, 0x68, 0x71, 0x3e, 0x5f,
  0x40, 0x12, 0xfe, 0x66, 0x11, 0x2e, 0x3d, 0x53, 0x42, 0xfd, 0xb6, 0x02,
  0x49, 0x36, 0x66, 0x39, 0x14, 0x1a, 0x17, 0x19, 0x1f, 0x15, 0x20, 0xae,
  0xfd, 0xb8, 0x05, 0x55, 0x08, 0x06, 0x28, 0x2e, 0xa6, 0xb1, 0x96, 0x89,
  0x58, 0x12, 0x28, 0x4a, 0x6e, 0xb2, 0x7f, 0x49, 0x72, 0x61, 0x32, 0x09,
  0x04, 0xfe, 0xa5, 0x02, 0xb0, 0x02, 0x06, 0x0d, 0x10, 0x45, 0x43, 0x43,
  0x42, 0x0f, 0x09, 0x03, 0x03, 0x00, 0x00, 0x01, 0x00, 0x30, 0xff, 0xec,
  0x06, 0xb7, 0x05, 0x6a, 0x00, 0x4e, 0x00, 0x5a, 0x40, 0x2c, 0x2a, 0x29,
  0x05, 0x0b, 0x12, 0x12, 0x43, 0x3a, 0x15, 0x43, 0x3a, 0x2f, 0x43, 0x22,
  0x08, 0x43, 0x49, 0x32, 0x43, 0x22, 0x16, 0x43, 0x3a, 0x2a, 0x42, 0x28,
  0x29, 0x35, 0x42, 0x1d, 0x0f, 0x42, 0x43, 0x01, 0x42, 0x4e, 0x00, 0x22,
  0x00, 0x49, 0x1b, 0x01, 0x00, 0x46, 0x76, 0x2f, 0x37, 0x18, 0x00, 0x3f,
  0x3f, 0x01, 0x2f, 0x3c, 0xfd, 0x2f, 0xfd, 0x2f, 0xfd, 0x2f, 0x3c, 0xfd,
  0x00, 0x2f, 0xfd, 0x10, 0xfd, 0x10, 0xfd, 0x10, 0xfd, 0x10, 0xfd, 0x10,
  0xfd, 0x10, 0xd6, 0x3c, 0x00, 0x2e, 0x2e, 0x31, 0x30, 0xb2, 0x4f, 0x00,
  0x05, 0x2b, 0x13, 0x21, 0x14, 0x17, 0x16, 0x17, 0x32, 0x16, 0x33, 0x32,
  0x36, 0x37, 0x32, 0x37, 0x36, 0x35, 0x34, 0x26, 0x23, 0x2e, 0x01, 0x23,
  0x25, 0x22, 0x26, 0x27, 0x26, 0x27, 0x26, 0x35, 0x34, 0x37, 0x36, 0x24,
  0x21, 0x32, 0x16, 0x17, 0x1e, 0x01, 0x15, 0x07, 0x21, 0x34, 0x27, 0x2e,
  0x01, 0x27, 0x22, 0x26, 0x23, 0x20, 0x06, 0x15, 0x14, 0x17, 0x16, 0x04,
  0x33, 0x32, 0x1e, 0x01, 0x17, 0x16, 0x17, 0x1e, 0x01, 0x15, 0x14, 0x07,
  0x0e, 0x01, 0x04, 0x21, 0x20, 0x24, 0x2e, 0x01, 0x35, 0x30, 0x01, 0x93,
  0x29, 0x1c, 0x31, 0x0d, 0xd7, 0x48, 0x84, 0x84, 0x35, 0x2f, 0x25, 0x2e,
  0x44, 0x61, 0x56, 0xa8, 0x48, 0xfe, 0xb4, 0x47, 0x74, 0x2c, 0x4f, 0x2e,
  0x4d, 0x58, 0x42, 0x01, 0x16, 0x01, 0xab, 0x96, 0xd3, 0x3e, 0xbc, 0x8c,
  0x01, 0xfe, 0x6d, 0x0a, 0x06, 0x30, 0x46, 0x03, 0xe9, 0x34, 0xfe, 0xf6,
  0x73, 0x3a, 0x29, 0x01, 0x22, 0x6e, 0x95, 0xd8, 0xbb, 0x44, 0x4b, 0x1f,
  0x0f, 0x10, 0x34, 0x27, 0x8a, 0xfe, 0xfa, 0xfe, 0x90, 0xfe, 0xc9, 0xfe,
  0xde, 0x97, 0x3c, 0x01, 0xc4, 0x65, 0x1d, 0x11, 0x06, 0x05, 0x02, 0x01,
  0x10, 0x12, 0x55, 0x3c, 0x2c, 0x05, 0x07, 0x0e, 0x0f, 0x0d, 0x18, 0x35,
  0x58, 0xce, 0xe7, 0x5f, 0x49, 0x2a, 0x08, 0x09, 0x19, 0x9f, 0xb9, 0x40,
  0x37, 0x17, 0x15, 0x1b, 0x06, 0x05, 0x20, 0x4c, 0x48, 0x10, 0x0a, 0x0f,
  0x0e, 0x16, 0x27, 0x2d, 0x4f, 0x27, 0x70, 0x4a, 0xc0, 0x5f, 0x45, 0x42,
  0x1a, 0x1f, 0x55, 0x92, 0x92, 0x00, 0x00, 0x01, 0x00, 0x00, 0x00, 0x00,
  0x06, 0x74, 0x05, 0x55, 0x00, 0x07, 0x00, 0x31, 0x40, 0x15, 0x07, 0x06,
  0x05, 0x04, 0x03, 0x02, 0x01, 0x00, 0x07, 0x06, 0x03, 0x03, 0x02, 0x43,
  0x00, 0x01, 0x00, 0x00, 0x05, 0x04, 0x1a, 0x00, 0x3f, 0x3c, 0x3f, 0x3c,
  0x00, 0x10, 0xfd, 0x17, 0x3c, 0x01, 0x2e, 0x2e, 0x2e, 0x2e, 0x2e, 0x2e,
  0x2e, 0x2e, 0x31, 0x30, 0xb2, 0x08, 0x00, 0x05, 0x2b, 0x11, 0x21, 0x11,
  0x21, 0x11, 0x21, 0x11, 0x21, 0x06, 0x74, 0xfd, 0xa1, 0xfe, 0x4b, 0xfd,
  0xa0, 0x05, 0x55, 0xfe, 0xa4, 0xfc, 0x07, 0x03, 0xf9, 0x00, 0x00, 0x01,
  0x00, 0x59, 0xff, 0xec, 0x07, 0x47, 0x05, 0x55, 0x00, 0x2c, 0x00, 0x36,
  0x40, 0x18, 0x2c, 0x29, 0x14, 0x13, 0x12, 0x11, 0x10, 0x02, 0x01, 0x00,
  0x21, 0x43, 0x2d, 0x08, 0x43, 0x1e, 0x13, 0x12, 0x01, 0x03, 0x00, 0x00,
  0x1e, 0x1b, 0x00, 0x3f, 0x3f, 0x17, 0x3c, 0x00, 0x10, 0xfd, 0x10, 0xfd,
  0x01, 0x2e, 0x2e, 0x2e, 0x2e, 0x2e, 0x2e, 0x2e, 0x2e, 0x2e, 0x2e, 0x31,
  0x30, 0xb2, 0x2d, 0x00, 0x05, 0x2b, 0x13, 0x21, 0x11, 0x14, 0x16, 0x17,
  0x1e, 0x01, 0x21, 0x32, 0x36, 0x37, 0x36, 0x37, 0x3e, 0x01, 0x35, 0x37,
  0x11, 0x21, 0x11, 0x14, 0x06, 0x07, 0x06, 0x07, 0x06, 0x07, 0x0e, 0x01,
  0x23, 0x22, 0x26, 0x27, 0x22, 0x26, 0x27, 0x26, 0x27, 0x2e, 0x01, 0x35,
  0x2e, 0x01, 0x35, 0x59, 0x01, 0xa0, 0x08, 0x07, 0x0f, 0xb3, 0x01, 0x07,
  0xd7, 0xa8, 0x23, 0x15, 0x0b, 0x07, 0x08, 0x05, 0x01, 0xa0, 0x0b, 0x0a,
  0x18, 0x8c, 0x4c, 0x93, 0x4c, 0xe1, 0xac, 0x65, 0xae, 0x6a, 0x3c, 0x6e,
  0x3f, 0xda, 0x26, 0x07, 0x0b, 0x02, 0x03, 0x05, 0x55, 0xfd, 0x8d, 0x6c,
  0x82, 0x23, 0x50, 0x32, 0x18, 0x26, 0x18, 0x27, 0x1a, 0x4a, 0x1b, 0x97,
  0x02, 0x73, 0xfd, 0x8d, 0xa3, 0xc6, 0x43, 0xac, 0x50, 0x2c, 0x12, 0x08,
  0x08, 0x06, 0x03, 0x11, 0x0f, 0x33, 0xd5, 0x2a, 0x4d, 0x1c, 0x4e, 0xac,
  0x38, 0x00, 0x00, 0x01, 0xff, 0xe5, 0x00, 0x00, 0x07, 0xa1, 0x05, 0x55,
  0x00, 0x07, 0x00, 0x25, 0x40, 0x0f, 0x05, 0x00, 0x03, 0x02, 0x43, 0x06,
  0x05, 0x04, 0x01, 0x03, 0x00, 0x00, 0x07, 0x06, 0x1a, 0x00, 0x3f, 0x3c,
  0x3f, 0x17, 0x3c, 0x00, 0x10, 0xfd, 0x3c, 0x01, 0x2e, 0x2e, 0x31, 0x30,
  0xb2, 0x08, 0x00, 0x05, 0x2b, 0x03, 0x21, 0x01, 0x33, 0x01, 0x21, 0x01,
  0x21, 0x1b, 0x01, 0xc9, 0x01, 0xf2, 0x4e, 0x01, 0xed, 0x01, 0xc6, 0xfd,
  0x66, 0xfd, 0x81, 0x05, 0x55, 0xfc, 0x02, 0x03, 0xfe, 0xfa, 0xab, 0x00,
  0x00, 0x01, 0xff, 0xe5, 0x00, 0x00, 0x0b, 0x21, 0x05, 0x55, 0x00, 0x0e,
  0x00, 0x34, 0x40, 0x1a, 0x09, 0x00, 0x0c, 0x43, 0x00, 0x07, 0x06, 0x03,
  0x03, 0x02, 0x43, 0x0a, 0x09, 0x08, 0x05, 0x04, 0x01, 0x05, 0x00, 0x00,
  0x0e, 0x0d, 0x0b, 0x03, 0x0a, 0x1a, 0x00, 0x3f, 0x17, 0x3c, 0x3f, 0x17,
  0x3c, 0x00, 0x10, 0xfd, 0x17, 0x3c, 0x10, 0xfd, 0x01, 0x2e, 0x2e, 0x31,
  0x30, 0xb2, 0x0f, 0x00, 0x05, 0x2b, 0x03, 0x21, 0x01, 0x33, 0x01, 0x21,
  0x01, 0x33, 0x01, 0x21, 0x01, 0x21, 0x09, 0x01, 0x21, 0x1b, 0x01, 0xa8,
  0x01, 0x6e, 0x4d, 0x01, 0x35, 0x01, 0xf6, 0x01, 0x37, 0x4e, 0x01, 0x70,
  0x01, 0xb9, 0xfd, 0xed, 0xfd, 0x7e, 0xfe, 0xee, 0xfe, 0xf1, 0xfd, 0x7c,
  0x05, 0x55, 0xfc, 0x02, 0x03, 0xfe, 0xfc, 0x02, 0x03, 0xfe, 0xfa, 0xab,
  0x03, 0xe9, 0xfc, 0x17, 0x00, 0x01, 0xff, 0xf2, 0x00, 0x00, 0x08, 0x0d,
  0x05, 0x55, 0x00, 0x0b, 0x00, 0x35, 0x40, 0x18, 0x0b, 0x0a, 0x06, 0x04,
  0x00, 0x05, 0x02, 0x08, 0x08, 0x43, 0x02, 0x16, 0x04, 0x03, 0x01, 0x03,
  0x00, 0x00, 0x0a, 0x09, 0x07, 0x03, 0x06, 0x1a, 0x00, 0x3f, 0x17, 0x3c,
  0x3f, 0x17, 0x3c, 0x00, 0x3f, 0xfd, 0x00, 0x11, 0x12, 0x39, 0x01, 0x2e,
  0x2e, 0x2e, 0x2e, 0x2e, 0x31, 0x30, 0xb2, 0x0c, 0x0a, 0x05, 0x2b, 0x13,
  0x21, 0x09, 0x01, 0x21, 0x09, 0x01, 0x21, 0x09, 0x01, 0x21, 0x01, 0x27,
  0x02, 0x39, 0x01, 0xa5, 0x01, 0xa8, 0x02, 0x40, 0xfd, 0x6f, 0x02, 0xb1,
  0xfd, 0xb7, 0xfe, 0x41, 0xfe, 0x44, 0xfd, 0xa9, 0x02, 0xba, 0x05, 0x55,
  0xfe, 0x21, 0x01, 0xdf, 0xfd, 0x5d, 0xfd, 0x4e, 0x01, 0xeb, 0xfe, 0x15,
  0x02, 0xb2, 0x00, 0x01, 0xff, 0xd7, 0x00, 0x00, 0x07, 0x7f, 0x05, 0x55,
  0x00, 0x08, 0x00, 0x29, 0x40, 0x10, 0x08, 0x07, 0x06, 0x05, 0x04, 0x00,
  0x02, 0x04, 0x03, 0x01, 0x03, 0x00, 0x00, 0x07, 0x06, 0x1a, 0x00, 0x3f,
  0x3c, 0x3f, 0x17, 0x3c, 0x00, 0x00, 0x2e, 0x01, 0x2e, 0x2e, 0x2e, 0x2e,
  0x2e, 0x2e, 0x31, 0x30, 0xb2, 0x09, 0x00, 0x05, 0x2b, 0x03, 0x21, 0x09,
  0x01, 0x21, 0x01, 0x11, 0x21, 0x11, 0x29, 0x02, 0x23, 0x01, 0xbd, 0x01,
  0xaa, 0x02, 0x1e, 0xfd, 0x15, 0xfe, 0x52, 0x05, 0x55, 0xfd, 0xdd, 0x02,
  0x23, 0xfc, 0x8e, 0xfe, 0x1d, 0x01, 0xe3, 0x00, 0x00, 0x01, 0x00, 0x29,
  0x00, 0x00, 0x06, 0xc3, 0x05, 0x55, 0x00, 0x09, 0x00, 0x39, 0x40, 0x18,
  0x09, 0x08, 0x07, 0x06, 0x05, 0x04, 0x03, 0x02, 0x01, 0x00, 0x08, 0x03,
  0x04, 0x43, 0x05, 0x09, 0x43, 0x00, 0x01, 0x00, 0x00, 0x06, 0x05, 0x1a,
  0x00, 0x3f, 0x3c, 0x3f, 0x3c, 0x00, 0x10, 0xfd, 0x10, 0xfd, 0x00, 0x2e,
  0x2e, 0x01, 0x2e, 0x2e, 0x2e, 0x2e, 0x2e, 0x2e, 0x2e, 0x2e, 0x2e, 0x2e,
  0x31, 0x30, 0xb2, 0x0a, 0x06, 0x05, 0x2b, 0x13, 0x21, 0x11, 0x01, 0x25,
  0x11, 0x21, 0x11, 0x01, 0x05, 0x3f, 0x06, 0x66, 0xfc, 0x18, 0x04, 0x06,
  0xf9, 0x66, 0x03, 0xdb, 0xfc, 0x3b, 0x05, 0x55, 0xfe, 0xc7, 0xfd, 0x2c,
  0x0d, 0xfe, 0xab, 0x01, 0x3f, 0x02, 0xce, 0x0d, 0x00, 0x01, 0x00, 0x60,
  0xff, 0x93, 0x02, 0xdb, 0x05, 0x71, 0x00, 0x07, 0x00, 0x36, 0x40, 0x17,
  0x06, 0x05, 0x02, 0x01, 0x05, 0x04, 0x43, 0x06, 0x03, 0x02, 0x43, 0x00,
  0x04, 0x03, 0x42, 0x07, 0x00, 0x01, 0x00, 0x00, 0x07, 0x06, 0x1d, 0x00,
  0x3f, 0x3c, 0x3f, 0x3c, 0x01, 0x2f, 0x3c, 0xfd, 0x3c, 0x00, 0x10, 0xfd,
  0x3c, 0x10, 0xfd, 0x3c, 0x01, 0x2e, 0x2e, 0x2e, 0x2e, 0x31, 0x30, 0xb2,
  0x08, 0x00, 0x05, 0x2b, 0x13, 0x21, 0x11, 0x21, 0x11, 0x21, 0x11, 0x21,
  0x60, 0x02, 0x7b, 0xfe, 0xf2, 0x01, 0x0e, 0xfd, 0x85, 0x05, 0x71, 0xff,
  0x00, 0xfc, 0x22, 0xff, 0x00, 0x00, 0x00, 0x01, 0xff, 0xbc, 0xfe, 0xd8,
  0x05, 0x2a, 0x06, 0x7d, 0x00, 0x03, 0x00, 0x24, 0x40, 0x0d, 0x02, 0x01,
  0x42, 0x03, 0x00, 0x00, 0x03, 0x01, 0x00, 0x12, 0x03, 0x02, 0x27, 0x00,
  0x3f, 0x3c, 0x3f, 0x3c, 0x00, 0x87, 0x2e, 0x0e, 0xc4, 0x0e, 0xfc, 0x0e,
  0xc4, 0x31, 0x30, 0xb2, 0x04, 0x00, 0x05, 0x2b, 0x03, 0x21, 0x01, 0x21,
  0x44, 0x01, 0x05, 0x04, 0x69, 0xfe, 0xfc, 0x06, 0x7d, 0xf8, 0x5b, 0x00,
  0x00, 0x01, 0x00, 0x49, 0xff, 0x93, 0x02, 0xc4, 0x05, 0x71, 0x00, 0x07,
  0x00, 0x36, 0x40, 0x17, 0x07, 0x06, 0x03, 0x02, 0x06, 0x05, 0x43, 0x00,
  0x04, 0x03, 0x43, 0x01, 0x05, 0x04, 0x42, 0x01, 0x00, 0x07, 0x00, 0x00,
  0x02, 0x01, 0x1d, 0x00, 0x3f, 0x3c, 0x3f, 0x3c, 0x01, 0x2f, 0x3c, 0xfd,
  0x3c, 0x00, 0x10, 0xfd, 0x3c, 0x10, 0xfd, 0x3c, 0x01, 0x2e, 0x2e, 0x2e,
  0x2e, 0x31, 0x30, 0xb2, 0x08, 0x02, 0x05, 0x2b, 0x01, 0x11, 0x21, 0x11,
  0x21, 0x11, 0x21, 0x11, 0x02, 0xc4, 0xfd, 0x85, 0x01, 0x0e, 0xfe, 0xf2,
  0x05, 0x71, 0xfa, 0x22, 0x01, 0x00, 0x03, 0xde, 0x01, 0x00, 0x00, 0x01,
  0x00, 0x0b, 0x02, 0xb0, 0x03, 0xf5, 0x05, 0x60, 0x00, 0x06, 0x00, 0x23,
  0x40, 0x0e, 0x04, 0x01, 0x06, 0x43, 0x02, 0x03, 0x02, 0x00, 0x05, 0x04,
  0x01, 0x03, 0x00, 0x35, 0x00, 0x3f, 0x17, 0x3c, 0x3f, 0x3c, 0x00, 0x10,
  0xfd, 0x01, 0x2e, 0x2e, 0x31, 0x30, 0xb2, 0x07, 0x01, 0x05, 0x2b, 0x01,
  0x21, 0x01, 0x21, 0x01, 0x21, 0x03, 0x01, 0x64, 0xfe, 0xa7, 0x01, 0x1b,
  0x01, 0xb4, 0x01, 0x1b, 0xfe, 0xa8, 0x9c, 0x02, 0xb0, 0x02, 0xb0, 0xfd,
  0x50, 0x01, 0xa5, 0x00, 0x00, 0x01, 0x00, 0x00, 0xfe, 0xb8, 0x04, 0x00,
  0xff, 0xae, 0x00, 0x03, 0x00, 0x1e, 0x40, 0x0a, 0x03, 0x02, 0x01, 0x00,
  0x01, 0x00, 0x17, 0x03, 0x02, 0x29, 0x00, 0x3f, 0x3c, 0x3f, 0x3c, 0x00,
  0x01, 0x2e, 0x2e, 0x2e, 0x2e, 0x31, 0x30, 0xb2, 0x04, 0x00, 0x05, 0x2b,
  0x15, 0x21, 0x15, 0x21, 0x04, 0x00, 0xfc, 0x00, 0x52, 0xf6, 0x00, 0x01,
  0x00, 0x72, 0x04, 0x20, 0x02, 0xcf, 0x06, 0x39, 0x00, 0x03, 0x00, 0x1b,
  0x40, 0x08, 0x03, 0x01, 0x00, 0x05, 0x5d, 0x02, 0x25, 0x78, 0x00, 0x76,
  0x3f, 0x76, 0x3f, 0x18, 0x00, 0x01, 0x2e, 0x2e, 0x31, 0x30, 0xb2, 0x04,
  0x03, 0x05, 0x2b, 0x09, 0x01, 0x07, 0x01, 0x01, 0x2b, 0x01, 0xa4, 0x5b,
  0xfd, 0xfe, 0x06, 0x39, 0xfe, 0x5c, 0x75, 0x01, 0x22, 0x00, 0x00, 0x02,
  0x00, 0x33, 0xff, 0xe7, 0x05, 0x4e, 0x03, 0xe3, 0x00, 0x2a, 0x00, 0x39,
  0x00, 0x59, 0x40, 0x2b, 0x01, 0x0f, 0x0e, 0x01, 0x00, 0x24, 0x23, 0x43,
  0x11, 0x10, 0x37, 0x28, 0x43, 0x07, 0x32, 0x43, 0x16, 0x2b, 0x43, 0x20,
  0x10, 0x35, 0x42, 0x0d, 0x2f, 0x42, 0x1b, 0x25, 0x24, 0x42, 0x0d, 0x10,
  0x0f, 0x42, 0x0e, 0x0d, 0x07, 0x01, 0x16, 0x1b, 0x01, 0x1b, 0x46, 0x76,
  0x2f, 0x37, 0x18, 0x00, 0x3f, 0x3f, 0x01, 0x2f, 0x3c, 0xfd, 0x3c, 0x10,
  0xfd, 0x3c, 0x2f, 0xfd, 0x10, 0xfd, 0x00, 0x3f, 0xfd, 0x10, 0xfd, 0x10,
  0xfd, 0x3f, 0x3c, 0xfd, 0x3c, 0x00, 0x2e, 0x2e, 0x2e, 0x2e, 0x01, 0x2e,
  0x31, 0x30, 0xb2, 0x3a, 0x1b, 0x05, 0x2b, 0x01, 0x21, 0x34, 0x36, 0x37,
  0x36, 0x24, 0x21, 0x32, 0x16, 0x17, 0x1e, 0x01, 0x15, 0x11, 0x21, 0x35,
  0x23, 0x06, 0x07, 0x0e, 0x01, 0x23, 0x22, 0x26, 0x27, 0x26, 0x35, 0x34,
  0x37, 0x3e, 0x01, 0x21, 0x32, 0x16, 0x17, 0x33, 0x35, 0x34, 0x26, 0x23,
  0x22, 0x06, 0x13, 0x22, 0x07, 0x06, 0x15, 0x14, 0x16, 0x33, 0x32, 0x36,
  0x35, 0x34, 0x27, 0x2e, 0x01, 0x01, 0xc3, 0xfe, 0x97, 0x19, 0x17, 0x41,
  0x01, 0x11, 0x01, 0x45, 0xed, 0xb0, 0x3d, 0x2f, 0x24, 0xfe, 0xa4, 0x11,
  0x27, 0x58, 0x2d, 0xac, 0xb0, 0x94, 0x9a, 0x32, 0x46, 0x53, 0x41, 0xd9,
  0x01, 0x22, 0x7c, 0x6d, 0x29, 0x10, 0x55, 0xa4, 0xc2, 0x5c, 0xe8, 0xb7,
  0x2c, 0x35, 0x67, 0x93, 0xc0, 0x86, 0x3b, 0x0e, 0x7e, 0x02, 0x99, 0x37,
  0x54, 0x20, 0x5d, 0x42, 0x24, 0x3d, 0x2f, 0x87, 0x85, 0xfd, 0xb9, 0x84,
  0x53, 0x27, 0x14, 0x0f, 0x25, 0x2d, 0x43, 0x98, 0xa8, 0x4c, 0x39, 0x26,
  0x1d, 0x2f, 0x33, 0x71, 0x3b, 0x1e, 0xfe, 0xbd, 0x16, 0x1a, 0x35, 0x3a,
  0x2b, 0x2e, 0x40, 0x38, 0x18, 0x05, 0x07, 0x00, 0x00, 0x02, 0x00, 0x52,
  0xff, 0xe7, 0x05, 0xa8, 0x05, 0x55, 0x00, 0x1b, 0x00, 0x30, 0x00, 0x4d,
  0x40, 0x24, 0x1b, 0x1a, 0x19, 0x03, 0x02, 0x18, 0x43, 0x31, 0x1c, 0x43,
  0x06, 0x01, 0x26, 0x43, 0x14, 0x2b, 0x42, 0x0c, 0x21, 0x02, 0x01, 0x42,
  0x00, 0x1a, 0x19, 0x42, 0x1b, 0x00, 0x01, 0x00, 0x00, 0x14, 0x1b, 0x01,
  0x00, 0x46, 0x76, 0x2f, 0x37, 0x18, 0x00, 0x3f, 0x3f, 0x3c, 0x01, 0x2f,
  0x3c, 0xfd, 0x3c, 0x10, 0xfd, 0x3c, 0x3c, 0x2f, 0xfd, 0x00, 0x10, 0xfd,
  0x3f, 0xfd, 0x10, 0xfd, 0x00, 0x2e, 0x2e, 0x2e, 0x2e, 0x2e, 0x31, 0x30,
  0xb2, 0x31, 0x00, 0x05, 0x2b, 0x13, 0x21, 0x11, 0x33, 0x3e, 0x01, 0x33,
  0x32, 0x16, 0x17, 0x1e, 0x01, 0x15, 0x14, 0x06, 0x07, 0x06, 0x07, 0x0e,
  0x01, 0x23, 0x22, 0x27, 0x26, 0x27, 0x23, 0x15, 0x21, 0x01, 0x22, 0x07,
  0x0e, 0x01, 0x15, 0x14, 0x16, 0x17, 0x16, 0x33, 0x32, 0x37, 0x3e, 0x01,
  0x35, 0x34, 0x27, 0x26, 0x27, 0x26, 0x52, 0x01, 0x6a, 0x10, 0x36, 0xaa,
  0xb6, 0xb1, 0xd9, 0x41, 0x46, 0x35, 0x0e, 0x16, 0x2a, 0x78, 0x3b, 0xbd,
  0x7e, 0xfd, 0x61, 0x29, 0x2a, 0x14, 0xfe, 0xab, 0x02, 0xad, 0xba, 0x41,
  0x29, 0x1f, 0x24, 0x36, 0x4a, 0xa5, 0xbe, 0x40, 0x21, 0x1a, 0x12, 0x10,
  0x31, 0x49, 0x05, 0x55, 0xfd, 0xf2, 0x59, 0x42, 0x2a, 0x30, 0x34, 0xb2,
  0xbb, 0x80, 0x7a, 0x38, 0x71, 0x2f, 0x16, 0x18, 0x3a, 0x19, 0x45, 0x7f,
  0x02, 0xd1, 0x22, 0x15, 0x5b, 0x5f, 0x65, 0x56, 0x12, 0x1b, 0x28, 0x15,
  0x5f, 0x59, 0x60, 0x2a, 0x2a, 0x13, 0x1d, 0x00, 0x00, 0x01, 0x00, 0x37,
  0xff, 0xe7, 0x05, 0x66, 0x03, 0xe2, 0x00, 0x2e, 0x00, 0x2f, 0x40, 0x14,
  0x1e, 0x01, 0x1f, 0x1e, 0x01, 0x00, 0x0a, 0x2c, 0x43, 0x09, 0x22, 0x43,
  0x16, 0x27, 0x42, 0x0e, 0x16, 0x01, 0x09, 0x1b, 0x00, 0x3f, 0x3f, 0x01,
  0x2f, 0xfd, 0x00, 0x10, 0xfd, 0x10, 0xfd, 0x3f, 0x3c, 0xd6, 0x3c, 0x01,
  0x2e, 0x2e, 0x31, 0x30, 0xb2, 0x2f, 0x0e, 0x05, 0x2b, 0x01, 0x21, 0x14,
  0x06, 0x07, 0x06, 0x07, 0x0e, 0x01, 0x21, 0x22, 0x2e, 0x02, 0x35, 0x34,
  0x36, 0x37, 0x3e, 0x01, 0x37, 0x36, 0x33, 0x32, 0x16, 0x17, 0x16, 0x17,
  0x1e, 0x01, 0x15, 0x21, 0x2e, 0x01, 0x23, 0x22, 0x07, 0x0e, 0x01, 0x15,
  0x14, 0x16, 0x17, 0x16, 0x33, 0x32, 0x36, 0x03, 0xf4, 0x01, 0x71, 0x0d,
  0x0c, 0x12, 0x30, 0x45, 0xec, 0xfe, 0xe2, 0xe2, 0xdd, 0x8e, 0x37, 0x31,
  0x41, 0x23, 0x5a, 0x3d, 0x74, 0xf6, 0xf3, 0xf5, 0x43, 0x39, 0x18, 0x0c,
  0x11, 0xfe, 0x8f, 0x09, 0x81, 0x9f, 0xa0, 0x41, 0x27, 0x23, 0x24, 0x2e,
  0x44, 0x9a, 0xa1, 0x76, 0x01, 0x85, 0x3a, 0x59, 0x26, 0x3f, 0x30, 0x46,
  0x30, 0x25, 0x65, 0xba, 0xc0, 0xb0, 0xb2, 0x33, 0x1c, 0x25, 0x0c, 0x15,
  0x2b, 0x38, 0x2f, 0x45, 0x22, 0x6b, 0x3f, 0x53, 0x3f, 0x1e, 0x13, 0x63,
  0x5e, 0x5c, 0x58, 0x15, 0x1e, 0x3a, 0x00, 0x02, 0x00, 0x37, 0xff, 0xe7,
  0x05, 0x8b, 0x05, 0x55, 0x00, 0x19, 0x00, 0x2c, 0x00, 0x4d, 0x40, 0x24,
  0x18, 0x17, 0x04, 0x02, 0x01, 0x03, 0x43, 0x2d, 0x1a, 0x43, 0x14, 0x01,
  0x23, 0x43, 0x08, 0x1d, 0x42, 0x0d, 0x19, 0x18, 0x28, 0x42, 0x00, 0x03,
  0x02, 0x42, 0x01, 0x00, 0x19, 0x00, 0x00, 0x08, 0x1b, 0x01, 0x0d, 0x46,
  0x76, 0x2f, 0x37, 0x18, 0x00, 0x3f, 0x3f, 0x3c, 0x01, 0x2f, 0x3c, 0xfd,
  0x3c, 0x10, 0xfd, 0x3c, 0x3c, 0x2f, 0xfd, 0x00, 0x10, 0xfd, 0x3f, 0xfd,
  0x10, 0xfd, 0x00, 0x2e, 0x2e, 0x2e, 0x2e, 0x2e, 0x31, 0x30, 0xb2, 0x2d,
  0x0d, 0x05, 0x2b, 0x01, 0x11, 0x21, 0x35, 0x23, 0x0e, 0x02, 0x23, 0x22,
  0x2e, 0x02, 0x35, 0x34, 0x36, 0x37, 0x36, 0x37, 0x36, 0x33, 0x32, 0x16,
  0x17, 0x33, 0x11, 0x01, 0x22, 0x06, 0x15, 0x14, 0x17, 0x16, 0x17, 0x16,
  0x33, 0x32, 0x37, 0x3e, 0x01, 0x35, 0x34, 0x26, 0x27, 0x26, 0x05, 0x8b,
  0xfe, 0xab, 0x14, 0x25, 0x60, 0xac, 0x7b, 0xc6, 0xd2, 0x79, 0x2e, 0x18,
  0x1f, 0x39, 0x8f, 0x6b, 0xd9, 0xc1, 0xa3, 0x34, 0x0f, 0xfe, 0xcf, 0xd5,
  0x7a, 0x12, 0x12, 0x31, 0x42, 0xa2, 0xc8, 0x45, 0x21, 0x1b, 0x24, 0x2e,
  0x44, 0x05, 0x55, 0xfa, 0xab, 0x7f, 0x42, 0x38, 0x1e, 0x2e, 0x6e, 0xb7,
  0xb0, 0x7c, 0x98, 0x3b, 0x6b, 0x24, 0x1a, 0x3e, 0x5d, 0x02, 0x0e, 0xfd,
  0x7c, 0x52, 0x90, 0x6c, 0x30, 0x2c, 0x15, 0x1a, 0x2a, 0x13, 0x5a, 0x54,
  0x62, 0x5b, 0x15, 0x1c, 0x00, 0x02, 0x00, 0x37, 0xff, 0xe7, 0x05, 0x56,
  0x03, 0xe2, 0x00, 0x23, 0x00, 0x2f, 0x00, 0x3a, 0x40, 0x1a, 0x24, 0x18,
  0x01, 0x01, 0x00, 0x19, 0x1f, 0x43, 0x06, 0x2a, 0x43, 0x12, 0x1a, 0x19,
  0x43, 0x2f, 0x24, 0x26, 0x2f, 0x1a, 0x42, 0x0b, 0x12, 0x01, 0x06, 0x1b,
  0x00, 0x3f, 0x3f, 0x01, 0x2f, 0xfd, 0x3c, 0x00, 0x3f, 0x3c, 0xfd, 0x3c,
  0x10, 0xfd, 0x10, 0xfd, 0x10, 0xd6, 0x3c, 0x01, 0x2e, 0x2e, 0x2e, 0x31,
  0x30, 0xb2, 0x30, 0x0b, 0x05, 0x2b, 0x01, 0x21, 0x06, 0x07, 0x06, 0x04,
  0x21, 0x22, 0x2e, 0x02, 0x35, 0x34, 0x36, 0x37, 0x36, 0x37, 0x36, 0x21,
  0x32, 0x16, 0x17, 0x1e, 0x01, 0x15, 0x07, 0x21, 0x14, 0x16, 0x17, 0x16,
  0x33, 0x32, 0x36, 0x37, 0x36, 0x13, 0x34, 0x27, 0x26, 0x27, 0x26, 0x23,
  0x22, 0x07, 0x0e, 0x01, 0x15, 0x03, 0xe5, 0x01, 0x69, 0x0f, 0x51, 0x45,
  0xfe, 0xff, 0xff, 0x00, 0xd2, 0xe2, 0x88, 0x35, 0x13, 0x1d, 0x39, 0x99,
  0x81, 0x01, 0x13, 0x79, 0xaa, 0x32, 0xae, 0x86, 0x02, 0xfc, 0x4d, 0x12,
  0x1d, 0x37, 0xbd, 0x77, 0x7a, 0x17, 0x12, 0x0c, 0x08, 0x04, 0x11, 0x2f,
  0xcc, 0xb8, 0x3a, 0x1e, 0x21, 0x01, 0x36, 0x9c, 0x47, 0x3c, 0x30, 0x28,
  0x68, 0xb2, 0xb7, 0x8d, 0x8a, 0x36, 0x73, 0x24, 0x1e, 0x08, 0x09, 0x1e,
  0xcb, 0xf0, 0x62, 0x49, 0x40, 0x16, 0x28, 0x12, 0x17, 0x12, 0x01, 0x52,
  0x38, 0x16, 0x15, 0x12, 0x30, 0x20, 0x10, 0x42, 0x33, 0x00, 0x00, 0x01,
  0x00, 0x00, 0x00, 0x00, 0x03, 0x89, 0x05, 0x6d, 0x00, 0x1c, 0x00, 0x4b,
  0x40, 0x25, 0x18, 0x17, 0x0e, 0x0d, 0x01, 0x00, 0x1c, 0x19, 0x18, 0x03,
  0x00, 0x43, 0x17, 0x16, 0x02, 0x03, 0x01, 0x01, 0x0e, 0x43, 0x0d, 0x0f,
  0x43, 0x0d, 0x00, 0x1a, 0x19, 0x16, 0x42, 0x1c, 0x1b, 0x02, 0x0a, 0x00,
  0x1b, 0x1a, 0x1a, 0x00, 0x3f, 0x3c, 0x3f, 0x01, 0x2f, 0x3c, 0x3c, 0xfd,
  0x3c, 0x3c, 0x00, 0x3f, 0xfd, 0x10, 0xfd, 0x3f, 0x17, 0x3c, 0xfd, 0x17,
  0x3c, 0x01, 0x2e, 0x2e, 0x2e, 0x2e, 0x2e, 0x2e, 0x31, 0x30, 0xb2, 0x1d,
  0x00, 0x05, 0x2b, 0x19, 0x01, 0x33, 0x34, 0x36, 0x37, 0x36, 0x37, 0x3e,
  0x01, 0x33, 0x32, 0x16, 0x33, 0x15, 0x27, 0x22, 0x07, 0x06, 0x07, 0x0e,
  0x01, 0x15, 0x21, 0x11, 0x21, 0x11, 0x21, 0x11, 0xbb, 0x0c, 0x0b, 0x12,
  0x36, 0x3a, 0xb0, 0xb3, 0x24, 0x82, 0x10, 0x60, 0x97, 0x2d, 0x13, 0x08,
  0x04, 0x05, 0x01, 0x64, 0xfe, 0x9c, 0xfe, 0x96, 0x02, 0xc6, 0x01, 0x03,
  0x4e, 0x66, 0x24, 0x3e, 0x31, 0x35, 0x28, 0x05, 0xef, 0x02, 0x29, 0x12,
  0x1b, 0x10, 0x2d, 0x1f, 0xfe, 0xfd, 0xfd, 0x3a, 0x02, 0xc6, 0x00, 0x02,
  0x00, 0x37, 0xfe, 0x47, 0x05, 0x8d, 0x03, 0xe2, 0x00, 0x3a, 0x00, 0x4d,
  0x00, 0x66, 0x40, 0x34, 0x16, 0x17, 0x01, 0x00, 0x24, 0x43, 0x4e, 0x16,
  0x43, 0x4e, 0x23, 0x02, 0x03, 0x03, 0x04, 0x2a, 0x44, 0x43, 0x2a, 0x1a,
  0x3b, 0x43, 0x36, 0x1b, 0x43, 0x11, 0x40, 0x42, 0x32, 0x49, 0x24, 0x23,
  0x42, 0x01, 0x3a, 0x00, 0x42, 0x07, 0x06, 0x05, 0x04, 0x03, 0x02, 0x06,
  0x01, 0x36, 0x01, 0x11, 0x21, 0x01, 0x32, 0x46, 0x76, 0x2f, 0x37, 0x18,
  0x00, 0x3f, 0x3f, 0x01, 0x2f, 0x17, 0x3c, 0xfd, 0x3c, 0x10, 0xfd, 0x3c,
  0x3c, 0x2f, 0xfd, 0x00, 0x10, 0xfd, 0x10, 0xfd, 0x3f, 0xfd, 0x3f, 0xd6,
  0x10, 0xd6, 0x3c, 0x10, 0xfd, 0x10, 0xfd, 0x00, 0x2e, 0x2e, 0x2e, 0x01,
  0x2e, 0x31, 0x30, 0xb2, 0x4e, 0x32, 0x05, 0x2b, 0x01, 0x21, 0x11, 0x1d,
  0x04, 0x14, 0x07, 0x0e, 0x01, 0x07, 0x0e, 0x01, 0x07, 0x06, 0x21, 0x22,
  0x26, 0x27, 0x26, 0x27, 0x21, 0x17, 0x1e, 0x01, 0x33, 0x32, 0x36, 0x37,
  0x36, 0x37, 0x3e, 0x01, 0x3d, 0x01, 0x23, 0x06, 0x07, 0x0e, 0x01, 0x23,
  0x22, 0x26, 0x27, 0x26, 0x27, 0x2e, 0x01, 0x35, 0x34, 0x3e, 0x01, 0x33,
  0x32, 0x16, 0x17, 0x33, 0x05, 0x22, 0x07, 0x0e, 0x01, 0x15, 0x14, 0x1e,
  0x01, 0x33, 0x32, 0x37, 0x3e, 0x01, 0x35, 0x34, 0x2e, 0x02, 0x04, 0x38,
  0x01, 0x55, 0x05, 0x03, 0x0b, 0x0c, 0x18, 0x6e, 0x48, 0x96, 0xfe, 0xbc,
  0xea, 0xdc, 0x47, 0x59, 0x11, 0x01, 0x71, 0x03, 0x0f, 0x6b, 0x8f, 0x4a,
  0x62, 0x22, 0x3f, 0x22, 0x1a, 0x0f, 0x0e, 0x36, 0x54, 0x2a, 0x82, 0x5b,
  0xba, 0xd0, 0x40, 0x4a, 0x1e, 0x0e, 0x0e, 0x72, 0xea, 0xf6, 0xbd, 0xa5,
  0x3c, 0x11, 0xfe, 0xb7, 0xcb, 0x41, 0x24, 0x1e, 0x29, 0x7c, 0x96, 0xd0,
  0x3e, 0x1f, 0x19, 0x1f, 0x4a, 0x72, 0x03, 0xc9, 0xfc, 0x85, 0x1d, 0x17,
  0x13, 0x10, 0x0d, 0x2e, 0x13, 0x18, 0x2d, 0x21, 0x46, 0x6b, 0x18, 0x33,
  0x2d, 0x3e, 0x51, 0xa5, 0x0a, 0x35, 0x26, 0x06, 0x08, 0x0c, 0x25, 0x1e,
  0x4b, 0x63, 0x55, 0x58, 0x20, 0x0f, 0x10, 0x24, 0x2e, 0x35, 0x5b, 0x2e,
  0x87, 0x61, 0xe1, 0xb5, 0x48, 0x3d, 0x5b, 0x79, 0x24, 0x15, 0x50, 0x51,
  0x5f, 0x52, 0x29, 0x2c, 0x14, 0x4d, 0x4d, 0x55, 0x52, 0x23, 0x10, 0x00,
  0x00, 0x01, 0x00, 0x52, 0x00, 0x00, 0x05, 0x72, 0x05, 0x55, 0x00, 0x1a,
  0x00, 0x42, 0x40, 0x1f, 0x03, 0x02, 0x13, 0x43, 0x06, 0x01, 0x0e, 0x0d,
  0x42, 0x0c, 0x0b, 0x19, 0x18, 0x02, 0x03, 0x01, 0x42, 0x1a, 0x00, 0x01,
  0x00, 0x00, 0x1a, 0x19, 0x0d, 0x03, 0x0c, 0x1a, 0x01, 0x00, 0x46, 0x76,
  0x2f, 0x37, 0x18, 0x00, 0x3f, 0x17, 0x3c, 0x3f, 0x3c, 0x01, 0x2f, 0x3c,
  0xfd, 0x17, 0x3c, 0x2f, 0x3c, 0xfd, 0x3c, 0x00, 0x3f, 0xfd, 0x00, 0x2e,
  0x2e, 0x31, 0x30, 0xb2, 0x1b, 0x00, 0x05, 0x2b, 0x13, 0x21, 0x11, 0x33,
  0x3e, 0x01, 0x33, 0x32, 0x1e, 0x02, 0x15, 0x11, 0x21, 0x11, 0x34, 0x26,
  0x27, 0x26, 0x23, 0x22, 0x07, 0x0e, 0x01, 0x15, 0x11, 0x21, 0x52, 0x01,
  0x6a, 0x10, 0x2d, 0xc0, 0xab, 0xa2, 0xc2, 0x7d, 0x2d, 0xfe, 0x96, 0x11,
  0x18, 0x33, 0xbc, 0xbf, 0x3e, 0x1f, 0x18, 0xfe, 0x96, 0x05, 0x55, 0xfd,
  0xe0, 0x5c, 0x51, 0x37, 0x82, 0xa9, 0xa8, 0xfe, 0x28, 0x01, 0xd8, 0x55,
  0x53, 0x18, 0x39, 0x3e, 0x1d, 0x6b, 0x6d, 0xfe, 0x62, 0x00, 0x00, 0x02,
  0x00, 0x52, 0x00, 0x00, 0x01, 0xbc, 0x05, 0x55, 0x00, 0x03, 0x00, 0x07,
  0x00, 0x33, 0x40, 0x17, 0x01, 0x00, 0x07, 0x06, 0x43, 0x04, 0x06, 0x05,
  0x02, 0x03, 0x01, 0x42, 0x07, 0x04, 0x03, 0x03, 0x00, 0x05, 0x04, 0x00,
  0x03, 0x02, 0x1a, 0x00, 0x3f, 0x3c, 0x3f, 0x3c, 0x01, 0x2f, 0x17, 0x3c,
  0xfd, 0x17, 0x3c, 0x00, 0x10, 0xfd, 0x3c, 0x00, 0x2e, 0x2e, 0x31, 0x30,
  0xb2, 0x08, 0x00, 0x05, 0x2b, 0x13, 0x21, 0x11, 0x21, 0x11, 0x21, 0x11,
  0x21, 0x52, 0x01, 0x6a, 0xfe, 0x96, 0x01, 0x6a, 0xfe, 0x96, 0x03, 0xc9,
  0xfc, 0x37, 0x05, 0x55, 0xfe, 0xf0, 0x00, 0x02, 0xff, 0xe5, 0xfe, 0x90,
  0x01, 0xee, 0x05, 0x55, 0x00, 0x12, 0x00, 0x16, 0x00, 0x41, 0x40, 0x1f,
  0x0c, 0x0b, 0x01, 0x00, 0x16, 0x15, 0x43, 0x13, 0x0c, 0x43, 0x0b, 0x0d,
  0x43, 0x0b, 0x1f, 0x16, 0x13, 0x12, 0x03, 0x00, 0x42, 0x15, 0x14, 0x02,
  0x03, 0x01, 0x14, 0x13, 0x00, 0x08, 0x1f, 0x00, 0x3f, 0x3f, 0x3c, 0x01,
  0x2f, 0x17, 0x3c, 0xfd, 0x17, 0x3c, 0x00, 0x3f, 0xfd, 0x10, 0xfd, 0x10,
  0xfd, 0x3c, 0x00, 0x2e, 0x2e, 0x01, 0x2e, 0x2e, 0x31, 0x30, 0xb2, 0x17,
  0x0b, 0x05, 0x2b, 0x13, 0x21, 0x11, 0x14, 0x06, 0x07, 0x0e, 0x01, 0x23,
  0x22, 0x26, 0x23, 0x35, 0x17, 0x32, 0x37, 0x3e, 0x01, 0x35, 0x11, 0x21,
  0x11, 0x21, 0x84, 0x01, 0x6a, 0x0c, 0x16, 0x25, 0xab, 0xa7, 0x13, 0x5b,
  0x02, 0x31, 0x58, 0x0f, 0x03, 0x04, 0x01, 0x6a, 0xfe, 0x96, 0x03, 0xc9,
  0xfc, 0x72, 0x8d, 0x65, 0x2c, 0x4c, 0x41, 0x04, 0xf8, 0x02, 0x4b, 0x13,
  0x4e, 0x3a, 0x04, 0xe5, 0xfe, 0xef, 0x00, 0x01, 0x00, 0x52, 0x00, 0x00,
  0x05, 0x7e, 0x05, 0x55, 0x00, 0x0c, 0x00, 0x42, 0x40, 0x1e, 0x07, 0x05,
  0x05, 0x04, 0x06, 0x02, 0x09, 0x03, 0x02, 0x43, 0x0a, 0x09, 0x0a, 0x0b,
  0x0a, 0x02, 0x03, 0x01, 0x42, 0x0c, 0x00, 0x01, 0x00, 0x00, 0x0c, 0x0b,
  0x08, 0x03, 0x07, 0x1a, 0x00, 0x3f, 0x17, 0x3c, 0x3f, 0x3c, 0x01, 0x2f,
  0x3c, 0xfd, 0x17, 0x3c, 0x00, 0x3f, 0x3c, 0xfd, 0x3c, 0x00, 0x11, 0x12,
  0x39, 0x00, 0x2e, 0x2e, 0x01, 0x2e, 0x2e, 0x31, 0x30, 0xb2, 0x0d, 0x00,
  0x05, 0x2b, 0x13, 0x21, 0x11, 0x33, 0x01, 0x21, 0x09, 0x01, 0x21, 0x01,
  0x23, 0x11, 0x21, 0x52, 0x01, 0x6a, 0x4e, 0x01, 0x4c, 0x01, 0xe6, 0xfe,
  0x09, 0x02, 0x39, 0xfe, 0x20, 0xfe, 0x7a, 0x5c, 0xfe, 0x96, 0x05, 0x55,
  0xfd, 0x36, 0x01, 0x3e, 0xfe, 0x3b, 0xfd, 0xfc, 0x01, 0x84, 0xfe, 0x7c,
  0x00, 0x01, 0x00, 0x52, 0x00, 0x00, 0x01, 0xbc, 0x05, 0x55, 0x00, 0x03,
  0x00, 0x1f, 0x40, 0x0b, 0x02, 0x01, 0x42, 0x03, 0x00, 0x01, 0x00, 0x00,
  0x03, 0x02, 0x1a, 0x00, 0x3f, 0x3c, 0x3f, 0x3c, 0x01, 0x2f, 0x3c, 0xfd,
  0x3c, 0x00, 0x31, 0x30, 0xb2, 0x04, 0x00, 0x05, 0x2b, 0x13, 0x21, 0x11,
  0x21, 0x52, 0x01, 0x6a, 0xfe, 0x96, 0x05, 0x55, 0xfa, 0xab, 0x00, 0x01,
  0x00, 0x52, 0x00, 0x00, 0x08, 0x95, 0x03, 0xe2, 0x00, 0x33, 0x00, 0x65,
  0x40, 0x30, 0x03, 0x02, 0x01, 0x00, 0x08, 0x21, 0x23, 0x2a, 0x1a, 0x43,
  0x05, 0x32, 0x31, 0x42, 0x00, 0x15, 0x14, 0x42, 0x12, 0x02, 0x01, 0x42,
  0x00, 0x33, 0x00, 0x23, 0x13, 0x12, 0x21, 0x22, 0x21, 0x42, 0x24, 0x23,
  0x0b, 0x05, 0x01, 0x33, 0x32, 0x23, 0x22, 0x14, 0x05, 0x13, 0x1a, 0x01,
  0x00, 0x46, 0x76, 0x2f, 0x37, 0x18, 0x00, 0x3f, 0x17, 0x3c, 0x3f, 0x3c,
  0x01, 0x2f, 0x3c, 0xfd, 0x3c, 0x10, 0xdd, 0x3c, 0x10, 0xdd, 0x3c, 0x31,
  0x10, 0xfd, 0x3c, 0x10, 0xfd, 0x3c, 0x10, 0xfd, 0x3c, 0x00, 0x10, 0xfd,
  0x3c, 0x01, 0x11, 0x12, 0x39, 0x00, 0x2e, 0x2e, 0x2e, 0x2e, 0x31, 0x30,
  0xb2, 0x34, 0x00, 0x05, 0x2b, 0x13, 0x21, 0x15, 0x33, 0x36, 0x21, 0x32,
  0x16, 0x17, 0x3e, 0x01, 0x33, 0x32, 0x1e, 0x01, 0x17, 0x1e, 0x01, 0x15,
  0x11, 0x21, 0x11, 0x34, 0x26, 0x27, 0x26, 0x23, 0x22, 0x07, 0x06, 0x07,
  0x0e, 0x01, 0x15, 0x11, 0x21, 0x11, 0x34, 0x27, 0x26, 0x27, 0x26, 0x23,
  0x22, 0x07, 0x06, 0x07, 0x0e, 0x01, 0x15, 0x11, 0x21, 0x52, 0x01, 0x55,
  0x12, 0x4e, 0x01, 0x3b, 0xad, 0xd0, 0x3b, 0x2b, 0xc4, 0xb3, 0x95, 0xc0,
  0x7b, 0x15, 0x0a, 0x0a, 0xfe, 0x96, 0x0f, 0x1a, 0x35, 0x97, 0x9e, 0x39,
  0x1d, 0x0e, 0x05, 0x06, 0xfe, 0x96, 0x07, 0x06, 0x19, 0x32, 0x97, 0xa3,
  0x3b, 0x1d, 0x0e, 0x05, 0x06, 0xfe, 0x96, 0x03, 0xc9, 0x91, 0xaa, 0x5f,
  0x6c, 0x6b, 0x60, 0x3a, 0x83, 0x53, 0x29, 0x82, 0x62, 0xfe, 0x3b, 0x01,
  0xc5, 0x6d, 0x50, 0x1a, 0x35, 0x3d, 0x20, 0x38, 0x19, 0x57, 0x3c, 0xfe,
  0x70, 0x01, 0xc5, 0x73, 0x23, 0x26, 0x1a, 0x36, 0x3b, 0x1f, 0x38, 0x19,
  0x59, 0x3d, 0xfe, 0x70, 0x00, 0x01, 0x00, 0x52, 0x00, 0x00, 0x05, 0x75,
  0x03, 0xe2, 0x00, 0x1b, 0x00, 0x46, 0x40, 0x20, 0x03, 0x02, 0x01, 0x00,
  0x14, 0x43, 0x06, 0x1a, 0x19, 0x42, 0x00, 0x0e, 0x0d, 0x42, 0x0c, 0x0b,
  0x02, 0x01, 0x42, 0x1b, 0x00, 0x06, 0x01, 0x1b, 0x1a, 0x0d, 0x03, 0x0c,
  0x1a, 0x01, 0x00, 0x46, 0x76, 0x2f, 0x37, 0x18, 0x00, 0x3f, 0x17, 0x3c,
  0x3f, 0x01, 0x2f, 0x3c, 0xfd, 0x3c, 0x2f, 0x3c, 0xfd, 0x3c, 0x10, 0xfd,
  0x3c, 0x00, 0x10, 0xfd, 0x00, 0x2e, 0x2e, 0x2e, 0x2e, 0x31, 0x30, 0xb2,
  0x1c, 0x00, 0x05, 0x2b, 0x13, 0x21, 0x15, 0x33, 0x3e, 0x01, 0x33, 0x32,
  0x1e, 0x02, 0x15, 0x11, 0x21, 0x11, 0x34, 0x27, 0x26, 0x27, 0x26, 0x23,
  0x22, 0x07, 0x0e, 0x01, 0x15, 0x11, 0x21, 0x52, 0x01, 0x55, 0x13, 0x2f,
  0xbc, 0xb0, 0xb0, 0xc3, 0x84, 0x29, 0xfe, 0x96, 0x09, 0x07, 0x1e, 0x36,
  0xbd, 0xbc, 0x3d, 0x21, 0x14, 0xfe, 0x96, 0x03, 0xc9, 0x94, 0x5d, 0x50,
  0x37, 0x86, 0xa6, 0xc7, 0xfe, 0x48, 0x01, 0xb8, 0x74, 0x2a, 0x29, 0x1e,
  0x34, 0x40, 0x22, 0x6d, 0x7f, 0xfe, 0x7d, 0x00, 0x00, 0x02, 0x00, 0x37,
  0xff, 0xe7, 0x05, 0x92, 0x03, 0xe2, 0x00, 0x19, 0x00, 0x2c, 0x00, 0x2d,
  0x40, 0x13, 0x25, 0x43, 0x0d, 0x1a, 0x43, 0x00, 0x20, 0x42, 0x12, 0x28,
  0x42, 0x05, 0x00, 0x01, 0x0d, 0x1b, 0x01, 0x12, 0x46, 0x76, 0x2f, 0x37,
  0x18, 0x00, 0x3f, 0x3f, 0x01, 0x2f, 0xfd, 0x2f, 0xfd, 0x00, 0x10, 0xfd,
  0x10, 0xfd, 0x31, 0x30, 0xb2, 0x2d, 0x12, 0x05, 0x2b, 0x01, 0x32, 0x1e,
  0x02, 0x15, 0x14, 0x06, 0x07, 0x06, 0x07, 0x0e, 0x01, 0x23, 0x20, 0x2e,
  0x02, 0x35, 0x34, 0x36, 0x37, 0x36, 0x37, 0x3e, 0x01, 0x13, 0x22, 0x07,
  0x06, 0x07, 0x06, 0x15, 0x14, 0x16, 0x17, 0x16, 0x33, 0x32, 0x36, 0x35,
  0x34, 0x26, 0x27, 0x26, 0x02, 0xe5, 0xfc, 0xf0, 0x8c, 0x35, 0x0e, 0x15,
  0x33, 0xa0, 0x42, 0xdb, 0x99, 0xfe, 0xed, 0xe7, 0x87, 0x2e, 0x12, 0x1c,
  0x35, 0x85, 0x43, 0xe3, 0xa3, 0xb5, 0x3e, 0x2c, 0x15, 0x13, 0x1f, 0x2e,
  0x46, 0xb3, 0xcd, 0x74, 0x24, 0x2f, 0x45, 0x03, 0xe2, 0x26, 0x65, 0xac,
  0xb4, 0x8e, 0x7e, 0x38, 0x86, 0x27, 0x0f, 0x10, 0x26, 0x71, 0xb7, 0xcf,
  0x77, 0x7f, 0x33, 0x68, 0x27, 0x12, 0x14, 0xfe, 0xef, 0x1c, 0x15, 0x31,
  0x33, 0x5e, 0x5f, 0x51, 0x16, 0x20, 0x56, 0x99, 0x5f, 0x58, 0x15, 0x1e,
  0x00, 0x02, 0x00, 0x52, 0xfe, 0x6d, 0x05, 0xa8, 0x03, 0xe2, 0x00, 0x18,
  0x00, 0x2b, 0x00, 0x4d, 0x40, 0x24, 0x17, 0x04, 0x03, 0x02, 0x01, 0x16,
  0x43, 0x2c, 0x21, 0x43, 0x13, 0x1b, 0x19, 0x43, 0x07, 0x26, 0x42, 0x0d,
  0x1c, 0x18, 0x17, 0x42, 0x00, 0x03, 0x02, 0x42, 0x01, 0x00, 0x07, 0x01,
  0x18, 0x00, 0x24, 0x01, 0x00, 0x46, 0x76, 0x2f, 0x37, 0x18, 0x00, 0x3f,
  0x3c, 0x3f, 0x01, 0x2f, 0x3c, 0xfd, 0x3c, 0x10, 0xfd, 0x3c, 0x3c, 0x2f,
  0xfd, 0x00, 0x10, 0xfd, 0x3f, 0xfd, 0x10, 0xfd, 0x00, 0x2e, 0x2e, 0x2e,
  0x2e, 0x2e, 0x31, 0x30, 0xb2, 0x2c, 0x00, 0x05, 0x2b, 0x13, 0x11, 0x21,
  0x15, 0x33, 0x3e, 0x01, 0x33, 0x32, 0x16, 0x17, 0x1e, 0x01, 0x15, 0x14,
  0x06, 0x07, 0x0e, 0x01, 0x23, 0x22, 0x26, 0x27, 0x23, 0x11, 0x01, 0x22,
  0x06, 0x15, 0x14, 0x16, 0x17, 0x16, 0x33, 0x32, 0x37, 0x3e, 0x01, 0x35,
  0x34, 0x26, 0x27, 0x2e, 0x01, 0x52, 0x01, 0x55, 0x14, 0x2d, 0xbe, 0xd1,
  0xbb, 0xd3, 0x3f, 0x39, 0x2b, 0x13, 0x18, 0x2d, 0xea, 0xff, 0xb9, 0xac,
  0x35, 0x11, 0x01, 0x4e, 0xe4, 0x6a, 0x1e, 0x25, 0x41, 0xbf, 0xc7, 0x3d,
  0x21, 0x1a, 0x1e, 0x2a, 0x1e, 0x79, 0xfe, 0x6d, 0x05, 0x5c, 0x83, 0x5a,
  0x42, 0x31, 0x39, 0x34, 0xab, 0xb9, 0x7e, 0x87, 0x39, 0x69, 0x52, 0x3f,
  0x57, 0xfd, 0xf0, 0x04, 0x64, 0x5b, 0x9c, 0x52, 0x56, 0x15, 0x25, 0x28,
  0x16, 0x5f, 0x5e, 0x57, 0x4f, 0x17, 0x10, 0x11, 0x00, 0x02, 0x00, 0x37,
  0xfe, 0x6d, 0x05, 0x8c, 0x03, 0xe2, 0x00, 0x17, 0x00, 0x29, 0x00, 0x4d,
  0x40, 0x24, 0x17, 0x16, 0x15, 0x14, 0x03, 0x02, 0x43, 0x2a, 0x22, 0x43,
  0x06, 0x1b, 0x18, 0x43, 0x11, 0x1d, 0x42, 0x0c, 0x25, 0x02, 0x01, 0x42,
  0x00, 0x16, 0x15, 0x42, 0x17, 0x00, 0x11, 0x01, 0x01, 0x00, 0x24, 0x01,
  0x0c, 0x46, 0x76, 0x2f, 0x37, 0x18, 0x00, 0x3f, 0x3c, 0x3f, 0x01, 0x2f,
  0x3c, 0xfd, 0x3c, 0x10, 0xfd, 0x3c, 0x3c, 0x2f, 0xfd, 0x00, 0x10, 0xfd,
  0x3f, 0xfd, 0x10, 0xfd, 0x00, 0x2e, 0x2e, 0x2e, 0x2e, 0x2e, 0x31, 0x30,
  0xb2, 0x2a, 0x0c, 0x05, 0x2b, 0x01, 0x21, 0x11, 0x23, 0x0e, 0x01, 0x23,
  0x22, 0x26, 0x27, 0x2e, 0x01, 0x35, 0x34, 0x3e, 0x02, 0x33, 0x32, 0x16,
  0x17, 0x33, 0x35, 0x21, 0x05, 0x22, 0x07, 0x0e, 0x01, 0x15, 0x14, 0x16,
  0x17, 0x16, 0x33, 0x32, 0x36, 0x35, 0x34, 0x26, 0x27, 0x26, 0x05, 0x8c,
  0xfe, 0x96, 0x10, 0x3c, 0xa3, 0xb9, 0xd1, 0xce, 0x3f, 0x37, 0x2e, 0x32,
  0x80, 0xd2, 0xc5, 0xc2, 0xa6, 0x3c, 0x13, 0x01, 0x55, 0xfd, 0x4e, 0xc7,
  0x3b, 0x1e, 0x19, 0x1a, 0x27, 0x43, 0xba, 0xce, 0x75, 0x1e, 0x2a, 0x41,
  0xfe, 0x6d, 0x02, 0x10, 0x5a, 0x3c, 0x2c, 0x3b, 0x33, 0xb0, 0xa1, 0xbe,
  0xbf, 0x69, 0x2a, 0x3e, 0x5e, 0x83, 0xf8, 0x2b, 0x15, 0x62, 0x5d, 0x52,
  0x4c, 0x16, 0x26, 0x55, 0x98, 0x5d, 0x54, 0x18, 0x23, 0x00, 0x00, 0x01,
  0x00, 0x52, 0x00, 0x00, 0x04, 0xb7, 0x03, 0xe2, 0x00, 0x16, 0x00, 0x44,
  0x40, 0x1e, 0x0b, 0x0a, 0x03, 0x02, 0x01, 0x00, 0x0f, 0x43, 0x06, 0x15,
  0x14, 0x42, 0x00, 0x0b, 0x42, 0x09, 0x0a, 0x02, 0x01, 0x42, 0x16, 0x00,
  0x06, 0x01, 0x16, 0x15, 0x1a, 0x01, 0x00, 0x46, 0x76, 0x2f, 0x37, 0x18,
  0x00, 0x3f, 0x3c, 0x3f, 0x01, 0x2f, 0x3c, 0xfd, 0x3c, 0x2f, 0x3c, 0xfd,
  0x10, 0xfd, 0x3c, 0x00, 0x10, 0xfd, 0x00, 0x2e, 0x2e, 0x2e, 0x2e, 0x2e,
  0x2e, 0x31, 0x30, 0xb2, 0x17, 0x00, 0x05, 0x2b, 0x13, 0x21, 0x15, 0x33,
  0x3e, 0x01, 0x33, 0x32, 0x16, 0x15, 0x07, 0x21, 0x34, 0x27, 0x26, 0x23,
  0x22, 0x07, 0x0e, 0x01, 0x15, 0x11, 0x21, 0x52, 0x01, 0x55, 0x12, 0x33,
  0xab, 0x99, 0xdb, 0xac, 0x02, 0xfe, 0xab, 0x12, 0x23, 0x8a, 0x81, 0x36,
  0x1a, 0x14, 0xfe, 0x96, 0x03, 0xc9, 0x92, 0x5d, 0x4e, 0xac, 0xdb, 0x41,
  0x53, 0x24, 0x40, 0x46, 0x22, 0x68, 0x6f, 0xfe, 0x6e, 0x00, 0x00, 0x01,
  0x00, 0x33, 0xff, 0xe7, 0x05, 0x6c, 0x03, 0xe2, 0x00, 0x3a, 0x00, 0x4a,
  0x40, 0x22, 0x1c, 0x00, 0x27, 0x01, 0x1d, 0x1c, 0x2a, 0x00, 0x43, 0x3b,
  0x0c, 0x43, 0x2a, 0x10, 0x05, 0x43, 0x33, 0x22, 0x43, 0x16, 0x25, 0x01,
  0x42, 0x12, 0x08, 0x42, 0x2d, 0x16, 0x01, 0x33, 0x1b, 0x01, 0x00, 0x46,
  0x76, 0x2f, 0x37, 0x18, 0x00, 0x3f, 0x3f, 0x01, 0x2f, 0xfd, 0x2f, 0xfd,
  0x3c, 0x00, 0x10, 0xfd, 0x10, 0xfd, 0x3f, 0xfd, 0x10, 0xfd, 0x10, 0xd6,
  0x3c, 0x00, 0x2e, 0x2e, 0x01, 0x2e, 0x2e, 0x31, 0x30, 0xb2, 0x3b, 0x00,
  0x05, 0x2b, 0x13, 0x21, 0x14, 0x17, 0x16, 0x33, 0x32, 0x36, 0x35, 0x34,
  0x27, 0x26, 0x21, 0x20, 0x27, 0x26, 0x27, 0x26, 0x35, 0x34, 0x37, 0x36,
  0x21, 0x32, 0x16, 0x17, 0x1e, 0x01, 0x17, 0x21, 0x26, 0x27, 0x2e, 0x01,
  0x23, 0x22, 0x06, 0x15, 0x14, 0x17, 0x16, 0x04, 0x33, 0x32, 0x16, 0x15,
  0x14, 0x06, 0x07, 0x06, 0x04, 0x23, 0x20, 0x27, 0x2e, 0x01, 0x27, 0x2e,
  0x01, 0x33, 0x01, 0x71, 0x45, 0x40, 0xaa, 0xb0, 0x7f, 0x3d, 0x28, 0xfe,
  0xf3, 0xfe, 0xfc, 0x3f, 0xa8, 0x3e, 0x2d, 0x9e, 0x79, 0x01, 0x86, 0xf8,
  0xdf, 0x3e, 0x26, 0x21, 0x07, 0xfe, 0x8f, 0x09, 0x10, 0x17, 0x6f, 0x5e,
  0xac, 0x7c, 0x57, 0x66, 0x01, 0x18, 0x70, 0xcb, 0xb8, 0x48, 0x4d, 0x3f,
  0xfe, 0xf1, 0xd0, 0xfe, 0xf9, 0x75, 0x3a, 0x58, 0x23, 0x2a, 0x2b, 0x01,
  0x34, 0x3b, 0x1a, 0x17, 0x25, 0x35, 0x31, 0x12, 0x0b, 0x09, 0x16, 0x59,
  0x42, 0x70, 0xd5, 0x42, 0x31, 0x25, 0x34, 0x20, 0x5a, 0x58, 0x24, 0x0a,
  0x0e, 0x0e, 0x22, 0x2d, 0x39, 0x08, 0x03, 0x05, 0x87, 0xa7, 0x6c, 0x8b,
  0x22, 0x1d, 0x1e, 0x15, 0x0a, 0x26, 0x20, 0x26, 0x72, 0x00, 0x00, 0x01,
  0x00, 0x00, 0xff, 0xe7, 0x04, 0x94, 0x04, 0xa8, 0x00, 0x25, 0x00, 0x5a,
  0x40, 0x2e, 0x24, 0x23, 0x04, 0x03, 0x10, 0x0f, 0x04, 0x0a, 0x43, 0x18,
  0x23, 0x22, 0x05, 0x03, 0x04, 0x43, 0x25, 0x24, 0x03, 0x03, 0x02, 0x01,
  0x06, 0x05, 0x02, 0x03, 0x01, 0x42, 0x25, 0x22, 0x21, 0x20, 0x04, 0x00,
  0x0e, 0x0f, 0x42, 0x10, 0x01, 0x00, 0x14, 0x18, 0x1b, 0x01, 0x23, 0x46,
  0x76, 0x2f, 0x37, 0x18, 0x00, 0x3f, 0x3f, 0x3c, 0x01, 0x2f, 0xfd, 0x3c,
  0x2f, 0x17, 0x3c, 0xfd, 0x17, 0x3c, 0x00, 0x3f, 0x17, 0x3c, 0xfd, 0x17,
  0x3c, 0x10, 0xfd, 0x10, 0xd6, 0x3c, 0x01, 0x2e, 0x2e, 0x2e, 0x2e, 0x31,
  0x30, 0xb2, 0x26, 0x23, 0x05, 0x2b, 0x13, 0x21, 0x15, 0x21, 0x11, 0x21,
  0x11, 0x14, 0x17, 0x16, 0x33, 0x32, 0x37, 0x36, 0x3f, 0x01, 0x21, 0x14,
  0x07, 0x0e, 0x01, 0x07, 0x0e, 0x01, 0x23, 0x22, 0x26, 0x27, 0x26, 0x27,
  0x2e, 0x01, 0x35, 0x27, 0x11, 0x23, 0x11, 0x33, 0xbf, 0x01, 0x6a, 0x02,
  0x3d, 0xfd, 0xc3, 0x10, 0x1b, 0x65, 0x68, 0x1a, 0x09, 0x03, 0x02, 0x01,
  0x4b, 0x11, 0x07, 0x1a, 0x17, 0x35, 0xc0, 0xbc, 0xb0, 0xa7, 0x35, 0x26,
  0x12, 0x0a, 0x0b, 0x02, 0xbf, 0xbf, 0x04, 0xa8, 0xdf, 0xfe, 0xfd, 0xfe,
  0xe6, 0x72, 0x1d, 0x32, 0x30, 0x12, 0x13, 0x5f, 0x88, 0x41, 0x20, 0x37,
  0x1c, 0x44, 0x38, 0x25, 0x35, 0x25, 0x2e, 0x1b, 0x39, 0x28, 0x9c, 0x01,
  0x1a, 0x01, 0x03, 0x00, 0x00, 0x01, 0x00, 0x4b, 0xff, 0xe7, 0x05, 0x6b,
  0x03, 0xc9, 0x00, 0x1c, 0x00, 0x49, 0x40, 0x22, 0x03, 0x01, 0x00, 0x02,
  0x43, 0x1d, 0x15, 0x43, 0x06, 0x1b, 0x1a, 0x42, 0x00, 0x10, 0x0f, 0x42,
  0x0e, 0x0d, 0x02, 0x01, 0x42, 0x1c, 0x00, 0x1c, 0x1b, 0x0f, 0x03, 0x0e,
  0x01, 0x06, 0x1b, 0x01, 0x0d, 0x46, 0x76, 0x2f, 0x37, 0x18, 0x00, 0x3f,
  0x3f, 0x17, 0x3c, 0x01, 0x2f, 0x3c, 0xfd, 0x3c, 0x2f, 0x3c, 0xfd, 0x3c,
  0x10, 0xfd, 0x3c, 0x00, 0x10, 0xfd, 0x10, 0xfd, 0x00, 0x2e, 0x2e, 0x2e,
  0x31, 0x30, 0xb2, 0x1d, 0x0d, 0x05, 0x2b, 0x29, 0x01, 0x35, 0x23, 0x0e,
  0x01, 0x23, 0x22, 0x2e, 0x01, 0x27, 0x2e, 0x01, 0x35, 0x11, 0x21, 0x11,
  0x14, 0x1e, 0x02, 0x33, 0x32, 0x37, 0x3e, 0x01, 0x35, 0x11, 0x21, 0x05,
  0x6b, 0xfe, 0xab, 0x12, 0x2a, 0xbd, 0xb8, 0xaa, 0xc3, 0x84, 0x15, 0x0a,
  0x0a, 0x01, 0x6a, 0x13, 0x3d, 0x67, 0x66, 0xae, 0x41, 0x27, 0x19, 0x01,
  0x6a, 0x91, 0x5d, 0x4d, 0x37, 0x87, 0x51, 0x29, 0x87, 0x68, 0x01, 0xbb,
  0xfe, 0x45, 0x6b, 0x58, 0x3c, 0x17, 0x36, 0x21, 0x71, 0x83, 0x01, 0x86,
  0x00, 0x01, 0xff, 0xe5, 0x00, 0x00, 0x05, 0x74, 0x03, 0xc9, 0x00, 0x06,
  0x00, 0x23, 0x40, 0x0e, 0x04, 0x00, 0x02, 0x43, 0x05, 0x04, 0x03, 0x01,
  0x03, 0x00, 0x01, 0x06, 0x05, 0x1a, 0x00, 0x3f, 0x3c, 0x3f, 0x17, 0x3c,
  0x00, 0x10, 0xfd, 0x01, 0x2e, 0x2e, 0x31, 0x30, 0xb2, 0x07, 0x00, 0x05,
  0x2b, 0x03, 0x21, 0x09, 0x01, 0x21, 0x01, 0x21, 0x1b, 0x01, 0x9c, 0x01,
  0x2d, 0x01, 0x2b, 0x01, 0x9b, 0xfe, 0x23, 0xfe, 0x2c, 0x03, 0xc9, 0xfd,
  0x50, 0x02, 0xb0, 0xfc, 0x37, 0x00, 0x00, 0x01, 0xff, 0xec, 0x00, 0x00,
  0x08, 0x0c, 0x03, 0xc9, 0x00, 0x0c, 0x00, 0x33, 0x40, 0x19, 0x07, 0x00,
  0x0a, 0x43, 0x00, 0x05, 0x43, 0x08, 0x02, 0x43, 0x08, 0x07, 0x06, 0x04,
  0x03, 0x01, 0x05, 0x00, 0x01, 0x0c, 0x0b, 0x09, 0x03, 0x08, 0x1a, 0x00,
  0x3f, 0x17, 0x3c, 0x3f, 0x17, 0x3c, 0x00, 0x10, 0xfd, 0x10, 0xfd, 0x10,
  0xfd, 0x01, 0x2e, 0x2e, 0x31, 0x30, 0xb2, 0x0d, 0x00, 0x05, 0x2b, 0x03,
  0x21, 0x13, 0x01, 0x21, 0x01, 0x13, 0x21, 0x01, 0x21, 0x0b, 0x01, 0x21,
  0x14, 0x01, 0x7f, 0xde, 0x01, 0x01, 0x01, 0x57, 0x01, 0x06, 0xe2, 0x01,
  0x83, 0xfe, 0x97, 0xfe, 0x15, 0xbf, 0xc3, 0xfe, 0x1d, 0x03, 0xc9, 0xfd,
  0x40, 0x02, 0xc0, 0xfd, 0x4b, 0x02, 0xb5, 0xfc, 0x37, 0x02, 0x3a, 0xfd,
  0xc6, 0x00, 0x00, 0x01, 0x00, 0x00, 0x00, 0x00, 0x05, 0x79, 0x03, 0xc9,
  0x00, 0x0d, 0x00, 0x3d, 0x40, 0x1c, 0x0c, 0x07, 0x05, 0x00, 0x0d, 0x02,
  0x09, 0x06, 0x02, 0x09, 0x0a, 0x09, 0x43, 0x03, 0x02, 0x35, 0x05, 0x04,
  0x01, 0x03, 0x00, 0x01, 0x0c, 0x0b, 0x08, 0x03, 0x07, 0x1a, 0x00, 0x3f,
  0x17, 0x3c, 0x3f, 0x17, 0x3c, 0x00, 0x3f, 0x3c, 0xfd, 0x3c, 0x00, 0x11,
  0x12, 0x39, 0x11, 0x12, 0x39, 0x01, 0x2e, 0x2e, 0x2e, 0x2e, 0x31, 0x30,
  0xb2, 0x0e, 0x0c, 0x05, 0x2b, 0x13, 0x21, 0x13, 0x33, 0x13, 0x21, 0x09,
  0x01, 0x21, 0x03, 0x23, 0x03, 0x21, 0x01, 0x0d, 0x01, 0xe8, 0xb7, 0x0f,
  0xc3, 0x01, 0xd3, 0xfe, 0x7a, 0x01, 0xae, 0xfe, 0x2e, 0xe6, 0x12, 0xef,
  0xfe, 0x40, 0x01, 0xa0, 0x03, 0xc9, 0xfe, 0xfe, 0x01, 0x02, 0xfe, 0x3f,
  0xfd, 0xf8, 0x01, 0x48, 0xfe, 0xb8, 0x01, 0xf5, 0x00, 0x01, 0xff, 0xe5,
  0xfe, 0x4c, 0x05, 0x4c, 0x03, 0xc9, 0x00, 0x18, 0x00, 0x3e, 0x40, 0x1e,
  0x17, 0x13, 0x12, 0x04, 0x00, 0x18, 0x17, 0x02, 0x43, 0x19, 0x14, 0x43,
  0x0b, 0x13, 0x43, 0x0b, 0x04, 0x03, 0x01, 0x03, 0x00, 0x01, 0x10, 0x0f,
  0x0e, 0x0d, 0x0c, 0x05, 0x0b, 0x21, 0x00, 0x3f, 0x17, 0x3c, 0x3f, 0x17,
  0x3c, 0x00, 0x10, 0xfd, 0x10, 0xfd, 0x10, 0xfd, 0x00, 0x2e, 0x2e, 0x01,
  0x2e, 0x2e, 0x2e, 0x2e, 0x2e, 0x31, 0x30, 0xb2, 0x19, 0x00, 0x05, 0x2b,
  0x03, 0x21, 0x09, 0x01, 0x21, 0x01, 0x06, 0x07, 0x06, 0x07, 0x06, 0x2b,
  0x05, 0x22, 0x27, 0x35, 0x37, 0x32, 0x36, 0x37, 0x23, 0x1b, 0x01, 0x8e,
  0x01, 0x14, 0x01, 0x34, 0x01, 0x91, 0xfd, 0xfc, 0x49, 0x1a, 0x15, 0x30,
  0x56, 0xb2, 0x1c, 0x17, 0x12, 0x0f, 0x0c, 0x2a, 0x12, 0x51, 0x5b, 0x55,
  0x2b, 0x93, 0x03, 0xc9, 0xfd, 0x40, 0x02, 0xc0, 0xfb, 0xba, 0x9c, 0x26,
  0x22, 0x1f, 0x34, 0x05, 0xfa, 0x01, 0x44, 0x70, 0x00, 0x01, 0x00, 0x22,
  0x00, 0x00, 0x04, 0xbc, 0x03, 0xc9, 0x00, 0x09, 0x00, 0x38, 0x40, 0x18,
  0x09, 0x08, 0x07, 0x06, 0x05, 0x04, 0x03, 0x02, 0x01, 0x00, 0x04, 0x03,
  0x43, 0x05, 0x09, 0x08, 0x43, 0x00, 0x01, 0x00, 0x01, 0x06, 0x05, 0x1a,
  0x00, 0x3f, 0x3c, 0x3f, 0x3c, 0x00, 0x10, 0xfd, 0x3c, 0x10, 0xfd, 0x3c,
  0x01, 0x2e, 0x2e, 0x2e, 0x2e, 0x2e, 0x2e, 0x2e, 0x2e, 0x2e, 0x2e, 0x31,
  0x30, 0xb2, 0x0a, 0x06, 0x05, 0x2b, 0x13, 0x21, 0x11, 0x01, 0x21, 0x15,
  0x21, 0x35, 0x01, 0x21, 0x4d, 0x04, 0x5b, 0xfd, 0xa9, 0x02, 0x6b, 0xfb,
  0x66, 0x02, 0x6e, 0xfd, 0xbd, 0x03, 0xc9, 0xfe, 0xeb, 0xfe, 0x49, 0xfd,
  0xfb, 0x01, 0xd8, 0x00, 0x00, 0x01, 0x00, 0x37, 0xff, 0x80, 0x02, 0xeb,
  0x05, 0x83, 0x00, 0x31, 0x00, 0x46, 0x40, 0x20, 0x23, 0x1b, 0x1a, 0x08,
  0x01, 0x00, 0x1a, 0x43, 0x1b, 0x01, 0x43, 0x00, 0x26, 0x43, 0x27, 0x2b,
  0x15, 0x06, 0x42, 0x2c, 0x0e, 0x0d, 0x42, 0x27, 0x26, 0x00, 0x02, 0x1b,
  0x1d, 0x01, 0x26, 0x46, 0x76, 0x2f, 0x37, 0x18, 0x00, 0x3f, 0x3f, 0x01,
  0x2f, 0x3c, 0xfd, 0x3c, 0x2f, 0xfd, 0x3c, 0x00, 0x3f, 0xfd, 0x10, 0xfd,
  0x10, 0xfd, 0x01, 0x2e, 0x2e, 0x2e, 0x2e, 0x2e, 0x2e, 0x31, 0x30, 0xb2,
  0x32, 0x26, 0x05, 0x2b, 0x01, 0x15, 0x22, 0x06, 0x07, 0x06, 0x15, 0x14,
  0x07, 0x14, 0x06, 0x07, 0x06, 0x07, 0x15, 0x16, 0x17, 0x16, 0x17, 0x1e,
  0x01, 0x15, 0x14, 0x1e, 0x02, 0x33, 0x11, 0x22, 0x26, 0x27, 0x26, 0x27,
  0x2e, 0x01, 0x35, 0x34, 0x26, 0x23, 0x35, 0x32, 0x36, 0x37, 0x36, 0x35,
  0x34, 0x36, 0x37, 0x3e, 0x01, 0x02, 0xeb, 0x3e, 0x51, 0x18, 0x2b, 0x06,
  0x09, 0x0b, 0x23, 0x6c, 0x68, 0x20, 0x11, 0x08, 0x03, 0x05, 0x17, 0x2b,
  0x55, 0x3b, 0xd8, 0xa6, 0x39, 0x4b, 0x1a, 0x0e, 0x14, 0x34, 0x42, 0x2a,
  0x34, 0x0b, 0x13, 0x24, 0x2b, 0x37, 0xc2, 0x05, 0x83, 0xff, 0x18, 0x18,
  0x2d, 0x7c, 0x6e, 0x26, 0x12, 0x1c, 0x10, 0x38, 0x0f, 0x13, 0x0e, 0x2d,
  0x19, 0x2a, 0x12, 0x62, 0x31, 0x3b, 0x56, 0x2d, 0x1b, 0xfe, 0xfd, 0x18,
  0x27, 0x35, 0x58, 0x34, 0xae, 0x78, 0x38, 0x2e, 0xf9, 0x0f, 0x0d, 0x18,
  0x65, 0x95, 0xa5, 0x35, 0x46, 0x30, 0x00, 0x01, 0x01, 0x39, 0xfe, 0xab,
  0x02, 0xc7, 0x05, 0x55, 0x00, 0x03, 0x00, 0x1f, 0x40, 0x0b, 0x02, 0x01,
  0x42, 0x03, 0x00, 0x01, 0x00, 0x00, 0x03, 0x02, 0x29, 0x00, 0x3f, 0x3c,
  0x3f, 0x3c, 0x01, 0x2f, 0x3c, 0xfd, 0x3c, 0x00, 0x31, 0x30, 0xb2, 0x04,
  0x00, 0x05, 0x2b, 0x01, 0x21, 0x11, 0x21, 0x01, 0x39, 0x01, 0x8e, 0xfe,
  0x72, 0x05, 0x55, 0xf9, 0x56, 0x00, 0x00, 0x01, 0x00, 0x39, 0xff, 0x80,
  0x02, 0xed, 0x05, 0x83, 0x00, 0x2f, 0x00, 0x4c, 0x40, 0x22, 0x2f, 0x1a,
  0x19, 0x00, 0x0c, 0x02, 0x1a, 0x43, 0x19, 0x2f, 0x43, 0x00, 0x10, 0x08,
  0x2a, 0x1f, 0x42, 0x08, 0x29, 0x42, 0x11, 0x08, 0x25, 0x24, 0x42, 0x0c,
  0x0b, 0x00, 0x02, 0x19, 0x1d, 0x01, 0x00, 0x46, 0x76, 0x2f, 0x37, 0x18,
  0x00, 0x3f, 0x3f, 0x01, 0x2f, 0x3c, 0xfd, 0x3c, 0x2f, 0x3c, 0xfd, 0x10,
  0xfd, 0x3c, 0x10, 0xd6, 0x00, 0x10, 0xfd, 0x10, 0xfd, 0x00, 0x2e, 0x2e,
  0x01, 0x2e, 0x2e, 0x2e, 0x2e, 0x31, 0x30, 0xb2, 0x30, 0x00, 0x05, 0x2b,
  0x13, 0x32, 0x17, 0x32, 0x16, 0x17, 0x1e, 0x01, 0x15, 0x14, 0x16, 0x17,
  0x15, 0x22, 0x07, 0x06, 0x0f, 0x01, 0x14, 0x06, 0x07, 0x06, 0x07, 0x0e,
  0x01, 0x23, 0x11, 0x32, 0x3e, 0x02, 0x35, 0x34, 0x36, 0x37, 0x36, 0x37,
  0x35, 0x26, 0x27, 0x26, 0x2f, 0x01, 0x34, 0x27, 0x2e, 0x01, 0x23, 0x39,
  0xa2, 0x42, 0x1f, 0x3d, 0x26, 0x74, 0x5e, 0x25, 0x57, 0x4b, 0x17, 0x0c,
  0x05, 0x08, 0x0d, 0x0d, 0x15, 0x2d, 0x37, 0xb4, 0xf2, 0x3b, 0x52, 0x2c,
  0x19, 0x0e, 0x13, 0x1f, 0x69, 0x69, 0x26, 0x11, 0x04, 0x05, 0x2b, 0x16,
  0x52, 0x3f, 0x05, 0x83, 0x06, 0x0d, 0x0c, 0x21, 0xcc, 0xd9, 0x66, 0x2b,
  0x08, 0xf9, 0x1d, 0x10, 0x18, 0xb4, 0x39, 0x5a, 0x28, 0x45, 0x32, 0x3c,
  0x25, 0x01, 0x03, 0x1a, 0x2d, 0x57, 0x3b, 0x78, 0x56, 0x1a, 0x2c, 0x0f,
  0x13, 0x0c, 0x3b, 0x1a, 0x24, 0x94, 0x7d, 0x2c, 0x17, 0x19, 0x00, 0x01,
  0x00, 0xbc, 0x04, 0x48, 0x04, 0xa0, 0x06, 0x22, 0x00, 0x1b, 0x00, 0x2f,
  0x40, 0x14, 0x10, 0x05, 0x19, 0x01, 0x05, 0x19, 0x0c, 0x43, 0x14, 0x34,
  0x19, 0x43, 0x05, 0x2e, 0x0f, 0x05, 0x5d, 0x00, 0x34, 0x78, 0x00, 0x76,
  0x3f, 0x76, 0x3f, 0x18, 0x00, 0x3f, 0xfd, 0x3f, 0xfd, 0x00, 0x11, 0x12,
  0x39, 0x11, 0x12, 0x39, 0x31, 0x30, 0xb2, 0x1c, 0x01, 0x05, 0x2b, 0x01,
  0x27, 0x36, 0x37, 0x36, 0x33, 0x32, 0x17, 0x1e, 0x01, 0x17, 0x16, 0x33,
  0x32, 0x36, 0x37, 0x17, 0x06, 0x07, 0x06, 0x23, 0x22, 0x26, 0x27, 0x26,
  0x23, 0x22, 0x06, 0x01, 0x78, 0xbc, 0x2a, 0x31, 0x5e, 0x86, 0x2c, 0x2d,
  0x1c, 0x53, 0x4c, 0x3d, 0x1e, 0x25, 0x30, 0x25, 0xbc, 0x34, 0x30, 0x5e,
  0x80, 0x1f, 0x6a, 0x7a, 0x4b, 0x20, 0x21, 0x34, 0x04, 0x48, 0x9f, 0x6e,
  0x45, 0x82, 0x0e, 0x08, 0x1e, 0x1e, 0x17, 0x2d, 0x42, 0x9f, 0x80, 0x3f,
  0x79, 0x20, 0x2f, 0x1d, 0x30, 0x00, 0x00, 0x01, 0x00, 0x52, 0xfe, 0x92,
  0x02, 0x40, 0x01, 0x95, 0x00, 0x13, 0x00, 0x36, 0x40, 0x17, 0x13, 0x12,
  0x11, 0x0c, 0x0b, 0x02, 0x01, 0x00, 0x13, 0x12, 0x43, 0x00, 0x0e, 0x0d,
  0x0c, 0x43, 0x0b, 0x01, 0x00, 0x0a, 0x0b, 0x08, 0x1f, 0x00, 0x3f, 0x3c,
  0x3f, 0x3c, 0x00, 0x10, 0xfd, 0x3c, 0x3c, 0x10, 0xfd, 0x3c, 0x01, 0x2e,
  0x2e, 0x2e, 0x2e, 0x2e, 0x2e, 0x2e, 0x2e, 0x31, 0x30, 0xb2, 0x14, 0x0b,
  0x05, 0x2b, 0x13, 0x21, 0x11, 0x14, 0x06, 0x07, 0x0e, 0x01, 0x23, 0x22,
  0x26, 0x23, 0x35, 0x3b, 0x01, 0x32, 0x36, 0x3d, 0x01, 0x23, 0x8b, 0x01,
  0xb5, 0x17, 0x1e, 0x27, 0x88, 0xa1, 0x0e, 0x46, 0x15, 0x1e, 0x25, 0x36,
  0x32, 0x72, 0x01, 0x95, 0xfe, 0x72, 0x7d, 0x80, 0x26, 0x32, 0x20, 0x02,
  0xd6, 0x35, 0x3b, 0x26, 0x00, 0x01, 0x00, 0x1b, 0xfe, 0xef, 0x05, 0x4e,
  0x05, 0x6d, 0x00, 0x27, 0x00, 0x4b, 0x40, 0x25, 0x21, 0x15, 0x14, 0x0d,
  0x01, 0x02, 0x42, 0x27, 0x00, 0x00, 0x27, 0x17, 0x16, 0x01, 0x03, 0x00,
  0x43, 0x15, 0x14, 0x03, 0x03, 0x02, 0x0b, 0x22, 0x23, 0x43, 0x21, 0x2f,
  0x0e, 0x0f, 0x43, 0x0d, 0x00, 0x0a, 0x00, 0x1e, 0x2f, 0x00, 0x3f, 0x3f,
  0x00, 0x3f, 0xfd, 0x3c, 0x3f, 0xfd, 0x3c, 0x3f, 0x17, 0x3c, 0xfd, 0x17,
  0x3c, 0x87, 0x2e, 0x0e, 0xc4, 0x0e, 0xfc, 0x0e, 0xc4, 0x01, 0x2e, 0x2e,
  0x2e, 0x2e, 0x31, 0x30, 0xb2, 0x28, 0x21, 0x05, 0x2b, 0x01, 0x23, 0x13,
  0x33, 0x37, 0x3e, 0x01, 0x37, 0x3e, 0x01, 0x33, 0x32, 0x16, 0x33, 0x07,
  0x27, 0x22, 0x07, 0x0e, 0x01, 0x07, 0x21, 0x03, 0x21, 0x03, 0x0e, 0x01,
  0x07, 0x0e, 0x01, 0x23, 0x22, 0x26, 0x23, 0x37, 0x17, 0x32, 0x37, 0x36,
  0x37, 0x02, 0x07, 0xf2, 0x2e, 0xf1, 0x0d, 0x15, 0x30, 0x25, 0x47, 0xc7,
  0xd8, 0x2c, 0x88, 0x09, 0x2a, 0x5f, 0x99, 0x33, 0x1b, 0x19, 0x12, 0x01,
  0x64, 0x2d, 0xfe, 0x9b, 0x5a, 0x17, 0x44, 0x3e, 0x41, 0xb7, 0xaf, 0x1d,
  0x9f, 0x14, 0x2a, 0x5f, 0x97, 0x35, 0x2a, 0x13, 0x02, 0x90, 0x01, 0x03,
  0x40, 0x6f, 0x7d, 0x29, 0x4d, 0x38, 0x05, 0xee, 0x01, 0x29, 0x15, 0x43,
  0x67, 0xfe, 0xfd, 0xfe, 0x03, 0x85, 0x91, 0x31, 0x35, 0x28, 0x04, 0xef,
  0x01, 0x29, 0x1f, 0x6a, 0x00, 0x02, 0x00, 0x52, 0xfe, 0x92, 0x04, 0x6a,
  0x01, 0x95, 0x00, 0x14, 0x00, 0x29, 0x00, 0x57, 0x40, 0x2c, 0x28, 0x27,
  0x22, 0x21, 0x17, 0x16, 0x14, 0x13, 0x12, 0x0d, 0x0c, 0x00, 0x29, 0x28,
  0x14, 0x03, 0x13, 0x43, 0x00, 0x24, 0x23, 0x22, 0x0f, 0x0e, 0x05, 0x0d,
  0x43, 0x0c, 0x02, 0x01, 0x29, 0x15, 0x16, 0x15, 0x01, 0x03, 0x00, 0x0a,
  0x21, 0x20, 0x0c, 0x03, 0x0b, 0x1f, 0x00, 0x3f, 0x17, 0x3c, 0x3f, 0x17,
  0x3c, 0x01, 0x2f, 0x3c, 0xd6, 0x3c, 0x00, 0x10, 0xfd, 0x17, 0x3c, 0x10,
  0xfd, 0x17, 0x3c, 0x01, 0x2e, 0x2e, 0x2e, 0x2e, 0x2e, 0x2e, 0x2e, 0x2e,
  0x2e, 0x2e, 0x2e, 0x2e, 0x31, 0x30, 0xb2, 0x2a, 0x0c, 0x05, 0x2b, 0x13,
  0x21, 0x11, 0x14, 0x07, 0x06, 0x07, 0x06, 0x07, 0x0e, 0x01, 0x23, 0x27,
  0x35, 0x3b, 0x01, 0x32, 0x36, 0x3d, 0x01, 0x23, 0x01, 0x21, 0x11, 0x14,
  0x07, 0x06, 0x07, 0x06, 0x07, 0x0e, 0x01, 0x23, 0x27, 0x35, 0x3b, 0x01,
  0x32, 0x36, 0x3d, 0x01, 0x23, 0x7d, 0x01, 0xa0, 0x0b, 0x09, 0x1d, 0x24,
  0x3c, 0x20, 0x63, 0x4f, 0x68, 0x1b, 0x1a, 0x3a, 0x35, 0x79, 0x02, 0x4d,
  0x01, 0xa0, 0x0b, 0x09, 0x1d, 0x24, 0x3c, 0x20, 0x63, 0x4f, 0x68, 0x1e,
  0x17, 0x3a, 0x35, 0x79, 0x01, 0x95, 0xfe, 0x72, 0x83, 0x3a, 0x41, 0x25,
  0x32, 0x10, 0x08, 0x08, 0x01, 0xc9, 0x35, 0x3b, 0x34, 0x01, 0x95, 0xfe,
  0x72, 0x83, 0x3a, 0x41, 0x25, 0x32, 0x10, 0x08, 0x08, 0x01, 0xc9, 0x35,
  0x3b, 0x34, 0x00, 0x03, 0x00, 0x74, 0x00, 0x00, 0x07, 0x63, 0x01, 0x6b,
  0x00, 0x03, 0x00, 0x07, 0x00, 0x0b, 0x00, 0x42, 0x40, 0x1f, 0x0a, 0x09,
  0x03, 0x00, 0x06, 0x05, 0x0b, 0x08, 0x07, 0x04, 0x02, 0x01, 0x09, 0x08,
  0x05, 0x04, 0x01, 0x05, 0x00, 0x11, 0x0b, 0x0a, 0x07, 0x06, 0x03, 0x05,
  0x02, 0x1a, 0x01, 0x00, 0x46, 0x76, 0x2f, 0x37, 0x18, 0x00, 0x3f, 0x17,
  0x3c, 0x3f, 0x17, 0x3c, 0x01, 0x2f, 0x3c, 0xd6, 0x3c, 0x2f, 0x3c, 0xd6,
  0x3c, 0x00, 0x01, 0x2e, 0x2e, 0x2e, 0x2e, 0x31, 0x30, 0xb2, 0x0c, 0x00,
  0x05, 0x2b, 0x13, 0x21, 0x11, 0x21, 0x01, 0x21, 0x11, 0x21, 0x01, 0x21,
  0x11, 0x21, 0x74, 0x01, 0xb5, 0xfe, 0x4b, 0x02, 0x9d, 0x01, 0xb5, 0xfe,
  0x4b, 0x02, 0x9d, 0x01, 0xb5, 0xfe, 0x4b, 0x01, 0x6b, 0xfe, 0x95, 0x01,
  0x6b, 0xfe, 0x95, 0x01, 0x6b, 0xfe, 0x95, 0x00, 0x00, 0x01, 0x00, 0xbd,
  0xff, 0x41, 0x06, 0x72, 0x06, 0x30, 0x00, 0x0b, 0x00, 0x40, 0x40, 0x1e,
  0x0b, 0x0a, 0x09, 0x08, 0x07, 0x06, 0x05, 0x04, 0x03, 0x02, 0x01, 0x00,
  0x0a, 0x09, 0x02, 0x03, 0x01, 0x43, 0x08, 0x07, 0x04, 0x03, 0x03, 0x0d,
  0x06, 0x05, 0x05, 0x0b, 0x00, 0x2c, 0x00, 0x3f, 0x3c, 0x3f, 0x3c, 0x00,
  0x3f, 0x17, 0x3c, 0xfd, 0x17, 0x3c, 0x01, 0x2e, 0x2e, 0x2e, 0x2e, 0x2e,
  0x2e, 0x2e, 0x2e, 0x2e, 0x2e, 0x2e, 0x2e, 0x31, 0x30, 0xb2, 0x0c, 0x02,
  0x05, 0x2b, 0x05, 0x11, 0x21, 0x11, 0x21, 0x11, 0x21, 0x11, 0x21, 0x11,
  0x21, 0x11, 0x02, 0xcb, 0xfd, 0xf2, 0x02, 0x0e, 0x01, 0x9a, 0x02, 0x0d,
  0xfd, 0xf3, 0xbf, 0x04, 0x22, 0x01, 0x18, 0x01, 0xb5, 0xfe, 0x4b, 0xfe,
  0xe8, 0xfb, 0xde, 0x00, 0x00, 0x01, 0x00, 0xbd, 0xff, 0x41, 0x06, 0x72,
  0x06, 0x30, 0x00, 0x13, 0x00, 0x61, 0x40, 0x31, 0x13, 0x12, 0x11, 0x10,
  0x0f, 0x0e, 0x0d, 0x0c, 0x0b, 0x0a, 0x09, 0x08, 0x07, 0x06, 0x05, 0x04,
  0x03, 0x02, 0x01, 0x00, 0x13, 0x12, 0x0b, 0x03, 0x0a, 0x43, 0x11, 0x10,
  0x0d, 0x03, 0x0c, 0x09, 0x08, 0x01, 0x03, 0x00, 0x43, 0x07, 0x06, 0x03,
  0x03, 0x02, 0x0d, 0x05, 0x04, 0x05, 0x0f, 0x0e, 0x2c, 0x00, 0x3f, 0x3c,
  0x3f, 0x3c, 0x00, 0x3f, 0x17, 0x3c, 0xfd, 0x17, 0x3c, 0x2f, 0x17, 0x3c,
  0xfd, 0x17, 0x3c, 0x01, 0x2e, 0x2e, 0x2e, 0x2e, 0x2e, 0x2e, 0x2e, 0x2e,
  0x2e, 0x2e, 0x2e, 0x2e, 0x2e, 0x2e, 0x2e, 0x2e, 0x2e, 0x2e, 0x2e, 0x2e,
  0x31, 0x30, 0xb2, 0x14, 0x01, 0x05, 0x2b, 0x01, 0x21, 0x11, 0x21, 0x11,
  0x21, 0x11, 0x21, 0x11, 0x21, 0x11, 0x21, 0x11, 0x21, 0x11, 0x21, 0x11,
  0x21, 0x11, 0x21, 0x02, 0xcb, 0xfd, 0xf2, 0x02, 0x0e, 0x01, 0x9a, 0x02,
  0x0d, 0xfd, 0xf3, 0x02, 0x0d, 0xfd, 0xf3, 0xfe, 0x66, 0xfd, 0xf2, 0x02,
  0x0e, 0x03, 0x63, 0x01, 0x18, 0x01, 0xb5, 0xfe, 0x4b, 0xfe, 0xe8, 0xfe,
  0xbf, 0xfe, 0xe8, 0xfe, 0x37, 0x01, 0xc9, 0x01, 0x18, 0x00, 0x00, 0x01,
  0x00, 0x1e, 0x04, 0x4c, 0x03, 0xe2, 0x05, 0xec, 0x00, 0x05, 0x00, 0x22,
  0x40, 0x0c, 0x02, 0x00, 0x04, 0x43, 0x01, 0x01, 0x04, 0x5d, 0x05, 0x03,
  0x34, 0x78, 0x00, 0x76, 0x3f, 0x3c, 0x76, 0x3f, 0x18, 0x00, 0x10, 0xfd,
  0x01, 0x2e, 0x2e, 0x31, 0x30, 0xb2, 0x06, 0x00, 0x05, 0x2b, 0x13, 0x09,
  0x01, 0x07, 0x25, 0x05, 0x1e, 0x01, 0xe2, 0x01, 0xe2, 0x38, 0xfe, 0x56,
  0xfe, 0x56, 0x04, 0xc4, 0x01, 0x28, 0xfe, 0xd8, 0x78, 0x97, 0x97, 0x00,
  0x00, 0x07, 0x00, 0x29, 0xff, 0xe0, 0x0f, 0x20, 0x05, 0x75, 0x00, 0x16,
  0x00, 0x2d, 0x00, 0x31, 0x00, 0x48, 0x00, 0x5f, 0x00, 0x82, 0x00, 0x97,
  0x00, 0x80, 0x40, 0x43, 0x6d, 0x30, 0x2f, 0x42, 0x31, 0x2e, 0x2e, 0x31,
  0x66, 0x67, 0x67, 0x68, 0x2d, 0x83, 0x49, 0x43, 0x60, 0x32, 0x19, 0x8e,
  0x54, 0x43, 0x77, 0x3d, 0x1b, 0x17, 0x43, 0x00, 0x00, 0x22, 0x43, 0x0a,
  0x3b, 0x4e, 0x42, 0x43, 0x7d, 0x42, 0x88, 0x59, 0x42, 0x37, 0x05, 0x42,
  0x28, 0x93, 0x42, 0x6b, 0x6a, 0x69, 0x68, 0x67, 0x66, 0x06, 0x65, 0x1d,
  0x42, 0x11, 0x2e, 0x02, 0x5d, 0x30, 0x1b, 0x78, 0x01, 0x11, 0x46, 0x76,
  0x2f, 0x37, 0x18, 0x00, 0x76, 0x3f, 0x76, 0x3f, 0x18, 0x01, 0x2f, 0xfd,
  0x2f, 0x17, 0x3c, 0xfd, 0x2f, 0xfd, 0x2f, 0xfd, 0x2f, 0xfd, 0x2f, 0xfd,
  0x00, 0x3f, 0xfd, 0x3f, 0xfd, 0x3f, 0x3c, 0xfd, 0x3c, 0x3f, 0x3c, 0xfd,
  0x3c, 0x3f, 0xd6, 0x10, 0xd6, 0x87, 0x2e, 0x0e, 0xc4, 0x0e, 0xfc, 0x0e,
  0xc4, 0x01, 0x2e, 0x31, 0x30, 0xb2, 0x98, 0x11, 0x05, 0x2b, 0x01, 0x20,
  0x17, 0x1e, 0x01, 0x15, 0x14, 0x06, 0x07, 0x06, 0x21, 0x20, 0x27, 0x26,
  0x27, 0x2e, 0x01, 0x35, 0x34, 0x36, 0x37, 0x3e, 0x01, 0x17, 0x22, 0x07,
  0x06, 0x07, 0x06, 0x15, 0x14, 0x16, 0x17, 0x16, 0x33, 0x32, 0x37, 0x36,
  0x37, 0x36, 0x35, 0x34, 0x27, 0x2e, 0x02, 0x25, 0x17, 0x01, 0x27, 0x01,
  0x20, 0x17, 0x1e, 0x01, 0x15, 0x14, 0x06, 0x07, 0x0e, 0x01, 0x23, 0x20,
  0x27, 0x26, 0x27, 0x26, 0x35, 0x34, 0x36, 0x37, 0x3e, 0x01, 0x17, 0x22,
  0x07, 0x0e, 0x01, 0x15, 0x14, 0x16, 0x17, 0x1e, 0x01, 0x33, 0x32, 0x37,
  0x3e, 0x01, 0x35, 0x34, 0x26, 0x27, 0x26, 0x27, 0x26, 0x25, 0x20, 0x17,
  0x1e, 0x01, 0x1d, 0x06, 0x14, 0x07, 0x14, 0x06, 0x07, 0x06, 0x07, 0x06,
  0x07, 0x0e, 0x01, 0x23, 0x22, 0x2e, 0x01, 0x27, 0x26, 0x35, 0x34, 0x36,
  0x37, 0x3e, 0x01, 0x17, 0x22, 0x07, 0x0e, 0x01, 0x15, 0x14, 0x16, 0x17,
  0x1e, 0x01, 0x33, 0x32, 0x37, 0x3e, 0x01, 0x35, 0x34, 0x26, 0x27, 0x26,
  0x02, 0x47, 0x01, 0x53, 0x72, 0x36, 0x20, 0x25, 0x46, 0x74, 0xfe, 0xc3,
  0xfe, 0xc3, 0x74, 0x43, 0x15, 0x0a, 0x0a, 0x30, 0x57, 0x3c, 0xc8, 0x8e,
  0xba, 0x38, 0x1d, 0x0e, 0x0c, 0x1b, 0x28, 0x36, 0xaf, 0xb5, 0x46, 0x20,
  0x0c, 0x09, 0x10, 0x07, 0x25, 0x97, 0x05, 0x3a, 0x8c, 0xfa, 0x81, 0x90,
  0x06, 0x0b, 0x01, 0x4e, 0x82, 0x3d, 0x24, 0x27, 0x51, 0x42, 0xda, 0x9f,
  0xfe, 0xd5, 0x76, 0x41, 0x15, 0x13, 0x2f, 0x53, 0x3c, 0xc5, 0x8a, 0xae,
  0x36, 0x1e, 0x19, 0x1a, 0x29, 0x1d, 0x66, 0x53, 0xc2, 0x48, 0x1e, 0x19,
  0x06, 0x08, 0x0d, 0x27, 0x4a, 0x03, 0xdb, 0x01, 0x50, 0x80, 0x3d, 0x24,
  0x05, 0x09, 0x09, 0x12, 0x2d, 0x2b, 0x6a, 0x46, 0x9e, 0x64, 0x98, 0xca,
  0x80, 0x15, 0x13, 0x2f, 0x53, 0x3c, 0xc5, 0x8a, 0xae, 0x36, 0x1e, 0x19,
  0x1a, 0x29, 0x1d, 0x66, 0x53, 0xc2, 0x48, 0x1e, 0x19, 0x1b, 0x27, 0x48,
  0x05, 0x6a, 0x36, 0x19, 0x89, 0xbf, 0xd2, 0x7e, 0x1b, 0x2d, 0x2c, 0x19,
  0x46, 0x23, 0x89, 0x70, 0xc8, 0x82, 0x1b, 0x11, 0x12, 0xd4, 0x16, 0x0c,
  0x27, 0x26, 0x51, 0x60, 0x49, 0x0d, 0x12, 0x14, 0x09, 0x33, 0x2c, 0x48,
  0x5f, 0x2f, 0x16, 0x0f, 0x11, 0xdf, 0xa0, 0xfb, 0x0b, 0xa1, 0x02, 0xa0,
  0x35, 0x18, 0x81, 0xcd, 0xdb, 0x78, 0x1c, 0x16, 0x16, 0x2f, 0x1b, 0x44,
  0x49, 0xd4, 0xcb, 0x7e, 0x1c, 0x12, 0x14, 0xd7, 0x14, 0x0a, 0x4e, 0x54,
  0x64, 0x47, 0x0e, 0x08, 0x08, 0x15, 0x08, 0x54, 0x54, 0x31, 0x3e, 0x14,
  0x25, 0x0a, 0x12, 0xd7, 0x35, 0x18, 0x81, 0xcd, 0x20, 0x1a, 0x15, 0x12,
  0x0f, 0x0c, 0x2d, 0x15, 0x1a, 0x2c, 0x18, 0x2d, 0x18, 0x15, 0x11, 0x0a,
  0x0a, 0x16, 0x34, 0x44, 0x49, 0xd4, 0xcb, 0x7e, 0x1c, 0x12, 0x14, 0xd7,
  0x14, 0x0a, 0x4e, 0x54, 0x64, 0x47, 0x0e, 0x08, 0x08, 0x15, 0x08, 0x54,
  0x54, 0x60, 0x49, 0x09, 0x12, 0x00, 0xff, 0xff, 0x00, 0x30, 0xff, 0xec,
  0x06, 0xb7, 0x07, 0x77, 0x00, 0x26, 0x00, 0x36, 0x00, 0x00, 0x00, 0x07,
  0x01, 0x24, 0x01, 0x6b, 0x00, 0x00, 0x00, 0x01, 0x00, 0x44, 0x00, 0x00,
  0x02, 0xa4, 0x03, 0x79, 0x00, 0x05, 0x00, 0x35, 0x40, 0x14, 0x03, 0x01,
  0x04, 0x02, 0x05, 0x00, 0x02, 0x05, 0x02, 0x42, 0x05, 0x00, 0x16, 0x5d,
  0x04, 0x1a, 0x78, 0x01, 0x05, 0x46, 0x76, 0x2f, 0x37, 0x18, 0x00, 0x76,
  0x3f, 0x76, 0x3f, 0x18, 0x01, 0x2f, 0xfd, 0x00, 0x01, 0x11, 0x12, 0x39,
  0x11, 0x12, 0x39, 0x01, 0x2e, 0x2e, 0x31, 0x30, 0xb2, 0x06, 0x05, 0x05,
  0x2b, 0x01, 0x17, 0x07, 0x13, 0x05, 0x01, 0x01, 0x4a, 0xdf, 0x6c, 0xe7,
  0xfe, 0xdc, 0xfe, 0xc4, 0x03, 0x79, 0xb5, 0x8b, 0xfe, 0x63, 0x9c, 0x02,
  0x39, 0x00, 0x00, 0x02, 0x00, 0x44, 0xff, 0xec, 0x0b, 0xe9, 0x05, 0x6a,
  0x00, 0x23, 0x00, 0x3e, 0x00, 0x5d, 0x40, 0x2e, 0x3a, 0x39, 0x29, 0x16,
  0x14, 0x09, 0x08, 0x07, 0x06, 0x05, 0x04, 0x03, 0x02, 0x01, 0x00, 0x31,
  0x43, 0x0c, 0x2e, 0x43, 0x0c, 0x24, 0x43, 0x20, 0x00, 0x08, 0x07, 0x43,
  0x0a, 0x09, 0x1a, 0x02, 0x01, 0x43, 0x23, 0x00, 0x00, 0x06, 0x05, 0x43,
  0x04, 0x03, 0x1d, 0x00, 0x0c, 0x1b, 0x00, 0x3f, 0x3f, 0x00, 0x2f, 0x3c,
  0xfd, 0x3c, 0x3f, 0x3c, 0xfd, 0x3c, 0x3f, 0x3c, 0xfd, 0x3c, 0x3f, 0xfd,
  0x10, 0xfd, 0x10, 0xfd, 0x01, 0x2e, 0x2e, 0x2e, 0x2e, 0x2e, 0x2e, 0x2e,
  0x2e, 0x2e, 0x2e, 0x2e, 0x2e, 0x2e, 0x2e, 0x2e, 0x31, 0x30, 0xb2, 0x3f,
  0x14, 0x05, 0x2b, 0x01, 0x11, 0x21, 0x15, 0x21, 0x11, 0x21, 0x15, 0x21,
  0x11, 0x21, 0x06, 0x21, 0x22, 0x24, 0x27, 0x26, 0x27, 0x2e, 0x01, 0x11,
  0x34, 0x37, 0x34, 0x36, 0x37, 0x36, 0x37, 0x36, 0x21, 0x32, 0x16, 0x33,
  0x32, 0x16, 0x17, 0x01, 0x20, 0x07, 0x0e, 0x01, 0x15, 0x14, 0x16, 0x17,
  0x16, 0x33, 0x32, 0x36, 0x37, 0x32, 0x36, 0x37, 0x36, 0x37, 0x3e, 0x01,
  0x35, 0x37, 0x34, 0x26, 0x27, 0x26, 0x0b, 0xe0, 0xfb, 0xb2, 0x04, 0x17,
  0xfb, 0xe9, 0x04, 0x57, 0xfa, 0x42, 0xaf, 0xfe, 0xad, 0xc5, 0xfe, 0xe1,
  0x6a, 0xcb, 0x50, 0x4b, 0x31, 0x0a, 0x0e, 0x15, 0x37, 0xd9, 0xb8, 0x01,
  0x62, 0x30, 0xe4, 0x40, 0x63, 0x6d, 0x4c, 0xfd, 0xd3, 0xfe, 0xb5, 0x4e,
  0x35, 0x2c, 0x34, 0x55, 0x50, 0xe8, 0x73, 0x91, 0x41, 0x28, 0x40, 0x29,
  0x4c, 0x18, 0x0c, 0x0c, 0x01, 0x28, 0x41, 0x58, 0x05, 0x55, 0xfe, 0xbf,
  0xc5, 0xfe, 0xd4, 0xdb, 0xfe, 0xb8, 0x14, 0x0c, 0x0e, 0x19, 0x3b, 0x37,
  0xe5, 0x01, 0x27, 0xc0, 0x6b, 0x28, 0x57, 0x3c, 0xaf, 0x1f, 0x19, 0x07,
  0x06, 0x08, 0xfe, 0xb1, 0x1b, 0x12, 0x95, 0xb1, 0xab, 0x74, 0x14, 0x11,
  0x02, 0x01, 0x05, 0x0a, 0x0f, 0x3f, 0x21, 0x7a, 0x65, 0x43, 0x89, 0x5e,
  0x12, 0x1b, 0x00, 0x01, 0x00, 0x6d, 0x02, 0x59, 0x02, 0x5b, 0x05, 0x5d,
  0x00, 0x14, 0x00, 0x36, 0x40, 0x17, 0x14, 0x13, 0x12, 0x0c, 0x0b, 0x02,
  0x01, 0x00, 0x14, 0x13, 0x43, 0x00, 0x0e, 0x0d, 0x0c, 0x43, 0x0b, 0x0b,
  0x08, 0x00, 0x01, 0x00, 0x26, 0x00, 0x3f, 0x3c, 0x3f, 0x3c, 0x00, 0x10,
  0xfd, 0x3c, 0x3c, 0x10, 0xfd, 0x3c, 0x01, 0x2e, 0x2e, 0x2e, 0x2e, 0x2e,
  0x2e, 0x2e, 0x2e, 0x31, 0x30, 0xb2, 0x15, 0x01, 0x05, 0x2b, 0x01, 0x21,
  0x11, 0x34, 0x36, 0x37, 0x3e, 0x01, 0x33, 0x32, 0x16, 0x33, 0x15, 0x2b,
  0x01, 0x22, 0x07, 0x06, 0x1d, 0x01, 0x33, 0x02, 0x22, 0xfe, 0x4b, 0x17,
  0x1e, 0x27, 0x88, 0xa1, 0x0e, 0x46, 0x15, 0x1e, 0x25, 0x36, 0x1a, 0x18,
  0x72, 0x02, 0x59, 0x01, 0x8e, 0x83, 0x7a, 0x27, 0x32, 0x20, 0x02, 0xd7,
  0x1a, 0x1a, 0x3c, 0x26, 0x00, 0x01, 0x00, 0x52, 0x02, 0x52, 0x02, 0x40,
  0x05, 0x55, 0x00, 0x13, 0x00, 0x36, 0x40, 0x17, 0x13, 0x12, 0x11, 0x0c,
  0x0b, 0x02, 0x01, 0x00, 0x13, 0x12, 0x43, 0x00, 0x0e, 0x0d, 0x0c, 0x43,
  0x0b, 0x01, 0x00, 0x00, 0x0b, 0x08, 0x26, 0x00, 0x3f, 0x3c, 0x3f, 0x3c,
  0x00, 0x10, 0xfd, 0x3c, 0x3c, 0x10, 0xfd, 0x3c, 0x01, 0x2e, 0x2e, 0x2e,
  0x2e, 0x2e, 0x2e, 0x2e, 0x2e, 0x31, 0x30, 0xb2, 0x14, 0x0b, 0x05, 0x2b,
  0x13, 0x21, 0x11, 0x14, 0x06, 0x07, 0x0e, 0x01, 0x23, 0x22, 0x26, 0x23,
  0x35, 0x3b, 0x01, 0x32, 0x36, 0x3d, 0x01, 0x23, 0x8b, 0x01, 0xb5, 0x17,
  0x1e, 0x27, 0x88, 0xa1, 0x0e, 0x46, 0x15, 0x1e, 0x25, 0x36, 0x32, 0x72,
  0x05, 0x55, 0xfe, 0x72, 0x7d, 0x80, 0x26, 0x31, 0x21, 0x02, 0xd6, 0x36,
  0x3a, 0x26, 0x00, 0x02, 0x00, 0x6d, 0x02, 0x59, 0x04, 0x85, 0x05, 0x5c,
  0x00, 0x13, 0x00, 0x27, 0x00, 0x57, 0x40, 0x2c, 0x26, 0x25, 0x20, 0x1f,
  0x16, 0x15, 0x13, 0x12, 0x11, 0x0c, 0x0b, 0x00, 0x27, 0x26, 0x13, 0x03,
  0x12, 0x43, 0x00, 0x22, 0x21, 0x20, 0x0e, 0x0d, 0x05, 0x0c, 0x43, 0x0b,
  0x02, 0x01, 0x27, 0x14, 0x1f, 0x1e, 0x0b, 0x03, 0x0a, 0x00, 0x15, 0x14,
  0x01, 0x03, 0x00, 0x26, 0x00, 0x3f, 0x17, 0x3c, 0x3f, 0x17, 0x3c, 0x01,
  0x2f, 0x3c, 0xd6, 0x3c, 0x00, 0x10, 0xfd, 0x17, 0x3c, 0x10, 0xfd, 0x17,
  0x3c, 0x01, 0x2e, 0x2e, 0x2e, 0x2e, 0x2e, 0x2e, 0x2e, 0x2e, 0x2e, 0x2e,
  0x2e, 0x2e, 0x31, 0x30, 0xb2, 0x28, 0x15, 0x05, 0x2b, 0x01, 0x21, 0x11,
  0x34, 0x36, 0x37, 0x36, 0x37, 0x3e, 0x01, 0x33, 0x17, 0x15, 0x2b, 0x01,
  0x22, 0x06, 0x1d, 0x01, 0x33, 0x01, 0x21, 0x11, 0x34, 0x36, 0x37, 0x36,
  0x37, 0x3e, 0x01, 0x33, 0x17, 0x15, 0x2b, 0x01, 0x22, 0x06, 0x1d, 0x01,
  0x33, 0x04, 0x5a, 0xfe, 0x60, 0x15, 0x1c, 0x24, 0x3c, 0x20, 0x63, 0x4f,
  0x68, 0x1b, 0x1a, 0x3a, 0x35, 0x79, 0xfd, 0xb3, 0xfe, 0x60, 0x15, 0x1c,
  0x24, 0x3c, 0x20, 0x63, 0x4f, 0x68, 0x1e, 0x17, 0x3a, 0x35, 0x79, 0x02,
  0x59, 0x01, 0x8e, 0x81, 0x7b, 0x27, 0x32, 0x10, 0x08, 0x08, 0x01, 0xc9,
  0x35, 0x3b, 0x34, 0xfe, 0x6b, 0x01, 0x8e, 0x81, 0x7b, 0x27, 0x32, 0x10,
  0x08, 0x08, 0x01, 0xc9, 0x35, 0x3b, 0x34, 0x00, 0x00, 0x02, 0x00, 0x52,
  0x02, 0x52, 0x04, 0x6a, 0x05, 0x55, 0x00, 0x14, 0x00, 0x29, 0x00, 0x57,
  0x40, 0x2c, 0x28, 0x27, 0x22, 0x21, 0x17, 0x16, 0x14, 0x13, 0x12, 0x0d,
  0x0c, 0x00, 0x29, 0x28, 0x14, 0x03, 0x13, 0x43, 0x00, 0x24, 0x23, 0x22,
  0x0f, 0x0e, 0x05, 0x0d, 0x43, 0x0c, 0x02, 0x01, 0x29, 0x15, 0x16, 0x15,
  0x01, 0x03, 0x00, 0x00, 0x21, 0x20, 0x0c, 0x03, 0x0b, 0x26, 0x00, 0x3f,
  0x17, 0x3c, 0x3f, 0x17, 0x3c, 0x01, 0x2f, 0x3c, 0xd6, 0x3c, 0x00, 0x10,
  0xfd, 0x17, 0x3c, 0x10, 0xfd, 0x17, 0x3c, 0x01, 0x2e, 0x2e, 0x2e, 0x2e,
  0x2e, 0x2e, 0x2e, 0x2e, 0x2e, 0x2e, 0x2e, 0x2e, 0x31, 0x30, 0xb2, 0x2a,
  0x0c, 0x05, 0x2b, 0x13, 0x21, 0x11, 0x14, 0x07, 0x06, 0x07, 0x06, 0x07,
  0x0e, 0x01, 0x23, 0x27, 0x35, 0x3b, 0x01, 0x32, 0x36, 0x3d, 0x01, 0x23,
  0x01, 0x21, 0x11, 0x14, 0x07, 0x06, 0x07, 0x06, 0x07, 0x0e, 0x01, 0x23,
  0x27, 0x35, 0x3b, 0x01, 0x32, 0x36, 0x3d, 0x01, 0x23, 0x7d, 0x01, 0xa0,
  0x0b, 0x09, 0x1d, 0x24, 0x3c, 0x20, 0x63, 0x4f, 0x68, 0x1b, 0x1a, 0x3b,
  0x34, 0x79, 0x02, 0x4d, 0x01, 0xa0, 0x0b, 0x09, 0x1d, 0x24, 0x3c, 0x20,
  0x63, 0x4f, 0x68, 0x1e, 0x17, 0x3b, 0x34, 0x79, 0x05, 0x55, 0xfe, 0x72,
  0x83, 0x3b, 0x3e, 0x27, 0x31, 0x11, 0x08, 0x08, 0x02, 0xc8, 0x36, 0x3a,
  0x34, 0x01, 0x95, 0xfe, 0x72, 0x83, 0x3b, 0x3e, 0x27, 0x31, 0x11, 0x08,
  0x08, 0x02, 0xc8, 0x36, 0x3a, 0x34, 0x00, 0x01, 0x01, 0x91, 0x01, 0x9a,
  0x03, 0xc9, 0x03, 0xd2, 0x00, 0x0b, 0x00, 0x16, 0x40, 0x06, 0x09, 0x03,
  0x00, 0x01, 0x06, 0x3a, 0x00, 0x3f, 0x3f, 0x00, 0x01, 0x2e, 0x2e, 0x31,
  0x30, 0xb2, 0x0c, 0x09, 0x05, 0x2b, 0x01, 0x32, 0x16, 0x15, 0x14, 0x06,
  0x23, 0x22, 0x26, 0x35, 0x34, 0x36, 0x02, 0xb1, 0x71, 0xa7, 0xa5, 0x77,
  0x75, 0xa7, 0xa9, 0x03, 0xd2, 0xa6, 0x76, 0x75, 0xa7, 0xa6, 0x75, 0x77,
  0xa6, 0x00, 0x00, 0x01, 0x00, 0x44, 0x01, 0x61, 0x05, 0x42, 0x02, 0x77,
  0x00, 0x03, 0x00, 0x1e, 0x40, 0x0a, 0x03, 0x02, 0x01, 0x00, 0x01, 0x00,
  0x10, 0x03, 0x02, 0x1e, 0x00, 0x3f, 0x3c, 0x3f, 0x3c, 0x00, 0x01, 0x2e,
  0x2e, 0x2e, 0x2e, 0x31, 0x30, 0xb2, 0x04, 0x00, 0x05, 0x2b, 0x13, 0x21,
  0x11, 0x21, 0x44, 0x04, 0xfe, 0xfb, 0x02, 0x02, 0x77, 0xfe, 0xea, 0x00,
  0x00, 0x01, 0x00, 0x44, 0x01, 0x61, 0x08, 0x9e, 0x02, 0x77, 0x00, 0x03,
  0x00, 0x1e, 0x40, 0x0a, 0x03, 0x02, 0x01, 0x00, 0x01, 0x00, 0x10, 0x03,
  0x02, 0x1e, 0x00, 0x3f, 0x3c, 0x3f, 0x3c, 0x00, 0x01, 0x2e, 0x2e, 0x2e,
  0x2e, 0x31, 0x30, 0xb2, 0x04, 0x00, 0x05, 0x2b, 0x13, 0x21, 0x11, 0x21,
  0x44, 0x08, 0x5a, 0xf7, 0xa6, 0x02, 0x77, 0xfe, 0xea, 0x00, 0x00, 0x01,
  0x00, 0x29, 0x04, 0x67, 0x03, 0xd8, 0x05, 0xbb, 0x00, 0x19, 0x00, 0x32,
  0x40, 0x16, 0x01, 0x0f, 0x0e, 0x43, 0x13, 0x01, 0x00, 0x43, 0x05, 0x09,
  0x43, 0x13, 0x17, 0x43, 0x05, 0x0e, 0x42, 0x0f, 0x13, 0x08, 0x05, 0x38,
  0x00, 0x3f, 0x3f, 0x01, 0x2f, 0xfd, 0x00, 0x10, 0xfd, 0x10, 0xfd, 0x10,
  0xfd, 0x3c, 0x10, 0xfd, 0x3c, 0x01, 0x2e, 0x31, 0x30, 0xb2, 0x1a, 0x0f,
  0x05, 0x2b, 0x01, 0x33, 0x14, 0x07, 0x06, 0x23, 0x22, 0x27, 0x26, 0x23,
  0x22, 0x07, 0x0e, 0x01, 0x15, 0x23, 0x34, 0x37, 0x36, 0x33, 0x32, 0x16,
  0x04, 0x33, 0x32, 0x37, 0x03, 0x23, 0xb5, 0x24, 0x33, 0x5f, 0x57, 0xbc,
  0xb4, 0x34, 0x25, 0x12, 0x08, 0x0a, 0xb5, 0x2c, 0x3b, 0x6e, 0x30, 0x5a,
  0x01, 0x32, 0x2f, 0x29, 0x0c, 0x05, 0xa1, 0x9d, 0x41, 0x5c, 0x46, 0x42,
  0x19, 0x0d, 0x29, 0x1f, 0x94, 0x46, 0x60, 0x19, 0x6f, 0x28, 0x00, 0x02,
  0x00, 0x0a, 0x02, 0x22, 0x0a, 0x55, 0x05, 0x55, 0x00, 0x07, 0x00, 0x16,
  0x00, 0x78, 0x40, 0x41, 0x0a, 0x43, 0x04, 0x07, 0x06, 0x03, 0x03, 0x02,
  0x43, 0x00, 0x14, 0x13, 0x10, 0x03, 0x0f, 0x43, 0x00, 0x02, 0x01, 0x08,
  0x04, 0x03, 0x42, 0x06, 0x05, 0x15, 0x42, 0x08, 0x0e, 0x42, 0x0c, 0x0f,
  0x42, 0x0c, 0x0d, 0x0c, 0x14, 0x07, 0x00, 0x08, 0x14, 0x42, 0x16, 0x08,
  0x0c, 0x0b, 0x09, 0x08, 0x01, 0x05, 0x00, 0x00, 0x16, 0x15, 0x12, 0x11,
  0x0e, 0x0d, 0x05, 0x07, 0x04, 0x20, 0x01, 0x00, 0x46, 0x76, 0x2f, 0x37,
  0x18, 0x00, 0x3f, 0x17, 0x3c, 0x3f, 0x17, 0x3c, 0x01, 0x2f, 0x3c, 0xfd,
  0x10, 0xdd, 0x3c, 0x10, 0xdd, 0x3c, 0x31, 0x10, 0xfd, 0x10, 0xfd, 0x10,
  0xfd, 0x2f, 0x3c, 0xfd, 0x3c, 0x10, 0xd6, 0x3c, 0x00, 0x10, 0xfd, 0x17,
  0x3c, 0x10, 0xfd, 0x17, 0x3c, 0x10, 0xfd, 0x31, 0x30, 0xb2, 0x17, 0x00,
  0x05, 0x2b, 0x13, 0x21, 0x15, 0x21, 0x11, 0x21, 0x11, 0x21, 0x25, 0x21,
  0x1b, 0x01, 0x21, 0x11, 0x21, 0x13, 0x23, 0x01, 0x23, 0x01, 0x23, 0x13,
  0x21, 0x0a, 0x04, 0x25, 0xfe, 0x82, 0xfe, 0xd8, 0xfe, 0x81, 0x04, 0x84,
  0x01, 0xec, 0xf9, 0xf9, 0x01, 0xe9, 0xfe, 0xe9, 0x06, 0x1a, 0xfe, 0xbc,
  0xe6, 0xfe, 0xbc, 0x1d, 0x06, 0xfe, 0xe9, 0x05, 0x55, 0xe0, 0xfd, 0xad,
  0x02, 0x53, 0xe0, 0xfe, 0x07, 0x01, 0xf9, 0xfc, 0xcd, 0x02, 0x56, 0xfd,
  0xaa, 0x02, 0x56, 0xfd, 0xaa, 0x00, 0xff, 0xff, 0x00, 0x33, 0xff, 0xe7,
  0x05, 0x6c, 0x05, 0xd6, 0x00, 0x26, 0x00, 0x56, 0x00, 0x00, 0x00, 0x07,
  0x00, 0xdf, 0x00, 0xd0, 0x00, 0x00, 0x00, 0x01, 0x00, 0x44, 0x00, 0x00,
  0x02, 0xad, 0x03, 0x9c, 0x00, 0x05, 0x00, 0x1f, 0x40, 0x0a, 0x05, 0x04,
  0x02, 0x00, 0x01, 0x0b, 0x5d, 0x03, 0x1a, 0x78, 0x00, 0x76, 0x3f, 0x76,
  0x3f, 0x18, 0x00, 0x01, 0x2e, 0x2e, 0x2e, 0x2e, 0x31, 0x30, 0xb2, 0x06,
  0x04, 0x05, 0x2b, 0x13, 0x37, 0x09, 0x01, 0x25, 0x13, 0xb8, 0xe5, 0x01,
  0x10, 0xfe, 0xc0, 0xfe, 0xd7, 0xf1, 0x02, 0xee, 0xae, 0xfe, 0xa6, 0xfd,
  0xbe, 0xa2, 0x01, 0xaa, 0x00, 0x03, 0x00, 0x37, 0xff, 0xe7, 0x09, 0x3b,
  0x03, 0xe2, 0x00, 0x2e, 0x00, 0x3e, 0x00, 0x49, 0x00, 0x5e, 0x40, 0x2d,
  0x40, 0x3f, 0x15, 0x0a, 0x1e, 0x15, 0x14, 0x0b, 0x1d, 0x43, 0x4a, 0x37,
  0x43, 0x1a, 0x2f, 0x43, 0x04, 0x10, 0x43, 0x1a, 0x46, 0x43, 0x04, 0x0c,
  0x0b, 0x43, 0x49, 0x3f, 0x26, 0x3a, 0x42, 0x49, 0x0c, 0x32, 0x42, 0x26,
  0x2c, 0x04, 0x01, 0x21, 0x1a, 0x1b, 0x01, 0x26, 0x46, 0x76, 0x2f, 0x37,
  0x18, 0x00, 0x3f, 0x3c, 0x3f, 0x3c, 0x01, 0x2f, 0xfd, 0x2f, 0x3c, 0xfd,
  0x00, 0x3f, 0x3c, 0xfd, 0x3c, 0x10, 0xfd, 0x10, 0xfd, 0x10, 0xfd, 0x10,
  0xfd, 0x10, 0xfd, 0x10, 0xd6, 0x3c, 0x00, 0x2e, 0x01, 0x2e, 0x2e, 0x2e,
  0x2e, 0x31, 0x30, 0xb2, 0x4a, 0x26, 0x05, 0x2b, 0x01, 0x33, 0x3e, 0x01,
  0x33, 0x32, 0x16, 0x17, 0x1e, 0x01, 0x15, 0x07, 0x21, 0x14, 0x17, 0x16,
  0x33, 0x32, 0x37, 0x36, 0x37, 0x21, 0x06, 0x07, 0x0e, 0x01, 0x23, 0x22,
  0x26, 0x27, 0x23, 0x0e, 0x01, 0x23, 0x22, 0x2e, 0x02, 0x35, 0x34, 0x36,
  0x37, 0x3e, 0x01, 0x21, 0x32, 0x16, 0x05, 0x22, 0x06, 0x15, 0x14, 0x16,
  0x17, 0x16, 0x33, 0x32, 0x36, 0x35, 0x34, 0x26, 0x27, 0x26, 0x05, 0x27,
  0x34, 0x27, 0x26, 0x27, 0x26, 0x23, 0x22, 0x06, 0x07, 0x04, 0xd8, 0x1b,
  0x3b, 0xda, 0xe5, 0x5f, 0x92, 0x31, 0xaf, 0x7d, 0x01, 0xfc, 0x56, 0x2c,
  0x34, 0xcc, 0xc9, 0x2c, 0x11, 0x0f, 0x01, 0x63, 0x0f, 0x4f, 0x44, 0xfa,
  0xf1, 0xb8, 0xce, 0x48, 0x15, 0x3f, 0xd3, 0xd2, 0xf3, 0xf5, 0x8c, 0x35,
  0x16, 0x1d, 0x32, 0xfa, 0x01, 0x2a, 0xe7, 0xed, 0xfe, 0x4a, 0xc9, 0x74,
  0x19, 0x2a, 0x46, 0xc5, 0xc5, 0x72, 0x21, 0x2f, 0x40, 0x04, 0x3a, 0x01,
  0x0d, 0x0a, 0x20, 0x36, 0xa0, 0xc1, 0x67, 0x0a, 0x03, 0x59, 0x4e, 0x3b,
  0x08, 0x09, 0x20, 0xc5, 0xf3, 0x63, 0x7d, 0x21, 0x29, 0x23, 0x0d, 0x37,
  0x9d, 0x46, 0x3c, 0x30, 0x3c, 0x4c, 0x4b, 0x3d, 0x29, 0x68, 0xb1, 0xb6,
  0x86, 0x90, 0x39, 0x68, 0x4c, 0x3c, 0xd5, 0x54, 0x97, 0x64, 0x4c, 0x18,
  0x26, 0x58, 0x97, 0x61, 0x55, 0x17, 0x1d, 0x75, 0x18, 0x34, 0x17, 0x18,
  0x0f, 0x1b, 0x38, 0x6d, 0xff, 0xff, 0xff, 0xd7, 0x00, 0x00, 0x07, 0x7f,
  0x07, 0x4c, 0x00, 0x26, 0x00, 0x3c, 0x00, 0x00, 0x00, 0x07, 0x01, 0x29,
  0x01, 0xab, 0x00, 0x00, 0x00, 0x02, 0x00, 0x70, 0x00, 0x00, 0x02, 0x3a,
  0x05, 0x55, 0x00, 0x03, 0x00, 0x07, 0x00, 0x3b, 0x40, 0x19, 0x03, 0x02,
  0x05, 0x04, 0x0b, 0x06, 0x05, 0x01, 0x07, 0x04, 0x00, 0x02, 0x01, 0x42,
  0x03, 0x00, 0x07, 0x06, 0x00, 0x01, 0x00, 0x1a, 0x01, 0x05, 0x46, 0x76,
  0x2f, 0x37, 0x18, 0x00, 0x3f, 0x3c, 0x3f, 0x3c, 0x01, 0x2f, 0x3c, 0xfd,
  0x3c, 0x10, 0xd6, 0x3c, 0x10, 0xd6, 0x3c, 0x00, 0x3f, 0x3c, 0xd6, 0x3c,
  0x31, 0x30, 0xb2, 0x08, 0x05, 0x05, 0x2b, 0x29, 0x01, 0x11, 0x21, 0x37,
  0x21, 0x11, 0x21, 0x02, 0x22, 0xfe, 0x67, 0x01, 0x99, 0x18, 0xfe, 0x36,
  0x01, 0xca, 0x03, 0x0c, 0x9e, 0x01, 0xab, 0x00, 0x00, 0x02, 0x00, 0x6f,
  0xff, 0xc9, 0x05, 0xf5, 0x05, 0x8c, 0x00, 0x3e, 0x00, 0x4b, 0x00, 0x74,
  0x40, 0x3e, 0x41, 0x14, 0x38, 0x37, 0x23, 0x22, 0x19, 0x4b, 0x2f, 0x2e,
  0x2d, 0x2c, 0x2b, 0x06, 0x2a, 0x43, 0x00, 0x03, 0x33, 0x3f, 0x29, 0x28,
  0x43, 0x1b, 0x1a, 0x17, 0x18, 0x45, 0x42, 0x0b, 0x23, 0x42, 0x21, 0x22,
  0x39, 0x00, 0x0b, 0x02, 0x2a, 0x29, 0x1a, 0x19, 0x01, 0x05, 0x00, 0x42,
  0x4b, 0x3f, 0x18, 0x17, 0x03, 0x05, 0x02, 0x19, 0x18, 0x02, 0x02, 0x01,
  0x3e, 0x01, 0x0b, 0x46, 0x76, 0x2f, 0x37, 0x18, 0x00, 0x3f, 0x3c, 0x3f,
  0x3c, 0x01, 0x2f, 0x17, 0x3c, 0xfd, 0x17, 0x3c, 0x10, 0xdd, 0x10, 0xdd,
  0x31, 0x2f, 0x3c, 0xfd, 0x10, 0xfd, 0x00, 0x3f, 0x3c, 0x3c, 0xfd, 0x3c,
  0x3c, 0x3f, 0x3c, 0xfd, 0x17, 0x3c, 0x3f, 0x3c, 0xd6, 0x3c, 0x00, 0x2e,
  0x2e, 0x31, 0x30, 0xb2, 0x4c, 0x0b, 0x05, 0x2b, 0x25, 0x15, 0x23, 0x35,
  0x22, 0x26, 0x27, 0x26, 0x27, 0x2e, 0x01, 0x35, 0x34, 0x36, 0x37, 0x36,
  0x37, 0x36, 0x37, 0x36, 0x33, 0x3e, 0x01, 0x33, 0x35, 0x33, 0x15, 0x33,
  0x32, 0x16, 0x17, 0x1e, 0x01, 0x15, 0x07, 0x21, 0x34, 0x27, 0x2e, 0x01,
  0x2b, 0x01, 0x11, 0x3b, 0x04, 0x32, 0x36, 0x37, 0x36, 0x37, 0x36, 0x3f,
  0x01, 0x21, 0x17, 0x14, 0x06, 0x07, 0x0e, 0x01, 0x01, 0x22, 0x07, 0x22,
  0x0e, 0x01, 0x15, 0x14, 0x16, 0x17, 0x1e, 0x01, 0x33, 0x03, 0xa1, 0xdf,
  0x4b, 0x76, 0x23, 0xc7, 0x4f, 0x36, 0x23, 0x0f, 0x15, 0x24, 0x52, 0x30,
  0x35, 0x44, 0x4b, 0x3a, 0x58, 0x33, 0xdf, 0x0e, 0xc0, 0xa6, 0x39, 0x50,
  0x47, 0x02, 0xfe, 0x8b, 0x13, 0x0c, 0x29, 0x64, 0x21, 0x1a, 0x15, 0x11,
  0x0e, 0x0b, 0x13, 0x1d, 0x0a, 0x28, 0x0e, 0x08, 0x05, 0x07, 0x01, 0x75,
  0x02, 0x4c, 0x5f, 0x38, 0xda, 0xfe, 0x8a, 0x5f, 0x1b, 0x18, 0x33, 0x18,
  0x13, 0x1b, 0x13, 0x37, 0x65, 0x72, 0xa9, 0xaa, 0x05, 0x04, 0x12, 0x46,
  0x33, 0xb3, 0xf1, 0xbb, 0xa4, 0x2b, 0x50, 0x25, 0x15, 0x0c, 0x0f, 0x03,
  0x04, 0xab, 0xa9, 0x12, 0x1a, 0x24, 0x93, 0x88, 0x52, 0x50, 0x17, 0x0f,
  0x06, 0xfe, 0x17, 0x02, 0x03, 0x06, 0x10, 0x0b, 0x11, 0x5c, 0x75, 0x8c,
  0x90, 0x21, 0x12, 0x16, 0x03, 0x30, 0x04, 0x1d, 0x6e, 0x77, 0x68, 0x56,
  0x12, 0x0c, 0x07, 0x00, 0x00, 0x01, 0x00, 0x36, 0x00, 0x00, 0x07, 0x26,
  0x05, 0x66, 0x00, 0x35, 0x00, 0x6d, 0x40, 0x37, 0x35, 0x2d, 0x2c, 0x2b,
  0x2a, 0x29, 0x24, 0x23, 0x12, 0x00, 0x16, 0x15, 0x2a, 0x29, 0x43, 0x2b,
  0x2d, 0x43, 0x2b, 0x1c, 0x43, 0x0a, 0x23, 0x22, 0x01, 0x03, 0x00, 0x43,
  0x35, 0x34, 0x25, 0x03, 0x24, 0x26, 0x25, 0x22, 0x03, 0x21, 0x42, 0x34,
  0x33, 0x02, 0x03, 0x01, 0x16, 0x42, 0x15, 0x0a, 0x00, 0x2c, 0x2b, 0x1a,
  0x01, 0x00, 0x46, 0x76, 0x2f, 0x37, 0x18, 0x00, 0x3f, 0x3c, 0x3f, 0x01,
  0x2f, 0xfd, 0x2f, 0x17, 0x3c, 0xfd, 0x17, 0x3c, 0x00, 0x2f, 0x17, 0x3c,
  0xfd, 0x17, 0x3c, 0x10, 0xfd, 0x10, 0xfd, 0x10, 0xfd, 0x3c, 0x00, 0x2e,
  0x2e, 0x01, 0x2e, 0x2e, 0x2e, 0x2e, 0x2e, 0x2e, 0x2e, 0x2e, 0x2e, 0x2e,
  0x31, 0x30, 0xb2, 0x36, 0x00, 0x05, 0x2b, 0x13, 0x33, 0x35, 0x34, 0x36,
  0x37, 0x3e, 0x01, 0x37, 0x36, 0x21, 0x20, 0x17, 0x1e, 0x01, 0x17, 0x1e,
  0x01, 0x15, 0x14, 0x06, 0x15, 0x21, 0x34, 0x26, 0x27, 0x2e, 0x01, 0x23,
  0x22, 0x06, 0x07, 0x06, 0x1d, 0x01, 0x21, 0x15, 0x21, 0x15, 0x14, 0x06,
  0x07, 0x21, 0x11, 0x21, 0x11, 0x32, 0x3e, 0x01, 0x37, 0x36, 0x3d, 0x01,
  0x23, 0x36, 0xde, 0x0c, 0x14, 0x18, 0x79, 0x58, 0x87, 0x01, 0x47, 0x01,
  0x28, 0x92, 0x48, 0x6c, 0x24, 0x4e, 0x42, 0x05, 0xfe, 0x7b, 0x2e, 0x46,
  0x20, 0x70, 0x4d, 0xc0, 0x8e, 0x1b, 0x21, 0x02, 0x39, 0xfd, 0xc7, 0x31,
  0x3c, 0x04, 0xeb, 0xf9, 0x59, 0x19, 0x28, 0x25, 0x11, 0x1e, 0xde, 0x02,
  0xfc, 0x4c, 0x91, 0x8b, 0x37, 0x45, 0x60, 0x0f, 0x17, 0x0f, 0x07, 0x18,
  0x13, 0x29, 0x8e, 0x82, 0x08, 0x4e, 0x18, 0x5f, 0x38, 0x0c, 0x05, 0x06,
  0x12, 0x1c, 0x24, 0x92, 0x4c, 0xfb, 0x0f, 0x3c, 0x4f, 0x23, 0xfe, 0xbc,
  0x01, 0x3d, 0x05, 0x0a, 0x14, 0x24, 0x61, 0x1c, 0x00, 0x02, 0x00, 0xd0,
  0x00, 0x41, 0x06, 0x71, 0x05, 0x14, 0x00, 0x24, 0x00, 0x35, 0x00, 0x7a,
  0x40, 0x37, 0x24, 0x1c, 0x1b, 0x22, 0x1e, 0x00, 0x20, 0x25, 0x22, 0x05,
  0x30, 0x1e, 0x28, 0x18, 0x12, 0x13, 0x42, 0x11, 0x10, 0x10, 0x11, 0x0a,
  0x09, 0x42, 0x0b, 0x0c, 0x0c, 0x0b, 0x0c, 0x43, 0x36, 0x25, 0x43, 0x20,
  0x38, 0x2d, 0x43, 0x0e, 0x28, 0x42, 0x18, 0x30, 0x42, 0x05, 0x23, 0x1d,
  0x0c, 0x5d, 0x11, 0x0b, 0x41, 0x78, 0x01, 0x12, 0x46, 0x76, 0x2f, 0x37,
  0x18, 0x00, 0x76, 0x3f, 0x3c, 0x76, 0x3f, 0x3c, 0x18, 0x01, 0x2f, 0xfd,
  0x2f, 0xfd, 0x00, 0x2f, 0xfd, 0x3f, 0xfd, 0x10, 0xfd, 0x87, 0x2e, 0x0e,
  0xc4, 0x0e, 0xfc, 0x0e, 0xc4, 0x87, 0x2e, 0x0e, 0xc4, 0x0e, 0xfc, 0x0e,
  0xc4, 0x01, 0x11, 0x12, 0x39, 0x11, 0x12, 0x39, 0x00, 0x11, 0x12, 0x39,
  0x00, 0x2e, 0x2e, 0x01, 0x2e, 0x2e, 0x2e, 0x31, 0x30, 0xb2, 0x36, 0x12,
  0x05, 0x2b, 0x01, 0x16, 0x17, 0x1e, 0x01, 0x15, 0x14, 0x07, 0x06, 0x07,
  0x17, 0x07, 0x27, 0x06, 0x23, 0x22, 0x27, 0x07, 0x27, 0x37, 0x26, 0x27,
  0x2e, 0x01, 0x35, 0x34, 0x36, 0x37, 0x27, 0x37, 0x17, 0x36, 0x33, 0x32,
  0x17, 0x37, 0x17, 0x05, 0x22, 0x06, 0x15, 0x14, 0x16, 0x17, 0x16, 0x33,
  0x32, 0x36, 0x35, 0x34, 0x26, 0x27, 0x2e, 0x01, 0x05, 0xc7, 0x13, 0x0a,
  0x03, 0x04, 0x08, 0x06, 0x16, 0xaa, 0xae, 0xca, 0x70, 0xe8, 0xef, 0x6a,
  0xca, 0xae, 0xaa, 0x13, 0x0a, 0x03, 0x04, 0x0d, 0x17, 0xaa, 0xae, 0xcb,
  0x75, 0xe2, 0xe2, 0x75, 0xcc, 0xae, 0xfd, 0x32, 0xc3, 0x73, 0x1e, 0x2b,
  0x42, 0xac, 0xc4, 0x6c, 0x21, 0x2e, 0x22, 0x6d, 0x03, 0xbd, 0x2c, 0x37,
  0x18, 0x51, 0x3b, 0x7e, 0x35, 0x39, 0x32, 0xaa, 0xad, 0xca, 0x14, 0x14,
  0xca, 0xad, 0xaa, 0x2d, 0x3f, 0x1e, 0x57, 0x3c, 0x75, 0x66, 0x2d, 0xaa,
  0xad, 0xcb, 0x15, 0x15, 0xcb, 0xad, 0xdc, 0x54, 0x93, 0x5a, 0x4d, 0x15,
  0x1e, 0x51, 0x92, 0x5c, 0x53, 0x13, 0x0e, 0x0e, 0x00, 0x01, 0x00, 0x4b,
  0x00, 0x00, 0x06, 0xf5, 0x05, 0x55, 0x00, 0x16, 0x00, 0x64, 0x40, 0x33,
  0x16, 0x12, 0x11, 0x10, 0x0f, 0x0d, 0x0c, 0x0b, 0x0a, 0x09, 0x08, 0x07,
  0x06, 0x05, 0x04, 0x02, 0x01, 0x00, 0x14, 0x0f, 0x0e, 0x03, 0x03, 0x02,
  0x43, 0x11, 0x10, 0x01, 0x03, 0x00, 0x0d, 0x0c, 0x05, 0x03, 0x04, 0x43,
  0x0b, 0x0a, 0x07, 0x03, 0x06, 0x0a, 0x16, 0x15, 0x13, 0x03, 0x12, 0x00,
  0x09, 0x08, 0x1a, 0x00, 0x3f, 0x3c, 0x3f, 0x17, 0x3c, 0x00, 0x3f, 0x17,
  0x3c, 0xfd, 0x17, 0x3c, 0x2f, 0x17, 0x3c, 0xfd, 0x17, 0x3c, 0x00, 0x2e,
  0x01, 0x2e, 0x2e, 0x2e, 0x2e, 0x2e, 0x2e, 0x2e, 0x2e, 0x2e, 0x2e, 0x2e,
  0x2e, 0x2e, 0x2e, 0x2e, 0x2e, 0x2e, 0x2e, 0x31, 0x30, 0xb2, 0x17, 0x12,
  0x05, 0x2b, 0x01, 0x33, 0x15, 0x21, 0x07, 0x21, 0x15, 0x21, 0x11, 0x21,
  0x11, 0x21, 0x35, 0x21, 0x27, 0x21, 0x35, 0x33, 0x01, 0x21, 0x09, 0x01,
  0x21, 0x05, 0xce, 0xd4, 0xfe, 0xa2, 0x72, 0x01, 0xd0, 0xfd, 0xe0, 0xfe,
  0x60, 0xfd, 0xbd, 0x01, 0xee, 0x78, 0xfe, 0x8a, 0xe4, 0xfe, 0xc8, 0x01,
  0xf7, 0x01, 0x6a, 0x01, 0x58, 0x01, 0xf1, 0x03, 0xb7, 0xc3, 0xa0, 0xc3,
  0xfe, 0x6f, 0x01, 0x91, 0xc3, 0xa0, 0xc3, 0x01, 0x9e, 0xfd, 0xdd, 0x02,
  0x23, 0x00, 0x00, 0x02, 0x01, 0x39, 0xfe, 0xab, 0x02, 0xc7, 0x05, 0x55,
  0x00, 0x03, 0x00, 0x07, 0x00, 0x30, 0x40, 0x16, 0x03, 0x02, 0x05, 0x04,
  0x2d, 0x06, 0x05, 0x02, 0x03, 0x01, 0x42, 0x07, 0x04, 0x03, 0x03, 0x00,
  0x01, 0x00, 0x00, 0x07, 0x06, 0x29, 0x00, 0x3f, 0x3c, 0x3f, 0x3c, 0x01,
  0x2f, 0x17, 0x3c, 0xfd, 0x17, 0x3c, 0x00, 0x3f, 0x3c, 0xd6, 0x3c, 0x31,
  0x30, 0xb2, 0x08, 0x00, 0x05, 0x2b, 0x01, 0x21, 0x11, 0x21, 0x11, 0x21,
  0x11, 0x21, 0x01, 0x39, 0x01, 0x8e, 0xfe, 0x72, 0x01, 0x8e, 0xfe, 0x72,
  0x05, 0x55, 0xfd, 0x1b, 0xfe, 0xca, 0xfd, 0x71, 0x00, 0x02, 0x00, 0xda,
  0xff, 0x2a, 0x06, 0x68, 0x06, 0x48, 0x00, 0x56, 0x00, 0x65, 0x00, 0x59,
  0x40, 0x2a, 0x46, 0x19, 0x60, 0x59, 0x01, 0x00, 0x2e, 0x43, 0x66, 0x39,
  0x43, 0x26, 0x08, 0x43, 0x50, 0x0b, 0x2f, 0x4a, 0x2e, 0x3c, 0x42, 0x1c,
  0x01, 0x42, 0x56, 0x00, 0x2f, 0x42, 0x2e, 0x62, 0x42, 0x43, 0x5b, 0x42,
  0x14, 0x50, 0x05, 0x26, 0x30, 0x01, 0x43, 0x46, 0x76, 0x2f, 0x37, 0x18,
  0x00, 0x3f, 0x3f, 0x01, 0x2f, 0xfd, 0x2f, 0xfd, 0x2f, 0xfd, 0x2f, 0x3c,
  0xfd, 0x2f, 0xfd, 0x10, 0xd6, 0x10, 0xd6, 0x00, 0x10, 0xfd, 0x10, 0xfd,
  0x10, 0xfd, 0x00, 0x2e, 0x2e, 0x2e, 0x2e, 0x01, 0x2e, 0x2e, 0x31, 0x30,
  0xb2, 0x66, 0x43, 0x05, 0x2b, 0x01, 0x21, 0x34, 0x27, 0x26, 0x27, 0x2e,
  0x01, 0x23, 0x22, 0x06, 0x15, 0x14, 0x16, 0x17, 0x05, 0x1e, 0x01, 0x17,
  0x16, 0x15, 0x14, 0x06, 0x07, 0x06, 0x07, 0x1e, 0x01, 0x15, 0x14, 0x06,
  0x07, 0x06, 0x07, 0x06, 0x07, 0x0e, 0x01, 0x23, 0x22, 0x26, 0x27, 0x26,
  0x27, 0x2e, 0x01, 0x35, 0x21, 0x14, 0x16, 0x17, 0x16, 0x17, 0x16, 0x17,
  0x1e, 0x01, 0x33, 0x32, 0x36, 0x35, 0x34, 0x26, 0x27, 0x25, 0x2e, 0x01,
  0x35, 0x34, 0x36, 0x37, 0x26, 0x27, 0x26, 0x35, 0x34, 0x37, 0x36, 0x37,
  0x36, 0x21, 0x32, 0x16, 0x17, 0x1e, 0x01, 0x15, 0x01, 0x05, 0x17, 0x32,
  0x35, 0x34, 0x26, 0x27, 0x25, 0x27, 0x22, 0x15, 0x14, 0x17, 0x16, 0x06,
  0x28, 0xfe, 0xa1, 0x07, 0x04, 0x12, 0x15, 0x6e, 0x9b, 0xc5, 0x5f, 0x33,
  0x53, 0x02, 0x1e, 0x77, 0x79, 0x24, 0x42, 0x0a, 0x0d, 0x16, 0x41, 0x43,
  0x2f, 0x0c, 0x0e, 0x18, 0x39, 0x49, 0x89, 0x43, 0xe2, 0x9d, 0xba, 0xad,
  0x41, 0x6e, 0x2a, 0x14, 0x14, 0x01, 0x4e, 0x06, 0x05, 0x09, 0x15, 0x1d,
  0x3a, 0x1d, 0x74, 0x56, 0xd8, 0x69, 0x33, 0x58, 0xfd, 0x70, 0x9f, 0x63,
  0x36, 0x4b, 0x38, 0x15, 0x13, 0x34, 0x49, 0xdf, 0x84, 0x01, 0x26, 0xa6,
  0xae, 0x38, 0x51, 0x4b, 0xfc, 0x7b, 0x01, 0xfc, 0x46, 0x59, 0x40, 0x6e,
  0xfe, 0x46, 0x57, 0x60, 0x19, 0x17, 0x04, 0x8f, 0x41, 0x18, 0x17, 0x0f,
  0x12, 0x0c, 0x1e, 0x3f, 0x2e, 0x22, 0x0c, 0x46, 0x0f, 0x2c, 0x2a, 0x4e,
  0xac, 0x45, 0x59, 0x20, 0x3a, 0x21, 0x1b, 0x62, 0x70, 0x41, 0x62, 0x27,
  0x4b, 0x2c, 0x35, 0x15, 0x09, 0x0a, 0x12, 0x18, 0x2b, 0x59, 0x2d, 0x8c,
  0x68, 0x1f, 0x2d, 0x12, 0x1c, 0x12, 0x16, 0x08, 0x03, 0x04, 0x24, 0x4d,
  0x36, 0x25, 0x0d, 0x57, 0x15, 0x7e, 0xb1, 0x80, 0x74, 0x1b, 0x2c, 0x38,
  0x3b, 0x77, 0x96, 0x47, 0x65, 0x18, 0x0d, 0x17, 0x1e, 0x29, 0x94, 0x76,
  0xfd, 0x8d, 0x3f, 0x06, 0x89, 0x41, 0x2f, 0x0e, 0x34, 0x09, 0x87, 0x40,
  0x18, 0x14, 0x00, 0x02, 0x00, 0x3d, 0x04, 0x8f, 0x03, 0xc2, 0x05, 0x93,
  0x00, 0x03, 0x00, 0x07, 0x00, 0x37, 0x40, 0x19, 0x07, 0x04, 0x42, 0x06,
  0x05, 0x02, 0x01, 0x42, 0x03, 0x00, 0x05, 0x04, 0x01, 0x03, 0x00, 0x02,
  0x07, 0x06, 0x03, 0x03, 0x02, 0x31, 0x01, 0x00, 0x46, 0x76, 0x2f, 0x37,
  0x18, 0x00, 0x3f, 0x17, 0x3c, 0x3f, 0x17, 0x3c, 0x01, 0x2f, 0x3c, 0xfd,
  0x3c, 0x2f, 0x3c, 0xfd, 0x3c, 0x00, 0x31, 0x30, 0xb2, 0x08, 0x00, 0x05,
  0x2b, 0x13, 0x21, 0x11, 0x21, 0x01, 0x21, 0x11, 0x21, 0x3d, 0x01, 0x7e,
  0xfe, 0x82, 0x02, 0x07, 0x01, 0x7e, 0xfe, 0x82, 0x05, 0x93, 0xfe, 0xfc,
  0x01, 0x04, 0xfe, 0xfc, 0x00, 0x03, 0x00, 0x44, 0xff, 0xeb, 0x07, 0x1a,
  0x05, 0x6a, 0x00, 0x21, 0x00, 0x45, 0x00, 0x81, 0x00, 0x69, 0x40, 0x36,
  0x68, 0x5a, 0x65, 0x76, 0x47, 0x46, 0x61, 0x60, 0x7c, 0x7b, 0x7a, 0x79,
  0x78, 0x77, 0x06, 0x76, 0x43, 0x4b, 0x33, 0x2f, 0x43, 0x12, 0x22, 0x43,
  0x00, 0x30, 0x43, 0x12, 0x1b, 0x48, 0x3a, 0x61, 0x42, 0x5f, 0x60, 0x46,
  0x42, 0x47, 0x6f, 0x42, 0x52, 0x28, 0x42, 0x1b, 0x3a, 0x42, 0x0a, 0x00,
  0x00, 0x0f, 0x1b, 0x01, 0x1b, 0x46, 0x76, 0x2f, 0x37, 0x18, 0x00, 0x3f,
  0x3f, 0x01, 0x2f, 0xfd, 0x2f, 0xfd, 0x2f, 0xfd, 0x2f, 0xfd, 0x2f, 0x3c,
  0xfd, 0x10, 0xd6, 0x00, 0x3f, 0xfd, 0x10, 0xfd, 0x10, 0xfd, 0x3c, 0x2f,
  0xfd, 0x17, 0x3c, 0x2f, 0x3c, 0xd6, 0x3c, 0x10, 0xd6, 0x00, 0x2e, 0x2e,
  0x31, 0x30, 0xb2, 0x82, 0x1b, 0x05, 0x2b, 0x01, 0x20, 0x04, 0x17, 0x16,
  0x17, 0x1e, 0x01, 0x17, 0x16, 0x15, 0x10, 0x02, 0x06, 0x04, 0x21, 0x22,
  0x26, 0x23, 0x22, 0x26, 0x27, 0x2e, 0x01, 0x27, 0x2e, 0x01, 0x11, 0x10,
  0x37, 0x36, 0x37, 0x36, 0x24, 0x17, 0x20, 0x06, 0x07, 0x0e, 0x01, 0x15,
  0x14, 0x16, 0x17, 0x1e, 0x02, 0x33, 0x05, 0x32, 0x36, 0x37, 0x32, 0x37,
  0x3e, 0x01, 0x37, 0x36, 0x11, 0x10, 0x27, 0x2e, 0x01, 0x27, 0x2e, 0x01,
  0x23, 0x22, 0x2e, 0x01, 0x01, 0x21, 0x17, 0x14, 0x06, 0x21, 0x22, 0x26,
  0x27, 0x26, 0x27, 0x26, 0x35, 0x34, 0x37, 0x3e, 0x01, 0x37, 0x3e, 0x01,
  0x21, 0x20, 0x17, 0x1e, 0x01, 0x15, 0x07, 0x21, 0x34, 0x27, 0x26, 0x23,
  0x22, 0x06, 0x07, 0x22, 0x06, 0x07, 0x06, 0x07, 0x06, 0x15, 0x14, 0x1e,
  0x01, 0x17, 0x32, 0x16, 0x3b, 0x06, 0x32, 0x37, 0x36, 0x37, 0x36, 0x03,
  0xd7, 0x01, 0x6c, 0x01, 0x21, 0x44, 0x2a, 0x16, 0x0a, 0x11, 0x08, 0x0f,
  0x31, 0x77, 0xfe, 0xe4, 0xfe, 0xc0, 0x40, 0xf9, 0x23, 0x65, 0x6b, 0x2d,
  0x68, 0x7a, 0x2f, 0x3c, 0x2c, 0x2f, 0x36, 0xc6, 0x5d, 0x01, 0x2a, 0x78,
  0xfe, 0xdf, 0xde, 0x35, 0x2c, 0x25, 0x1b, 0x29, 0x21, 0x5b, 0x49, 0x29,
  0x01, 0x9f, 0x78, 0xbc, 0x5e, 0x3a, 0x42, 0x37, 0x4c, 0x0f, 0x1b, 0x18,
  0x0c, 0x55, 0x40, 0x1f, 0x51, 0x20, 0x26, 0x8c, 0xbc, 0x01, 0x04, 0x01,
  0x1b, 0x02, 0xb7, 0xfe, 0xc6, 0xf8, 0xd0, 0x37, 0x5d, 0x0d, 0x06, 0x06,
  0x03, 0x0a, 0x0a, 0x25, 0xdf, 0x01, 0x53, 0x01, 0x1e, 0x4e, 0x3e, 0x33,
  0x01, 0xfe, 0xe5, 0x10, 0x18, 0xe4, 0x3d, 0x54, 0x17, 0x15, 0x20, 0x0c,
  0x13, 0x0a, 0x08, 0x0e, 0x29, 0x30, 0x08, 0x78, 0x36, 0x20, 0x1a, 0x15,
  0x11, 0x0e, 0x0c, 0x2a, 0x13, 0x30, 0x0f, 0x15, 0x05, 0x6a, 0x2e, 0x42,
  0x29, 0x3b, 0x1b, 0x4f, 0x39, 0x83, 0xcb, 0xfe, 0xfd, 0xfe, 0xfa, 0x81,
  0x30, 0x05, 0x06, 0x05, 0x09, 0x30, 0x32, 0x3f, 0xf0, 0x01, 0x1a, 0x01,
  0x4f, 0x8c, 0xa4, 0x20, 0x0e, 0x0e, 0x94, 0x1f, 0x2f, 0x29, 0xc8, 0xdd,
  0xf9, 0xc0, 0x2c, 0x24, 0x1c, 0x09, 0x0c, 0x07, 0x04, 0x11, 0x0c, 0x4e,
  0x3a, 0x75, 0x01, 0x13, 0x01, 0x11, 0x69, 0x37, 0x4a, 0x0e, 0x05, 0x0a,
  0x03, 0x03, 0xfd, 0x84, 0x56, 0xa1, 0x5e, 0x12, 0x1a, 0x2d, 0x82, 0x36,
  0x8d, 0x8c, 0x41, 0x22, 0x2c, 0x13, 0x4f, 0x30, 0x22, 0x1b, 0x6a, 0x65,
  0x33, 0x40, 0x0d, 0x15, 0x02, 0x03, 0x09, 0x09, 0x0e, 0x2a, 0x2a, 0x53,
  0x59, 0x45, 0x1d, 0x06, 0x04, 0x04, 0x05, 0x0d, 0x13, 0x00, 0x00, 0x02,
  0x00, 0x46, 0x02, 0x14, 0x03, 0x92, 0x04, 0x7c, 0x00, 0x27, 0x00, 0x37,
  0x00, 0x5b, 0x40, 0x2c, 0x01, 0x0d, 0x0c, 0x01, 0x00, 0x1d, 0x21, 0x20,
  0x43, 0x0f, 0x0e, 0x10, 0x25, 0x43, 0x05, 0x2f, 0x43, 0x14, 0x28, 0x43,
  0x1d, 0x0b, 0x34, 0x42, 0x0b, 0x2b, 0x42, 0x19, 0x22, 0x21, 0x42, 0x0b,
  0x0e, 0x0d, 0x42, 0x0c, 0x0b, 0x05, 0x0d, 0x14, 0x20, 0x01, 0x19, 0x46,
  0x76, 0x2f, 0x37, 0x18, 0x00, 0x3f, 0x3f, 0x01, 0x2f, 0x3c, 0xfd, 0x3c,
  0x10, 0xfd, 0x3c, 0x2f, 0xfd, 0x10, 0xfd, 0x00, 0x3f, 0xfd, 0x10, 0xfd,
  0x10, 0xfd, 0x3f, 0x3c, 0xfd, 0x3c, 0x10, 0xd6, 0x3c, 0x00, 0x2e, 0x2e,
  0x01, 0x2e, 0x31, 0x30, 0xb2, 0x38, 0x19, 0x05, 0x2b, 0x01, 0x23, 0x36,
  0x37, 0x36, 0x21, 0x32, 0x16, 0x17, 0x1e, 0x01, 0x15, 0x11, 0x23, 0x35,
  0x23, 0x06, 0x07, 0x0e, 0x01, 0x23, 0x22, 0x26, 0x27, 0x26, 0x35, 0x34,
  0x37, 0x36, 0x33, 0x32, 0x16, 0x17, 0x33, 0x35, 0x34, 0x26, 0x23, 0x22,
  0x06, 0x17, 0x22, 0x06, 0x15, 0x14, 0x17, 0x16, 0x33, 0x32, 0x36, 0x37,
  0x36, 0x35, 0x34, 0x27, 0x26, 0x01, 0x56, 0xf8, 0x09, 0x64, 0x4f, 0x01,
  0x11, 0x9b, 0x6c, 0x28, 0x1e, 0x1a, 0xf0, 0x0d, 0x13, 0x38, 0x1c, 0x6e,
  0x5a, 0x6a, 0x65, 0x21, 0x30, 0x67, 0x43, 0xd4, 0x65, 0x4a, 0x19, 0x0e,
  0x2f, 0x65, 0x6d, 0x37, 0x84, 0x62, 0x45, 0x1f, 0x1e, 0x5a, 0x3a, 0x48,
  0x16, 0x28, 0x1e, 0x14, 0x03, 0xbb, 0x6b, 0x31, 0x25, 0x16, 0x26, 0x1b,
  0x54, 0x50, 0xfe, 0xa1, 0x4d, 0x39, 0x12, 0x08, 0x08, 0x16, 0x1c, 0x2a,
  0x57, 0x78, 0x2d, 0x1d, 0x13, 0x1f, 0x2e, 0x3d, 0x1d, 0x0c, 0xbe, 0x19,
  0x26, 0x23, 0x0f, 0x0c, 0x06, 0x08, 0x0f, 0x28, 0x21, 0x0f, 0x08, 0x00,
  0x00, 0x02, 0x00, 0x44, 0x00, 0x00, 0x04, 0xe0, 0x03, 0x94, 0x00, 0x05,
  0x00, 0x0b, 0x00, 0x47, 0x40, 0x1c, 0x09, 0x07, 0x05, 0x01, 0x06, 0x06,
  0x08, 0x0b, 0x03, 0x02, 0x42, 0x0a, 0x0b, 0x0b, 0x0a, 0x0b, 0x42, 0x08,
  0x00, 0x0b, 0x5d, 0x0a, 0x04, 0x1a, 0x78, 0x01, 0x05, 0x46, 0x76, 0x2f,
  0x37, 0x18, 0x00, 0x76, 0x3f, 0x3c, 0x76, 0x3f, 0x18, 0x01, 0x2f, 0xfd,
  0x00, 0x87, 0x2e, 0x0e, 0xc4, 0x0e, 0xfc, 0x0e, 0xc4, 0x01, 0x11, 0x12,
  0x39, 0x00, 0x2e, 0x01, 0x2e, 0x2e, 0x2e, 0x2e, 0x31, 0x30, 0xb2, 0x0c,
  0x05, 0x05, 0x2b, 0x01, 0x17, 0x07, 0x13, 0x05, 0x09, 0x01, 0x17, 0x07,
  0x13, 0x05, 0x01, 0x01, 0x4e, 0xe4, 0x7a, 0xee, 0xfe, 0xdb, 0xfe, 0xc3,
  0x03, 0x43, 0xdf, 0x6d, 0xe7, 0xfe, 0xdd, 0xfe, 0xc4, 0x03, 0x94, 0xb0,
  0xa1, 0xfe, 0x5a, 0x9d, 0x02, 0x40, 0x01, 0x39, 0xb5, 0x8b, 0xfe, 0x63,
  0x9c, 0x02, 0x39, 0x00, 0x00, 0x01, 0x00, 0x44, 0x00, 0x00, 0x03, 0xbb,
  0x02, 0x63, 0x00, 0x05, 0x00, 0x2b, 0x40, 0x11, 0x03, 0x02, 0x02, 0x01,
  0x43, 0x03, 0x01, 0x00, 0x42, 0x05, 0x04, 0x04, 0x03, 0x10, 0x05, 0x00,
  0x1a, 0x00, 0x3f, 0x3c, 0x3f, 0x3c, 0x01, 0x2f, 0x3c, 0xfd, 0x3c, 0x00,
  0x10, 0xfd, 0x3c, 0x01, 0x2e, 0x2e, 0x31, 0x30, 0xb2, 0x06, 0x02, 0x05,
  0x2b, 0x21, 0x11, 0x21, 0x11, 0x21, 0x11, 0x02, 0x3a, 0xfe, 0x0a, 0x03,
  0x77, 0x01, 0x09, 0x01, 0x5a, 0xfd, 0x9d, 0x00, 0x00, 0x01, 0x00, 0x00,
  0x01, 0x61, 0x03, 0x60, 0x02, 0x76, 0x00, 0x03, 0x00, 0x1c, 0x40, 0x09,
  0x03, 0x02, 0x01, 0x01, 0x00, 0x10, 0x03, 0x02, 0x1e, 0x00, 0x3f, 0x3c,
  0x3f, 0x3c, 0x00, 0x01, 0x2e, 0x2e, 0x2e, 0x31, 0x30, 0xb2, 0x04, 0x03,
  0x05, 0x2b, 0x13, 0x21, 0x11, 0x21, 0x03, 0x03, 0x5d, 0xfc, 0xa0, 0x02,
  0x76, 0xfe, 0xeb, 0x00, 0x00, 0x04, 0x00, 0x44, 0xff, 0xeb, 0x07, 0x1a,
  0x05, 0x6a, 0x00, 0x21, 0x00, 0x45, 0x00, 0x60, 0x00, 0x6a, 0x00, 0x83,
  0x40, 0x43, 0x52, 0x61, 0x5e, 0x4b, 0x55, 0x57, 0x4b, 0x42, 0x60, 0x57,
  0x56, 0x03, 0x46, 0x2f, 0x62, 0x61, 0x43, 0x5f, 0x5e, 0x6a, 0x69, 0x43,
  0x48, 0x47, 0x34, 0x33, 0x2f, 0x43, 0x12, 0x22, 0x43, 0x00, 0x30, 0x43,
  0x12, 0x1b, 0x52, 0x3a, 0x66, 0x42, 0x4f, 0x6a, 0x61, 0x60, 0x03, 0x5f,
  0x42, 0x47, 0x46, 0x58, 0x57, 0x42, 0x56, 0x55, 0x28, 0x42, 0x1b, 0x3a,
  0x42, 0x0a, 0x00, 0x00, 0x0f, 0x1b, 0x01, 0x1b, 0x46, 0x76, 0x2f, 0x37,
  0x18, 0x00, 0x3f, 0x3f, 0x01, 0x2f, 0xfd, 0x2f, 0xfd, 0x2f, 0x3c, 0xfd,
  0x3c, 0x2f, 0x3c, 0xfd, 0x17, 0x3c, 0x2f, 0xfd, 0x10, 0xd6, 0x00, 0x3f,
  0xfd, 0x10, 0xfd, 0x10, 0xfd, 0x3c, 0x3f, 0x3c, 0xfd, 0x3c, 0x2f, 0x3c,
  0xfd, 0x3c, 0x10, 0xd6, 0x17, 0x3c, 0x2f, 0xd6, 0x01, 0x11, 0x12, 0x39,
  0x00, 0x11, 0x12, 0x39, 0x31, 0x30, 0xb2, 0x6b, 0x1b, 0x05, 0x2b, 0x01,
  0x20, 0x04, 0x17, 0x16, 0x17, 0x1e, 0x01, 0x17, 0x16, 0x15, 0x10, 0x02,
  0x06, 0x04, 0x21, 0x22, 0x26, 0x23, 0x22, 0x26, 0x27, 0x2e, 0x01, 0x27,
  0x2e, 0x01, 0x11, 0x10, 0x37, 0x36, 0x37, 0x36, 0x24, 0x17, 0x20, 0x06,
  0x07, 0x0e, 0x01, 0x15, 0x14, 0x16, 0x17, 0x1e, 0x02, 0x33, 0x05, 0x32,
  0x36, 0x37, 0x32, 0x37, 0x3e, 0x01, 0x37, 0x36, 0x11, 0x10, 0x27, 0x2e,
  0x01, 0x27, 0x2e, 0x01, 0x23, 0x22, 0x2e, 0x01, 0x01, 0x11, 0x21, 0x32,
  0x16, 0x17, 0x32, 0x1e, 0x01, 0x15, 0x14, 0x06, 0x07, 0x1e, 0x01, 0x1d,
  0x01, 0x21, 0x35, 0x34, 0x27, 0x2e, 0x02, 0x23, 0x21, 0x15, 0x11, 0x21,
  0x32, 0x37, 0x36, 0x35, 0x34, 0x26, 0x23, 0x21, 0x03, 0xd7, 0x01, 0x6c,
  0x01, 0x21, 0x44, 0x2a, 0x16, 0x0a, 0x11, 0x08, 0x0f, 0x31, 0x77, 0xfe,
  0xe4, 0xfe, 0xc0, 0x40, 0xf9, 0x23, 0x65, 0x6b, 0x2d, 0x68, 0x7a, 0x2f,
  0x3c, 0x2c, 0x2f, 0x36, 0xc6, 0x5d, 0x01, 0x2a, 0x78, 0xfe, 0xdf, 0xde,
  0x35, 0x2c, 0x25, 0x1b, 0x29, 0x21, 0x5b, 0x49, 0x29, 0x01, 0x9f, 0x78,
  0xbc, 0x5e, 0x3a, 0x42, 0x37, 0x4c, 0x0f, 0x1b, 0x18, 0x0c, 0x55, 0x40,
  0x1f, 0x51, 0x20, 0x26, 0x8c, 0xbc, 0xfd, 0xcf, 0x02, 0x83, 0x70, 0x88,
  0x16, 0x28, 0x62, 0x29, 0x3c, 0x5e, 0x61, 0x2f, 0xfe, 0xe9, 0x16, 0x0c,
  0x23, 0x2c, 0x30, 0xfe, 0x99, 0x01, 0x65, 0x7c, 0x13, 0x1a, 0x2d, 0x7c,
  0xfe, 0x9b, 0x05, 0x6a, 0x2e, 0x42, 0x29, 0x3b, 0x1b, 0x4f, 0x39, 0x83,
  0xcb, 0xfe, 0xfd, 0xfe, 0xfa, 0x81, 0x30, 0x05, 0x06, 0x05, 0x09, 0x30,
  0x32, 0x3f, 0xf0, 0x01, 0x1a, 0x01, 0x4f, 0x8c, 0xa4, 0x20, 0x0e, 0x0e,
  0x94, 0x1f, 0x2f, 0x29, 0xc8, 0xdd, 0xf9, 0xc0, 0x2c, 0x24, 0x1c, 0x09,
  0x0c, 0x07, 0x04, 0x11, 0x0c, 0x4e, 0x3a, 0x75, 0x01, 0x13, 0x01, 0x11,
  0x69, 0x37, 0x4a, 0x0e, 0x05, 0x0a, 0x03, 0x03, 0xfc, 0x3b, 0x03, 0x33,
  0x02, 0x03, 0x38, 0x67, 0x67, 0x81, 0x59, 0x0d, 0x0d, 0x4c, 0x93, 0x55,
  0x35, 0x6c, 0x17, 0x0c, 0x05, 0x02, 0xcb, 0x01, 0xa7, 0x0b, 0x0e, 0x41,
  0x3e, 0x18, 0x00, 0x01, 0x00, 0x00, 0x05, 0xa7, 0x04, 0x00, 0x06, 0x9d,
  0x00, 0x03, 0x00, 0x1e, 0x40, 0x0a, 0x03, 0x02, 0x01, 0x00, 0x01, 0x00,
  0x0e, 0x03, 0x02, 0x28, 0x00, 0x3f, 0x3c, 0x3f, 0x3c, 0x00, 0x01, 0x2e,
  0x2e, 0x2e, 0x2e, 0x31, 0x30, 0xb2, 0x04, 0x00, 0x05, 0x2b, 0x11, 0x21,
  0x15, 0x21, 0x04, 0x00, 0xfc, 0x00, 0x06, 0x9d, 0xf6, 0x00, 0x00, 0x02,
  0x00, 0x88, 0x02, 0xf6, 0x03, 0x77, 0x05, 0x59, 0x00, 0x15, 0x00, 0x22,
  0x00, 0x2d, 0x40, 0x13, 0x1d, 0x43, 0x0a, 0x16, 0x43, 0x00, 0x20, 0x42,
  0x05, 0x19, 0x42, 0x11, 0x00, 0x00, 0x0a, 0x2b, 0x01, 0x11, 0x46, 0x76,
  0x2f, 0x37, 0x18, 0x00, 0x3f, 0x3f, 0x01, 0x2f, 0xfd, 0x2f, 0xfd, 0x00,
  0x10, 0xfd, 0x10, 0xfd, 0x31, 0x30, 0xb2, 0x23, 0x11, 0x05, 0x2b, 0x01,
  0x32, 0x17, 0x1e, 0x01, 0x15, 0x14, 0x07, 0x0e, 0x01, 0x23, 0x22, 0x27,
  0x26, 0x27, 0x2e, 0x01, 0x35, 0x34, 0x37, 0x3e, 0x01, 0x17, 0x22, 0x06,
  0x15, 0x14, 0x17, 0x16, 0x33, 0x32, 0x36, 0x35, 0x34, 0x26, 0x02, 0x1f,
  0xca, 0x46, 0x2a, 0x1e, 0x15, 0x1b, 0x9d, 0xca, 0xc3, 0x41, 0x32, 0x12,
  0x08, 0x08, 0x1a, 0x1e, 0x9f, 0x93, 0x61, 0x3f, 0x1b, 0x1c, 0x72, 0x75,
  0x3a, 0x43, 0x05, 0x59, 0x29, 0x1a, 0x6a, 0x8a, 0x96, 0x2f, 0x3c, 0x2b,
  0x22, 0x1a, 0x38, 0x1c, 0x60, 0x4e, 0x98, 0x30, 0x35, 0x28, 0xa3, 0x38,
  0x54, 0x5f, 0x1a, 0x17, 0x31, 0x69, 0x52, 0x30, 0x00, 0x02, 0x01, 0x03,
  0x00, 0x00, 0x06, 0x3d, 0x05, 0x63, 0x00, 0x0b, 0x00, 0x0f, 0x00, 0x61,
  0x40, 0x32, 0x0b, 0x0a, 0x0c, 0x09, 0x08, 0x01, 0x03, 0x00, 0x43, 0x07,
  0x06, 0x03, 0x03, 0x02, 0x0d, 0x0c, 0x43, 0x0e, 0x0e, 0x0d, 0x08, 0x03,
  0x07, 0x05, 0x0f, 0x0c, 0x02, 0x03, 0x01, 0x00, 0x0a, 0x09, 0x06, 0x03,
  0x05, 0x42, 0x0b, 0x04, 0x03, 0x03, 0x00, 0x05, 0x04, 0x00, 0x0f, 0x0e,
  0x1a, 0x01, 0x01, 0x46, 0x76, 0x2f, 0x37, 0x18, 0x00, 0x3f, 0x3c, 0x3f,
  0x3c, 0x01, 0x2f, 0x17, 0x3c, 0xfd, 0x17, 0x3c, 0x10, 0xdd, 0x17, 0x3c,
  0x10, 0xdd, 0x17, 0x3c, 0x31, 0x00, 0x10, 0xfd, 0x3c, 0x2f, 0x17, 0x3c,
  0xfd, 0x17, 0x3c, 0x10, 0xd6, 0x3c, 0x31, 0x30, 0xb2, 0x10, 0x01, 0x05,
  0x2b, 0x01, 0x21, 0x35, 0x21, 0x11, 0x33, 0x11, 0x21, 0x15, 0x21, 0x11,
  0x23, 0x05, 0x21, 0x15, 0x21, 0x03, 0x25, 0xfd, 0xde, 0x02, 0x22, 0xf6,
  0x02, 0x22, 0xfd, 0xde, 0xf6, 0xfd, 0xde, 0x05, 0x3a, 0xfa, 0xc6, 0x02,
  0xc3, 0xf6, 0x01, 0xaa, 0xfe, 0x56, 0xf6, 0xfe, 0x56, 0x31, 0xe8, 0x00,
  0x00, 0x01, 0x00, 0x4a, 0x02, 0x22, 0x04, 0x62, 0x05, 0x5f, 0x00, 0x31,
  0x00, 0x4a, 0x40, 0x21, 0x1f, 0x1d, 0x1c, 0x02, 0x01, 0x00, 0x15, 0x1b,
  0x2f, 0x43, 0x07, 0x25, 0x43, 0x11, 0x1c, 0x1b, 0x43, 0x1d, 0x1b, 0x00,
  0x42, 0x01, 0x2b, 0x42, 0x0c, 0x07, 0x00, 0x1e, 0x1d, 0x20, 0x01, 0x02,
  0x46, 0x76, 0x2f, 0x37, 0x18, 0x00, 0x3f, 0x3c, 0x3f, 0x01, 0x2f, 0xfd,
  0x2f, 0xfd, 0x3c, 0x00, 0x10, 0xfd, 0x3c, 0x2f, 0xfd, 0x10, 0xfd, 0x10,
  0xd6, 0x00, 0x2e, 0x2e, 0x01, 0x2e, 0x2e, 0x2e, 0x2e, 0x31, 0x30, 0xb2,
  0x32, 0x02, 0x05, 0x2b, 0x01, 0x21, 0x27, 0x34, 0x36, 0x37, 0x36, 0x21,
  0x32, 0x1e, 0x02, 0x15, 0x14, 0x0e, 0x01, 0x0f, 0x01, 0x22, 0x07, 0x06,
  0x07, 0x22, 0x0e, 0x03, 0x15, 0x21, 0x15, 0x21, 0x27, 0x34, 0x36, 0x37,
  0x36, 0x3f, 0x01, 0x32, 0x36, 0x37, 0x3e, 0x01, 0x35, 0x34, 0x27, 0x26,
  0x23, 0x22, 0x06, 0x01, 0x59, 0xfe, 0xf2, 0x01, 0x36, 0x46, 0x56, 0x01,
  0x55, 0xe0, 0x8a, 0x59, 0x28, 0x25, 0x5e, 0x8b, 0xdf, 0x48, 0x38, 0x13,
  0x35, 0x13, 0x1d, 0x16, 0x06, 0x02, 0x03, 0x09, 0xfb, 0xf6, 0x03, 0x18,
  0x26, 0x30, 0x7c, 0xe9, 0x66, 0x90, 0x18, 0x12, 0x0e, 0x1e, 0x1e, 0xad,
  0xed, 0x27, 0x04, 0x3c, 0x1b, 0x69, 0x67, 0x1a, 0x1e, 0x0d, 0x30, 0x63,
  0x5c, 0x5b, 0x63, 0x3d, 0x0f, 0x0f, 0x05, 0x02, 0x07, 0x07, 0x0f, 0x16,
  0x18, 0x1b, 0xbb, 0x65, 0x99, 0x75, 0x24, 0x2c, 0x10, 0x13, 0x13, 0x08,
  0x04, 0x18, 0x1b, 0x30, 0x0b, 0x09, 0x19, 0x00, 0x00, 0x01, 0x00, 0x42,
  0x02, 0x18, 0x04, 0x58, 0x05, 0x5f, 0x00, 0x3f, 0x00, 0x5f, 0x40, 0x2e,
  0x30, 0x2f, 0x0f, 0x30, 0x2e, 0x20, 0x1f, 0x01, 0x00, 0x32, 0x26, 0x43,
  0x17, 0x3b, 0x43, 0x07, 0x38, 0x43, 0x07, 0x2f, 0x2e, 0x43, 0x31, 0x30,
  0x25, 0x34, 0x42, 0x0c, 0x2b, 0x42, 0x12, 0x21, 0x00, 0x42, 0x01, 0x20,
  0x42, 0x02, 0x1f, 0x07, 0x00, 0x17, 0x20, 0x01, 0x1f, 0x46, 0x76, 0x2f,
  0x37, 0x18, 0x00, 0x3f, 0x3f, 0x01, 0x2f, 0x3c, 0xfd, 0x2f, 0xfd, 0x3c,
  0x2f, 0xfd, 0x2f, 0xfd, 0x00, 0x3f, 0x3c, 0xfd, 0x3c, 0x10, 0xfd, 0x10,
  0xfd, 0x10, 0xfd, 0x3f, 0x3c, 0xd6, 0x3c, 0x00, 0x11, 0x12, 0x39, 0x01,
  0x2e, 0x2e, 0x31, 0x30, 0xb2, 0x40, 0x1f, 0x05, 0x2b, 0x01, 0x21, 0x27,
  0x34, 0x36, 0x37, 0x36, 0x21, 0x32, 0x1e, 0x02, 0x15, 0x14, 0x06, 0x07,
  0x1e, 0x01, 0x15, 0x14, 0x06, 0x07, 0x06, 0x21, 0x22, 0x26, 0x27, 0x26,
  0x27, 0x2e, 0x01, 0x35, 0x21, 0x17, 0x14, 0x17, 0x1e, 0x01, 0x33, 0x32,
  0x36, 0x37, 0x36, 0x35, 0x34, 0x26, 0x2b, 0x01, 0x35, 0x33, 0x32, 0x36,
  0x35, 0x34, 0x27, 0x26, 0x23, 0x22, 0x06, 0x07, 0x22, 0x06, 0x07, 0x06,
  0x01, 0x4e, 0xfe, 0xf7, 0x01, 0x3c, 0x4e, 0x60, 0x01, 0x42, 0xb7, 0xa2,
  0x58, 0x27, 0x2e, 0x41, 0x4b, 0x34, 0x38, 0x47, 0x5d, 0xfe, 0x74, 0x58,
  0x75, 0x2b, 0x51, 0x29, 0x20, 0x1c, 0x01, 0x09, 0x01, 0x16, 0x05, 0x79,
  0x67, 0x5d, 0x71, 0x14, 0x21, 0x36, 0xa1, 0xa0, 0xce, 0x5f, 0x3a, 0x1b,
  0x21, 0xa9, 0x46, 0x51, 0x22, 0x15, 0x1e, 0x08, 0x13, 0x04, 0x34, 0x33,
  0x63, 0x60, 0x18, 0x1d, 0x12, 0x32, 0x5b, 0x4a, 0x52, 0x48, 0x15, 0x13,
  0x50, 0x60, 0x58, 0x5a, 0x19, 0x21, 0x06, 0x08, 0x0e, 0x24, 0x1d, 0x6d,
  0x6a, 0x15, 0x41, 0x07, 0x01, 0x09, 0x08, 0x05, 0x09, 0x2e, 0x2f, 0x12,
  0xaf, 0x19, 0x2b, 0x24, 0x0b, 0x0a, 0x02, 0x01, 0x08, 0x06, 0x10, 0x00,
  0x00, 0x01, 0x01, 0x29, 0x04, 0x1d, 0x03, 0x87, 0x06, 0x3c, 0x00, 0x03,
  0x00, 0x1b, 0x40, 0x08, 0x02, 0x00, 0x01, 0x05, 0x5d, 0x03, 0x25, 0x78,
  0x00, 0x76, 0x3f, 0x76, 0x3f, 0x18, 0x00, 0x01, 0x2e, 0x2e, 0x31, 0x30,
  0xb2, 0x04, 0x00, 0x05, 0x2b, 0x09, 0x01, 0x17, 0x01, 0x01, 0x29, 0x01,
  0xa7, 0xb7, 0xfe, 0x01, 0x04, 0x98, 0x01, 0xa4, 0xf9, 0xfe, 0xda, 0x00,
  0x00, 0x01, 0x00, 0x4b, 0xfe, 0x6d, 0x05, 0x6b, 0x03, 0xc9, 0x00, 0x1b,
  0x00, 0x55, 0x40, 0x2a, 0x12, 0x10, 0x0f, 0x11, 0x43, 0x1c, 0x19, 0x43,
  0x1c, 0x07, 0x43, 0x17, 0x1b, 0x1a, 0x19, 0x02, 0x03, 0x01, 0x42, 0x1b,
  0x00, 0x0d, 0x0c, 0x42, 0x0e, 0x11, 0x10, 0x42, 0x0f, 0x0e, 0x0e, 0x0d,
  0x01, 0x03, 0x00, 0x01, 0x1b, 0x1a, 0x24, 0x01, 0x00, 0x46, 0x76, 0x2f,
  0x37, 0x18, 0x00, 0x3f, 0x3c, 0x3f, 0x17, 0x3c, 0x01, 0x2f, 0x3c, 0xfd,
  0x3c, 0x10, 0xfd, 0x3c, 0x2f, 0x3c, 0xfd, 0x17, 0x3c, 0x00, 0x3f, 0xfd,
  0x10, 0xfd, 0x10, 0xfd, 0x00, 0x2e, 0x2e, 0x2e, 0x31, 0x30, 0xb2, 0x1c,
  0x00, 0x05, 0x2b, 0x13, 0x21, 0x11, 0x14, 0x1e, 0x02, 0x33, 0x32, 0x37,
  0x3e, 0x01, 0x35, 0x11, 0x21, 0x11, 0x21, 0x35, 0x23, 0x06, 0x07, 0x0e,
  0x01, 0x23, 0x22, 0x27, 0x11, 0x21, 0x4b, 0x01, 0x6a, 0x13, 0x3d, 0x67,
  0x66, 0xae, 0x41, 0x26, 0x1a, 0x01, 0x6a, 0xfe, 0xab, 0x12, 0x28, 0x5e,
  0x2f, 0x7a, 0x54, 0x87, 0x45, 0xfe, 0x96, 0x03, 0xc9, 0xfe, 0x45, 0x6b,
  0x58, 0x3c, 0x17, 0x36, 0x20, 0x6d, 0x88, 0x01, 0x86, 0xfc, 0x37, 0x91,
  0x58, 0x2a, 0x14, 0x14, 0x2c, 0xfe, 0x5a, 0x00, 0x00, 0x01, 0x01, 0x09,
  0xff, 0x48, 0x06, 0x26, 0x06, 0x29, 0x00, 0x15, 0x00, 0x3d, 0x40, 0x1b,
  0x0e, 0x04, 0x03, 0x43, 0x00, 0x07, 0x06, 0x42, 0x05, 0x04, 0x03, 0x02,
  0x42, 0x01, 0x00, 0x15, 0x00, 0x05, 0x06, 0x05, 0x02, 0x03, 0x01, 0x2c,
  0x01, 0x0e, 0x46, 0x76, 0x2f, 0x37, 0x18, 0x00, 0x3f, 0x17, 0x3c, 0x3f,
  0x3c, 0x01, 0x2f, 0x3c, 0xfd, 0x3c, 0x2f, 0x3c, 0xfd, 0x3c, 0x00, 0x10,
  0xfd, 0x3c, 0x01, 0x2e, 0x31, 0x30, 0xb2, 0x16, 0x0e, 0x05, 0x2b, 0x01,
  0x11, 0x23, 0x11, 0x23, 0x11, 0x23, 0x11, 0x23, 0x20, 0x2e, 0x01, 0x27,
  0x26, 0x35, 0x34, 0x3e, 0x01, 0x37, 0x3e, 0x01, 0x33, 0x06, 0x26, 0xf6,
  0x5f, 0xf6, 0x43, 0xfe, 0xc5, 0x94, 0x78, 0x1f, 0x29, 0x33, 0x7a, 0x4e,
  0x29, 0xd8, 0x93, 0x06, 0x29, 0xf9, 0x1f, 0x06, 0x1b, 0xf9, 0xe5, 0x03,
  0x8e, 0x14, 0x54, 0x3d, 0x5b, 0xad, 0x8f, 0xa0, 0x5d, 0x0c, 0x05, 0x09,
  0x00, 0x01, 0x00, 0x74, 0x01, 0x36, 0x02, 0x29, 0x02, 0xa1, 0x00, 0x03,
  0x00, 0x1e, 0x40, 0x0a, 0x03, 0x02, 0x01, 0x00, 0x01, 0x00, 0x0f, 0x03,
  0x02, 0x2d, 0x00, 0x3f, 0x3c, 0x3f, 0x3c, 0x00, 0x01, 0x2e, 0x2e, 0x2e,
  0x2e, 0x31, 0x30, 0xb2, 0x04, 0x00, 0x05, 0x2b, 0x13, 0x21, 0x11, 0x21,
  0x74, 0x01, 0xb5, 0xfe, 0x4b, 0x02, 0xa1, 0xfe, 0x95, 0x00, 0x00, 0x01,
  0x01, 0x74, 0xfd, 0xe0, 0x03, 0x14, 0x00, 0x00, 0x00, 0x1a, 0x00, 0x45,
  0x40, 0x1f, 0x10, 0x0f, 0x11, 0x10, 0x43, 0x0e, 0x1a, 0x19, 0x43, 0x03,
  0x02, 0x1d, 0x15, 0x14, 0x42, 0x09, 0x08, 0x02, 0x01, 0x42, 0x1a, 0x00,
  0x01, 0x00, 0x09, 0x0f, 0x0e, 0x1c, 0x01, 0x0f, 0x46, 0x76, 0x2f, 0x37,
  0x18, 0x00, 0x3f, 0x3c, 0x3f, 0x3c, 0x01, 0x2f, 0x3c, 0xfd, 0x3c, 0x2f,
  0x3c, 0xfd, 0x3c, 0x00, 0x3f, 0x3c, 0xfd, 0x3c, 0x10, 0xfd, 0x3c, 0x01,
  0x2e, 0x2e, 0x31, 0x30, 0xb2, 0x1b, 0x0f, 0x05, 0x2b, 0x21, 0x33, 0x15,
  0x33, 0x32, 0x17, 0x1e, 0x01, 0x1d, 0x01, 0x14, 0x07, 0x0e, 0x01, 0x23,
  0x21, 0x35, 0x33, 0x32, 0x36, 0x3d, 0x01, 0x34, 0x27, 0x26, 0x2b, 0x01,
  0x01, 0x7a, 0x93, 0x95, 0x45, 0x16, 0x0b, 0x0c, 0x17, 0x0b, 0x35, 0x30,
  0xfe, 0xe7, 0xac, 0x2a, 0x16, 0x0a, 0x0a, 0x2c, 0xa6, 0x6d, 0x17, 0x0c,
  0x2e, 0x24, 0xc7, 0x4f, 0x14, 0x0a, 0x0a, 0x93, 0x13, 0x2a, 0x1e, 0x27,
  0x0a, 0x08, 0x00, 0x01, 0x00, 0x87, 0x02, 0x22, 0x03, 0x75, 0x05, 0x55,
  0x00, 0x07, 0x00, 0x35, 0x40, 0x16, 0x06, 0x05, 0x42, 0x07, 0x00, 0x00,
  0x07, 0x05, 0x04, 0x43, 0x00, 0x04, 0x03, 0x42, 0x02, 0x01, 0x01, 0x00,
  0x00, 0x03, 0x02, 0x20, 0x00, 0x3f, 0x3c, 0x3f, 0x3c, 0x01, 0x2f, 0x3c,
  0xfd, 0x3c, 0x00, 0x10, 0xfd, 0x3c, 0x87, 0x2e, 0x0e, 0xc4, 0x0e, 0xfc,
  0x0e, 0xc4, 0x31, 0x30, 0xb2, 0x08, 0x07, 0x05, 0x2b, 0x01, 0x21, 0x11,
  0x21, 0x11, 0x23, 0x05, 0x27, 0x01, 0xcb, 0x01, 0xaa, 0xfe, 0xe9, 0x39,
  0xfe, 0xfe, 0x9c, 0x05, 0x55, 0xfc, 0xcd, 0x02, 0x51, 0xcb, 0xaa, 0x00,
  0x00, 0x02, 0x00, 0x48, 0x02, 0x14, 0x03, 0xbc, 0x04, 0x7c, 0x00, 0x14,
  0x00, 0x24, 0x00, 0x2d, 0x40, 0x13, 0x1d, 0x43, 0x0a, 0x15, 0x43, 0x00,
  0x18, 0x42, 0x10, 0x20, 0x42, 0x05, 0x00, 0x0d, 0x0a, 0x20, 0x01, 0x10,
  0x46, 0x76, 0x2f, 0x37, 0x18, 0x00, 0x3f, 0x3f, 0x01, 0x2f, 0xfd, 0x2f,
  0xfd, 0x00, 0x10, 0xfd, 0x10, 0xfd, 0x31, 0x30, 0xb2, 0x25, 0x10, 0x05,
  0x2b, 0x01, 0x32, 0x1e, 0x02, 0x15, 0x14, 0x0e, 0x02, 0x23, 0x22, 0x26,
  0x27, 0x2e, 0x01, 0x35, 0x34, 0x3e, 0x02, 0x17, 0x22, 0x06, 0x15, 0x14,
  0x16, 0x17, 0x16, 0x33, 0x32, 0x36, 0x35, 0x34, 0x26, 0x27, 0x26, 0x02,
  0x02, 0x9c, 0x9e, 0x5c, 0x24, 0x1f, 0x56, 0x98, 0xac, 0xab, 0x9a, 0x2b,
  0x2d, 0x1e, 0x24, 0x5c, 0x9b, 0xa1, 0x7d, 0x47, 0x11, 0x1a, 0x2b, 0x6c,
  0x7e, 0x44, 0x13, 0x1b, 0x2b, 0x04, 0x7c, 0x16, 0x3f, 0x67, 0x6e, 0x77,
  0x6a, 0x43, 0x1a, 0x18, 0x23, 0x21, 0x6c, 0x7f, 0x63, 0x68, 0x3e, 0x18,
  0xb4, 0x2f, 0x55, 0x37, 0x28, 0x0c, 0x11, 0x2d, 0x55, 0x35, 0x2e, 0x0a,
  0x11, 0x00, 0x00, 0x02, 0x00, 0x44, 0x00, 0x00, 0x04, 0xe6, 0x03, 0x9c,
  0x00, 0x05, 0x00, 0x0b, 0x00, 0x53, 0x40, 0x19, 0x08, 0x05, 0x04, 0x00,
  0x0b, 0x06, 0x42, 0x02, 0x01, 0x01, 0x02, 0x0a, 0x0b, 0x42, 0x03, 0x02,
  0x02, 0x03, 0x07, 0x0b, 0x5d, 0x09, 0x03, 0x1a, 0x78, 0x00, 0x76, 0x3f,
  0x3c, 0x76, 0x3f, 0x18, 0x00, 0x87, 0x2e, 0xb9, 0x37, 0x98, 0xe0, 0x4a,
  0x0b, 0xc4, 0x0e, 0xfc, 0xb9, 0xc7, 0xda, 0x1e, 0xbb, 0x0b, 0xc4, 0x87,
  0x2e, 0xb9, 0x1f, 0x1e, 0x37, 0xef, 0x0b, 0xc4, 0x0e, 0xfc, 0xb9, 0x1f,
  0x83, 0x37, 0xb4, 0x0b, 0xc4, 0x01, 0x2e, 0x2e, 0x2e, 0x2e, 0x31, 0x30,
  0xb2, 0x0c, 0x04, 0x05, 0x2b, 0x13, 0x37, 0x09, 0x01, 0x25, 0x13, 0x25,
  0x37, 0x09, 0x01, 0x25, 0x13, 0xbc, 0xdf, 0x01, 0x09, 0xfe, 0xc3, 0xfe,
  0xdd, 0xe4, 0x01, 0xca, 0xe5, 0x01, 0x0f, 0xfe, 0xc0, 0xfe, 0xd8, 0xf1,
  0x02, 0xcd, 0xb0, 0xfe, 0xbc, 0xfd, 0xc7, 0xa6, 0x01, 0x9d, 0xab, 0xae,
  0xfe, 0xa6, 0xfd, 0xbe, 0xa2, 0x01, 0xaa, 0x00, 0x00, 0x04, 0x00, 0x36,
  0xff, 0xed, 0x0a, 0xb0, 0x05, 0x68, 0x00, 0x07, 0x00, 0x0b, 0x00, 0x16,
  0x00, 0x1b, 0x00, 0xa2, 0x40, 0x51, 0x0d, 0x0c, 0x10, 0x0f, 0x03, 0x02,
  0x1a, 0x19, 0x42, 0x13, 0x14, 0x14, 0x13, 0x06, 0x05, 0x42, 0x07, 0x00,
  0x00, 0x07, 0x0b, 0x08, 0x42, 0x0a, 0x09, 0x09, 0x0a, 0x05, 0x04, 0x43,
  0x01, 0x00, 0x00, 0x19, 0x18, 0x43, 0x15, 0x14, 0x19, 0x1b, 0x17, 0x16,
  0x03, 0x0c, 0x43, 0x12, 0x11, 0x0e, 0x03, 0x0d, 0x37, 0x02, 0x01, 0x42,
  0x04, 0x03, 0x18, 0x17, 0x11, 0x03, 0x10, 0x42, 0x16, 0x15, 0x0f, 0x03,
  0x0e, 0x13, 0x12, 0x42, 0x1b, 0x1a, 0x08, 0x00, 0x5d, 0x0a, 0x1b, 0x78,
  0x01, 0x07, 0x46, 0x76, 0x2f, 0x37, 0x18, 0x00, 0x76, 0x3f, 0x76, 0x3f,
  0x18, 0x01, 0x2f, 0x3c, 0xfd, 0x3c, 0x2f, 0x17, 0x3c, 0xfd, 0x17, 0x3c,
  0x2f, 0x3c, 0xfd, 0x3c, 0x00, 0x3f, 0x17, 0x3c, 0xfd, 0x17, 0x3c, 0x3f,
  0x3c, 0xfd, 0x3c, 0x3f, 0x3c, 0xfd, 0x3c, 0x87, 0x2e, 0x0e, 0xc4, 0x0e,
  0xfc, 0x0e, 0xc4, 0x87, 0x2e, 0x0e, 0xc4, 0x0e, 0xfc, 0x0e, 0xc4, 0x87,
  0x2e, 0x0e, 0xc4, 0x0e, 0xfc, 0x0e, 0xc4, 0x00, 0x2e, 0x2e, 0x2e, 0x2e,
  0x01, 0x2e, 0x2e, 0x31, 0x30, 0xb2, 0x1c, 0x07, 0x05, 0x2b, 0x01, 0x21,
  0x11, 0x21, 0x11, 0x23, 0x05, 0x27, 0x01, 0x17, 0x01, 0x27, 0x25, 0x15,
  0x23, 0x15, 0x21, 0x35, 0x21, 0x11, 0x01, 0x21, 0x11, 0x21, 0x11, 0x23,
  0x05, 0x15, 0x01, 0x7a, 0x01, 0xaa, 0xfe, 0xe9, 0x39, 0xfe, 0xfe, 0x9c,
  0x06, 0x9f, 0xa0, 0xfb, 0xf9, 0xa0, 0x07, 0xe2, 0xa7, 0xfe, 0xf7, 0xfd,
  0x51, 0x02, 0x05, 0x01, 0xb3, 0xfe, 0xf7, 0x2a, 0xfe, 0x76, 0x05, 0x55,
  0xfc, 0xcd, 0x02, 0x51, 0xcb, 0xaa, 0x01, 0x16, 0x82, 0xfb, 0x07, 0x82,
  0xeb, 0xc5, 0x95, 0x95, 0x01, 0x40, 0x01, 0x5e, 0xfe, 0x27, 0x01, 0x0f,
  0xfc, 0x13, 0x00, 0x03, 0x00, 0x7a, 0xff, 0xed, 0x0a, 0xd2, 0x05, 0x68,
  0x00, 0x07, 0x00, 0x0b, 0x00, 0x3f, 0x00, 0x8a, 0x40, 0x43, 0x2b, 0x29,
  0x28, 0x0d, 0x0c, 0x03, 0x02, 0x06, 0x05, 0x42, 0x07, 0x00, 0x00, 0x07,
  0x0b, 0x08, 0x42, 0x0a, 0x09, 0x09, 0x0a, 0x21, 0x27, 0x05, 0x04, 0x43,
  0x01, 0x00, 0x00, 0x3b, 0x43, 0x13, 0x19, 0x31, 0x43, 0x1d, 0x2d, 0x28,
  0x27, 0x43, 0x2a, 0x29, 0x1a, 0x02, 0x01, 0x42, 0x04, 0x03, 0x0e, 0x42,
  0x0c, 0x0d, 0x42, 0x27, 0x0c, 0x37, 0x42, 0x18, 0x08, 0x00, 0x5d, 0x0a,
  0x1b, 0x78, 0x01, 0x07, 0x46, 0x76, 0x2f, 0x37, 0x18, 0x00, 0x76, 0x3f,
  0x76, 0x3f, 0x18, 0x01, 0x2f, 0xfd, 0x2f, 0x3c, 0xfd, 0x10, 0xfd, 0x2f,
  0x3c, 0xfd, 0x3c, 0x00, 0x3f, 0x3c, 0xfd, 0x3c, 0x3f, 0xfd, 0x3f, 0xfd,
  0x3f, 0x3c, 0xfd, 0x3c, 0x10, 0xd6, 0x87, 0x2e, 0x0e, 0xc4, 0x0e, 0xfc,
  0x0e, 0xc4, 0x87, 0x2e, 0x0e, 0xc4, 0x0e, 0xfc, 0x0e, 0xc4, 0x00, 0x2e,
  0x2e, 0x2e, 0x2e, 0x01, 0x2e, 0x2e, 0x2e, 0x31, 0x30, 0xb2, 0x40, 0x07,
  0x05, 0x2b, 0x01, 0x21, 0x11, 0x21, 0x11, 0x23, 0x05, 0x27, 0x01, 0x17,
  0x01, 0x27, 0x01, 0x21, 0x27, 0x34, 0x36, 0x37, 0x36, 0x21, 0x32, 0x1e,
  0x02, 0x15, 0x14, 0x0e, 0x01, 0x0f, 0x01, 0x22, 0x07, 0x06, 0x07, 0x22,
  0x0e, 0x03, 0x15, 0x21, 0x15, 0x21, 0x27, 0x34, 0x36, 0x37, 0x36, 0x3f,
  0x01, 0x32, 0x36, 0x37, 0x3e, 0x01, 0x35, 0x34, 0x27, 0x26, 0x23, 0x22,
  0x07, 0x0e, 0x01, 0x01, 0xbe, 0x01, 0xaa, 0xfe, 0xe9, 0x39, 0xfe, 0xfe,
  0x9c, 0x06, 0x83, 0xa0, 0xfb, 0xf9, 0xa0, 0x04, 0xd3, 0xfe, 0xf2, 0x01,
  0x36, 0x46, 0x56, 0x01, 0x55, 0xdd, 0x8b, 0x5b, 0x28, 0x25, 0x5e, 0x8b,
  0xdf, 0x48, 0x38, 0x13, 0x35, 0x13, 0x1d, 0x16, 0x06, 0x02, 0x03, 0x09,
  0xfb, 0xf6, 0x03, 0x18, 0x26, 0x30, 0x7c, 0xe9, 0x66, 0x90, 0x18, 0x12,
  0x0e, 0x1e, 0x1e, 0xad, 0xed, 0x15, 0x0c, 0x06, 0x05, 0x55, 0xfc, 0xcd,
  0x02, 0x51, 0xcb, 0xaa, 0x01, 0x16, 0x82, 0xfb, 0x07, 0x82, 0x01, 0xab,
  0x1b, 0x69, 0x67, 0x1a, 0x1e, 0x0c, 0x31, 0x63, 0x5c, 0x5b, 0x63, 0x3d,
  0x0f, 0x0f, 0x05, 0x02, 0x07, 0x07, 0x0f, 0x16, 0x18, 0x1b, 0xbb, 0x65,
  0x98, 0x76, 0x24, 0x2c, 0x10, 0x13, 0x13, 0x08, 0x04, 0x18, 0x1b, 0x30,
  0x0b, 0x09, 0x0e, 0x06, 0x1b, 0x00, 0x00, 0x04, 0x00, 0x42, 0xff, 0xed,
  0x0b, 0x2b, 0x05, 0x68, 0x00, 0x3f, 0x00, 0x43, 0x00, 0x4e, 0x00, 0x53,
  0x00, 0xc3, 0x40, 0x66, 0x45, 0x44, 0x30, 0x2f, 0x48, 0x47, 0x0f, 0x30,
  0x2e, 0x52, 0x51, 0x42, 0x4b, 0x4c, 0x4c, 0x4b, 0x43, 0x40, 0x42, 0x42,
  0x41, 0x41, 0x42, 0x20, 0x1f, 0x01, 0x00, 0x32, 0x26, 0x43, 0x17, 0x20,
  0x3b, 0x43, 0x07, 0x51, 0x50, 0x43, 0x4d, 0x4c, 0x19, 0x38, 0x43, 0x07,
  0x00, 0x53, 0x4f, 0x4e, 0x03, 0x44, 0x43, 0x4a, 0x49, 0x46, 0x03, 0x45,
  0x37, 0x2f, 0x2e, 0x43, 0x31, 0x30, 0x25, 0x12, 0x42, 0x2b, 0x0c, 0x42,
  0x34, 0x50, 0x4f, 0x49, 0x03, 0x48, 0x42, 0x4e, 0x4d, 0x47, 0x03, 0x46,
  0x21, 0x00, 0x42, 0x01, 0x20, 0x42, 0x02, 0x1f, 0x4b, 0x4a, 0x42, 0x53,
  0x52, 0x40, 0x00, 0x5d, 0x42, 0x1b, 0x78, 0x01, 0x1f, 0x46, 0x76, 0x2f,
  0x37, 0x18, 0x00, 0x76, 0x3f, 0x76, 0x3f, 0x18, 0x01, 0x2f, 0x3c, 0xfd,
  0x3c, 0x2f, 0x3c, 0xfd, 0x2f, 0xfd, 0x3c, 0x2f, 0x17, 0x3c, 0xfd, 0x17,
  0x3c, 0x2f, 0xfd, 0x2f, 0xfd, 0x00, 0x3f, 0x3c, 0xfd, 0x3c, 0x3f, 0x17,
  0x3c, 0xfd, 0x17, 0x3c, 0x3f, 0xfd, 0x3f, 0x3c, 0xfd, 0x3c, 0x10, 0xfd,
  0x3f, 0xfd, 0x3f, 0x3c, 0xd6, 0x3c, 0x87, 0x2e, 0x0e, 0xc4, 0x0e, 0xfc,
  0x0e, 0xc4, 0x87, 0x2e, 0x0e, 0xc4, 0x0e, 0xfc, 0x0e, 0xc4, 0x00, 0x11,
  0x12, 0x39, 0x00, 0x2e, 0x2e, 0x01, 0x2e, 0x2e, 0x2e, 0x2e, 0x31, 0x30,
  0xb2, 0x54, 0x1f, 0x05, 0x2b, 0x01, 0x21, 0x27, 0x34, 0x36, 0x37, 0x36,
  0x21, 0x32, 0x1e, 0x02, 0x15, 0x14, 0x06, 0x07, 0x1e, 0x01, 0x15, 0x14,
  0x06, 0x07, 0x06, 0x21, 0x22, 0x26, 0x27, 0x26, 0x27, 0x2e, 0x01, 0x35,
  0x21, 0x17, 0x14, 0x17, 0x1e, 0x01, 0x33, 0x32, 0x36, 0x37, 0x36, 0x35,
  0x34, 0x26, 0x2b, 0x01, 0x35, 0x33, 0x32, 0x36, 0x35, 0x34, 0x27, 0x26,
  0x23, 0x22, 0x06, 0x07, 0x22, 0x06, 0x07, 0x06, 0x25, 0x17, 0x01, 0x27,
  0x25, 0x15, 0x23, 0x15, 0x21, 0x35, 0x21, 0x11, 0x01, 0x21, 0x11, 0x21,
  0x11, 0x23, 0x05, 0x15, 0x01, 0x4e, 0xfe, 0xf7, 0x01, 0x3c, 0x4e, 0x60,
  0x01, 0x42, 0xb7, 0xa2, 0x58, 0x27, 0x2e, 0x41, 0x4b, 0x34, 0x38, 0x47,
  0x5d, 0xfe, 0x74, 0x58, 0x75, 0x2b, 0x51, 0x29, 0x20, 0x1c, 0x01, 0x09,
  0x01, 0x16, 0x05, 0x79, 0x67, 0x65, 0x67, 0x16, 0x21, 0x36, 0xa1, 0xa0,
  0xce, 0x5f, 0x3a, 0x1b, 0x21, 0xa9, 0x46, 0x51, 0x22, 0x15, 0x1e, 0x08,
  0x13, 0x06, 0x38, 0xa0, 0xfb, 0xf9, 0xa0, 0x07, 0xac, 0xa7, 0xfe, 0xf7,
  0xfd, 0x50, 0x02, 0x06, 0x01, 0xb3, 0xfe, 0xf7, 0x2a, 0xfe, 0x75, 0x04,
  0x34, 0x33, 0x63, 0x60, 0x18, 0x1d, 0x12, 0x32, 0x5b, 0x4a, 0x52, 0x48,
  0x15, 0x13, 0x50, 0x60, 0x58, 0x5a, 0x19, 0x21, 0x06, 0x08, 0x0e, 0x24,
  0x1d, 0x6d, 0x6a, 0x15, 0x41, 0x07, 0x01, 0x09, 0x06, 0x06, 0x09, 0x2e,
  0x30, 0x12, 0xaf, 0x19, 0x2b, 0x24, 0x0b, 0x0a, 0x02, 0x01, 0x08, 0x06,
  0x10, 0xf3, 0x82, 0xfb, 0x07, 0x82, 0xeb, 0xc5, 0x95, 0x95, 0x01, 0x40,
  0x01, 0x5e, 0xfe, 0x27, 0x01, 0x0f, 0xfc, 0x13, 0x00, 0x02, 0x00, 0x22,
  0xff, 0xeb, 0x05, 0x8a, 0x05, 0x55, 0x00, 0x29, 0x00, 0x2d, 0x00, 0x52,
  0x40, 0x26, 0x2d, 0x2a, 0x1b, 0x01, 0x1a, 0x19, 0x2a, 0x2b, 0x2a, 0x43,
  0x2c, 0x24, 0x43, 0x0a, 0x2c, 0x2b, 0x19, 0x28, 0x42, 0x02, 0x29, 0x00,
  0x42, 0x02, 0x19, 0x42, 0x1a, 0x20, 0x42, 0x11, 0x2d, 0x2c, 0x00, 0x0a,
  0x1b, 0x01, 0x11, 0x46, 0x76, 0x2f, 0x37, 0x18, 0x00, 0x3f, 0x3f, 0x3c,
  0x01, 0x2f, 0xfd, 0x2f, 0xfd, 0x2f, 0xfd, 0x3c, 0x10, 0xfd, 0x10, 0xd6,
  0x3c, 0x00, 0x10, 0xfd, 0x10, 0xfd, 0x3c, 0x10, 0xd6, 0x3c, 0x01, 0x2e,
  0x2e, 0x2e, 0x2e, 0x31, 0x30, 0xb2, 0x2e, 0x11, 0x05, 0x2b, 0x01, 0x21,
  0x07, 0x14, 0x06, 0x07, 0x0e, 0x01, 0x07, 0x06, 0x23, 0x20, 0x27, 0x26,
  0x27, 0x2e, 0x01, 0x35, 0x34, 0x3e, 0x02, 0x37, 0x3e, 0x01, 0x35, 0x21,
  0x17, 0x14, 0x06, 0x04, 0x06, 0x15, 0x14, 0x17, 0x16, 0x33, 0x32, 0x37,
  0x36, 0x3f, 0x01, 0x03, 0x21, 0x11, 0x21, 0x04, 0x23, 0x01, 0x67, 0x01,
  0x15, 0x1e, 0x27, 0x7e, 0x72, 0x99, 0xfc, 0xfe, 0x81, 0x7d, 0x4e, 0x1f,
  0x0f, 0x10, 0x1e, 0x4c, 0x8c, 0xe1, 0x51, 0x28, 0x01, 0x65, 0x01, 0x6d,
  0xfe, 0x8f, 0x76, 0x4a, 0x39, 0xc4, 0xbf, 0x35, 0x56, 0x09, 0x04, 0x26,
  0xfe, 0x46, 0x01, 0xba, 0x01, 0xe8, 0x48, 0x78, 0x7a, 0x29, 0x38, 0x3c,
  0x11, 0x15, 0x42, 0x2a, 0x4d, 0x27, 0x72, 0x4d, 0x6e, 0x82, 0x5a, 0x2e,
  0x27, 0x0c, 0x22, 0x30, 0x35, 0xa5, 0x79, 0x3c, 0x2c, 0x4f, 0x53, 0x15,
  0x0f, 0x0a, 0x0f, 0x55, 0x55, 0x02, 0x20, 0x01, 0x6c, 0x00, 0xff, 0xff,
  0xff, 0xde, 0x00, 0x00, 0x08, 0x02, 0x07, 0xbb, 0x00, 0x26, 0x00, 0x24,
  0x00, 0x00, 0x00, 0x07, 0x01, 0x27, 0x01, 0xf0, 0x00, 0x00, 0xff, 0xff,
  0xff, 0xde, 0x00, 0x00, 0x08, 0x02, 0x07, 0xbe, 0x00, 0x26, 0x00, 0x24,
  0x00, 0x00, 0x00, 0x07, 0x01, 0x28, 0x01, 0xf0, 0x00, 0x00, 0xff, 0xff,
  0xff, 0xde, 0x00, 0x00, 0x08, 0x02, 0x07, 0x93, 0x00, 0x26, 0x00, 0x24,
  0x00, 0x00, 0x00, 0x07, 0x01, 0x26, 0x01, 0xf0, 0x00, 0x00, 0xff, 0xff,
  0xff, 0xde, 0x00, 0x00, 0x08, 0x02, 0x07, 0x59, 0x00, 0x26, 0x00, 0x24,
  0x00, 0x00, 0x00, 0x07, 0x01, 0x2c, 0x01, 0xf0, 0x00, 0x00, 0xff, 0xff,
  0xff, 0xde, 0x00, 0x00, 0x08, 0x02, 0x07, 0x4c, 0x00, 0x26, 0x00, 0x24,
  0x00, 0x00, 0x00, 0x07, 0x01, 0x29, 0x01, 0xf0, 0x00, 0x00, 0xff, 0xff,
  0xff, 0xde, 0x00, 0x00, 0x08, 0x02, 0x08, 0x18, 0x00, 0x26, 0x00, 0x24,
  0x00, 0x00, 0x00, 0x07, 0x01, 0x2b, 0x01, 0xf0, 0x00, 0x00, 0x00, 0x02,
  0xff, 0xd7, 0xff, 0xf6, 0x0a, 0xf5, 0x05, 0x55, 0x00, 0x0f, 0x00, 0x13,
  0x00, 0x62, 0x40, 0x31, 0x11, 0x0f, 0x0a, 0x09, 0x06, 0x05, 0x02, 0x01,
  0x09, 0x08, 0x43, 0x0b, 0x0a, 0x1a, 0x13, 0x10, 0x43, 0x00, 0x03, 0x02,
  0x43, 0x00, 0x12, 0x11, 0x43, 0x0d, 0x0c, 0x07, 0x06, 0x43, 0x05, 0x04,
  0x13, 0x12, 0x0c, 0x03, 0x0b, 0x42, 0x08, 0x07, 0x04, 0x03, 0x03, 0x01,
  0x00, 0x00, 0x0f, 0x0e, 0x1a, 0x00, 0x3f, 0x3c, 0x3f, 0x3c, 0x01, 0x2f,
  0x17, 0x3c, 0xfd, 0x17, 0x3c, 0x00, 0x2f, 0x3c, 0xfd, 0x3c, 0x2f, 0x3c,
  0xfd, 0x3c, 0x10, 0xfd, 0x3c, 0x10, 0xfd, 0x3c, 0x3f, 0x3c, 0xfd, 0x3c,
  0x01, 0x2e, 0x2e, 0x2e, 0x2e, 0x2e, 0x2e, 0x2e, 0x2e, 0x31, 0x30, 0xb2,
  0x14, 0x0f, 0x05, 0x2b, 0x01, 0x21, 0x11, 0x21, 0x15, 0x21, 0x11, 0x21,
  0x15, 0x21, 0x11, 0x21, 0x35, 0x21, 0x07, 0x21, 0x09, 0x01, 0x21, 0x11,
  0x03, 0x75, 0x07, 0x80, 0xfb, 0xd4, 0x03, 0xec, 0xfc, 0x14, 0x04, 0x29,
  0xfa, 0x41, 0xfd, 0x2d, 0x9b, 0xfe, 0x12, 0x04, 0x8d, 0xfe, 0xbd, 0x02,
  0x12, 0x05, 0x55, 0xfe, 0xbf, 0xc5, 0xfe, 0xd4, 0xdb, 0xfe, 0xb8, 0xe9,
  0xf3, 0x04, 0x19, 0xfe, 0x0b, 0x01, 0xf5, 0x00, 0x00, 0x01, 0x00, 0x44,
  0xfd, 0xba, 0x07, 0x16, 0x05, 0x6a, 0x00, 0x4e, 0x00, 0x69, 0x40, 0x34,
  0x48, 0x46, 0x3c, 0x2f, 0x2d, 0x21, 0x0b, 0x0a, 0x47, 0x46, 0x2f, 0x2e,
  0x16, 0x36, 0x43, 0x27, 0x41, 0x43, 0x4e, 0x4d, 0x00, 0x03, 0x16, 0x1b,
  0x0c, 0x0b, 0x43, 0x09, 0x02, 0x01, 0x43, 0x15, 0x14, 0x2f, 0x10, 0x0f,
  0x42, 0x06, 0x05, 0x01, 0x00, 0x42, 0x16, 0x15, 0x27, 0x00, 0x0a, 0x09,
  0x23, 0x01, 0x21, 0x46, 0x76, 0x2f, 0x37, 0x18, 0x00, 0x3f, 0x3c, 0x3f,
  0x01, 0x2f, 0x3c, 0xfd, 0x3c, 0x2f, 0x3c, 0xfd, 0x3c, 0x00, 0x3f, 0x3c,
  0xfd, 0x3c, 0x10, 0xfd, 0x3c, 0x3f, 0x17, 0x3c, 0xfd, 0x10, 0xfd, 0x3f,
  0x3c, 0xd6, 0x3c, 0x01, 0x2e, 0x2e, 0x2e, 0x2e, 0x2e, 0x2e, 0x2e, 0x2e,
  0x31, 0x30, 0xb2, 0x4f, 0x21, 0x05, 0x2b, 0x05, 0x15, 0x33, 0x32, 0x16,
  0x1d, 0x01, 0x14, 0x06, 0x23, 0x21, 0x35, 0x33, 0x32, 0x36, 0x3d, 0x01,
  0x34, 0x27, 0x26, 0x2b, 0x01, 0x35, 0x22, 0x26, 0x27, 0x2e, 0x01, 0x27,
  0x26, 0x27, 0x2e, 0x01, 0x35, 0x34, 0x36, 0x37, 0x36, 0x24, 0x21, 0x20,
  0x16, 0x17, 0x1e, 0x01, 0x15, 0x07, 0x21, 0x34, 0x27, 0x26, 0x27, 0x2e,
  0x01, 0x23, 0x22, 0x06, 0x07, 0x0e, 0x01, 0x15, 0x14, 0x1e, 0x02, 0x33,
  0x32, 0x36, 0x37, 0x36, 0x35, 0x21, 0x17, 0x14, 0x07, 0x0e, 0x01, 0x23,
  0x07, 0x03, 0xc0, 0x99, 0x46, 0x2f, 0x2f, 0x5c, 0xfe, 0xdf, 0xaa, 0x2c,
  0x16, 0x0a, 0x0b, 0x2d, 0xa4, 0x69, 0x9d, 0x27, 0x81, 0x9b, 0x32, 0x41,
  0x15, 0x09, 0x0a, 0x12, 0x1a, 0x39, 0x01, 0x5c, 0x02, 0x10, 0x01, 0x08,
  0xef, 0x48, 0x5c, 0x4d, 0x01, 0xfe, 0x5f, 0x08, 0x04, 0x12, 0x17, 0xc2,
  0xc6, 0xc3, 0x95, 0x20, 0x24, 0x1e, 0x19, 0x49, 0x97, 0xc5, 0xf7, 0x95,
  0x1d, 0x27, 0x01, 0xa0, 0x04, 0x61, 0x38, 0xdf, 0xa6, 0x9c, 0x14, 0x5a,
  0x31, 0x4a, 0xe2, 0x51, 0x2a, 0xad, 0x10, 0x21, 0x2c, 0x20, 0x09, 0x07,
  0xfa, 0x05, 0x04, 0x0c, 0x30, 0x2f, 0x3b, 0x6b, 0x35, 0xcb, 0x9a, 0xed,
  0xd4, 0x38, 0x81, 0x4e, 0x18, 0x21, 0x2b, 0xae, 0xa8, 0x44, 0x41, 0x1a,
  0x16, 0x10, 0x14, 0x14, 0x10, 0x1a, 0x1e, 0x90, 0x99, 0x9d, 0x7d, 0x37,
  0x12, 0x10, 0x1b, 0x24, 0x7f, 0x81, 0xdf, 0x58, 0x32, 0x37, 0x01, 0x00,
  0xff, 0xff, 0x00, 0x60, 0x00, 0x00, 0x06, 0x50, 0x07, 0xbb, 0x00, 0x26,
  0x00, 0x28, 0x00, 0x00, 0x00, 0x07, 0x01, 0x27, 0x01, 0x77, 0x00, 0x00,
  0xff, 0xff, 0x00, 0x60, 0x00, 0x00, 0x06, 0x50, 0x07, 0xbe, 0x00, 0x26,
  0x00, 0x28, 0x00, 0x00, 0x00, 0x07, 0x01, 0x28, 0x01, 0x39, 0x00, 0x00,
  0xff, 0xff, 0x00, 0x60, 0x00, 0x00, 0x06, 0x50, 0x07, 0x93, 0x00, 0x26,
  0x00, 0x28, 0x00, 0x00, 0x00, 0x07, 0x01, 0x26, 0x01, 0x62, 0x00, 0x00,
  0xff, 0xff, 0x00, 0x60, 0x00, 0x00, 0x06, 0x50, 0x07, 0x4c, 0x00, 0x26,
  0x00, 0x28, 0x00, 0x00, 0x00, 0x07, 0x01, 0x29, 0x01, 0x55, 0x00, 0x00,
  0x00, 0x02, 0xff, 0x6e, 0x00, 0x00, 0x02, 0x15, 0x07, 0xd4, 0x00, 0x03,
  0x00, 0x07, 0x00, 0x2a, 0x40, 0x10, 0x06, 0x04, 0x03, 0x02, 0x01, 0x00,
  0x01, 0x00, 0x07, 0x28, 0x05, 0x06, 0x5d, 0x03, 0x02, 0x1a, 0x00, 0x3f,
  0x3c, 0x76, 0x3f, 0x18, 0x00, 0x3f, 0xd6, 0x3c, 0x01, 0x2e, 0x2e, 0x2e,
  0x2e, 0x2e, 0x2e, 0x31, 0x30, 0xb2, 0x08, 0x04, 0x05, 0x2b, 0x13, 0x21,
  0x11, 0x21, 0x03, 0x13, 0x01, 0x07, 0x60, 0x01, 0xb5, 0xfe, 0x4b, 0xf2,
  0xd0, 0x01, 0xa6, 0x68, 0x05, 0x55, 0xfa, 0xab, 0x06, 0xbf, 0x01, 0x15,
  0xfe, 0x50, 0x87, 0x00, 0x00, 0x02, 0x00, 0x60, 0x00, 0x00, 0x03, 0x0d,
  0x07, 0xd6, 0x00, 0x03, 0x00, 0x07, 0x00, 0x2a, 0x40, 0x10, 0x07, 0x05,
  0x03, 0x02, 0x01, 0x00, 0x01, 0x00, 0x06, 0x02, 0x04, 0x06, 0x5d, 0x03,
  0x02, 0x1a, 0x00, 0x3f, 0x3c, 0x76, 0x3f, 0x18, 0x00, 0x3f, 0xd6, 0x3c,
  0x01, 0x2e, 0x2e, 0x2e, 0x2e, 0x2e, 0x2e, 0x31, 0x30, 0xb2, 0x08, 0x00,
  0x05, 0x2b, 0x13, 0x21, 0x11, 0x21, 0x01, 0x13, 0x01, 0x27, 0x60, 0x01,
  0xb5, 0xfe, 0x4b, 0x01, 0xe0, 0xcd, 0xfd, 0xf6, 0x6c, 0x05, 0x55, 0xfa,
  0xab, 0x07, 0xd6, 0xfe, 0xea, 0xfe, 0xdb, 0x8c, 0x00, 0x02, 0xff, 0xc5,
  0x00, 0x00, 0x02, 0xae, 0x07, 0x93, 0x00, 0x03, 0x00, 0x09, 0x00, 0x38,
  0x40, 0x16, 0x08, 0x03, 0x02, 0x01, 0x00, 0x09, 0x05, 0x06, 0x07, 0x04,
  0x01, 0x00, 0x04, 0x04, 0x43, 0x07, 0x07, 0x07, 0x5d, 0x03, 0x02, 0x1a,
  0x00, 0x3f, 0x3c, 0x76, 0x3f, 0x18, 0x00, 0x10, 0xfd, 0x10, 0xd6, 0x3c,
  0x00, 0x11, 0x12, 0x39, 0x00, 0x2e, 0x2e, 0x01, 0x2e, 0x2e, 0x2e, 0x2e,
  0x2e, 0x31, 0x30, 0xb2, 0x0a, 0x06, 0x05, 0x2b, 0x13, 0x21, 0x11, 0x21,
  0x13, 0x05, 0x27, 0x09, 0x01, 0x07, 0x5f, 0x01, 0xb5, 0xfe, 0x4b, 0xdb,
  0xfe, 0xd0, 0x45, 0x01, 0x75, 0x01, 0x74, 0x45, 0x05, 0x55, 0xfa, 0xab,
  0x06, 0x6e, 0x70, 0x81, 0x01, 0x14, 0xfe, 0xec, 0x81, 0x00, 0x00, 0x03,
  0xff, 0x93, 0x00, 0x00, 0x02, 0xe2, 0x07, 0x4c, 0x00, 0x03, 0x00, 0x07,
  0x00, 0x0b, 0x00, 0x4d, 0x40, 0x24, 0x03, 0x02, 0x01, 0x00, 0x01, 0x00,
  0x06, 0x0b, 0x0a, 0x07, 0x03, 0x06, 0x43, 0x04, 0x0b, 0x08, 0x42, 0x0a,
  0x09, 0x06, 0x05, 0x42, 0x07, 0x04, 0x09, 0x08, 0x05, 0x03, 0x04, 0x03,
  0x03, 0x02, 0x1a, 0x01, 0x04, 0x46, 0x76, 0x2f, 0x37, 0x18, 0x00, 0x3f,
  0x3c, 0x3f, 0x17, 0x3c, 0x01, 0x2f, 0x3c, 0xfd, 0x3c, 0x2f, 0x3c, 0xfd,
  0x3c, 0x00, 0x10, 0xfd, 0x17, 0x3c, 0x10, 0xd6, 0x3c, 0x01, 0x2e, 0x2e,
  0x2e, 0x2e, 0x31, 0x30, 0xb2, 0x0c, 0x04, 0x05, 0x2b, 0x13, 0x21, 0x11,
  0x21, 0x03, 0x21, 0x11, 0x21, 0x01, 0x21, 0x11, 0x21, 0x60, 0x01, 0xb5,
  0xfe, 0x4b, 0xcd, 0x01, 0x71, 0xfe, 0x8f, 0x01, 0xde, 0x01, 0x71, 0xfe,
  0x8f, 0x05, 0x55, 0xfa, 0xab, 0x07, 0x4c, 0xfe, 0xd9, 0x01, 0x27, 0xfe,
  0xd9, 0x00, 0xff, 0xff, 0x00, 0x44, 0xff, 0xec, 0x07, 0x56, 0x07, 0x58,
  0x00, 0x27, 0x01, 0x2a, 0x01, 0xbf, 0x00, 0x00, 0x00, 0x06, 0x00, 0x2a,
  0x00, 0x00, 0xff, 0xff, 0x00, 0x60, 0x00, 0x00, 0x07, 0xcc, 0x07, 0x59,
  0x00, 0x26, 0x00, 0x31, 0x00, 0x00, 0x00, 0x07, 0x01, 0x2c, 0x02, 0x16,
  0x00, 0x00, 0xff, 0xff, 0x00, 0x44, 0xff, 0xec, 0x07, 0x98, 0x07, 0xbb,
  0x00, 0x26, 0x00, 0x32, 0x00, 0x00, 0x00, 0x07, 0x01, 0x27, 0x01, 0xfc,
  0x00, 0x00, 0xff, 0xff, 0x00, 0x44, 0xff, 0xec, 0x07, 0x98, 0x07, 0xbe,
  0x00, 0x26, 0x00, 0x32, 0x00, 0x00, 0x00, 0x07, 0x01, 0x28, 0x01, 0xed,
  0x00, 0x00, 0xff, 0xff, 0x00, 0x44, 0xff, 0xec, 0x07, 0x98, 0x07, 0x93,
  0x00, 0x26, 0x00, 0x32, 0x00, 0x00, 0x00, 0x07, 0x01, 0x26, 0x01, 0xee,
  0x00, 0x00, 0xff, 0xff, 0x00, 0x44, 0xff, 0xec, 0x07, 0x98, 0x07, 0x59,
  0x00, 0x26, 0x00, 0x32, 0x00, 0x00, 0x00, 0x07, 0x01, 0x2c, 0x01, 0xee,
  0x00, 0x00, 0xff, 0xff, 0x00, 0x44, 0xff, 0xec, 0x07, 0x98, 0x07, 0x4c,
  0x00, 0x26, 0x00, 0x32, 0x00, 0x00, 0x00, 0x07, 0x01, 0x29, 0x01, 0xee,
  0x00, 0x00, 0x00, 0x01, 0x01, 0x59, 0x00, 0x71, 0x05, 0xe8, 0x05, 0x00,
  0x00, 0x0b, 0x00, 0x48, 0x40, 0x1e, 0x03, 0x06, 0x00, 0x00, 0x09, 0x03,
  0x06, 0x43, 0x00, 0x20, 0x0a, 0x08, 0x09, 0x04, 0x02, 0x03, 0x09, 0x42,
  0x03, 0x07, 0x05, 0x0c, 0x5d, 0x0b, 0x01, 0x33, 0x78, 0x01, 0x02, 0x46,
  0x76, 0x2f, 0x37, 0x18, 0x00, 0x76, 0x3f, 0x3c, 0x76, 0x3f, 0x3c, 0x18,
  0x01, 0x2f, 0xfd, 0x10, 0xdd, 0x3c, 0x10, 0xdd, 0x3c, 0x31, 0x00, 0x3f,
  0xfd, 0x01, 0x11, 0x12, 0x39, 0x00, 0x11, 0x12, 0x39, 0x31, 0x30, 0xb2,
  0x0c, 0x02, 0x05, 0x2b, 0x09, 0x01, 0x27, 0x09, 0x01, 0x37, 0x09, 0x01,
  0x17, 0x09, 0x01, 0x07, 0x03, 0xa1, 0xfe, 0x66, 0xae, 0x01, 0x9a, 0xfe,
  0x66, 0xae, 0x01, 0x9a, 0x01, 0x99, 0xae, 0xfe, 0x66, 0x01, 0x9a, 0xae,
  0x02, 0x0b, 0xfe, 0x66, 0xad, 0x01, 0x9a, 0x01, 0x9a, 0xae, 0xfe, 0x66,
  0x01, 0x9a, 0xae, 0xfe, 0x66, 0xfe, 0x66, 0xad, 0x00, 0x03, 0xff, 0xda,
  0xff, 0xd6, 0x08, 0x2e, 0x05, 0x93, 0x00, 0x23, 0x00, 0x32, 0x00, 0x3d,
  0x00, 0x62, 0x40, 0x2d, 0x3b, 0x2f, 0x19, 0x17, 0x13, 0x12, 0x07, 0x05,
  0x01, 0x00, 0x11, 0x14, 0x0e, 0x26, 0x02, 0x35, 0x20, 0x32, 0x24, 0x42,
  0x33, 0x3d, 0x3d, 0x33, 0x23, 0x43, 0x3e, 0x2a, 0x43, 0x0e, 0x27, 0x26,
  0x43, 0x0e, 0x00, 0x35, 0x43, 0x20, 0x1b, 0x12, 0x02, 0x5d, 0x00, 0x3e,
  0x78, 0x00, 0x76, 0x3f, 0x76, 0x3f, 0x18, 0x00, 0x3f, 0xfd, 0x3f, 0xfd,
  0x3c, 0x10, 0xfd, 0x10, 0xfd, 0x87, 0x2e, 0x0e, 0xc4, 0x0e, 0xfc, 0x0e,
  0xc4, 0x00, 0x11, 0x12, 0x39, 0x11, 0x12, 0x39, 0x00, 0x2e, 0x01, 0x2e,
  0x2e, 0x2e, 0x2e, 0x2e, 0x2e, 0x2e, 0x2e, 0x2e, 0x2e, 0x31, 0x30, 0xb2,
  0x3e, 0x00, 0x05, 0x2b, 0x07, 0x35, 0x37, 0x2e, 0x01, 0x35, 0x34, 0x37,
  0x34, 0x36, 0x37, 0x36, 0x37, 0x36, 0x21, 0x20, 0x04, 0x17, 0x37, 0x15,
  0x07, 0x1e, 0x01, 0x15, 0x14, 0x07, 0x14, 0x06, 0x07, 0x06, 0x07, 0x06,
  0x21, 0x20, 0x24, 0x27, 0x01, 0x26, 0x2b, 0x01, 0x22, 0x06, 0x07, 0x22,
  0x07, 0x0e, 0x01, 0x15, 0x14, 0x16, 0x1f, 0x01, 0x16, 0x21, 0x32, 0x36,
  0x37, 0x3e, 0x01, 0x35, 0x34, 0x27, 0x26, 0x9a, 0x0a, 0x0c, 0x08, 0x10,
  0x0d, 0x36, 0xef, 0xad, 0x01, 0xac, 0x01, 0xbc, 0x01, 0x24, 0x53, 0xfa,
  0x96, 0x0c, 0x0e, 0x08, 0x10, 0x0d, 0x36, 0xef, 0xad, 0xfe, 0x4f, 0xfe,
  0x31, 0xfe, 0xe6, 0x54, 0x04, 0x9c, 0x5d, 0xaa, 0x5a, 0x51, 0x8b, 0x48,
  0x37, 0x31, 0x4e, 0x30, 0x02, 0x03, 0x86, 0x5c, 0x01, 0x22, 0xfe, 0xa7,
  0x28, 0x24, 0x1a, 0x0a, 0x2a, 0xf9, 0x59, 0x3d, 0xbf, 0x77, 0xc8, 0x5b,
  0x2d, 0x59, 0x2c, 0xc2, 0x21, 0x16, 0x25, 0x41, 0x90, 0xfa, 0x56, 0x3e,
  0xc9, 0x7f, 0xcb, 0x5b, 0x2d, 0x59, 0x2c, 0xc2, 0x21, 0x16, 0x27, 0x4d,
  0x03, 0x9d, 0x09, 0x03, 0x01, 0x0d, 0x15, 0x8b, 0xd1, 0x28, 0x3c, 0x15,
  0xad, 0x0f, 0x12, 0x1f, 0x1b, 0x72, 0x7a, 0x95, 0x42, 0x00, 0xff, 0xff,
  0x00, 0x59, 0xff, 0xec, 0x07, 0x47, 0x07, 0xbb, 0x00, 0x26, 0x00, 0x38,
  0x00, 0x00, 0x00, 0x07, 0x01, 0x27, 0x01, 0xf9, 0x00, 0x00, 0xff, 0xff,
  0x00, 0x59, 0xff, 0xec, 0x07, 0x47, 0x07, 0xbe, 0x00, 0x26, 0x00, 0x38,
  0x00, 0x00, 0x00, 0x07, 0x01, 0x28, 0x01, 0xb4, 0x00, 0x00, 0xff, 0xff,
  0x00, 0x59, 0xff, 0xec, 0x07, 0x47, 0x07, 0x93, 0x00, 0x26, 0x00, 0x38,
  0x00, 0x00, 0x00, 0x07, 0x01, 0x26, 0x01, 0xd0, 0x00, 0x00, 0xff, 0xff,
  0x00, 0x59, 0xff, 0xec, 0x07, 0x47, 0x07, 0x4c, 0x00, 0x26, 0x00, 0x38,
  0x00, 0x00, 0x00, 0x07, 0x01, 0x29, 0x01, 0xd0, 0x00, 0x00, 0xff, 0xff,
  0x00, 0x60, 0x00, 0x00, 0x02, 0x15, 0x07, 0x4f, 0x00, 0x27, 0x01, 0x25,
  0xff, 0x3a, 0x00, 0x00, 0x00, 0x06, 0x00, 0x2c, 0x00, 0x00, 0x00, 0x01,
  0x00, 0x30, 0xfd, 0xba, 0x06, 0xb8, 0x05, 0x6a, 0x00, 0x68, 0x00, 0x90,
  0x40, 0x49, 0x0b, 0x0a, 0x50, 0x49, 0x48, 0x02, 0x68, 0x68, 0x05, 0x0f,
  0x31, 0x43, 0x58, 0x34, 0x43, 0x58, 0x29, 0x23, 0x43, 0x16, 0x4d, 0x43,
  0x41, 0x26, 0x43, 0x16, 0x00, 0x68, 0x1b, 0x35, 0x43, 0x58, 0x0c, 0x0b,
  0x43, 0x09, 0x02, 0x01, 0x43, 0x15, 0x14, 0x2f, 0x49, 0x42, 0x47, 0x48,
  0x53, 0x42, 0x3c, 0x2e, 0x42, 0x60, 0x1f, 0x42, 0x1e, 0x10, 0x0f, 0x42,
  0x06, 0x05, 0x01, 0x00, 0x42, 0x16, 0x15, 0x41, 0x00, 0x0a, 0x09, 0x23,
  0x01, 0x1e, 0x46, 0x76, 0x2f, 0x37, 0x18, 0x00, 0x3f, 0x3c, 0x3f, 0x01,
  0x2f, 0x3c, 0xfd, 0x3c, 0x2f, 0x3c, 0xfd, 0x3c, 0x2f, 0xfd, 0x2f, 0xfd,
  0x2f, 0xfd, 0x2f, 0x3c, 0xfd, 0x00, 0x3f, 0x3c, 0xfd, 0x3c, 0x10, 0xfd,
  0x3c, 0x2f, 0xfd, 0x3f, 0x3c, 0x3c, 0xfd, 0x10, 0xfd, 0x10, 0xfd, 0x3c,
  0x10, 0xfd, 0x10, 0xfd, 0x01, 0x11, 0x12, 0x39, 0x10, 0x3c, 0x00, 0x2e,
  0x2e, 0x2e, 0x01, 0x2e, 0x2e, 0x31, 0x30, 0xb2, 0x69, 0x1e, 0x05, 0x2b,
  0x05, 0x15, 0x33, 0x32, 0x16, 0x1d, 0x01, 0x14, 0x06, 0x23, 0x21, 0x35,
  0x33, 0x32, 0x36, 0x3d, 0x01, 0x34, 0x27, 0x26, 0x2b, 0x01, 0x35, 0x22,
  0x26, 0x27, 0x26, 0x27, 0x2e, 0x01, 0x35, 0x21, 0x14, 0x17, 0x16, 0x17,
  0x32, 0x16, 0x33, 0x32, 0x36, 0x37, 0x32, 0x36, 0x37, 0x36, 0x35, 0x34,
  0x26, 0x23, 0x22, 0x24, 0x23, 0x25, 0x22, 0x26, 0x27, 0x26, 0x27, 0x26,
  0x35, 0x34, 0x37, 0x36, 0x24, 0x21, 0x32, 0x16, 0x17, 0x1e, 0x01, 0x15,
  0x07, 0x21, 0x34, 0x2e, 0x01, 0x27, 0x22, 0x26, 0x23, 0x20, 0x06, 0x15,
  0x14, 0x17, 0x16, 0x04, 0x33, 0x32, 0x1e, 0x02, 0x17, 0x1e, 0x01, 0x15,
  0x14, 0x07, 0x0e, 0x01, 0x07, 0x0e, 0x01, 0x23, 0x03, 0x8d, 0x9a, 0x46,
  0x2f, 0x2f, 0x5c, 0xfe, 0xdf, 0xaa, 0x2e, 0x14, 0x0a, 0x0b, 0x2e, 0xa4,
  0x87, 0xb4, 0x45, 0x7a, 0x43, 0x53, 0x35, 0x01, 0x93, 0x28, 0x1c, 0x32,
  0x0d, 0xd7, 0x48, 0x83, 0x85, 0x36, 0x1a, 0x25, 0x15, 0x2e, 0x42, 0x63,
  0x01, 0xfe, 0xf6, 0x3c, 0xfe, 0xb4, 0x47, 0x74, 0x2c, 0x4f, 0x2e, 0x4d,
  0x58, 0x42, 0x01, 0x16, 0x01, 0xab, 0x96, 0xd3, 0x3e, 0xbd, 0x8b, 0x01,
  0xfe, 0x6d, 0x0f, 0x31, 0x46, 0x17, 0xcd, 0x3c, 0xfe, 0xf6, 0x73, 0x3a,
  0x29, 0x01, 0x22, 0x6f, 0x95, 0xd8, 0xbd, 0x8b, 0x21, 0x0f, 0x10, 0x34,
  0x25, 0x8c, 0x7f, 0x23, 0xae, 0x5b, 0x14, 0x5a, 0x31, 0x4a, 0xe2, 0x51,
  0x2a, 0xad, 0x10, 0x21, 0x2c, 0x20, 0x09, 0x07, 0xf8, 0x0a, 0x0a, 0x0f,
  0x26, 0x2f, 0x98, 0xc8, 0x64, 0x1e, 0x11, 0x06, 0x05, 0x02, 0x01, 0x07,
  0x08, 0x14, 0x53, 0x3d, 0x2b, 0x0d, 0x0e, 0x0f, 0x0d, 0x18, 0x34, 0x59,
  0xcd, 0xe8, 0x5f, 0x49, 0x2a, 0x08, 0x09, 0x19, 0x9f, 0xb9, 0x40, 0x35,
  0x2d, 0x1c, 0x06, 0x05, 0x20, 0x4c, 0x48, 0x10, 0x0a, 0x0f, 0x0e, 0x16,
  0x53, 0x50, 0x27, 0x70, 0x4a, 0xc0, 0x5f, 0x43, 0x46, 0x0c, 0x03, 0x07,
  0x00, 0x01, 0x00, 0x52, 0xff, 0xed, 0x05, 0xd3, 0x05, 0x6e, 0x00, 0x45,
  0x00, 0x5d, 0x40, 0x2c, 0x45, 0x00, 0x13, 0x34, 0x32, 0x25, 0x24, 0x43,
  0x1f, 0x29, 0x43, 0x1f, 0x3f, 0x43, 0x09, 0x33, 0x32, 0x43, 0x35, 0x34,
  0x34, 0x33, 0x44, 0x45, 0x44, 0x42, 0x01, 0x00, 0x2c, 0x42, 0x18, 0x3c,
  0x42, 0x10, 0x25, 0x42, 0x24, 0x09, 0x00, 0x1f, 0x1b, 0x01, 0x00, 0x46,
  0x76, 0x2f, 0x37, 0x18, 0x00, 0x3f, 0x3f, 0x01, 0x2f, 0xfd, 0x2f, 0xfd,
  0x2f, 0xfd, 0x2f, 0x3c, 0xfd, 0x3c, 0x10, 0xd6, 0x3c, 0x00, 0x2f, 0x3c,
  0xfd, 0x3c, 0x10, 0xfd, 0x10, 0xfd, 0x10, 0xfd, 0x3c, 0x00, 0x11, 0x12,
  0x39, 0x00, 0x2e, 0x2e, 0x31, 0x30, 0xb2, 0x46, 0x00, 0x05, 0x2b, 0x33,
  0x11, 0x34, 0x36, 0x37, 0x36, 0x37, 0x3e, 0x01, 0x33, 0x32, 0x16, 0x17,
  0x16, 0x17, 0x16, 0x15, 0x14, 0x06, 0x07, 0x1e, 0x01, 0x17, 0x16, 0x15,
  0x14, 0x07, 0x06, 0x07, 0x0e, 0x01, 0x23, 0x20, 0x27, 0x2e, 0x01, 0x35,
  0x21, 0x14, 0x17, 0x16, 0x33, 0x32, 0x36, 0x35, 0x34, 0x26, 0x27, 0x2e,
  0x01, 0x2b, 0x01, 0x35, 0x33, 0x32, 0x36, 0x37, 0x32, 0x37, 0x36, 0x35,
  0x34, 0x26, 0x23, 0x22, 0x06, 0x07, 0x06, 0x15, 0x11, 0x52, 0x2f, 0x42,
  0x51, 0x76, 0x39, 0xcc, 0x8f, 0x65, 0x88, 0x32, 0x5f, 0x3a, 0x84, 0x61,
  0x76, 0x5d, 0x5f, 0x2a, 0x6a, 0x73, 0x3e, 0x5f, 0x30, 0x70, 0x49, 0xfe,
  0xcb, 0x5d, 0x18, 0x1c, 0x01, 0x2f, 0x0d, 0x17, 0x63, 0x5d, 0x42, 0x25,
  0x2c, 0x16, 0x6d, 0x53, 0xd9, 0xa8, 0x3a, 0x41, 0x14, 0x18, 0x17, 0x28,
  0x65, 0x9e, 0x7c, 0x7f, 0x1d, 0x20, 0x03, 0x88, 0x9f, 0x94, 0x3c, 0x48,
  0x18, 0x0b, 0x0c, 0x06, 0x08, 0x0c, 0x26, 0x51, 0xaf, 0x72, 0x74, 0x1b,
  0x09, 0x1e, 0x1f, 0x53, 0xdc, 0xe5, 0x6f, 0x3e, 0x1d, 0x0e, 0x0e, 0x8e,
  0x25, 0x82, 0x58, 0x3d, 0x17, 0x2b, 0x5a, 0x7f, 0x5f, 0x60, 0x16, 0x0a,
  0x0c, 0xef, 0x02, 0x02, 0x0a, 0x12, 0x40, 0x3b, 0x29, 0x1f, 0x26, 0x2b,
  0x71, 0xfc, 0x6f, 0x00, 0xff, 0xff, 0x00, 0x33, 0xff, 0xe7, 0x05, 0x4e,
  0x06, 0x39, 0x00, 0x26, 0x00, 0x44, 0x00, 0x00, 0x00, 0x07, 0x00, 0x43,
  0x00, 0xda, 0x00, 0x00, 0xff, 0xff, 0x00, 0x33, 0xff, 0xe7, 0x05, 0x4e,
  0x06, 0x3c, 0x00, 0x26, 0x00, 0x44, 0x00, 0x00, 0x00, 0x07, 0x00, 0x8e,
  0x00, 0xe7, 0x00, 0x00, 0xff, 0xff, 0x00, 0x33, 0xff, 0xe7, 0x05, 0x4e,
  0x05, 0xec, 0x00, 0x26, 0x00, 0x44, 0x00, 0x00, 0x00, 0x07, 0x00, 0x68,
  0x00, 0xda, 0x00, 0x00, 0xff, 0xff, 0x00, 0x33, 0xff, 0xe7, 0x05, 0x4e,
  0x05, 0xbb, 0x00, 0x26, 0x00, 0x44, 0x00, 0x00, 0x00, 0x07, 0x00, 0x74,
  0x00, 0xda, 0x00, 0x00, 0xff, 0xff, 0x00, 0x33, 0xff, 0xe7, 0x05, 0x4e,
  0x05, 0x93, 0x00, 0x26, 0x00, 0x44, 0x00, 0x00, 0x00, 0x07, 0x00, 0x82,
  0x00, 0xd4, 0x00, 0x00, 0xff, 0xff, 0x00, 0x33, 0xff, 0xe7, 0x05, 0x4e,
  0x06, 0x88, 0x00, 0x26, 0x00, 0x44, 0x00, 0x00, 0x00, 0x07, 0x00, 0xdd,
  0x00, 0xe0, 0x00, 0x00, 0x00, 0x03, 0x00, 0x33, 0xff, 0xe7, 0x08, 0xe8,
  0x03, 0xe2, 0x00, 0x48, 0x00, 0x56, 0x00, 0x62, 0x00, 0x7d, 0x40, 0x3c,
  0x57, 0x28, 0x21, 0x20, 0x01, 0x28, 0x27, 0x20, 0x1f, 0x0b, 0x3f, 0x57,
  0x40, 0x01, 0x00, 0x40, 0x0a, 0x43, 0x63, 0x50, 0x45, 0x43, 0x07, 0x24,
  0x43, 0x30, 0x5d, 0x43, 0x30, 0x49, 0x43, 0x1a, 0x10, 0x41, 0x40, 0x43,
  0x62, 0x57, 0x26, 0x4d, 0x42, 0x15, 0x15, 0x53, 0x40, 0x3f, 0x41, 0x62,
  0x41, 0x42, 0x53, 0x37, 0x30, 0x01, 0x10, 0x07, 0x1b, 0x01, 0x15, 0x46,
  0x76, 0x2f, 0x37, 0x18, 0x00, 0x3f, 0x3c, 0x3f, 0x3c, 0x01, 0x2f, 0xfd,
  0x3c, 0x10, 0xdd, 0x3c, 0x10, 0xdd, 0x31, 0x10, 0xfd, 0x00, 0x3f, 0x3c,
  0xfd, 0x3c, 0x3f, 0xfd, 0x10, 0xfd, 0x10, 0xfd, 0x10, 0xfd, 0x3c, 0x10,
  0xfd, 0x10, 0xd6, 0x3c, 0x00, 0x11, 0x12, 0x39, 0x00, 0x2e, 0x2e, 0x2e,
  0x2e, 0x2e, 0x01, 0x2e, 0x2e, 0x2e, 0x2e, 0x2e, 0x31, 0x30, 0xb2, 0x63,
  0x15, 0x05, 0x2b, 0x01, 0x21, 0x0e, 0x01, 0x07, 0x0e, 0x01, 0x23, 0x22,
  0x26, 0x27, 0x23, 0x06, 0x07, 0x0e, 0x01, 0x23, 0x22, 0x26, 0x27, 0x26,
  0x35, 0x34, 0x37, 0x3e, 0x01, 0x21, 0x32, 0x16, 0x17, 0x16, 0x17, 0x33,
  0x35, 0x34, 0x26, 0x23, 0x22, 0x06, 0x07, 0x21, 0x34, 0x36, 0x37, 0x36,
  0x37, 0x3e, 0x01, 0x33, 0x32, 0x16, 0x17, 0x33, 0x3e, 0x01, 0x33, 0x32,
  0x16, 0x17, 0x16, 0x17, 0x1e, 0x01, 0x15, 0x07, 0x21, 0x14, 0x17, 0x16,
  0x33, 0x32, 0x37, 0x36, 0x25, 0x22, 0x07, 0x06, 0x15, 0x14, 0x16, 0x33,
  0x32, 0x36, 0x35, 0x34, 0x27, 0x26, 0x25, 0x34, 0x27, 0x26, 0x27, 0x26,
  0x23, 0x22, 0x07, 0x0e, 0x01, 0x15, 0x07, 0x80, 0x01, 0x63, 0x0b, 0x27,
  0x2b, 0x44, 0xfe, 0xfd, 0xe6, 0xc5, 0x34, 0x11, 0x2f, 0x6a, 0x35, 0xab,
  0x81, 0xe5, 0xa7, 0x34, 0x6a, 0x65, 0x42, 0xcc, 0x01, 0x02, 0x4b, 0x5f,
  0x1d, 0x38, 0x2f, 0x11, 0x5e, 0xc5, 0xa6, 0x50, 0x06, 0xfe, 0x96, 0x37,
  0x37, 0x46, 0x74, 0x3a, 0xb7, 0x7d, 0xbb, 0xa8, 0x39, 0x14, 0x34, 0xc1,
  0xfc, 0x5e, 0x82, 0x33, 0x61, 0x42, 0x56, 0x47, 0x01, 0xfc, 0x54, 0x2e,
  0x36, 0xd3, 0xc7, 0x2d, 0x0e, 0xfb, 0x39, 0xa7, 0x2c, 0x3d, 0x6c, 0x9f,
  0xba, 0x7f, 0x43, 0x1e, 0x03, 0xfd, 0x06, 0x03, 0x10, 0x2d, 0xcb, 0xbb,
  0x39, 0x1c, 0x21, 0x01, 0x36, 0x5a, 0x62, 0x26, 0x3b, 0x32, 0x37, 0x50,
  0x4d, 0x1e, 0x0e, 0x0e, 0x13, 0x1f, 0x40, 0xc4, 0xb9, 0x46, 0x2f, 0x1d,
  0x06, 0x08, 0x0d, 0x30, 0x30, 0x75, 0x38, 0x1c, 0x3f, 0x4f, 0x74, 0x27,
  0x32, 0x14, 0x09, 0x0a, 0x37, 0x51, 0x52, 0x36, 0x06, 0x08, 0x0e, 0x23,
  0x2f, 0xbd, 0xbc, 0x65, 0x78, 0x25, 0x2a, 0x27, 0x0c, 0x9e, 0x10, 0x17,
  0x42, 0x3c, 0x2c, 0x2b, 0x42, 0x45, 0x15, 0x0a, 0xbc, 0x39, 0x15, 0x14,
  0x12, 0x30, 0x1e, 0x0f, 0x44, 0x33, 0x00, 0x01, 0x00, 0x37, 0xfd, 0xe0,
  0x05, 0x66, 0x03, 0xe2, 0x00, 0x4b, 0x00, 0x61, 0x40, 0x2f, 0x43, 0x30,
  0x0f, 0x0e, 0x43, 0x42, 0x31, 0x30, 0x3b, 0x3f, 0x43, 0x1a, 0x00, 0x1b,
  0x35, 0x43, 0x28, 0x10, 0x0f, 0x43, 0x0d, 0x02, 0x01, 0x43, 0x19, 0x18,
  0x3a, 0x42, 0x20, 0x14, 0x13, 0x42, 0x08, 0x07, 0x01, 0x00, 0x42, 0x1a,
  0x19, 0x28, 0x01, 0x0e, 0x0d, 0x1c, 0x01, 0x20, 0x46, 0x76, 0x2f, 0x37,
  0x18, 0x00, 0x3f, 0x3c, 0x3f, 0x01, 0x2f, 0x3c, 0xfd, 0x3c, 0x2f, 0x3c,
  0xfd, 0x3c, 0x2f, 0xfd, 0x00, 0x2f, 0x3c, 0xfd, 0x3c, 0x10, 0xfd, 0x3c,
  0x10, 0xfd, 0x3f, 0x3c, 0xfd, 0x3f, 0x3c, 0xd6, 0x3c, 0x01, 0x2e, 0x2e,
  0x2e, 0x2e, 0x31, 0x30, 0xb2, 0x4c, 0x20, 0x05, 0x2b, 0x05, 0x15, 0x33,
  0x32, 0x17, 0x1e, 0x01, 0x1d, 0x01, 0x14, 0x07, 0x0e, 0x01, 0x23, 0x21,
  0x35, 0x33, 0x32, 0x36, 0x3d, 0x01, 0x34, 0x27, 0x26, 0x2b, 0x01, 0x35,
  0x22, 0x26, 0x27, 0x2e, 0x01, 0x35, 0x34, 0x36, 0x37, 0x3e, 0x01, 0x37,
  0x36, 0x33, 0x32, 0x16, 0x17, 0x16, 0x17, 0x1e, 0x01, 0x15, 0x21, 0x26,
  0x27, 0x26, 0x23, 0x22, 0x07, 0x0e, 0x01, 0x15, 0x14, 0x16, 0x17, 0x16,
  0x33, 0x32, 0x36, 0x37, 0x21, 0x14, 0x06, 0x07, 0x0e, 0x01, 0x07, 0x0e,
  0x01, 0x02, 0xd8, 0x95, 0x45, 0x16, 0x0b, 0x0c, 0x17, 0x0b, 0x35, 0x30,
  0xfe, 0xe7, 0xac, 0x2a, 0x16, 0x0a, 0x0a, 0x2c, 0xa6, 0x7b, 0xaf, 0x3a,
  0x63, 0x47, 0x31, 0x41, 0x23, 0x5a, 0x3d, 0x74, 0xf5, 0xf2, 0xf7, 0x43,
  0x3a, 0x18, 0x0d, 0x0f, 0xfe, 0x8f, 0x06, 0x23, 0x40, 0xc1, 0x9e, 0x42,
  0x27, 0x23, 0x24, 0x2e, 0x44, 0x9a, 0x9f, 0x77, 0x0d, 0x01, 0x71, 0x15,
  0x15, 0x29, 0x9e, 0x8b, 0x3d, 0x75, 0x18, 0x55, 0x17, 0x0c, 0x2e, 0x24,
  0xc7, 0x4f, 0x14, 0x0a, 0x0a, 0x93, 0x13, 0x2a, 0x1e, 0x27, 0x0a, 0x08,
  0xe2, 0x1f, 0x1d, 0x32, 0xbe, 0xd7, 0xaf, 0xb2, 0x33, 0x1c, 0x25, 0x0c,
  0x15, 0x2b, 0x38, 0x2d, 0x46, 0x28, 0x61, 0x44, 0x42, 0x1c, 0x34, 0x1e,
  0x12, 0x63, 0x5f, 0x5b, 0x58, 0x15, 0x1e, 0x38, 0x54, 0x4a, 0x70, 0x29,
  0x51, 0x54, 0x0c, 0x05, 0x04, 0x00, 0xff, 0xff, 0x00, 0x37, 0xff, 0xe7,
  0x05, 0x56, 0x06, 0x39, 0x00, 0x26, 0x00, 0x48, 0x00, 0x00, 0x00, 0x07,
  0x00, 0x43, 0x00, 0xd4, 0x00, 0x00, 0xff, 0xff, 0x00, 0x37, 0xff, 0xe7,
  0x05, 0x56, 0x06, 0x3c, 0x00, 0x26, 0x00, 0x48, 0x00, 0x00, 0x00, 0x07,
  0x00, 0x8e, 0x00, 0xd3, 0x00, 0x00, 0xff, 0xff, 0x00, 0x37, 0xff, 0xe7,
  0x05, 0x56, 0x05, 0xec, 0x00, 0x26, 0x00, 0x48, 0x00, 0x00, 0x00, 0x07,
  0x00, 0x68, 0x00, 0xd4, 0x00, 0x00, 0xff, 0xff, 0x00, 0x37, 0xff, 0xe7,
  0x05, 0x56, 0x05, 0x93, 0x00, 0x26, 0x00, 0x48, 0x00, 0x00, 0x00, 0x07,
  0x00, 0x82, 0x00, 0xcd, 0x00, 0x00, 0x00, 0x02, 0xff, 0x8a, 0x00, 0x00,
  0x01, 0xbc, 0x06, 0x41, 0x00, 0x03, 0x00, 0x07, 0x00, 0x40, 0x40, 0x1a,
  0x07, 0x05, 0x04, 0x01, 0x00, 0x06, 0x01, 0x00, 0x01, 0x00, 0x06, 0x15,
  0x03, 0x00, 0x42, 0x02, 0x01, 0x04, 0x05, 0x5d, 0x03, 0x02, 0x1a, 0x01,
  0x07, 0x46, 0x76, 0x2f, 0x37, 0x18, 0x00, 0x3f, 0x3c, 0x76, 0x3f, 0x18,
  0x01, 0x2f, 0x3c, 0xfd, 0x3c, 0x00, 0x3f, 0xd6, 0x3c, 0x01, 0x11, 0x12,
  0x39, 0x11, 0x12, 0x39, 0x01, 0x2e, 0x2e, 0x31, 0x30, 0xb2, 0x08, 0x07,
  0x05, 0x2b, 0x13, 0x21, 0x11, 0x21, 0x13, 0x01, 0x07, 0x01, 0x52, 0x01,
  0x6a, 0xfe, 0x96, 0x12, 0x01, 0x4b, 0x6b, 0xfe, 0x46, 0x03, 0xc9, 0xfc,
  0x37, 0x06, 0x41, 0xfe, 0x28, 0x61, 0x01, 0x6c, 0x00, 0x02, 0x00, 0x52,
  0x00, 0x00, 0x02, 0x7c, 0x06, 0x43, 0x00, 0x03, 0x00, 0x07, 0x00, 0x40,
  0x40, 0x1a, 0x06, 0x04, 0x05, 0x01, 0x00, 0x07, 0x01, 0x00, 0x01, 0x00,
  0x07, 0x15, 0x02, 0x01, 0x42, 0x03, 0x00, 0x05, 0x05, 0x5d, 0x03, 0x02,
  0x1a, 0x01, 0x00, 0x46, 0x76, 0x2f, 0x37, 0x18, 0x00, 0x3f, 0x3c, 0x76,
  0x3f, 0x18, 0x01, 0x2f, 0x3c, 0xfd, 0x3c, 0x00, 0x3f, 0xd6, 0x3c, 0x01,
  0x11, 0x12, 0x39, 0x11, 0x12, 0x39, 0x01, 0x2e, 0x2e, 0x31, 0x30, 0xb2,
  0x08, 0x00, 0x05, 0x2b, 0x13, 0x21, 0x11, 0x21, 0x13, 0x01, 0x17, 0x01,
  0x52, 0x01, 0x6a, 0xfe, 0x96, 0x04, 0x01, 0x4d, 0xd9, 0xfe, 0x4a, 0x03,
  0xc9, 0xfc, 0x37, 0x04, 0x6b, 0x01, 0xd8, 0xce, 0xfe, 0x91, 0x00, 0x02,
  0xff, 0xad, 0x00, 0x00, 0x02, 0x60, 0x05, 0xec, 0x00, 0x03, 0x00, 0x09,
  0x00, 0x4a, 0x40, 0x1f, 0x09, 0x05, 0x07, 0x04, 0x04, 0x01, 0x00, 0x01,
  0x00, 0x04, 0x04, 0x43, 0x07, 0x06, 0x00, 0x08, 0x01, 0x03, 0x00, 0x42,
  0x02, 0x01, 0x07, 0x04, 0x5d, 0x03, 0x02, 0x1a, 0x01, 0x06, 0x46, 0x76,
  0x2f, 0x37, 0x18, 0x00, 0x3f, 0x3c, 0x76, 0x3f, 0x18, 0x01, 0x2f, 0x3c,
  0xfd, 0x3c, 0x10, 0xd6, 0x10, 0xd6, 0x00, 0x10, 0xfd, 0x10, 0xd6, 0x3c,
  0x01, 0x11, 0x12, 0x39, 0x10, 0x3c, 0x00, 0x2e, 0x2e, 0x31, 0x30, 0xb2,
  0x0a, 0x06, 0x05, 0x2b, 0x13, 0x21, 0x11, 0x21, 0x13, 0x05, 0x27, 0x09,
  0x01, 0x07, 0x52, 0x01, 0x6a, 0xfe, 0x96, 0xb4, 0xfe, 0xeb, 0x44, 0x01,
  0x59, 0x01, 0x5a, 0x45, 0x03, 0xc9, 0xfc, 0x37, 0x04, 0xe3, 0x91, 0x72,
  0x01, 0x28, 0xfe, 0xd8, 0x72, 0x00, 0x00, 0x03, 0xff, 0x82, 0x00, 0x00,
  0x02, 0x8c, 0x05, 0x93, 0x00, 0x03, 0x00, 0x07, 0x00, 0x0b, 0x00, 0x56,
  0x40, 0x29, 0x01, 0x00, 0x06, 0x0b, 0x0a, 0x07, 0x03, 0x06, 0x43, 0x04,
  0x0b, 0x08, 0x42, 0x09, 0x06, 0x05, 0x42, 0x04, 0x07, 0x04, 0x00, 0x0a,
  0x09, 0x01, 0x02, 0x01, 0x42, 0x03, 0x00, 0x09, 0x08, 0x05, 0x03, 0x04,
  0x02, 0x03, 0x02, 0x1a, 0x01, 0x04, 0x46, 0x76, 0x2f, 0x37, 0x18, 0x00,
  0x3f, 0x3c, 0x3f, 0x17, 0x3c, 0x01, 0x2f, 0x3c, 0xfd, 0x3c, 0x10, 0xdd,
  0x3c, 0x10, 0xdd, 0x3c, 0x31, 0x10, 0xfd, 0x3c, 0x10, 0xfd, 0x3c, 0x00,
  0x10, 0xfd, 0x17, 0x3c, 0x10, 0xd6, 0x3c, 0x31, 0x30, 0xb2, 0x0c, 0x04,
  0x05, 0x2b, 0x13, 0x21, 0x11, 0x21, 0x03, 0x21, 0x11, 0x21, 0x01, 0x21,
  0x11, 0x21, 0x52, 0x01, 0x6a, 0xfe, 0x96, 0xd0, 0x01, 0x55, 0xfe, 0xab,
  0x01, 0xb5, 0x01, 0x55, 0xfe, 0xab, 0x03, 0xc9, 0xfc, 0x37, 0x05, 0x93,
  0xfe, 0xfc, 0x01, 0x04, 0xfe, 0xfc, 0xff, 0xff, 0x00, 0x37, 0xfe, 0x47,
  0x05, 0x8d, 0x05, 0xc0, 0x00, 0x27, 0x00, 0xda, 0x00, 0xed, 0x00, 0x00,
  0x00, 0x06, 0x00, 0x4a, 0x00, 0x00, 0xff, 0xff, 0x00, 0x52, 0x00, 0x00,
  0x05, 0x75, 0x05, 0xbb, 0x00, 0x26, 0x00, 0x51, 0x00, 0x00, 0x00, 0x07,
  0x00, 0x74, 0x00, 0xf4, 0x00, 0x00, 0xff, 0xff, 0x00, 0x37, 0xff, 0xe7,
  0x05, 0x92, 0x06, 0x39, 0x00, 0x26, 0x00, 0x52, 0x00, 0x00, 0x00, 0x07,
  0x00, 0x43, 0x00, 0xe5, 0x00, 0x00, 0xff, 0xff, 0x00, 0x37, 0xff, 0xe7,
  0x05, 0x92, 0x06, 0x3c, 0x00, 0x26, 0x00, 0x52, 0x00, 0x00, 0x00, 0x07,
  0x00, 0x8e, 0x00, 0xf2, 0x00, 0x00, 0xff, 0xff, 0x00, 0x37, 0xff, 0xe7,
  0x05, 0x92, 0x05, 0xec, 0x00, 0x26, 0x00, 0x52, 0x00, 0x00, 0x00, 0x07,
  0x00, 0x68, 0x00, 0xe5, 0x00, 0x00, 0xff, 0xff, 0x00, 0x37, 0xff, 0xe7,
  0x05, 0x92, 0x05, 0xbb, 0x00, 0x26, 0x00, 0x52, 0x00, 0x00, 0x00, 0x07,
  0x00, 0x74, 0x00, 0xe4, 0x00, 0x00, 0xff, 0xff, 0x00, 0x37, 0xff, 0xe7,
  0x05, 0x92, 0x05, 0x93, 0x00, 0x26, 0x00, 0x52, 0x00, 0x00, 0x00, 0x07,
  0x00, 0x82, 0x00, 0xe5, 0x00, 0x00, 0x00, 0x03, 0x01, 0x03, 0x00, 0x8a,
  0x06, 0x3d, 0x04, 0xe6, 0x00, 0x03, 0x00, 0x07, 0x00, 0x0b, 0x00, 0x53,
  0x40, 0x28, 0x07, 0x06, 0x43, 0x04, 0x01, 0x00, 0x43, 0x02, 0x09, 0x08,
  0x43, 0x0b, 0x0a, 0x3b, 0x0a, 0x09, 0x01, 0x0b, 0x08, 0x00, 0x06, 0x05,
  0x02, 0x03, 0x01, 0x42, 0x07, 0x04, 0x03, 0x03, 0x00, 0x05, 0x04, 0x18,
  0x03, 0x02, 0x37, 0x01, 0x08, 0x46, 0x76, 0x2f, 0x37, 0x18, 0x00, 0x3f,
  0x3c, 0x3f, 0x3c, 0x01, 0x2f, 0x17, 0x3c, 0xfd, 0x17, 0x3c, 0x10, 0xdd,
  0x3c, 0x10, 0xdd, 0x3c, 0x31, 0x00, 0x3f, 0x3c, 0xfd, 0x3c, 0x10, 0xfd,
  0x3c, 0x10, 0xfd, 0x3c, 0x31, 0x30, 0xb2, 0x0c, 0x08, 0x05, 0x2b, 0x01,
  0x21, 0x11, 0x21, 0x11, 0x21, 0x11, 0x21, 0x05, 0x21, 0x15, 0x21, 0x02,
  0xeb, 0x01, 0x6a, 0xfe, 0x96, 0x01, 0x6a, 0xfe, 0x96, 0xfe, 0x18, 0x05,
  0x3a, 0xfa, 0xc6, 0x01, 0xbf, 0xfe, 0xcb, 0x04, 0x5c, 0xfe, 0xcb, 0x7e,
  0xf6, 0x00, 0x00, 0x03, 0xff, 0xff, 0xff, 0xd9, 0x05, 0xe7, 0x03, 0xf9,
  0x00, 0x22, 0x00, 0x2a, 0x00, 0x37, 0x00, 0x73, 0x40, 0x35, 0x15, 0x14,
  0x01, 0x00, 0x22, 0x02, 0x1f, 0x2d, 0x16, 0x25, 0x10, 0x22, 0x07, 0x28,
  0x13, 0x33, 0x19, 0x37, 0x2b, 0x42, 0x23, 0x2a, 0x2a, 0x23, 0x37, 0x43,
  0x38, 0x13, 0x43, 0x38, 0x2d, 0x43, 0x1f, 0x01, 0x25, 0x43, 0x10, 0x1b,
  0x33, 0x42, 0x19, 0x28, 0x42, 0x07, 0x00, 0x15, 0x5d, 0x14, 0x3e, 0x78,
  0x01, 0x14, 0x46, 0x76, 0x2f, 0x37, 0x18, 0x00, 0x76, 0x3f, 0x76, 0x3f,
  0x18, 0x01, 0x2f, 0xfd, 0x2f, 0xfd, 0x00, 0x3f, 0xfd, 0x3f, 0xfd, 0x10,
  0xfd, 0x10, 0xfd, 0x87, 0x2e, 0x0e, 0xc4, 0x0e, 0xfc, 0x0e, 0xc4, 0x01,
  0x11, 0x12, 0x39, 0x11, 0x12, 0x39, 0x00, 0x11, 0x12, 0x39, 0x11, 0x12,
  0x39, 0x00, 0x2e, 0x01, 0x2e, 0x2e, 0x2e, 0x2e, 0x31, 0x30, 0xb2, 0x38,
  0x14, 0x05, 0x2b, 0x01, 0x15, 0x07, 0x16, 0x17, 0x1e, 0x01, 0x15, 0x14,
  0x07, 0x06, 0x07, 0x06, 0x07, 0x0e, 0x01, 0x23, 0x20, 0x26, 0x27, 0x07,
  0x35, 0x37, 0x2e, 0x01, 0x35, 0x34, 0x36, 0x37, 0x36, 0x24, 0x21, 0x32,
  0x16, 0x17, 0x01, 0x16, 0x33, 0x32, 0x36, 0x35, 0x34, 0x2f, 0x01, 0x26,
  0x23, 0x22, 0x07, 0x06, 0x07, 0x06, 0x15, 0x14, 0x15, 0x16, 0x17, 0x05,
  0xe7, 0x64, 0x15, 0x06, 0x03, 0x04, 0x08, 0x06, 0x15, 0x33, 0xa0, 0x42,
  0xde, 0x9c, 0xfe, 0xf0, 0xe1, 0x47, 0xbc, 0x68, 0x12, 0x0c, 0x12, 0x1c,
  0x35, 0x01, 0x0b, 0x01, 0x41, 0xfa, 0xec, 0x4a, 0xfc, 0xec, 0x58, 0x8d,
  0xd0, 0x72, 0x07, 0x6b, 0x56, 0x76, 0xb7, 0x3f, 0x2c, 0x15, 0x13, 0x03,
  0x01, 0x03, 0xf9, 0xad, 0x3a, 0x33, 0x38, 0x1b, 0x58, 0x3f, 0x8d, 0x3d,
  0x42, 0x36, 0x86, 0x27, 0x0f, 0x10, 0x26, 0x3a, 0x6e, 0xae, 0x3d, 0x36,
  0x7c, 0x7d, 0x86, 0x7f, 0x35, 0x68, 0x4d, 0x25, 0x33, 0xfd, 0x87, 0x19,
  0x56, 0x99, 0x3a, 0x2d, 0x6f, 0x14, 0x1c, 0x15, 0x31, 0x33, 0x60, 0x19,
  0x19, 0x17, 0x0b, 0x00, 0xff, 0xff, 0x00, 0x4b, 0xff, 0xe7, 0x05, 0x6b,
  0x06, 0x39, 0x00, 0x26, 0x00, 0x58, 0x00, 0x00, 0x00, 0x07, 0x00, 0x43,
  0x00, 0xec, 0x00, 0x00, 0xff, 0xff, 0x00, 0x4b, 0xff, 0xe7, 0x05, 0x6b,
  0x06, 0x3c, 0x00, 0x26, 0x00, 0x58, 0x00, 0x00, 0x00, 0x07, 0x00, 0x8e,
  0x00, 0xde, 0x00, 0x00, 0xff, 0xff, 0x00, 0x4b, 0xff, 0xe7, 0x05, 0x6b,
  0x05, 0xec, 0x00, 0x26, 0x00, 0x58, 0x00, 0x00, 0x00, 0x07, 0x00, 0x68,
  0x00, 0xec, 0x00, 0x00, 0xff, 0xff, 0x00, 0x4b, 0xff, 0xe7, 0x05, 0x6b,
  0x05, 0x93, 0x00, 0x26, 0x00, 0x58, 0x00, 0x00, 0x00, 0x07, 0x00, 0x82,
  0x00, 0xdf, 0x00, 0x00, 0x00, 0x01, 0x00, 0x52, 0x00, 0x00, 0x01, 0xbc,
  0x03, 0xc9, 0x00, 0x03, 0x00, 0x1f, 0x40, 0x0b, 0x02, 0x01, 0x42, 0x03,
  0x00, 0x01, 0x00, 0x01, 0x03, 0x02, 0x1a, 0x00, 0x3f, 0x3c, 0x3f, 0x3c,
  0x01, 0x2f, 0x3c, 0xfd, 0x3c, 0x00, 0x31, 0x30, 0xb2, 0x04, 0x00, 0x05,
  0x2b, 0x13, 0x21, 0x11, 0x21, 0x52, 0x01, 0x6a, 0xfe, 0x96, 0x03, 0xc9,
  0xfc, 0x37, 0x00, 0x01, 0x00, 0x33, 0xfd, 0xe0, 0x05, 0x6d, 0x03, 0xe2,
  0x00, 0x52, 0x00, 0x75, 0x40, 0x3a, 0x3d, 0x21, 0x0f, 0x0e, 0x48, 0x22,
  0x3e, 0x3d, 0x4b, 0x21, 0x43, 0x53, 0x2d, 0x43, 0x4b, 0x10, 0x26, 0x43,
  0x1a, 0x00, 0x1b, 0x43, 0x43, 0x37, 0x10, 0x0f, 0x43, 0x0d, 0x02, 0x01,
  0x43, 0x19, 0x18, 0x46, 0x22, 0x42, 0x33, 0x29, 0x42, 0x4e, 0x14, 0x13,
  0x42, 0x08, 0x07, 0x01, 0x00, 0x42, 0x1a, 0x19, 0x37, 0x01, 0x0e, 0x0d,
  0x1c, 0x01, 0x21, 0x46, 0x76, 0x2f, 0x37, 0x18, 0x00, 0x3f, 0x3c, 0x3f,
  0x01, 0x2f, 0x3c, 0xfd, 0x3c, 0x2f, 0x3c, 0xfd, 0x3c, 0x2f, 0xfd, 0x2f,
  0xfd, 0x3c, 0x00, 0x2f, 0x3c, 0xfd, 0x3c, 0x10, 0xfd, 0x3c, 0x10, 0xfd,
  0x3f, 0x3c, 0xfd, 0x3f, 0xfd, 0x10, 0xfd, 0x10, 0xd6, 0x3c, 0x00, 0x2e,
  0x2e, 0x01, 0x2e, 0x2e, 0x2e, 0x2e, 0x31, 0x30, 0xb2, 0x53, 0x21, 0x05,
  0x2b, 0x05, 0x15, 0x33, 0x32, 0x17, 0x1e, 0x01, 0x1d, 0x01, 0x14, 0x07,
  0x0e, 0x01, 0x23, 0x21, 0x35, 0x33, 0x32, 0x36, 0x3d, 0x01, 0x34, 0x27,
  0x26, 0x2b, 0x01, 0x35, 0x22, 0x2e, 0x02, 0x27, 0x26, 0x35, 0x21, 0x14,
  0x17, 0x16, 0x33, 0x32, 0x36, 0x35, 0x34, 0x27, 0x26, 0x21, 0x20, 0x27,
  0x26, 0x27, 0x26, 0x35, 0x34, 0x37, 0x36, 0x21, 0x32, 0x16, 0x17, 0x1e,
  0x01, 0x17, 0x21, 0x26, 0x27, 0x2e, 0x01, 0x23, 0x22, 0x06, 0x15, 0x14,
  0x17, 0x16, 0x04, 0x33, 0x32, 0x16, 0x15, 0x14, 0x07, 0x0e, 0x01, 0x02,
  0xdd, 0x95, 0x45, 0x16, 0x0b, 0x0c, 0x17, 0x0b, 0x35, 0x30, 0xfe, 0xe7,
  0xac, 0x2a, 0x16, 0x0a, 0x0a, 0x2c, 0xa6, 0x5f, 0x72, 0x5f, 0x3e, 0x1e,
  0x8b, 0x01, 0x71, 0x45, 0x42, 0xa8, 0xb3, 0x7d, 0x3d, 0x2a, 0xfe, 0xf4,
  0xfe, 0xfc, 0x3f, 0xa7, 0x3f, 0x2d, 0x9e, 0x79, 0x01, 0x85, 0xfa, 0xde,
  0x3e, 0x26, 0x21, 0x07, 0xfe, 0x8f, 0x09, 0x10, 0x17, 0x6f, 0x5e, 0xac,
  0x7c, 0x57, 0x68, 0x01, 0x18, 0x6f, 0xcb, 0xb8, 0xcb, 0x49, 0xec, 0x18,
  0x55, 0x17, 0x0c, 0x2e, 0x24, 0xc7, 0x4f, 0x14, 0x0a, 0x0a, 0x93, 0x13,
  0x2a, 0x1e, 0x27, 0x0a, 0x08, 0xe2, 0x08, 0x10, 0x13, 0x12, 0x4f, 0xbf,
  0x3b, 0x1a, 0x16, 0x25, 0x35, 0x32, 0x10, 0x0b, 0x09, 0x16, 0x59, 0x42,
  0x70, 0xd5, 0x42, 0x31, 0x25, 0x34, 0x20, 0x5a, 0x58, 0x24, 0x0a, 0x0e,
  0x0e, 0x22, 0x2d, 0x39, 0x08, 0x03, 0x05, 0x87, 0xa7, 0xf9, 0x33, 0x12,
  0x15, 0x00, 0xff, 0xff, 0xff, 0xe5, 0xfe, 0x4c, 0x05, 0x4c, 0x05, 0x93,
  0x00, 0x26, 0x00, 0x5c, 0x00, 0x00, 0x00, 0x07, 0x00, 0x82, 0x00, 0x99,
  0x00, 0x00, 0x00, 0x01, 0x00, 0x23, 0x04, 0x61, 0x03, 0xdc, 0x05, 0xc0,
  0x00, 0x0f, 0x00, 0x21, 0x40, 0x0d, 0x09, 0x00, 0x05, 0x43, 0x0d, 0x09,
  0x08, 0x01, 0x03, 0x00, 0x08, 0x0d, 0x38, 0x00, 0x3f, 0x3f, 0x17, 0x3c,
  0x00, 0x10, 0xfd, 0x01, 0x2e, 0x2e, 0x31, 0x30, 0xb2, 0x10, 0x00, 0x05,
  0x2b, 0x13, 0x33, 0x16, 0x17, 0x16, 0x33, 0x32, 0x36, 0x37, 0x33, 0x06,
  0x07, 0x06, 0x23, 0x22, 0x26, 0x23, 0xc5, 0x18, 0x29, 0x4d, 0x8a, 0x7b,
  0x81, 0x1c, 0xc4, 0x12, 0x4d, 0x7f, 0xf8, 0xc9, 0xff, 0x05, 0xc0, 0x45,
  0x1c, 0x31, 0x43, 0x4f, 0x81, 0x53, 0x8b, 0xba, 0x00, 0x01, 0x01, 0x3d,
  0x04, 0x8b, 0x02, 0xc3, 0x05, 0x96, 0x00, 0x03, 0x00, 0x1f, 0x40, 0x0b,
  0x02, 0x01, 0x42, 0x03, 0x00, 0x01, 0x00, 0x02, 0x03, 0x02, 0x31, 0x00,
  0x3f, 0x3c, 0x3f, 0x3c, 0x01, 0x2f, 0x3c, 0xfd, 0x3c, 0x00, 0x31, 0x30,
  0xb2, 0x04, 0x00, 0x05, 0x2b, 0x01, 0x21, 0x11, 0x21, 0x01, 0x3d, 0x01,
  0x86, 0xfe, 0x7a, 0x05, 0x96, 0xfe, 0xf5, 0x00, 0x00, 0x01, 0x00, 0x52,
  0x00, 0x00, 0x01, 0xbc, 0x03, 0xc9, 0x00, 0x03, 0x00, 0x1f, 0x40, 0x0b,
  0x02, 0x01, 0x42, 0x03, 0x00, 0x01, 0x00, 0x01, 0x03, 0x02, 0x1a, 0x00,
  0x3f, 0x3c, 0x3f, 0x3c, 0x01, 0x2f, 0x3c, 0xfd, 0x3c, 0x00, 0x31, 0x30,
  0xb2, 0x04, 0x00, 0x05, 0x2b, 0x13, 0x21, 0x11, 0x21, 0x52, 0x01, 0x6a,
  0xfe, 0x96, 0x03, 0xc9, 0xfc, 0x37, 0x00, 0x02, 0x00, 0xa8, 0x04, 0x3e,
  0x03, 0x59, 0x06, 0x88, 0x00, 0x15, 0x00, 0x23, 0x00, 0x2f, 0x40, 0x14,
  0x16, 0x43, 0x00, 0x1e, 0x43, 0x0a, 0x1b, 0x42, 0x10, 0x21, 0x42, 0x03,
  0x00, 0x12, 0x0a, 0x0b, 0x32, 0x01, 0x10, 0x46, 0x76, 0x2f, 0x37, 0x18,
  0x00, 0x3f, 0x3c, 0x3f, 0x01, 0x2f, 0xfd, 0x2f, 0xfd, 0x00, 0x10, 0xfd,
  0x10, 0xfd, 0x31, 0x30, 0xb2, 0x24, 0x10, 0x05, 0x2b, 0x01, 0x32, 0x16,
  0x15, 0x14, 0x07, 0x06, 0x07, 0x0e, 0x01, 0x23, 0x07, 0x22, 0x2e, 0x02,
  0x35, 0x34, 0x36, 0x37, 0x3e, 0x01, 0x17, 0x22, 0x07, 0x0e, 0x01, 0x15,
  0x14, 0x16, 0x33, 0x32, 0x36, 0x35, 0x34, 0x26, 0x02, 0x65, 0x9b, 0x59,
  0x10, 0x1c, 0x6b, 0x08, 0x71, 0x44, 0x79, 0x4e, 0x4e, 0x34, 0x14, 0x11,
  0x1a, 0x1d, 0x8d, 0x8e, 0x73, 0x17, 0x0f, 0x10, 0x34, 0x66, 0x6a, 0x3a,
  0x38, 0x06, 0x88, 0x65, 0xb7, 0xac, 0x27, 0x47, 0x0e, 0x01, 0x04, 0x01,
  0x14, 0x39, 0x68, 0x84, 0x6a, 0x55, 0x1d, 0x23, 0x12, 0xb9, 0x10, 0x0b,
  0x2d, 0x24, 0x49, 0x23, 0x25, 0x47, 0x43, 0x29, 0x00, 0x01, 0x01, 0xd8,
  0xfe, 0x21, 0x03, 0x63, 0x00, 0x00, 0x00, 0x0f, 0x00, 0x2b, 0x40, 0x11,
  0x08, 0x07, 0x01, 0x07, 0x06, 0x43, 0x08, 0x04, 0x42, 0x0d, 0x0c, 0x01,
  0x00, 0x09, 0x09, 0x08, 0x3c, 0x00, 0x3f, 0x3c, 0x3f, 0x3c, 0x01, 0x2f,
  0x3c, 0xfd, 0x00, 0x10, 0xfd, 0x3c, 0x01, 0x2e, 0x2e, 0x2e, 0x31, 0x30,
  0xb2, 0x10, 0x0c, 0x05, 0x2b, 0x21, 0x33, 0x07, 0x06, 0x15, 0x14, 0x3b,
  0x01, 0x15, 0x23, 0x22, 0x26, 0x3d, 0x01, 0x34, 0x37, 0x02, 0xab, 0xb5,
  0x9f, 0x2e, 0x6b, 0x65, 0x9f, 0x6f, 0x7d, 0x44, 0x97, 0x2c, 0x2f, 0x4d,
  0xa0, 0x5a, 0x50, 0x3b, 0x5e, 0x32, 0x00, 0x01, 0x00, 0x1e, 0x04, 0x36,
  0x03, 0xe2, 0x05, 0xd6, 0x00, 0x05, 0x00, 0x22, 0x40, 0x0c, 0x02, 0x00,
  0x04, 0x43, 0x01, 0x05, 0x03, 0x04, 0x5d, 0x01, 0x32, 0x78, 0x00, 0x76,
  0x3f, 0x76, 0x3f, 0x3c, 0x18, 0x00, 0x10, 0xfd, 0x01, 0x2e, 0x2e, 0x31,
  0x30, 0xb2, 0x06, 0x02, 0x05, 0x2b, 0x09, 0x02, 0x37, 0x05, 0x25, 0x03,
  0xe2, 0xfe, 0x1e, 0xfe, 0x1e, 0x38, 0x01, 0xaa, 0x01, 0xaa, 0x05, 0x5e,
  0xfe, 0xd8, 0x01, 0x28, 0x78, 0x97, 0x97, 0x00, 0x00, 0x01, 0xff, 0xff,
  0x00, 0x00, 0x05, 0xf4, 0x05, 0x55, 0x00, 0x0d, 0x00, 0x49, 0x40, 0x21,
  0x0d, 0x0c, 0x0b, 0x0a, 0x09, 0x08, 0x07, 0x06, 0x01, 0x00, 0x05, 0x04,
  0x42, 0x02, 0x03, 0x03, 0x02, 0x0a, 0x43, 0x0e, 0x0b, 0x43, 0x0e, 0x07,
  0x06, 0x43, 0x08, 0x01, 0x00, 0x00, 0x09, 0x08, 0x1a, 0x00, 0x3f, 0x3c,
  0x3f, 0x3c, 0x00, 0x10, 0xfd, 0x3c, 0x10, 0xfd, 0x10, 0xfd, 0x87, 0x2e,
  0xc4, 0x0e, 0xfc, 0x0e, 0xc4, 0x01, 0x2e, 0x2e, 0x2e, 0x2e, 0x2e, 0x2e,
  0x2e, 0x2e, 0x2e, 0x2e, 0x31, 0x30, 0xb2, 0x0e, 0x0b, 0x05, 0x2b, 0x13,
  0x21, 0x11, 0x25, 0x15, 0x05, 0x11, 0x21, 0x11, 0x21, 0x11, 0x07, 0x35,
  0x37, 0x74, 0x01, 0xb5, 0x01, 0x34, 0xfe, 0xcc, 0x03, 0xcb, 0xfa, 0x80,
  0x75, 0x75, 0x05, 0x55, 0xfe, 0x3c, 0xc8, 0xf5, 0xc7, 0xfe, 0xbf, 0xfe,
  0xa4, 0x01, 0x95, 0x4c, 0xf4, 0x4c, 0x00, 0x01, 0xff, 0xf0, 0x00, 0x00,
  0x02, 0x8b, 0x05, 0x55, 0x00, 0x0b, 0x00, 0x3a, 0x40, 0x1a, 0x0a, 0x09,
  0x04, 0x03, 0x03, 0x02, 0x09, 0x43, 0x0c, 0x0b, 0x08, 0x07, 0x03, 0x00,
  0x42, 0x06, 0x05, 0x02, 0x03, 0x01, 0x01, 0x00, 0x00, 0x07, 0x06, 0x1a,
  0x00, 0x3f, 0x3c, 0x3f, 0x3c, 0x01, 0x2f, 0x17, 0x3c, 0xfd, 0x17, 0x3c,
  0x00, 0x10, 0xfd, 0x00, 0x2e, 0x2e, 0x01, 0x2e, 0x2e, 0x2e, 0x2e, 0x31,
  0x30, 0xb2, 0x0c, 0x09, 0x05, 0x2b, 0x13, 0x21, 0x11, 0x37, 0x15, 0x07,
  0x11, 0x21, 0x11, 0x07, 0x35, 0x37, 0x89, 0x01, 0x6a, 0x98, 0x98, 0xfe,
  0x96, 0x99, 0x99, 0x05, 0x55, 0xfe, 0x46, 0x63, 0xe0, 0x63, 0xfd, 0x45,
  0x01, 0xe3, 0x63, 0xe0, 0x64, 0x00, 0x00, 0x01, 0xfe, 0x9b, 0xff, 0xed,
  0x03, 0x42, 0x05, 0x68, 0x00, 0x03, 0x00, 0x25, 0x40, 0x0d, 0x03, 0x00,
  0x42, 0x02, 0x01, 0x01, 0x02, 0x00, 0x00, 0x5d, 0x02, 0x1b, 0x78, 0x00,
  0x76, 0x3f, 0x76, 0x3f, 0x18, 0x00, 0x87, 0x2e, 0x0e, 0xc4, 0x0e, 0xfc,
  0x0e, 0xc4, 0x31, 0x30, 0xb2, 0x04, 0x03, 0x05, 0x2b, 0x01, 0x17, 0x01,
  0x27, 0x02, 0xa2, 0xa0, 0xfb, 0xf9, 0xa0, 0x05, 0x68, 0x82, 0xfb, 0x07,
  0x82, 0x00, 0x00, 0x01, 0x00, 0x00, 0x00, 0x00, 0x05, 0x37, 0x05, 0x6d,
  0x00, 0x21, 0x00, 0x58, 0x40, 0x2c, 0x01, 0x00, 0x0e, 0x21, 0x1e, 0x1d,
  0x03, 0x00, 0x43, 0x1a, 0x19, 0x02, 0x03, 0x01, 0x01, 0x12, 0x43, 0x0b,
  0x1f, 0x1e, 0x19, 0x42, 0x21, 0x20, 0x02, 0x1d, 0x1c, 0x42, 0x1b, 0x1a,
  0x0e, 0x03, 0x0d, 0x0b, 0x00, 0x20, 0x1f, 0x1c, 0x03, 0x1b, 0x1a, 0x01,
  0x00, 0x46, 0x76, 0x2f, 0x37, 0x18, 0x00, 0x3f, 0x17, 0x3c, 0x3f, 0x01,
  0x2f, 0x17, 0x3c, 0xfd, 0x3c, 0x2f, 0x3c, 0x3c, 0xfd, 0x3c, 0x3c, 0x00,
  0x10, 0xfd, 0x3f, 0x17, 0x3c, 0xfd, 0x17, 0x3c, 0x00, 0x2e, 0x01, 0x2e,
  0x2e, 0x31, 0x30, 0xb2, 0x22, 0x00, 0x05, 0x2b, 0x19, 0x01, 0x33, 0x34,
  0x36, 0x37, 0x3e, 0x01, 0x37, 0x3e, 0x01, 0x33, 0x20, 0x05, 0x15, 0x22,
  0x27, 0x26, 0x23, 0x22, 0x07, 0x06, 0x07, 0x0e, 0x01, 0x15, 0x21, 0x11,
  0x21, 0x11, 0x21, 0x11, 0x21, 0x11, 0xbb, 0x0f, 0x0e, 0x15, 0x7c, 0x51,
  0x3e, 0xb8, 0x7a, 0x01, 0x06, 0x01, 0x07, 0x5f, 0x62, 0xf5, 0x06, 0xd0,
  0x42, 0x27, 0x0d, 0x07, 0x09, 0x03, 0x12, 0xfe, 0x96, 0xfe, 0x58, 0xfe,
  0x96, 0x02, 0xc6, 0x01, 0x03, 0x49, 0x67, 0x25, 0x3c, 0x5f, 0x15, 0x0f,
  0x10, 0x18, 0xef, 0x06, 0x0f, 0x1e, 0x10, 0x1e, 0x0f, 0x34, 0x23, 0xfc,
  0x37, 0x02, 0xc6, 0xfd, 0x3a, 0x02, 0xc6, 0x00, 0x00, 0x01, 0x00, 0x00,
  0x00, 0x00, 0x05, 0x37, 0x05, 0x6d, 0x00, 0x1f, 0x00, 0x5c, 0x40, 0x2e,
  0x01, 0x00, 0x1f, 0x1c, 0x1b, 0x03, 0x00, 0x43, 0x1a, 0x19, 0x02, 0x03,
  0x01, 0x01, 0x11, 0x43, 0x0b, 0x12, 0x43, 0x0b, 0x1b, 0x1a, 0x10, 0x1d,
  0x1c, 0x19, 0x42, 0x1f, 0x1e, 0x02, 0x11, 0x10, 0x42, 0x0f, 0x0e, 0x0b,
  0x00, 0x1e, 0x1d, 0x10, 0x03, 0x0f, 0x1a, 0x01, 0x00, 0x46, 0x76, 0x2f,
  0x37, 0x18, 0x00, 0x3f, 0x17, 0x3c, 0x3f, 0x01, 0x2f, 0x3c, 0xfd, 0x3c,
  0x2f, 0x3c, 0x3c, 0xfd, 0x3c, 0x3c, 0x10, 0xd6, 0x3c, 0x00, 0x10, 0xfd,
  0x10, 0xfd, 0x3f, 0x17, 0x3c, 0xfd, 0x17, 0x3c, 0x01, 0x2e, 0x2e, 0x31,
  0x30, 0xb2, 0x20, 0x00, 0x05, 0x2b, 0x19, 0x01, 0x33, 0x34, 0x36, 0x37,
  0x3e, 0x01, 0x37, 0x3e, 0x01, 0x33, 0x20, 0x1f, 0x01, 0x11, 0x21, 0x11,
  0x27, 0x22, 0x07, 0x06, 0x07, 0x0e, 0x01, 0x15, 0x21, 0x11, 0x21, 0x11,
  0x21, 0x11, 0xbb, 0x0f, 0x0e, 0x15, 0x7c, 0x51, 0x3e, 0xb8, 0x7a, 0x01,
  0x0c, 0xd6, 0x2b, 0xfe, 0x96, 0x55, 0xcd, 0x42, 0x27, 0x0d, 0x07, 0x09,
  0x01, 0x49, 0xfe, 0xb7, 0xfe, 0x96, 0x02, 0xc6, 0x01, 0x03, 0x49, 0x67,
  0x25, 0x3c, 0x5f, 0x15, 0x0f, 0x10, 0x14, 0x04, 0xfa, 0xab, 0x04, 0x7a,
  0x01, 0x1e, 0x10, 0x1e, 0x0f, 0x34, 0x23, 0xfe, 0xfd, 0xfd, 0x3a, 0x02,
  0xc6, 0x00, 0xff, 0xff, 0x00, 0x29, 0x00, 0x00, 0x06, 0xc3, 0x07, 0x77,
  0x00, 0x26, 0x00, 0x3d, 0x00, 0x00, 0x00, 0x07, 0x01, 0x24, 0x01, 0x68,
  0x00, 0x00, 0xff, 0xff, 0x00, 0x22, 0x00, 0x00, 0x04, 0xbc, 0x05, 0xd6,
  0x00, 0x26, 0x00, 0x5d, 0x00, 0x00, 0x00, 0x06, 0x00, 0xdf, 0x6f, 0x00,
  0xff, 0xff, 0x00, 0x44, 0xff, 0xeb, 0x07, 0x16, 0x07, 0xbe, 0x00, 0x27,
  0x01, 0x28, 0x01, 0x8e, 0x00, 0x00, 0x00, 0x06, 0x00, 0x26, 0x00, 0x00,
  0xff, 0xff, 0x00, 0x37, 0xff, 0xe7, 0x05, 0x66, 0x06, 0x3c, 0x00, 0x27,
  0x00, 0x8e, 0x00, 0xd3, 0x00, 0x00, 0x00, 0x06, 0x00, 0x46, 0x00, 0x00,
  0xff, 0xff, 0x00, 0x44, 0xff, 0xeb, 0x07, 0x16, 0x07, 0x77, 0x00, 0x27,
  0x01, 0x24, 0x01, 0xa2, 0x00, 0x00, 0x00, 0x06, 0x00, 0x26, 0x00, 0x00,
  0xff, 0xff, 0x00, 0x37, 0xff, 0xe7, 0x05, 0x66, 0x05, 0xd6, 0x00, 0x27,
  0x00, 0xdf, 0x00, 0xd4, 0x00, 0x00, 0x00, 0x06, 0x00, 0x46, 0x00, 0x00,
  0x00, 0x02, 0x00, 0x37, 0xff, 0xe7, 0x05, 0xe5, 0x05, 0x55, 0x00, 0x1f,
  0x00, 0x33, 0x00, 0x71, 0x40, 0x3b, 0x1e, 0x1d, 0x04, 0x03, 0x09, 0x07,
  0x06, 0x1b, 0x1a, 0x04, 0x08, 0x43, 0x34, 0x29, 0x43, 0x0d, 0x20, 0x43,
  0x17, 0x01, 0x1d, 0x1c, 0x05, 0x03, 0x04, 0x43, 0x1f, 0x1e, 0x03, 0x03,
  0x02, 0x18, 0x23, 0x42, 0x12, 0x1f, 0x1c, 0x1b, 0x00, 0x04, 0x2e, 0x42,
  0x01, 0x08, 0x07, 0x42, 0x06, 0x05, 0x02, 0x03, 0x01, 0x01, 0x00, 0x00,
  0x0d, 0x1b, 0x01, 0x12, 0x46, 0x76, 0x2f, 0x37, 0x18, 0x00, 0x3f, 0x3f,
  0x3c, 0x01, 0x2f, 0x17, 0x3c, 0xfd, 0x3c, 0x10, 0xfd, 0x17, 0x3c, 0x2f,
  0xfd, 0x00, 0x3f, 0x17, 0x3c, 0xfd, 0x17, 0x3c, 0x3f, 0xfd, 0x10, 0xfd,
  0x10, 0xfd, 0x10, 0xd6, 0x3c, 0x00, 0x2e, 0x2e, 0x2e, 0x01, 0x2e, 0x2e,
  0x2e, 0x2e, 0x31, 0x30, 0xb2, 0x34, 0x12, 0x05, 0x2b, 0x01, 0x21, 0x15,
  0x33, 0x15, 0x23, 0x11, 0x21, 0x35, 0x23, 0x0e, 0x02, 0x23, 0x22, 0x2e,
  0x02, 0x35, 0x34, 0x36, 0x37, 0x36, 0x33, 0x32, 0x16, 0x17, 0x33, 0x35,
  0x21, 0x35, 0x21, 0x01, 0x22, 0x06, 0x15, 0x14, 0x17, 0x16, 0x17, 0x16,
  0x33, 0x32, 0x37, 0x3e, 0x01, 0x35, 0x34, 0x26, 0x27, 0x2e, 0x01, 0x04,
  0x21, 0x01, 0x6a, 0x5a, 0x5a, 0xfe, 0xab, 0x14, 0x25, 0x60, 0xac, 0x7b,
  0xc6, 0xd2, 0x78, 0x2f, 0x70, 0x8f, 0x6b, 0xd9, 0xc2, 0xa0, 0x36, 0x0f,
  0xfe, 0x4c, 0x01, 0xb4, 0xfe, 0xd0, 0xd8, 0x78, 0x12, 0x12, 0x31, 0x42,
  0xa2, 0xc8, 0x45, 0x21, 0x1b, 0x24, 0x2e, 0x22, 0x6c, 0x05, 0x55, 0x7b,
  0xa2, 0xfb, 0xc8, 0x7f, 0x42, 0x38, 0x1e, 0x2e, 0x6f, 0xb1, 0xae, 0xdd,
  0xd6, 0x24, 0x1a, 0x3e, 0x5d, 0xff, 0xa2, 0xfd, 0xf6, 0x52, 0x90, 0x6b,
  0x30, 0x2c, 0x15, 0x1a, 0x2a, 0x13, 0x5a, 0x53, 0x62, 0x5b, 0x15, 0x0e,
  0x0e, 0x00, 0x00, 0x01, 0x00, 0x30, 0xfd, 0xba, 0x06, 0xb8, 0x05, 0x6a,
  0x00, 0x68, 0x00, 0x90, 0x40, 0x49, 0x0b, 0x0a, 0x50, 0x49, 0x48, 0x02,
  0x68, 0x68, 0x05, 0x0f, 0x31, 0x43, 0x58, 0x34, 0x43, 0x58, 0x29, 0x23,
  0x43, 0x16, 0x4d, 0x43, 0x41, 0x26, 0x43, 0x16, 0x00, 0x68, 0x1b, 0x35,
  0x43, 0x58, 0x0c, 0x0b, 0x43, 0x09, 0x02, 0x01, 0x43, 0x15, 0x14, 0x2f,
  0x49, 0x42, 0x47, 0x48, 0x53, 0x42, 0x3c, 0x2e, 0x42, 0x60, 0x1f, 0x42,
  0x1e, 0x10, 0x0f, 0x42, 0x06, 0x05, 0x01, 0x00, 0x42, 0x16, 0x15, 0x41,
  0x00, 0x0a, 0x09, 0x23, 0x01, 0x1e, 0x46, 0x76, 0x2f, 0x37, 0x18, 0x00,
  0x3f, 0x3c, 0x3f, 0x01, 0x2f, 0x3c, 0xfd, 0x3c, 0x2f, 0x3c, 0xfd, 0x3c,
  0x2f, 0xfd, 0x2f, 0xfd, 0x2f, 0xfd, 0x2f, 0x3c, 0xfd, 0x00, 0x3f, 0x3c,
  0xfd, 0x3c, 0x10, 0xfd, 0x3c, 0x2f, 0xfd, 0x3f, 0x3c, 0x3c, 0xfd, 0x10,
  0xfd, 0x10, 0xfd, 0x3c, 0x10, 0xfd, 0x10, 0xfd, 0x01, 0x11, 0x12, 0x39,
  0x10, 0x3c, 0x00, 0x2e, 0x2e, 0x2e, 0x01, 0x2e, 0x2e, 0x31, 0x30, 0xb2,
  0x69, 0x1e, 0x05, 0x2b, 0x05, 0x15, 0x33, 0x32, 0x16, 0x1d, 0x01, 0x14,
  0x06, 0x23, 0x21, 0x35, 0x33, 0x32, 0x36, 0x3d, 0x01, 0x34, 0x27, 0x26,
  0x2b, 0x01, 0x35, 0x22, 0x26, 0x27, 0x26, 0x27, 0x2e, 0x01, 0x35, 0x21,
  0x14, 0x17, 0x16, 0x17, 0x32, 0x16, 0x33, 0x32, 0x36, 0x37, 0x32, 0x36,
  0x37, 0x36, 0x35, 0x34, 0x26, 0x23, 0x22, 0x24, 0x23, 0x25, 0x22, 0x26,
  0x27, 0x26, 0x27, 0x26, 0x35, 0x34, 0x37, 0x36, 0x24, 0x21, 0x32, 0x16,
  0x17, 0x1e, 0x01, 0x15, 0x07, 0x21, 0x34, 0x2e, 0x01, 0x27, 0x22, 0x26,
  0x23, 0x20, 0x06, 0x15, 0x14, 0x17, 0x16, 0x04, 0x33, 0x32, 0x1e, 0x02,
  0x17, 0x1e, 0x01, 0x15, 0x14, 0x07, 0x0e, 0x01, 0x07, 0x0e, 0x01, 0x23,
  0x03, 0x8d, 0x9a, 0x46, 0x2f, 0x2f, 0x5c, 0xfe, 0xdf, 0xaa, 0x2e, 0x14,
  0x0a, 0x0b, 0x2e, 0xa4, 0x87, 0xb4, 0x45, 0x7a, 0x43, 0x53, 0x35, 0x01,
  0x93, 0x28, 0x1c, 0x32, 0x0d, 0xd7, 0x48, 0x83, 0x85, 0x36, 0x1a, 0x25,
  0x15, 0x2e, 0x42, 0x63, 0x01, 0xfe, 0xf6, 0x3c, 0xfe, 0xb4, 0x47, 0x74,
  0x2c, 0x4f, 0x2e, 0x4d, 0x58, 0x42, 0x01, 0x16, 0x01, 0xab, 0x96, 0xd3,
  0x3e, 0xbd, 0x8b, 0x01, 0xfe, 0x6d, 0x0f, 0x31, 0x46, 0x17, 0xcd, 0x3c,
  0xfe, 0xf6, 0x73, 0x3a, 0x29, 0x01, 0x22, 0x6f, 0x95, 0xd8, 0xbd, 0x8b,
  0x21, 0x0f, 0x10, 0x34, 0x25, 0x8c, 0x7f, 0x23, 0xae, 0x5b, 0x14, 0x5a,
  0x31, 0x4a, 0xe2, 0x51, 0x2a, 0xad, 0x10, 0x21, 0x2c, 0x20, 0x09, 0x07,
  0xf8, 0x0a, 0x0a, 0x0f, 0x26, 0x2f, 0x98, 0xc8, 0x64, 0x1e, 0x11, 0x06,
  0x05, 0x02, 0x01, 0x07, 0x08, 0x14, 0x53, 0x3d, 0x2b, 0x0d, 0x0e, 0x0f,
  0x0d, 0x18, 0x34, 0x59, 0xcd, 0xe8, 0x5f, 0x49, 0x2a, 0x08, 0x09, 0x19,
  0x9f, 0xb9, 0x40, 0x35, 0x2d, 0x1c, 0x06, 0x05, 0x20, 0x4c, 0x48, 0x10,
  0x0a, 0x0f, 0x0e, 0x16, 0x53, 0x50, 0x27, 0x70, 0x4a, 0xc0, 0x5f, 0x43,
  0x46, 0x0c, 0x03, 0x07, 0x00, 0x01, 0x00, 0x33, 0xfd, 0xe0, 0x05, 0x6d,
  0x03, 0xe2, 0x00, 0x52, 0x00, 0x75, 0x40, 0x3a, 0x3d, 0x21, 0x0f, 0x0e,
  0x48, 0x22, 0x3e, 0x3d, 0x4b, 0x21, 0x43, 0x53, 0x2d, 0x43, 0x4b, 0x10,
  0x26, 0x43, 0x1a, 0x00, 0x1b, 0x43, 0x43, 0x37, 0x10, 0x0f, 0x43, 0x0d,
  0x02, 0x01, 0x43, 0x19, 0x18, 0x46, 0x22, 0x42, 0x33, 0x29, 0x42, 0x4e,
  0x14, 0x13, 0x42, 0x08, 0x07, 0x01, 0x00, 0x42, 0x1a, 0x19, 0x37, 0x01,
  0x0e, 0x0d, 0x1c, 0x01, 0x21, 0x46, 0x76, 0x2f, 0x37, 0x18, 0x00, 0x3f,
  0x3c, 0x3f, 0x01, 0x2f, 0x3c, 0xfd, 0x3c, 0x2f, 0x3c, 0xfd, 0x3c, 0x2f,
  0xfd, 0x2f, 0xfd, 0x3c, 0x00, 0x2f, 0x3c, 0xfd, 0x3c, 0x10, 0xfd, 0x3c,
  0x10, 0xfd, 0x3f, 0x3c, 0xfd, 0x3f, 0xfd, 0x10, 0xfd, 0x10, 0xd6, 0x3c,
  0x00, 0x2e, 0x2e, 0x01, 0x2e, 0x2e, 0x2e, 0x2e, 0x31, 0x30, 0xb2, 0x53,
  0x21, 0x05, 0x2b, 0x05, 0x15, 0x33, 0x32, 0x17, 0x1e, 0x01, 0x1d, 0x01,
  0x14, 0x07, 0x0e, 0x01, 0x23, 0x21, 0x35, 0x33, 0x32, 0x36, 0x3d, 0x01,
  0x34, 0x27, 0x26, 0x2b, 0x01, 0x35, 0x22, 0x2e, 0x02, 0x27, 0x26, 0x35,
  0x21, 0x14, 0x17, 0x16, 0x33, 0x32, 0x36, 0x35, 0x34, 0x27, 0x26, 0x21,
  0x20, 0x27, 0x26, 0x27, 0x26, 0x35, 0x34, 0x37, 0x36, 0x21, 0x32, 0x16,
  0x17, 0x1e, 0x01, 0x17, 0x21, 0x26, 0x27, 0x2e, 0x01, 0x23, 0x22, 0x06,
  0x15, 0x14, 0x17, 0x16, 0x04, 0x33, 0x32, 0x16, 0x15, 0x14, 0x07, 0x0e,
  0x01, 0x02, 0xdd, 0x95, 0x45, 0x16, 0x0b, 0x0c, 0x17, 0x0b, 0x35, 0x30,
  0xfe, 0xe7, 0xac, 0x2a, 0x16, 0x0a, 0x0a, 0x2c, 0xa6, 0x5f, 0x72, 0x5f,
  0x3e, 0x1e, 0x8b, 0x01, 0x71, 0x45, 0x42, 0xa8, 0xb3, 0x7d, 0x3d, 0x2a,
  0xfe, 0xf4, 0xfe, 0xfc, 0x3f, 0xa7, 0x3f, 0x2d, 0x9e, 0x79, 0x01, 0x85,
  0xfa, 0xde, 0x3e, 0x26, 0x21, 0x07, 0xfe, 0x8f, 0x09, 0x10, 0x17, 0x6f,
  0x5e, 0xac, 0x7c, 0x57, 0x68, 0x01, 0x18, 0x6f, 0xcb, 0xb8, 0xcb, 0x49,
  0xec, 0x18, 0x55, 0x17, 0x0c, 0x2e, 0x24, 0xc7, 0x4f, 0x14, 0x0a, 0x0a,
  0x93, 0x13, 0x2a, 0x1e, 0x27, 0x0a, 0x08, 0xe2, 0x08, 0x10, 0x13, 0x12,
  0x4f, 0xbf, 0x3b, 0x1a, 0x16, 0x25, 0x35, 0x32, 0x10, 0x0b, 0x09, 0x16,
  0x59, 0x42, 0x70, 0xd5, 0x42, 0x31, 0x25, 0x34, 0x20, 0x5a, 0x58, 0x24,
  0x0a, 0x0e, 0x0e, 0x22, 0x2d, 0x39, 0x08, 0x03, 0x05, 0x87, 0xa7, 0xf9,
  0x33, 0x12, 0x15, 0x00, 0x00, 0x02, 0x00, 0x5d, 0x00, 0x00, 0x09, 0x43,
  0x05, 0x55, 0x00, 0x09, 0x00, 0x25, 0x00, 0x74, 0x40, 0x39, 0x24, 0x23,
  0x02, 0x01, 0x17, 0x0d, 0x0c, 0x0b, 0x0a, 0x02, 0x16, 0x43, 0x26, 0x03,
  0x02, 0x43, 0x00, 0x05, 0x04, 0x43, 0x07, 0x06, 0x1b, 0x43, 0x10, 0x06,
  0x05, 0x0a, 0x08, 0x07, 0x04, 0x03, 0x03, 0x42, 0x09, 0x00, 0x25, 0x0a,
  0x42, 0x0c, 0x0b, 0x17, 0x42, 0x15, 0x16, 0x01, 0x00, 0x00, 0x25, 0x24,
  0x09, 0x03, 0x08, 0x1a, 0x01, 0x00, 0x46, 0x76, 0x2f, 0x37, 0x18, 0x00,
  0x3f, 0x17, 0x3c, 0x3f, 0x3c, 0x01, 0x2f, 0x3c, 0xfd, 0x2f, 0x3c, 0xfd,
  0x3c, 0x2f, 0x3c, 0xfd, 0x17, 0x3c, 0x10, 0xd6, 0x3c, 0x00, 0x2f, 0xfd,
  0x2f, 0x3c, 0xfd, 0x3c, 0x10, 0xfd, 0x3c, 0x10, 0xfd, 0x10, 0xd6, 0x3c,
  0x00, 0x2e, 0x2e, 0x2e, 0x01, 0x2e, 0x2e, 0x2e, 0x2e, 0x31, 0x30, 0xb2,
  0x26, 0x00, 0x05, 0x2b, 0x13, 0x21, 0x11, 0x21, 0x11, 0x21, 0x11, 0x21,
  0x11, 0x21, 0x01, 0x21, 0x15, 0x33, 0x3e, 0x01, 0x33, 0x32, 0x17, 0x1e,
  0x01, 0x15, 0x07, 0x21, 0x34, 0x27, 0x26, 0x23, 0x22, 0x06, 0x07, 0x06,
  0x07, 0x0e, 0x01, 0x15, 0x11, 0x21, 0x5d, 0x05, 0x31, 0xfc, 0x62, 0x02,
  0x77, 0xfd, 0x89, 0xfe, 0x6d, 0x04, 0xc0, 0x01, 0x4b, 0x11, 0x2f, 0x9e,
  0x7f, 0xea, 0x54, 0x22, 0x1e, 0x01, 0xfe, 0xb6, 0x12, 0x21, 0x77, 0x1d,
  0x2a, 0x1a, 0x2d, 0x17, 0x1b, 0x12, 0xfe, 0xa1, 0x05, 0x55, 0xfe, 0xbf,
  0xfe, 0xfe, 0xfe, 0xc6, 0xfe, 0x28, 0x03, 0x41, 0x93, 0x59, 0x53, 0x6d,
  0x2e, 0x80, 0x6d, 0x41, 0x53, 0x23, 0x41, 0x08, 0x0c, 0x12, 0x20, 0x22,
  0x68, 0x6f, 0xfe, 0xf7, 0xff, 0xff, 0x00, 0x44, 0xff, 0xec, 0x07, 0x56,
  0x07, 0x58, 0x00, 0x27, 0x01, 0x2a, 0x01, 0xbf, 0x00, 0x00, 0x00, 0x06,
  0x00, 0x2a, 0x00, 0x00, 0xff, 0xff, 0x00, 0x37, 0xfe, 0x47, 0x05, 0x8d,
  0x05, 0xc0, 0x00, 0x27, 0x00, 0xda, 0x00, 0xed, 0x00, 0x00, 0x00, 0x06,
  0x00, 0x4a, 0x00, 0x00, 0xff, 0xff, 0x00, 0x60, 0x00, 0x00, 0x02, 0x15,
  0x07, 0x4f, 0x00, 0x27, 0x01, 0x25, 0xff, 0x3a, 0x00, 0x00, 0x00, 0x06,
  0x00, 0x2c, 0x00, 0x00, 0x00, 0x01, 0x00, 0x44, 0x04, 0xa8, 0x03, 0xbd,
  0x05, 0x7a, 0x00, 0x03, 0x00, 0x1d, 0x40, 0x0a, 0x03, 0x02, 0x01, 0x00,
  0x01, 0x00, 0x43, 0x03, 0x02, 0x14, 0x00, 0x3f, 0x3c, 0xfd, 0x3c, 0x01,
  0x2e, 0x2e, 0x2e, 0x2e, 0x31, 0x30, 0xb2, 0x04, 0x00, 0x05, 0x2b, 0x13,
  0x21, 0x15, 0x21, 0x44, 0x03, 0x79, 0xfc, 0x87, 0x05, 0x7a, 0xd2, 0x00,
  0x00, 0x01, 0x00, 0x2a, 0x00, 0x00, 0x05, 0x1b, 0x03, 0xd7, 0x00, 0x0b,
  0x00, 0x49, 0x40, 0x23, 0x05, 0x04, 0x03, 0x02, 0x0a, 0x09, 0x06, 0x05,
  0x02, 0x05, 0x01, 0x43, 0x03, 0x09, 0x08, 0x42, 0x07, 0x06, 0x0b, 0x0a,
  0x42, 0x01, 0x00, 0x04, 0x03, 0x01, 0x0b, 0x08, 0x07, 0x03, 0x00, 0x1a,
  0x01, 0x02, 0x46, 0x76, 0x2f, 0x37, 0x18, 0x00, 0x3f, 0x17, 0x3c, 0x3f,
  0x3c, 0x01, 0x2f, 0x3c, 0xfd, 0x3c, 0x2f, 0x3c, 0xfd, 0x3c, 0x00, 0x10,
  0xfd, 0x17, 0x3c, 0x01, 0x2e, 0x2e, 0x2e, 0x2e, 0x31, 0x30, 0xb2, 0x0c,
  0x02, 0x05, 0x2b, 0x33, 0x11, 0x23, 0x11, 0x21, 0x11, 0x23, 0x11, 0x21,
  0x11, 0x21, 0x11, 0xbf, 0x95, 0x04, 0xf1, 0x95, 0xfe, 0xa3, 0xfe, 0xf3,
  0x02, 0xc4, 0x01, 0x13, 0xfe, 0xed, 0xfd, 0x3c, 0x02, 0xc4, 0xfd, 0x3c,
  0x00, 0x01, 0x00, 0x2f, 0x00, 0x00, 0x05, 0x26, 0x05, 0x77, 0x00, 0x26,
  0x00, 0x4e, 0x40, 0x25, 0x14, 0x13, 0x12, 0x02, 0x01, 0x00, 0x1e, 0x43,
  0x0b, 0x13, 0x12, 0x02, 0x03, 0x01, 0x43, 0x00, 0x26, 0x25, 0x16, 0x15,
  0x1a, 0x42, 0x0f, 0x23, 0x42, 0x07, 0x0b, 0x02, 0x26, 0x15, 0x14, 0x03,
  0x00, 0x1a, 0x01, 0x07, 0x46, 0x76, 0x2f, 0x37, 0x18, 0x00, 0x3f, 0x17,
  0x3c, 0x3f, 0x01, 0x2f, 0xfd, 0x2f, 0xfd, 0x2f, 0x3c, 0xd6, 0x3c, 0x00,
  0x10, 0xfd, 0x17, 0x3c, 0x10, 0xfd, 0x01, 0x2e, 0x2e, 0x2e, 0x2e, 0x2e,
  0x2e, 0x31, 0x30, 0xb2, 0x27, 0x07, 0x05, 0x2b, 0x33, 0x11, 0x33, 0x26,
  0x27, 0x2e, 0x01, 0x35, 0x10, 0x37, 0x36, 0x21, 0x20, 0x17, 0x16, 0x11,
  0x14, 0x06, 0x07, 0x33, 0x11, 0x21, 0x11, 0x36, 0x37, 0x36, 0x35, 0x34,
  0x27, 0x26, 0x23, 0x22, 0x06, 0x07, 0x06, 0x15, 0x10, 0x17, 0x11, 0x38,
  0xeb, 0x5b, 0x3b, 0x2e, 0x30, 0xb0, 0xb5, 0x01, 0x14, 0x01, 0x17, 0xb9,
  0xae, 0x70, 0x84, 0xeb, 0xfd, 0xce, 0x5d, 0x2b, 0x37, 0x39, 0x44, 0x81,
  0x3c, 0x6c, 0x21, 0x38, 0xbf, 0x01, 0x44, 0x3a, 0x48, 0x39, 0x97, 0x5e,
  0x01, 0x06, 0xbc, 0xc1, 0xc2, 0xb7, 0xfe, 0xfb, 0x99, 0xc7, 0x55, 0xfe,
  0xbc, 0x01, 0x2a, 0x2f, 0x54, 0x70, 0x94, 0x98, 0x6b, 0x7b, 0x42, 0x39,
  0x64, 0x9f, 0xfe, 0xd7, 0x5e, 0xfe, 0xd6, 0x00, 0x00, 0x02, 0x00, 0x12,
  0xff, 0xeb, 0x03, 0xef, 0x05, 0x46, 0x00, 0x1c, 0x00, 0x2b, 0x00, 0x46,
  0x40, 0x1f, 0x17, 0x17, 0x01, 0x21, 0x10, 0x00, 0x21, 0x10, 0x24, 0x43,
  0x0c, 0x00, 0x43, 0x01, 0x1d, 0x43, 0x14, 0x16, 0x21, 0x42, 0x10, 0x27,
  0x42, 0x08, 0x01, 0x00, 0x0c, 0x1b, 0x01, 0x10, 0x46, 0x76, 0x2f, 0x37,
  0x18, 0x00, 0x3f, 0x3f, 0x01, 0x2f, 0xfd, 0x2f, 0xfd, 0x00, 0x3f, 0xfd,
  0x10, 0xfd, 0x10, 0xfd, 0x01, 0x11, 0x12, 0x39, 0x11, 0x12, 0x39, 0x00,
  0x2e, 0x01, 0x2e, 0x31, 0x30, 0xb2, 0x2c, 0x10, 0x05, 0x2b, 0x1b, 0x01,
  0x16, 0x17, 0x16, 0x17, 0x1e, 0x01, 0x15, 0x10, 0x07, 0x06, 0x23, 0x22,
  0x27, 0x26, 0x35, 0x34, 0x37, 0x36, 0x33, 0x32, 0x16, 0x17, 0x2e, 0x02,
  0x27, 0x26, 0x01, 0x22, 0x07, 0x06, 0x15, 0x14, 0x16, 0x33, 0x32, 0x36,
  0x35, 0x34, 0x2e, 0x02, 0x63, 0x2a, 0xd7, 0xa3, 0xc0, 0x81, 0x53, 0x54,
  0x90, 0x8b, 0xe4, 0xef, 0x84, 0x6b, 0x8f, 0x76, 0xab, 0x3b, 0x45, 0x4b,
  0x2d, 0x55, 0xb4, 0x45, 0x59, 0x01, 0x4a, 0x41, 0x2c, 0x32, 0x5d, 0x42,
  0x3e, 0x5c, 0x14, 0x2e, 0x37, 0x04, 0x27, 0x01, 0x1f, 0x15, 0x3c, 0x46,
  0x92, 0x5e, 0xfa, 0x9c, 0xfe, 0xe9, 0x96, 0x91, 0xa6, 0x88, 0xaf, 0xca,
  0x7a, 0x62, 0x15, 0x26, 0x4e, 0x45, 0x3f, 0x0f, 0x13, 0xfe, 0x35, 0x2c,
  0x32, 0x48, 0x43, 0x60, 0x60, 0x45, 0x24, 0x36, 0x30, 0x1a, 0x00, 0x02,
  0x00, 0x13, 0x00, 0x00, 0x05, 0x3c, 0x05, 0x55, 0x00, 0x03, 0x00, 0x06,
  0x00, 0x2b, 0x40, 0x11, 0x03, 0x00, 0x06, 0x43, 0x01, 0x05, 0x04, 0x43,
  0x00, 0x05, 0x04, 0x02, 0x01, 0x00, 0x03, 0x00, 0x1a, 0x00, 0x3f, 0x3c,
  0x3f, 0x3c, 0x01, 0x2f, 0xd6, 0x00, 0x10, 0xfd, 0x3c, 0x10, 0xfd, 0x01,
  0x2e, 0x2e, 0x31, 0x30, 0xb2, 0x07, 0x00, 0x05, 0x2b, 0x33, 0x01, 0x21,
  0x09, 0x01, 0x21, 0x03, 0x13, 0x01, 0xd0, 0x01, 0x84, 0x01, 0xd5, 0xfc,
  0xb2, 0x01, 0x6a, 0xb0, 0x05, 0x55, 0xfa, 0xab, 0x01, 0x44, 0x02, 0x88,
  0x00, 0x01, 0x00, 0x1d, 0xfe, 0x00, 0x05, 0x38, 0x06, 0x00, 0x00, 0x13,
  0x00, 0x6f, 0x40, 0x3c, 0x11, 0x10, 0x0d, 0x0c, 0x09, 0x08, 0x05, 0x07,
  0x04, 0x43, 0x06, 0x13, 0x12, 0x0b, 0x0a, 0x03, 0x05, 0x02, 0x43, 0x00,
  0x13, 0x10, 0x0f, 0x03, 0x00, 0x11, 0x06, 0x05, 0x02, 0x03, 0x01, 0x03,
  0x08, 0x07, 0x09, 0x0e, 0x0d, 0x0b, 0x0a, 0x09, 0x42, 0x04, 0x03, 0x0c,
  0x0b, 0x42, 0x12, 0x11, 0x01, 0x00, 0x04, 0x0f, 0x0e, 0x07, 0x03, 0x06,
  0x22, 0x01, 0x00, 0x46, 0x76, 0x2f, 0x37, 0x18, 0x00, 0x3f, 0x17, 0x3c,
  0x3f, 0x3c, 0x01, 0x2f, 0x3c, 0xfd, 0x3c, 0x2f, 0x3c, 0xfd, 0x3c, 0x10,
  0xd6, 0x3c, 0x10, 0xd6, 0x3c, 0x10, 0xd6, 0x17, 0x3c, 0x10, 0xd6, 0x17,
  0x3c, 0x00, 0x10, 0xfd, 0x17, 0x3c, 0x10, 0xfd, 0x17, 0x3c, 0x31, 0x30,
  0xb2, 0x14, 0x00, 0x05, 0x2b, 0x13, 0x21, 0x11, 0x23, 0x11, 0x33, 0x11,
  0x21, 0x11, 0x33, 0x11, 0x21, 0x11, 0x33, 0x11, 0x21, 0x11, 0x33, 0x11,
  0x23, 0x1d, 0x05, 0x1b, 0x91, 0x91, 0xfd, 0xa9, 0x78, 0xfe, 0xa3, 0x76,
  0xfd, 0xab, 0x94, 0x94, 0x06, 0x00, 0xfe, 0xd5, 0xfa, 0x56, 0xfe, 0xd5,
  0x01, 0x2b, 0x05, 0xaa, 0xfa, 0x56, 0xfe, 0xd5, 0x01, 0x2b, 0x05, 0xaa,
  0x00, 0x01, 0x00, 0x44, 0xfe, 0x00, 0x05, 0x26, 0x06, 0x00, 0x00, 0x0f,
  0x00, 0x48, 0x40, 0x20, 0x0f, 0x0e, 0x0d, 0x0c, 0x0b, 0x0a, 0x09, 0x06,
  0x05, 0x04, 0x01, 0x00, 0x09, 0x02, 0x01, 0x08, 0x43, 0x10, 0x07, 0x06,
  0x43, 0x0a, 0x04, 0x03, 0x43, 0x00, 0x0f, 0x00, 0x04, 0x0b, 0x0a, 0x22,
  0x00, 0x3f, 0x3c, 0x3f, 0x3c, 0x00, 0x10, 0xfd, 0x3c, 0x10, 0xfd, 0x3c,
  0x10, 0xfd, 0x00, 0x2e, 0x2e, 0x2e, 0x01, 0x2e, 0x2e, 0x2e, 0x2e, 0x2e,
  0x2e, 0x2e, 0x2e, 0x2e, 0x2e, 0x2e, 0x2e, 0x31, 0x30, 0xb2, 0x10, 0x0b,
  0x05, 0x2b, 0x01, 0x11, 0x21, 0x27, 0x21, 0x09, 0x01, 0x21, 0x37, 0x21,
  0x11, 0x21, 0x11, 0x09, 0x01, 0x11, 0x05, 0x14, 0xfe, 0xb0, 0x2a, 0xfe,
  0x4e, 0x01, 0xe8, 0xfe, 0x1b, 0x01, 0xc1, 0x18, 0x01, 0x62, 0xfb, 0x1e,
  0x01, 0xd1, 0xfe, 0x2f, 0x06, 0x00, 0xfd, 0xd8, 0xd0, 0xfd, 0x74, 0xfd,
  0x3c, 0xde, 0xfd, 0xca, 0x01, 0x8b, 0x02, 0x90, 0x02, 0x58, 0x01, 0x8d,
  0x00, 0x01, 0x01, 0x03, 0x02, 0x3d, 0x06, 0x3d, 0x03, 0x33, 0x00, 0x03,
  0x00, 0x1e, 0x40, 0x0a, 0x03, 0x02, 0x01, 0x00, 0x01, 0x00, 0x19, 0x03,
  0x02, 0x3b, 0x00, 0x3f, 0x3c, 0x3f, 0x3c, 0x00, 0x01, 0x2e, 0x2e, 0x2e,
  0x2e, 0x31, 0x30, 0xb2, 0x04, 0x00, 0x05, 0x2b, 0x01, 0x21, 0x15, 0x21,
  0x01, 0x03, 0x05, 0x3a, 0xfa, 0xc6, 0x03, 0x33, 0xf6, 0x00, 0x00, 0x01,
  0x00, 0x00, 0x00, 0x00, 0x05, 0x55, 0x06, 0x9d, 0x00, 0x13, 0x00, 0x3a,
  0x40, 0x19, 0x07, 0x06, 0x01, 0x00, 0x0d, 0x0c, 0x43, 0x03, 0x08, 0x07,
  0x43, 0x06, 0x05, 0x02, 0x01, 0x43, 0x00, 0x0d, 0x0c, 0x13, 0x00, 0x0e,
  0x04, 0x03, 0x1a, 0x00, 0x3f, 0x3c, 0x3f, 0x3c, 0x01, 0x2f, 0xd6, 0x00,
  0x10, 0xfd, 0x3c, 0x2f, 0x3c, 0xfd, 0x3c, 0x10, 0xfd, 0x3c, 0x01, 0x2e,
  0x2e, 0x2e, 0x2e, 0x31, 0x30, 0xb2, 0x14, 0x06, 0x05, 0x2b, 0x01, 0x11,
  0x21, 0x01, 0x21, 0x03, 0x23, 0x11, 0x21, 0x17, 0x1e, 0x01, 0x15, 0x33,
  0x34, 0x36, 0x37, 0x36, 0x37, 0x13, 0x05, 0x55, 0xfe, 0xc4, 0xfe, 0xbe,
  0xfe, 0x47, 0x5f, 0xbf, 0x01, 0x92, 0x28, 0x0e, 0x10, 0x16, 0x0c, 0x17,
  0x1c, 0x21, 0xb9, 0x06, 0x9d, 0xfe, 0xcc, 0xfa, 0x97, 0x01, 0xe1, 0x01,
  0x34, 0xb4, 0x53, 0x8f, 0x49, 0x2b, 0x71, 0x8c, 0xb0, 0x85, 0x03, 0x0a,
  0x00, 0x03, 0x00, 0x22, 0x01, 0x6b, 0x05, 0x32, 0x04, 0x03, 0x00, 0x19,
  0x00, 0x25, 0x00, 0x31, 0x00, 0x5c, 0x40, 0x2a, 0x1a, 0x0d, 0x00, 0x0d,
  0x1a, 0x26, 0x00, 0x1a, 0x26, 0x00, 0x43, 0x0d, 0x28, 0x22, 0x43, 0x0b,
  0x2e, 0x1c, 0x43, 0x03, 0x2b, 0x42, 0x07, 0x1f, 0x42, 0x13, 0x13, 0x1a,
  0x07, 0x26, 0x1a, 0x42, 0x26, 0x0f, 0x0b, 0x15, 0x17, 0x03, 0x1e, 0x01,
  0x07, 0x46, 0x76, 0x2f, 0x37, 0x18, 0x00, 0x3f, 0x3c, 0x3f, 0x3c, 0x01,
  0x2f, 0xfd, 0x10, 0xdd, 0x10, 0xdd, 0x31, 0x10, 0xfd, 0x10, 0xfd, 0x00,
  0x10, 0xfd, 0x3c, 0x10, 0xfd, 0x3c, 0x2f, 0xfd, 0x01, 0x11, 0x12, 0x39,
  0x11, 0x12, 0x39, 0x00, 0x11, 0x12, 0x39, 0x31, 0x30, 0xb2, 0x32, 0x07,
  0x05, 0x2b, 0x01, 0x0e, 0x01, 0x23, 0x22, 0x27, 0x26, 0x35, 0x34, 0x37,
  0x36, 0x33, 0x32, 0x17, 0x36, 0x33, 0x32, 0x17, 0x16, 0x15, 0x14, 0x07,
  0x06, 0x23, 0x22, 0x26, 0x13, 0x16, 0x33, 0x32, 0x36, 0x35, 0x34, 0x26,
  0x23, 0x22, 0x0f, 0x01, 0x05, 0x26, 0x23, 0x22, 0x06, 0x15, 0x14, 0x16,
  0x33, 0x32, 0x37, 0x36, 0x02, 0xb1, 0x50, 0x99, 0x5a, 0x91, 0x61, 0x5a,
  0x61, 0x5e, 0x8b, 0xa7, 0x92, 0x8f, 0xb2, 0x9f, 0x60, 0x4d, 0x5b, 0x5f,
  0x8f, 0x59, 0x8a, 0x22, 0x4b, 0x4c, 0x2c, 0x40, 0x3f, 0x2d, 0x3c, 0x36,
  0x17, 0xfe, 0xf6, 0x4a, 0x50, 0x2e, 0x3b, 0x3d, 0x2f, 0x3d, 0x36, 0x27,
  0x02, 0x11, 0x57, 0x4f, 0x61, 0x5a, 0x92, 0x95, 0x5d, 0x59, 0xa5, 0xa5,
  0x6d, 0x58, 0x85, 0x93, 0x5b, 0x60, 0x49, 0x01, 0x03, 0x69, 0x3c, 0x2d,
  0x2a, 0x3e, 0x3a, 0x1b, 0x13, 0x68, 0x3a, 0x2e, 0x2c, 0x3b, 0x39, 0x2a,
  0x00, 0x01, 0x00, 0x23, 0xfe, 0x00, 0x03, 0xdc, 0x06, 0x00, 0x00, 0x29,
  0x00, 0x4f, 0x40, 0x22, 0x0f, 0x1a, 0x19, 0x17, 0x1c, 0x00, 0x03, 0x27,
  0x01, 0x43, 0x2a, 0x1c, 0x43, 0x17, 0x03, 0x43, 0x27, 0x19, 0x20, 0x00,
  0x0a, 0x21, 0x20, 0x42, 0x0c, 0x0b, 0x0a, 0x17, 0x04, 0x27, 0x22, 0x01,
  0x00, 0x46, 0x76, 0x2f, 0x37, 0x18, 0x00, 0x3f, 0x3f, 0x01, 0x2f, 0x3c,
  0x3c, 0xfd, 0x3c, 0x10, 0xdd, 0x10, 0xdd, 0x31, 0x00, 0x10, 0xfd, 0x10,
  0xfd, 0x10, 0xfd, 0x00, 0x11, 0x12, 0x39, 0x11, 0x12, 0x39, 0x00, 0x2e,
  0x01, 0x2e, 0x31, 0x30, 0xb2, 0x2a, 0x00, 0x05, 0x2b, 0x1b, 0x01, 0x16,
  0x33, 0x32, 0x37, 0x36, 0x37, 0x3e, 0x01, 0x35, 0x37, 0x11, 0x34, 0x36,
  0x37, 0x34, 0x36, 0x37, 0x3e, 0x01, 0x37, 0x36, 0x33, 0x32, 0x17, 0x03,
  0x26, 0x23, 0x22, 0x07, 0x06, 0x15, 0x11, 0x14, 0x07, 0x06, 0x07, 0x06,
  0x23, 0x22, 0x27, 0x23, 0x3b, 0x36, 0x24, 0x2a, 0x1e, 0x1f, 0x0c, 0x03,
  0x06, 0x02, 0x02, 0x02, 0x09, 0x0b, 0x11, 0x64, 0x45, 0x69, 0xa5, 0x51,
  0x75, 0x3b, 0x36, 0x28, 0x47, 0x20, 0x13, 0x19, 0x24, 0x83, 0x71, 0xbc,
  0x5d, 0x37, 0xfe, 0x14, 0x01, 0x63, 0x15, 0x14, 0x12, 0x20, 0x0a, 0x18,
  0x13, 0xbd, 0x02, 0x85, 0x5c, 0x93, 0x4b, 0x1c, 0x33, 0x2b, 0x47, 0x82,
  0x27, 0x3d, 0x14, 0xfe, 0x9d, 0x14, 0x36, 0x23, 0x60, 0xfc, 0x90, 0xf5,
  0x5b, 0x85, 0x56, 0x49, 0x0e, 0x00, 0x00, 0x02, 0x00, 0x0e, 0x00, 0xc0,
  0x03, 0xf2, 0x04, 0x83, 0x00, 0x18, 0x00, 0x31, 0x00, 0x4c, 0x40, 0x24,
  0x26, 0x0d, 0x00, 0x01, 0x05, 0x17, 0x0e, 0x05, 0x17, 0x27, 0x1e, 0x30,
  0x1a, 0x1e, 0x30, 0x19, 0x43, 0x32, 0x24, 0x43, 0x2b, 0x1e, 0x43, 0x30,
  0x2d, 0x12, 0x43, 0x0b, 0x25, 0x17, 0x43, 0x05, 0x05, 0x0d, 0x2b, 0x3d,
  0x00, 0x3f, 0x3f, 0x00, 0x10, 0xfd, 0x3f, 0xfd, 0x3f, 0xfd, 0x10, 0xfd,
  0x10, 0xfd, 0x00, 0x11, 0x12, 0x39, 0x11, 0x12, 0x39, 0x11, 0x12, 0x39,
  0x11, 0x12, 0x39, 0x00, 0x2e, 0x2e, 0x2e, 0x31, 0x30, 0xb2, 0x32, 0x01,
  0x05, 0x2b, 0x13, 0x27, 0x36, 0x37, 0x36, 0x33, 0x32, 0x17, 0x16, 0x17,
  0x16, 0x33, 0x32, 0x37, 0x17, 0x06, 0x07, 0x06, 0x23, 0x22, 0x26, 0x27,
  0x26, 0x23, 0x22, 0x03, 0x27, 0x36, 0x37, 0x36, 0x33, 0x32, 0x17, 0x16,
  0x17, 0x16, 0x33, 0x32, 0x37, 0x17, 0x06, 0x07, 0x06, 0x23, 0x22, 0x26,
  0x27, 0x26, 0x23, 0x22, 0xca, 0xbc, 0x2d, 0x2d, 0x5d, 0x88, 0x2a, 0x22,
  0x24, 0x63, 0x7d, 0x23, 0x3d, 0x39, 0xbc, 0x38, 0x30, 0x5b, 0x7b, 0x25,
  0x5d, 0x7f, 0x50, 0x23, 0x3c, 0x3a, 0xbc, 0x2d, 0x2d, 0x5d, 0x89, 0x29,
  0x27, 0x26, 0x9d, 0x3d, 0x21, 0x3e, 0x39, 0xbc, 0x38, 0x30, 0x5b, 0x7b,
  0x26, 0x59, 0x82, 0x50, 0x23, 0x3c, 0x02, 0xc9, 0x85, 0x75, 0x3c, 0x84,
  0x0b, 0x09, 0x27, 0x30, 0x57, 0x85, 0x89, 0x3b, 0x73, 0x1c, 0x31, 0x1e,
  0xfd, 0xb8, 0x85, 0x72, 0x3f, 0x84, 0x0c, 0x0a, 0x3b, 0x17, 0x54, 0x85,
  0x89, 0x3b, 0x73, 0x1b, 0x32, 0x1e, 0x00, 0x01, 0x01, 0x03, 0x00, 0x29,
  0x06, 0x3d, 0x05, 0x48, 0x00, 0x13, 0x00, 0x6d, 0x40, 0x36, 0x10, 0x0f,
  0x0e, 0x0c, 0x0b, 0x06, 0x05, 0x04, 0x02, 0x01, 0x13, 0x00, 0x42, 0x12,
  0x11, 0x11, 0x12, 0x0a, 0x09, 0x42, 0x07, 0x08, 0x08, 0x07, 0x0f, 0x0e,
  0x03, 0x03, 0x02, 0x43, 0x11, 0x10, 0x01, 0x03, 0x00, 0x11, 0x0d, 0x0c,
  0x05, 0x03, 0x04, 0x43, 0x0b, 0x0a, 0x07, 0x03, 0x06, 0x15, 0x08, 0x00,
  0x5d, 0x12, 0x2a, 0x78, 0x00, 0x76, 0x3f, 0x76, 0x3f, 0x18, 0x00, 0x3f,
  0x17, 0x3c, 0xfd, 0x17, 0x3c, 0x3f, 0x17, 0x3c, 0xfd, 0x17, 0x3c, 0x87,
  0x2e, 0x05, 0xc4, 0x0e, 0xfc, 0x0e, 0xc4, 0x87, 0x2e, 0x0e, 0xc4, 0x0e,
  0xfc, 0x0e, 0xc4, 0x01, 0x2e, 0x2e, 0x2e, 0x2e, 0x2e, 0x2e, 0x2e, 0x2e,
  0x2e, 0x2e, 0x31, 0x30, 0xb2, 0x14, 0x01, 0x05, 0x2b, 0x01, 0x21, 0x35,
  0x21, 0x37, 0x21, 0x35, 0x21, 0x13, 0x17, 0x07, 0x21, 0x15, 0x21, 0x07,
  0x21, 0x15, 0x21, 0x03, 0x27, 0x02, 0x86, 0xfe, 0x7d, 0x01, 0xf6, 0x4c,
  0xfd, 0xbe, 0x02, 0xb5, 0x99, 0xd4, 0x6b, 0x01, 0x83, 0xfe, 0x0a, 0x4c,
  0x02, 0x42, 0xfd, 0x4b, 0x99, 0xd4, 0x01, 0x71, 0xf6, 0xa3, 0xf6, 0x01,
  0x48, 0x63, 0xe5, 0xf6, 0xa3, 0xf6, 0xfe, 0xb8, 0x62, 0x00, 0x00, 0x02,
  0x00, 0x44, 0x00, 0x0b, 0x03, 0xbb, 0x05, 0x64, 0x00, 0x06, 0x00, 0x0a,
  0x00, 0x37, 0x40, 0x16, 0x0a, 0x09, 0x08, 0x07, 0x06, 0x05, 0x04, 0x03,
  0x02, 0x01, 0x00, 0x04, 0x0a, 0x07, 0x43, 0x08, 0x00, 0x00, 0x5d, 0x09,
  0x08, 0x1a, 0x00, 0x3f, 0x3c, 0x76, 0x3f, 0x18, 0x00, 0x10, 0xfd, 0x3c,
  0x00, 0x2e, 0x01, 0x2e, 0x2e, 0x2e, 0x2e, 0x2e, 0x2e, 0x2e, 0x2e, 0x2e,
  0x2e, 0x2e, 0x31, 0x30, 0xb2, 0x0b, 0x05, 0x05, 0x2b, 0x01, 0x11, 0x0d,
  0x01, 0x11, 0x01, 0x11, 0x01, 0x11, 0x21, 0x11, 0x03, 0xbb, 0xfe, 0x37,
  0x01, 0xc9, 0xfc, 0x89, 0x03, 0x77, 0xfc, 0x89, 0x05, 0x64, 0xfe, 0x90,
  0x76, 0x75, 0xfe, 0x90, 0x01, 0x42, 0x01, 0x49, 0xfd, 0x41, 0xfe, 0xa6,
  0x01, 0x5a, 0x00, 0x02, 0x00, 0x44, 0x00, 0x0b, 0x03, 0xbb, 0x05, 0x64,
  0x00, 0x06, 0x00, 0x0a, 0x00, 0x37, 0x40, 0x16, 0x0a, 0x09, 0x08, 0x07,
  0x06, 0x05, 0x04, 0x03, 0x02, 0x01, 0x00, 0x03, 0x08, 0x07, 0x43, 0x09,
  0x00, 0x00, 0x5d, 0x0a, 0x09, 0x1a, 0x00, 0x3f, 0x3c, 0x76, 0x3f, 0x18,
  0x00, 0x10, 0xfd, 0x3c, 0x00, 0x2e, 0x01, 0x2e, 0x2e, 0x2e, 0x2e, 0x2e,
  0x2e, 0x2e, 0x2e, 0x2e, 0x2e, 0x2e, 0x31, 0x30, 0xb2, 0x0b, 0x00, 0x05,
  0x2b, 0x13, 0x01, 0x11, 0x01, 0x11, 0x2d, 0x01, 0x11, 0x21, 0x11, 0x21,
  0x44, 0x03, 0x77, 0xfc, 0x89, 0x01, 0xc9, 0xfe, 0x37, 0x03, 0x77, 0xfc,
  0x89, 0x05, 0x64, 0xfe, 0xc0, 0xfe, 0xb7, 0xfe, 0xbe, 0x01, 0x70, 0x75,
  0x76, 0xfd, 0x71, 0xfe, 0xa6, 0x00, 0x00, 0x02, 0x00, 0x97, 0xff, 0xcb,
  0x04, 0xbf, 0x05, 0x8b, 0x00, 0x03, 0x00, 0x07, 0x00, 0xaa, 0x40, 0x31,
  0x07, 0x04, 0x42, 0x01, 0x00, 0x00, 0x01, 0x05, 0x04, 0x42, 0x03, 0x00,
  0x00, 0x03, 0x06, 0x05, 0x42, 0x02, 0x03, 0x03, 0x02, 0x06, 0x07, 0x42,
  0x02, 0x01, 0x01, 0x02, 0x04, 0x43, 0x00, 0x06, 0x43, 0x02, 0x07, 0x42,
  0x01, 0x05, 0x42, 0x03, 0x00, 0x02, 0x5d, 0x02, 0x3e, 0x78, 0x01, 0x03,
  0x46, 0x76, 0x2f, 0x37, 0x18, 0x00, 0x76, 0x3f, 0x76, 0x3f, 0x18, 0x01,
  0x2f, 0xfd, 0x2f, 0xfd, 0x00, 0x10, 0xfd, 0x10, 0xfd, 0x87, 0x2e, 0xb9,
  0x25, 0x7e, 0xcc, 0x22, 0x0b, 0xc4, 0xb9, 0x25, 0x97, 0xcc, 0x32, 0x0b,
  0xfc, 0xb9, 0x25, 0xb6, 0xcc, 0x4a, 0x0b, 0xc4, 0x87, 0x2e, 0xb9, 0xda,
  0x82, 0xcc, 0x22, 0x0b, 0xc4, 0xb9, 0xda, 0x4a, 0xcc, 0x4a, 0x0b, 0xfc,
  0xb9, 0xda, 0x69, 0xcc, 0x32, 0x0b, 0xc4, 0x87, 0x2e, 0xb9, 0xda, 0x82,
  0x33, 0xde, 0x0b, 0xc4, 0xb9, 0xda, 0x69, 0x33, 0xce, 0x0b, 0xfc, 0xb9,
  0xda, 0x4a, 0x33, 0xb6, 0x0b, 0xc4, 0x87, 0x2e, 0xb9, 0x25, 0x7e, 0x33,
  0xde, 0x0b, 0xc4, 0xb9, 0x25, 0xb6, 0x33, 0xb6, 0x0b, 0xfc, 0xb9, 0x25,
  0x97, 0x33, 0xce, 0x0b, 0xc4, 0x31, 0x30, 0xb2, 0x08, 0x03, 0x05, 0x2b,
  0x09, 0x07, 0x02, 0xab, 0x02, 0x14, 0xfd, 0xec, 0xfd, 0xec, 0x02, 0x14,
  0xfe, 0x6c, 0x01, 0x94, 0x01, 0x93, 0x05, 0x8b, 0xfd, 0x20, 0xfd, 0x20,
  0x02, 0xe0, 0x02, 0x2a, 0xfd, 0xd6, 0xfd, 0xd5, 0x02, 0x2b, 0x00, 0x02,
  0x00, 0x42, 0xff, 0xc7, 0x05, 0x23, 0x05, 0x88, 0x00, 0x09, 0x00, 0x30,
  0x00, 0x2f, 0x40, 0x12, 0x24, 0x10, 0x0d, 0x0a, 0x05, 0x00, 0x2f, 0x28,
  0x19, 0x2c, 0x05, 0x25, 0x00, 0x02, 0x5d, 0x14, 0x1f, 0x3e, 0x00, 0x3f,
  0x3c, 0x76, 0x3f, 0x18, 0x00, 0x3f, 0xd6, 0x00, 0x2e, 0x2e, 0x2e, 0x01,
  0x2e, 0x2e, 0x2e, 0x2e, 0x2e, 0x2e, 0x31, 0x30, 0xb2, 0x31, 0x24, 0x05,
  0x2b, 0x01, 0x14, 0x0e, 0x02, 0x23, 0x34, 0x36, 0x37, 0x36, 0x01, 0x0e,
  0x01, 0x15, 0x14, 0x16, 0x17, 0x06, 0x07, 0x06, 0x23, 0x22, 0x26, 0x27,
  0x26, 0x23, 0x22, 0x07, 0x06, 0x07, 0x06, 0x23, 0x22, 0x26, 0x27, 0x02,
  0x11, 0x34, 0x37, 0x36, 0x33, 0x32, 0x17, 0x16, 0x33, 0x32, 0x36, 0x33,
  0x32, 0x03, 0xd7, 0x2c, 0x56, 0x6c, 0x42, 0x2b, 0x2a, 0x51, 0x01, 0xaf,
  0x57, 0x4e, 0x6b, 0x61, 0x42, 0x4a, 0x6c, 0x60, 0x19, 0x40, 0x2b, 0x33,
  0x37, 0x37, 0x15, 0x1a, 0x2d, 0x52, 0x2b, 0x34, 0x74, 0x37, 0xac, 0x7a,
  0x63, 0xa0, 0x42, 0x6b, 0x39, 0x1d, 0x1d, 0xb4, 0x41, 0xbd, 0x05, 0x88,
  0x4b, 0x7c, 0x65, 0x37, 0x4a, 0x78, 0x31, 0x5c, 0xfe, 0x33, 0x42, 0x87,
  0x54, 0x66, 0x9f, 0x2c, 0xa1, 0x60, 0x8f, 0x12, 0x14, 0x17, 0x05, 0x03,
  0x14, 0x23, 0x57, 0x50, 0x01, 0x00, 0x01, 0x0c, 0xc9, 0x86, 0x6c, 0x29,
  0x15, 0x42, 0x00, 0x01, 0x00, 0x74, 0x01, 0x36, 0x02, 0x29, 0x02, 0xa1,
  0x00, 0x03, 0x00, 0x1e, 0x40, 0x0a, 0x03, 0x02, 0x01, 0x00, 0x01, 0x00,
  0x0f, 0x03, 0x02, 0x2d, 0x00, 0x3f, 0x3c, 0x3f, 0x3c, 0x00, 0x01, 0x2e,
  0x2e, 0x2e, 0x2e, 0x31, 0x30, 0xb2, 0x04, 0x00, 0x05, 0x2b, 0x13, 0x21,
  0x11, 0x21, 0x74, 0x01, 0xb5, 0xfe, 0x4b, 0x02, 0xa1, 0xfe, 0x95, 0x00,
  0x00, 0x01, 0x00, 0x03, 0x05, 0xde, 0x03, 0xfe, 0x07, 0x77, 0x00, 0x05,
  0x00, 0x27, 0x40, 0x0e, 0x02, 0x00, 0x04, 0x01, 0x04, 0x43, 0x01, 0x05,
  0x03, 0x07, 0x5d, 0x01, 0x3f, 0x78, 0x00, 0x76, 0x3f, 0x76, 0x3f, 0x3c,
  0x18, 0x00, 0x10, 0xfd, 0x00, 0x11, 0x12, 0x39, 0x01, 0x2e, 0x31, 0x30,
  0xb2, 0x06, 0x02, 0x05, 0x2b, 0x09, 0x02, 0x37, 0x05, 0x25, 0x03, 0xfe,
  0xfe, 0x02, 0xfe, 0x03, 0x38, 0x01, 0xc5, 0x01, 0xc5, 0x06, 0xf2, 0xfe,
  0xec, 0x01, 0x14, 0x85, 0x74, 0x74, 0x00, 0x01, 0x01, 0x35, 0x06, 0x21,
  0x02, 0xcc, 0x07, 0x4f, 0x00, 0x03, 0x00, 0x1f, 0x40, 0x0b, 0x03, 0x00,
  0x42, 0x02, 0x01, 0x01, 0x00, 0x03, 0x03, 0x02, 0x2e, 0x00, 0x3f, 0x3c,
  0x3f, 0x3c, 0x01, 0x2f, 0x3c, 0xfd, 0x3c, 0x00, 0x31, 0x30, 0xb2, 0x04,
  0x00, 0x05, 0x2b, 0x01, 0x21, 0x11, 0x21, 0x01, 0x35, 0x01, 0x97, 0xfe,
  0x69, 0x07, 0x4f, 0xfe, 0xd2, 0x00, 0x00, 0x01, 0x00, 0x03, 0x05, 0xf9,
  0x03, 0xfe, 0x07, 0x93, 0x00, 0x05, 0x00, 0x27, 0x40, 0x0e, 0x02, 0x00,
  0x01, 0x04, 0x04, 0x43, 0x01, 0x01, 0x07, 0x5d, 0x05, 0x03, 0x40, 0x78,
  0x00, 0x76, 0x3f, 0x3c, 0x76, 0x3f, 0x18, 0x00, 0x10, 0xfd, 0x00, 0x11,
  0x12, 0x39, 0x01, 0x2e, 0x31, 0x30, 0xb2, 0x06, 0x00, 0x05, 0x2b, 0x13,
  0x09, 0x01, 0x07, 0x25, 0x05, 0x03, 0x01, 0xfd, 0x01, 0xfe, 0x39, 0xfe,
  0x3b, 0xfe, 0x3b, 0x06, 0x7f, 0x01, 0x14, 0xfe, 0xec, 0x86, 0x75, 0x75,
  0x00, 0x01, 0x00, 0x28, 0x05, 0xb5, 0x02, 0xc4, 0x07, 0xbb, 0x00, 0x03,
  0x00, 0x1b, 0x40, 0x08, 0x02, 0x00, 0x01, 0x06, 0x5d, 0x03, 0x28, 0x78,
  0x00, 0x76, 0x3f, 0x76, 0x3f, 0x18, 0x00, 0x01, 0x2e, 0x2e, 0x31, 0x30,
  0xb2, 0x04, 0x00, 0x05, 0x2b, 0x1b, 0x01, 0x01, 0x07, 0x28, 0xa1, 0x01,
  0xfb, 0x52, 0x06, 0x7d, 0x01, 0x3e, 0xfe, 0x96, 0x9c, 0x00, 0x00, 0x01,
  0x01, 0x3d, 0x05, 0xb3, 0x03, 0xd8, 0x07, 0xbe, 0x00, 0x03, 0x00, 0x1b,
  0x40, 0x08, 0x03, 0x01, 0x00, 0x06, 0x5d, 0x02, 0x28, 0x78, 0x00, 0x76,
  0x3f, 0x76, 0x3f, 0x18, 0x00, 0x01, 0x2e, 0x2e, 0x31, 0x30, 0xb2, 0x04,
  0x03, 0x05, 0x2b, 0x01, 0x13, 0x05, 0x27, 0x03, 0x39, 0x9f, 0xfd, 0xba,
  0x55, 0x07, 0xbe, 0xfe, 0xc0, 0xcb, 0xa1, 0x00, 0x00, 0x02, 0x00, 0x07,
  0x06, 0x25, 0x03, 0xf9, 0x07, 0x4c, 0x00, 0x03, 0x00, 0x07, 0x00, 0x37,
  0x40, 0x19, 0x07, 0x04, 0x42, 0x06, 0x05, 0x02, 0x01, 0x42, 0x03, 0x00,
  0x05, 0x04, 0x01, 0x03, 0x00, 0x03, 0x07, 0x06, 0x03, 0x03, 0x02, 0x2e,
  0x01, 0x00, 0x46, 0x76, 0x2f, 0x37, 0x18, 0x00, 0x3f, 0x17, 0x3c, 0x3f,
  0x17, 0x3c, 0x01, 0x2f, 0x3c, 0xfd, 0x3c, 0x2f, 0x3c, 0xfd, 0x3c, 0x00,
  0x31, 0x30, 0xb2, 0x08, 0x00, 0x05, 0x2b, 0x13, 0x21, 0x11, 0x21, 0x01,
  0x21, 0x11, 0x21, 0x07, 0x01, 0x8c, 0xfe, 0x74, 0x02, 0x66, 0x01, 0x8c,
  0xfe, 0x74, 0x07, 0x4c, 0xfe, 0xd9, 0x01, 0x27, 0xfe, 0xd9, 0x00, 0x01,
  0x00, 0x10, 0x06, 0x18, 0x03, 0xf0, 0x07, 0x58, 0x00, 0x0f, 0x00, 0x21,
  0x40, 0x0d, 0x09, 0x00, 0x05, 0x43, 0x0d, 0x09, 0x08, 0x01, 0x03, 0x00,
  0x03, 0x0d, 0x2e, 0x00, 0x3f, 0x3f, 0x17, 0x3c, 0x00, 0x10, 0xfd, 0x01,
  0x2e, 0x2e, 0x31, 0x30, 0xb2, 0x10, 0x00, 0x05, 0x2b, 0x13, 0x33, 0x16,
  0x17, 0x16, 0x33, 0x32, 0x36, 0x37, 0x33, 0x06, 0x07, 0x06, 0x21, 0x22,
  0x24, 0x10, 0xcd, 0x1a, 0x2a, 0x53, 0x8d, 0x81, 0x84, 0x1e, 0xcc, 0x12,
  0x51, 0x84, 0xfe, 0xfe, 0xd1, 0xfe, 0xf6, 0x07, 0x58, 0x35, 0x13, 0x25,
  0x31, 0x3c, 0x74, 0x4e, 0x7e, 0xa8, 0x00, 0x02, 0x00, 0x81, 0x05, 0xa7,
  0x03, 0x80, 0x08, 0x18, 0x00, 0x14, 0x00, 0x23, 0x00, 0x2d, 0x40, 0x13,
  0x1d, 0x43, 0x0a, 0x15, 0x43, 0x00, 0x20, 0x42, 0x05, 0x18, 0x42, 0x11,
  0x00, 0x13, 0x0a, 0x28, 0x01, 0x11, 0x46, 0x76, 0x2f, 0x37, 0x18, 0x00,
  0x3f, 0x3f, 0x01, 0x2f, 0xfd, 0x2f, 0xfd, 0x00, 0x10, 0xfd, 0x10, 0xfd,
  0x31, 0x30, 0xb2, 0x24, 0x11, 0x05, 0x2b, 0x01, 0x32, 0x17, 0x1e, 0x01,
  0x15, 0x14, 0x07, 0x0e, 0x01, 0x23, 0x22, 0x27, 0x26, 0x27, 0x2e, 0x01,
  0x35, 0x34, 0x3e, 0x01, 0x17, 0x22, 0x06, 0x15, 0x14, 0x17, 0x1e, 0x01,
  0x33, 0x32, 0x36, 0x35, 0x34, 0x2e, 0x01, 0x02, 0x1f, 0xcf, 0x48, 0x2c,
  0x1e, 0x15, 0x1b, 0xa1, 0xcd, 0xca, 0x42, 0x33, 0x12, 0x08, 0x08, 0x39,
  0xa0, 0x99, 0x5e, 0x3f, 0x1a, 0x0d, 0x46, 0x39, 0x71, 0x3b, 0x13, 0x3b,
  0x08, 0x18, 0x2a, 0x1a, 0x6e, 0x8d, 0x99, 0x30, 0x3d, 0x2c, 0x23, 0x1b,
  0x38, 0x1d, 0x63, 0x4f, 0x9b, 0x6a, 0x27, 0xac, 0x37, 0x52, 0x61, 0x17,
  0x0b, 0x0c, 0x30, 0x5d, 0x3c, 0x34, 0x1b, 0x00, 0x00, 0x01, 0x00, 0x15,
  0x06, 0x18, 0x03, 0xeb, 0x07, 0x59, 0x00, 0x1a, 0x00, 0x3b, 0x40, 0x1b,
  0x0c, 0x0b, 0x43, 0x11, 0x01, 0x00, 0x43, 0x06, 0x09, 0x43, 0x11, 0x16,
  0x43, 0x06, 0x0b, 0x42, 0x0c, 0x00, 0x42, 0x01, 0x11, 0x03, 0x06, 0x2e,
  0x01, 0x0c, 0x46, 0x76, 0x2f, 0x37, 0x18, 0x00, 0x3f, 0x3f, 0x01, 0x2f,
  0xfd, 0x2f, 0xfd, 0x00, 0x10, 0xfd, 0x10, 0xfd, 0x10, 0xfd, 0x3c, 0x10,
  0xfd, 0x3c, 0x31, 0x30, 0xb2, 0x1b, 0x0c, 0x05, 0x2b, 0x01, 0x33, 0x14,
  0x06, 0x07, 0x06, 0x23, 0x22, 0x24, 0x23, 0x22, 0x15, 0x23, 0x34, 0x36,
  0x37, 0x36, 0x33, 0x32, 0x16, 0x17, 0x16, 0x33, 0x32, 0x37, 0x3e, 0x01,
  0x03, 0x2f, 0xbc, 0x12, 0x17, 0x38, 0x63, 0x56, 0xfe, 0x7b, 0x35, 0x46,
  0xbc, 0x18, 0x17, 0x40, 0x74, 0x34, 0x65, 0x92, 0xa7, 0x2f, 0x1d, 0x0c,
  0x04, 0x09, 0x07, 0x3b, 0x54, 0x58, 0x22, 0x55, 0x6f, 0x51, 0x47, 0x64,
  0x20, 0x58, 0x16, 0x2a, 0x2f, 0x10, 0x06, 0x1c, 0x00, 0x01, 0x00, 0x00,
  0x00, 0x01, 0x01, 0x47, 0x1a, 0x43, 0x0d, 0x82, 0x5f, 0x0f, 0x3c, 0xf5,
  0x00, 0x00, 0x08, 0x00, 0x00, 0x00, 0x00, 0x00, 0x31, 0x3d, 0xad, 0x61,
  0x00, 0x00, 0x00, 0x00, 0x31, 0x3d, 0xad, 0x61, 0xfe, 0x9b, 0xfd, 0xba,
  0x0f, 0x20, 0x08, 0x18, 0x00, 0x00, 0x00, 0x09, 0x00, 0x02, 0x00, 0x01,
  0x00, 0x00, 0x00, 0x00, 0x00, 0x01, 0x00, 0x00, 0x07, 0x53, 0xfd, 0xba,
  0x00, 0x00, 0x0f, 0x49, 0xfe, 0x9b, 0xfe, 0x9c, 0x0f, 0x20, 0x00, 0x01,
  0x00, 0x00, 0x00, 0x00, 0x00, 0x00, 0x00, 0x00, 0x00, 0x00, 0x00, 0x00,
  0x00, 0x00, 0x01, 0x2e, 0x07, 0x53, 0x00, 0x75, 0x00, 0x00, 0x00, 0x00,
  0x02, 0x00, 0x00, 0x00, 0x02, 0x00, 0x00, 0x00, 0x02, 0xab, 0x00, 0x70,
  0x04, 0x29, 0x00, 0x4b, 0x07, 0x41, 0x00, 0x8e, 0x07, 0x41, 0x00, 0x10,
  0x0a, 0xba, 0x00, 0x29, 0x07, 0x93, 0x00, 0x37, 0x02, 0x22, 0x00, 0x4b,
  0x03, 0x24, 0x00, 0x44, 0x03, 0x24, 0x00, 0x44, 0x04, 0x00, 0x00, 0xa5,
  0x07, 0x41, 0x01, 0x03, 0x02, 0xba, 0x00, 0x59, 0x03, 0x60, 0x00, 0x00,
  0x02, 0x9d, 0x00, 0x74, 0x04, 0xe6, 0xff, 0xbc, 0x07, 0x41, 0x00, 0x48,
  0x07, 0x41, 0x00, 0xd5, 0x07, 0x41, 0x00, 0x6e, 0x07, 0x41, 0x00, 0x61,
  0x07, 0x41, 0x00, 0x5e, 0x07, 0x41, 0x00, 0x60, 0x07, 0x41, 0x00, 0x72,
  0x07, 0x41, 0x00, 0x9b, 0x07, 0x41, 0x00, 0x7e, 0x07, 0x41, 0x00, 0x7d,
  0x02, 0x9d, 0x00, 0x74, 0x02, 0xba, 0x00, 0x59, 0x04, 0x00, 0x00, 0x44,
  0x07, 0x41, 0x01, 0x03, 0x04, 0x00, 0x00, 0x44, 0x05, 0xa5, 0x00, 0x1b,
  0x07, 0xa0, 0x00, 0x44, 0x07, 0xe0, 0xff, 0xde, 0x07, 0x43, 0x00, 0x60,
  0x07, 0x46, 0x00, 0x44, 0x07, 0xaf, 0x00, 0x60, 0x06, 0x72, 0x00, 0x60,
  0x06, 0x02, 0x00, 0x60, 0x07, 0x9a, 0x00, 0x44, 0x07, 0xd4, 0x00, 0x60,
  0x02, 0x74, 0x00, 0x60, 0x06, 0x00, 0x00, 0x07, 0x07, 0x96, 0x00, 0x60,
  0x05, 0xdf, 0x00, 0x60, 0x09, 0xcb, 0x00, 0x60, 0x08, 0x2b, 0x00, 0x60,
  0x07, 0xdc, 0x00, 0x44, 0x06, 0xf0, 0x00, 0x60, 0x07, 0xf6, 0x00, 0x44,
  0x07, 0x33, 0x00, 0x60, 0x06, 0xe7, 0x00, 0x30, 0x06, 0x74, 0x00, 0x00,
  0x07, 0xa0, 0x00, 0x59, 0x07, 0x86, 0xff, 0xe5, 0x0b, 0x06, 0xff, 0xe5,
  0x08, 0x00, 0xff, 0xf2, 0x07, 0x56, 0xff, 0xd7, 0x06, 0xec, 0x00, 0x29,
  0x03, 0x24, 0x00, 0x60, 0x04, 0xe6, 0xff, 0xbc, 0x03, 0x24, 0x00, 0x49,
  0x04, 0x00, 0x00, 0x0b, 0x04, 0x00, 0x00, 0x00, 0x04, 0x00, 0x00, 0x72,
  0x05, 0x99, 0x00, 0x33, 0x05, 0xde, 0x00, 0x52, 0x05, 0x98, 0x00, 0x37,
  0x05, 0xdd, 0x00, 0x37, 0x05, 0x8c, 0x00, 0x37, 0x03, 0x7b, 0x00, 0x00,
  0x05, 0xd8, 0x00, 0x37, 0x05, 0xbe, 0x00, 0x52, 0x02, 0x0e, 0x00, 0x52,
  0x02, 0x3f, 0xff, 0xe5, 0x05, 0x55, 0x00, 0x52, 0x02, 0x0e, 0x00, 0x52,
  0x08, 0xe0, 0x00, 0x52, 0x05, 0xc0, 0x00, 0x52, 0x05, 0xc9, 0x00, 0x37,
  0x05, 0xdf, 0x00, 0x52, 0x05, 0xde, 0x00, 0x37, 0x04, 0xc4, 0x00, 0x52,
  0x05, 0xa0, 0x00, 0x33, 0x04, 0xa2, 0x00, 0x00, 0x05, 0xbd, 0x00, 0x4b,
  0x05, 0x59, 0xff, 0xe5, 0x07, 0xf7, 0xff, 0xec, 0x05, 0x79, 0x00, 0x00,
  0x05, 0x31, 0xff, 0xe5, 0x04, 0xde, 0x00, 0x22, 0x03, 0x24, 0x00, 0x37,
  0x04, 0x00, 0x01, 0x39, 0x03, 0x24, 0x00, 0x39, 0x05, 0x55, 0x00, 0xbc,
  0x02, 0xac, 0x00, 0x52, 0x05, 0x55, 0x00, 0x1b, 0x04, 0xd7, 0x00, 0x52,
  0x07, 0xd7, 0x00, 0x74, 0x07, 0x41, 0x00, 0xbd, 0x07, 0x41, 0x00, 0xbd,
  0x04, 0x00, 0x00, 0x1e, 0x0f, 0x49, 0x00, 0x29, 0x06, 0xe7, 0x00, 0x30,
  0x02, 0xe8, 0x00, 0x44, 0x0c, 0x0b, 0x00, 0x44, 0x02, 0xac, 0x00, 0x6d,
  0x02, 0xac, 0x00, 0x52, 0x04, 0xd7, 0x00, 0x6d, 0x04, 0xd7, 0x00, 0x52,
  0x05, 0x55, 0x01, 0x91, 0x05, 0x86, 0x00, 0x44, 0x08, 0xe2, 0x00, 0x44,
  0x04, 0x00, 0x00, 0x29, 0x0a, 0x9c, 0x00, 0x0a, 0x05, 0xa0, 0x00, 0x33,
  0x02, 0xf1, 0x00, 0x44, 0x09, 0x71, 0x00, 0x37, 0x07, 0x56, 0xff, 0xd7,
  0x02, 0x00, 0x00, 0x00, 0x02, 0xab, 0x00, 0x70, 0x06, 0x66, 0x00, 0x6f,
  0x07, 0x41, 0x00, 0x36, 0x07, 0x41, 0x00, 0xd0, 0x07, 0x41, 0x00, 0x4b,
  0x04, 0x00, 0x01, 0x39, 0x07, 0x41, 0x00, 0xda, 0x04, 0x00, 0x00, 0x3d,
  0x07, 0x5e, 0x00, 0x44, 0x03, 0xe7, 0x00, 0x46, 0x05, 0x25, 0x00, 0x44,
  0x04, 0x00, 0x00, 0x44, 0x03, 0x60, 0x00, 0x00, 0x07, 0x5e, 0x00, 0x44,
  0x04, 0x00, 0x00, 0x00, 0x04, 0x00, 0x00, 0x88, 0x07, 0x41, 0x01, 0x03,
  0x04, 0xad, 0x00, 0x4a, 0x04, 0xad, 0x00, 0x42, 0x04, 0x00, 0x01, 0x29,
  0x05, 0xbd, 0x00, 0x4b, 0x07, 0x41, 0x01, 0x09, 0x02, 0x9d, 0x00, 0x74,
  0x04, 0x00, 0x01, 0x74, 0x04, 0xad, 0x00, 0x87, 0x04, 0x04, 0x00, 0x48,
  0x05, 0x2b, 0x00, 0x44, 0x0b, 0x38, 0x00, 0x36, 0x0b, 0x38, 0x00, 0x7a,
  0x0b, 0x38, 0x00, 0x42, 0x05, 0xa5, 0x00, 0x22, 0x07, 0xe0, 0xff, 0xde,
  0x07, 0xe0, 0xff, 0xde, 0x07, 0xe0, 0xff, 0xde, 0x07, 0xe0, 0xff, 0xde,
  0x07, 0xe0, 0xff, 0xde, 0x07, 0xe0, 0xff, 0xde, 0x0b, 0x18, 0xff, 0xd7,
  0x07, 0x46, 0x00, 0x44, 0x06, 0x72, 0x00, 0x60, 0x06, 0x72, 0x00, 0x60,
  0x06, 0x72, 0x00, 0x60, 0x06, 0x72, 0x00, 0x60, 0x02, 0x74, 0xff, 0x6e,
  0x02, 0x74, 0x00, 0x60, 0x02, 0x74, 0xff, 0xc5, 0x02, 0x74, 0xff, 0x93,
  0x07, 0x9a, 0x00, 0x44, 0x08, 0x2b, 0x00, 0x60, 0x07, 0xdc, 0x00, 0x44,
  0x07, 0xdc, 0x00, 0x44, 0x07, 0xdc, 0x00, 0x44, 0x07, 0xdc, 0x00, 0x44,
  0x07, 0xdc, 0x00, 0x44, 0x07, 0x41, 0x01, 0x59, 0x08, 0x11, 0xff, 0xda,
  0x07, 0xa0, 0x00, 0x59, 0x07, 0xa0, 0x00, 0x59, 0x07, 0xa0, 0x00, 0x59,
  0x07, 0xa0, 0x00, 0x59, 0x02, 0x74, 0x00, 0x60, 0x06, 0xe7, 0x00, 0x30,
  0x06, 0x0a, 0x00, 0x52, 0x05, 0x99, 0x00, 0x33, 0x05, 0x99, 0x00, 0x33,
  0x05, 0x99, 0x00, 0x33, 0x05, 0x99, 0x00, 0x33, 0x05, 0x99, 0x00, 0x33,
  0x05, 0x99, 0x00, 0x33, 0x09, 0x1e, 0x00, 0x33, 0x05, 0x98, 0x00, 0x37,
  0x05, 0x8c, 0x00, 0x37, 0x05, 0x8c, 0x00, 0x37, 0x05, 0x8c, 0x00, 0x37,
  0x05, 0x8c, 0x00, 0x37, 0x02, 0x0e, 0xff, 0x8a, 0x02, 0x0e, 0x00, 0x52,
  0x02, 0x0e, 0xff, 0xad, 0x02, 0x0e, 0xff, 0x82, 0x05, 0xd8, 0x00, 0x37,
  0x05, 0xc0, 0x00, 0x52, 0x05, 0xc9, 0x00, 0x37, 0x05, 0xc9, 0x00, 0x37,
  0x05, 0xc9, 0x00, 0x37, 0x05, 0xc9, 0x00, 0x37, 0x05, 0xc9, 0x00, 0x37,
  0x07, 0x41, 0x01, 0x03, 0x05, 0xee, 0xff, 0xff, 0x05, 0xbd, 0x00, 0x4b,
  0x05, 0xbd, 0x00, 0x4b, 0x05, 0xbd, 0x00, 0x4b, 0x05, 0xbd, 0x00, 0x4b,
  0x02, 0x0e, 0x00, 0x52, 0x05, 0xa0, 0x00, 0x33, 0x05, 0x31, 0xff, 0xe5,
  0x04, 0x00, 0x00, 0x23, 0x04, 0x00, 0x01, 0x3d, 0x02, 0x0e, 0x00, 0x52,
  0x04, 0x00, 0x00, 0xa8, 0x04, 0x00, 0x01, 0xd8, 0x04, 0x00, 0x00, 0x1e,
  0x05, 0xf4, 0xff, 0xff, 0x02, 0x7b, 0xff, 0xf0, 0x01, 0xde, 0xfe, 0x9b,
  0x05, 0x89, 0x00, 0x00, 0x05, 0x89, 0x00, 0x00, 0x06, 0xec, 0x00, 0x29,
  0x04, 0xde, 0x00, 0x22, 0x07, 0x46, 0x00, 0x44, 0x05, 0x98, 0x00, 0x37,
  0x07, 0x46, 0x00, 0x44, 0x05, 0x98, 0x00, 0x37, 0x05, 0xf1, 0x00, 0x37,
  0x06, 0xe7, 0x00, 0x30, 0x05, 0xa0, 0x00, 0x33, 0x09, 0x75, 0x00, 0x5d,
  0x07, 0x9a, 0x00, 0x44, 0x05, 0xd8, 0x00, 0x37, 0x02, 0x74, 0x00, 0x60,
  0x04, 0x00, 0x00, 0x44, 0x05, 0x45, 0x00, 0x2a, 0x05, 0x55, 0x00, 0x2f,
  0x04, 0x00, 0x00, 0x12, 0x05, 0x4f, 0x00, 0x13, 0x05, 0x55, 0x00, 0x1d,
  0x05, 0x55, 0x00, 0x44, 0x07, 0x41, 0x01, 0x03, 0x05, 0x55, 0x00, 0x00,
  0x05, 0x55, 0x00, 0x22, 0x04, 0x00, 0x00, 0x23, 0x04, 0x00, 0x00, 0x0e,
  0x07, 0x41, 0x01, 0x03, 0x04, 0x00, 0x00, 0x44, 0x04, 0x00, 0x00, 0x44,
  0x05, 0x55, 0x00, 0x97, 0x05, 0x55, 0x00, 0x42, 0x02, 0x00, 0x00, 0x00,
  0x02, 0x00, 0x00, 0x00, 0x02, 0x00, 0x00, 0x00, 0x02, 0x00, 0x00, 0x00,
  0x02, 0x00, 0x00, 0x00, 0x02, 0x00, 0x00, 0x00, 0x02, 0x00, 0x00, 0x00,
  0x02, 0x00, 0x00, 0x00, 0x02, 0x00, 0x00, 0x00, 0x02, 0x00, 0x00, 0x00,
  0x02, 0x00, 0x00, 0x00, 0x02, 0x00, 0x00, 0x00, 0x02, 0x00, 0x00, 0x00,
  0x02, 0x00, 0x00, 0x00, 0x02, 0x00, 0x00, 0x00, 0x02, 0x00, 0x00, 0x00,
  0x02, 0x00, 0x00, 0x00, 0x02, 0x00, 0x00, 0x00, 0x02, 0x00, 0x00, 0x00,
  0x02, 0x00, 0x00, 0x00, 0x02, 0x00, 0x00, 0x00, 0x02, 0x00, 0x00, 0x00,
  0x02, 0x00, 0x00, 0x00, 0x02, 0x00, 0x00, 0x00, 0x02, 0x00, 0x00, 0x00,
  0x02, 0x00, 0x00, 0x00, 0x02, 0x00, 0x00, 0x00, 0x02, 0x00, 0x00, 0x00,
  0x02, 0x00, 0x00, 0x00, 0x02, 0x00, 0x00, 0x00, 0x02, 0x00, 0x00, 0x00,
  0x02, 0x00, 0x00, 0x00, 0x02, 0x9d, 0x00, 0x74, 0x04, 0x00, 0x00, 0x03,
  0x04, 0x00, 0x01, 0x35, 0x04, 0x00, 0x00, 0x03, 0x04, 0x00, 0x00, 0x28,
  0x04, 0x00, 0x01, 0x3d, 0x04, 0x00, 0x00, 0x07, 0x04, 0x00, 0x00, 0x10,
  0x04, 0x00, 0x00, 0x81, 0x04, 0x00, 0x00, 0x15, 0x02, 0x00, 0x00, 0x00,
  0x00, 0x00, 0x00, 0x00, 0x00, 0x00, 0x00, 0x64, 0x00, 0x00, 0x00, 0x64,
  0x00, 0x00, 0x00, 0x64, 0x00, 0x00, 0x00, 0x64, 0x00, 0x00, 0x00, 0xc8,
  0x00, 0x00, 0x01, 0x26, 0x00, 0x00, 0x02, 0x0c, 0x00, 0x00, 0x03, 0xc0,
  0x00, 0x00, 0x05, 0x3e, 0x00, 0x00, 0x06, 0xbe, 0x00, 0x00, 0x06, 0xf6,
  0x00, 0x00, 0x07, 0xba, 0x00, 0x00, 0x08, 0x62, 0x00, 0x00, 0x08, 0xf4,
  0x00, 0x00, 0x09, 0x72, 0x00, 0x00, 0x09, 0xe8, 0x00, 0x00, 0x0a, 0x20,
  0x00, 0x00, 0x0a, 0x5a, 0x00, 0x00, 0x0a, 0x9e, 0x00, 0x00, 0x0b, 0xae,
  0x00, 0x00, 0x0c, 0x02, 0x00, 0x00, 0x0d, 0x28, 0x00, 0x00, 0x0e, 0x5e,
  0x00, 0x00, 0x0e, 0xf4, 0x00, 0x00, 0x10, 0x10, 0x00, 0x00, 0x11, 0x4e,
  0x00, 0x00, 0x11, 0xa0, 0x00, 0x00, 0x13, 0x0c, 0x00, 0x00, 0x14, 0x1e,
  0x00, 0x00, 0x14, 0x7a, 0x00, 0x00, 0x15, 0x10, 0x00, 0x00, 0x15, 0x60,
  0x00, 0x00, 0x15, 0xbc, 0x00, 0x00, 0x16, 0x0e, 0x00, 0x00, 0x16, 0xfc,
  0x00, 0x00, 0x18, 0xe6, 0x00, 0x00, 0x19, 0x54, 0x00, 0x00, 0x1a, 0x68,
  0x00, 0x00, 0x1b, 0x44, 0x00, 0x00, 0x1c, 0x02, 0x00, 0x00, 0x1c, 0x78,
  0x00, 0x00, 0x1c, 0xe0, 0x00, 0x00, 0x1d, 0xfe, 0x00, 0x00, 0x1e, 0x72,
  0x00, 0x00, 0x1e, 0xac, 0x00, 0x00, 0x1f, 0x38, 0x00, 0x00, 0x1f, 0xb4,
  0x00, 0x00, 0x1f, 0xfe, 0x00, 0x00, 0x20, 0x88, 0x00, 0x00, 0x20, 0xfc,
  0x00, 0x00, 0x21, 0xc4, 0x00, 0x00, 0x22, 0x7a, 0x00, 0x00, 0x23, 0x78,
  0x00, 0x00, 0x24, 0x56, 0x00, 0x00, 0x25, 0x9a, 0x00, 0x00, 0x25, 0xf2,
  0x00, 0x00, 0x26, 0xb6, 0x00, 0x00, 0x27, 0x08, 0x00, 0x00, 0x27, 0x84,
  0x00, 0x00, 0x27, 0xfa, 0x00, 0x00, 0x28, 0x54, 0x00, 0x00, 0x28, 0xc0,
  0x00, 0x00, 0x29, 0x1e, 0x00, 0x00, 0x29, 0x60, 0x00, 0x00, 0x29, 0xbe,
  0x00, 0x00, 0x2a, 0x0c, 0x00, 0x00, 0x2a, 0x42, 0x00, 0x00, 0x2a, 0x7e,
  0x00, 0x00, 0x2b, 0x84, 0x00, 0x00, 0x2c, 0x68, 0x00, 0x00, 0x2d, 0x26,
  0x00, 0x00, 0x2d, 0xfc, 0x00, 0x00, 0x2e, 0xce, 0x00, 0x00, 0x2f, 0x76,
  0x00, 0x00, 0x30, 0xbc, 0x00, 0x00, 0x31, 0x56, 0x00, 0x00, 0x31, 0xb2,
  0x00, 0x00, 0x32, 0x42, 0x00, 0x00, 0x32, 0xc0, 0x00, 0x00, 0x32, 0xfa,
  0x00, 0x00, 0x33, 0xfc, 0x00, 0x00, 0x34, 0x9c, 0x00, 0x00, 0x35, 0x54,
  0x00, 0x00, 0x36, 0x28, 0x00, 0x00, 0x36, 0xf6, 0x00, 0x00, 0x37, 0x86,
  0x00, 0x00, 0x38, 0x82, 0x00, 0x00, 0x39, 0x54, 0x00, 0x00, 0x39, 0xf8,
  0x00, 0x00, 0x3a, 0x46, 0x00, 0x00, 0x3a, 0xba, 0x00, 0x00, 0x3b, 0x38,
  0x00, 0x00, 0x3b, 0xc8, 0x00, 0x00, 0x3c, 0x30, 0x00, 0x00, 0x3d, 0x0a,
  0x00, 0x00, 0x3d, 0x46, 0x00, 0x00, 0x3e, 0x22, 0x00, 0x00, 0x3e, 0xae,
  0x00, 0x00, 0x3f, 0x24, 0x00, 0x00, 0x3f, 0xf0, 0x00, 0x00, 0x40, 0xc6,
  0x00, 0x00, 0x41, 0x44, 0x00, 0x00, 0x41, 0xb8, 0x00, 0x00, 0x42, 0x66,
  0x00, 0x00, 0x42, 0xb0, 0x00, 0x00, 0x44, 0xea, 0x00, 0x00, 0x45, 0x02,
  0x00, 0x00, 0x45, 0x5e, 0x00, 0x00, 0x46, 0x7e, 0x00, 0x00, 0x46, 0xf8,
  0x00, 0x00, 0x47, 0x6e, 0x00, 0x00, 0x48, 0x40, 0x00, 0x00, 0x49, 0x16,
  0x00, 0x00, 0x49, 0x5a, 0x00, 0x00, 0x49, 0x94, 0x00, 0x00, 0x49, 0xce,
  0x00, 0x00, 0x4a, 0x52, 0x00, 0x00, 0x4b, 0x26, 0x00, 0x00, 0x4b, 0x3e,
  0x00, 0x00, 0x4b, 0x84, 0x00, 0x00, 0x4c, 0xbc, 0x00, 0x00, 0x4c, 0xd4,
  0x00, 0x00, 0x4c, 0xd4, 0x00, 0x00, 0x4d, 0x38, 0x00, 0x00, 0x4e, 0x84,
  0x00, 0x00, 0x4f, 0x90, 0x00, 0x00, 0x50, 0xb0, 0x00, 0x00, 0x51, 0x6a,
  0x00, 0x00, 0x51, 0xc4, 0x00, 0x00, 0x53, 0x4a, 0x00, 0x00, 0x53, 0xac,
  0x00, 0x00, 0x55, 0x92, 0x00, 0x00, 0x56, 0x90, 0x00, 0x00, 0x57, 0x18,
  0x00, 0x00, 0x57, 0x64, 0x00, 0x00, 0x57, 0x9c, 0x00, 0x00, 0x59, 0x62,
  0x00, 0x00, 0x59, 0x9a, 0x00, 0x00, 0x5a, 0x34, 0x00, 0x00, 0x5a, 0xd4,
  0x00, 0x00, 0x5b, 0xb4, 0x00, 0x00, 0x5c, 0xcc, 0x00, 0x00, 0x5d, 0x08,
  0x00, 0x00, 0x5d, 0xb8, 0x00, 0x00, 0x5e, 0x40, 0x00, 0x00, 0x5e, 0x7a,
  0x00, 0x00, 0x5f, 0x0e, 0x00, 0x00, 0x5f, 0x6c, 0x00, 0x00, 0x60, 0x0a,
  0x00, 0x00, 0x60, 0xa0, 0x00, 0x00, 0x61, 0xae, 0x00, 0x00, 0x63, 0x02,
  0x00, 0x00, 0x64, 0xc0, 0x00, 0x00, 0x65, 0xa6, 0x00, 0x00, 0x65, 0xbe,
  0x00, 0x00, 0x65, 0xd6, 0x00, 0x00, 0x65, 0xee, 0x00, 0x00, 0x66, 0x06,
  0x00, 0x00, 0x66, 0x1e, 0x00, 0x00, 0x66, 0x36, 0x00, 0x00, 0x66, 0xe8,
  0x00, 0x00, 0x68, 0x30, 0x00, 0x00, 0x68, 0x48, 0x00, 0x00, 0x68, 0x60,
  0x00, 0x00, 0x68, 0x78, 0x00, 0x00, 0x68, 0x90, 0x00, 0x00, 0x68, 0xe8,
  0x00, 0x00, 0x69, 0x40, 0x00, 0x00, 0x69, 0xae, 0x00, 0x00, 0x6a, 0x36,
  0x00, 0x00, 0x6a, 0x4e, 0x00, 0x00, 0x6a, 0x66, 0x00, 0x00, 0x6a, 0x7e,
  0x00, 0x00, 0x6a, 0x96, 0x00, 0x00, 0x6a, 0xae, 0x00, 0x00, 0x6a, 0xc6,
  0x00, 0x00, 0x6a, 0xde, 0x00, 0x00, 0x6b, 0x68, 0x00, 0x00, 0x6c, 0x8a,
  0x00, 0x00, 0x6c, 0xa2, 0x00, 0x00, 0x6c, 0xba, 0x00, 0x00, 0x6c, 0xd2,
  0x00, 0x00, 0x6c, 0xea, 0x00, 0x00, 0x6d, 0x02, 0x00, 0x00, 0x6e, 0xb4,
  0x00, 0x00, 0x6f, 0xd8, 0x00, 0x00, 0x6f, 0xf0, 0x00, 0x00, 0x70, 0x08,
  0x00, 0x00, 0x70, 0x20, 0x00, 0x00, 0x70, 0x38, 0x00, 0x00, 0x70, 0x50,
  0x00, 0x00, 0x70, 0x68, 0x00, 0x00, 0x72, 0x02, 0x00, 0x00, 0x73, 0x3a,
  0x00, 0x00, 0x73, 0x52, 0x00, 0x00, 0x73, 0x6a, 0x00, 0x00, 0x73, 0x82,
  0x00, 0x00, 0x73, 0x9a, 0x00, 0x00, 0x74, 0x08, 0x00, 0x00, 0x74, 0x76,
  0x00, 0x00, 0x74, 0xf6, 0x00, 0x00, 0x75, 0x86, 0x00, 0x00, 0x75, 0x9e,
  0x00, 0x00, 0x75, 0xb6, 0x00, 0x00, 0x75, 0xce, 0x00, 0x00, 0x75, 0xe6,
  0x00, 0x00, 0x75, 0xfe, 0x00, 0x00, 0x76, 0x16, 0x00, 0x00, 0x76, 0x2e,
  0x00, 0x00, 0x76, 0xba, 0x00, 0x00, 0x77, 0xdc, 0x00, 0x00, 0x77, 0xf4,
  0x00, 0x00, 0x78, 0x0c, 0x00, 0x00, 0x78, 0x24, 0x00, 0x00, 0x78, 0x3c,
  0x00, 0x00, 0x78, 0x76, 0x00, 0x00, 0x79, 0xd2, 0x00, 0x00, 0x79, 0xea,
  0x00, 0x00, 0x7a, 0x44, 0x00, 0x00, 0x7a, 0x80, 0x00, 0x00, 0x7a, 0xba,
  0x00, 0x00, 0x7b, 0x58, 0x00, 0x00, 0x7b, 0xb6, 0x00, 0x00, 0x7c, 0x00,
  0x00, 0x00, 0x7c, 0x82, 0x00, 0x00, 0x7c, 0xee, 0x00, 0x00, 0x7d, 0x32,
  0x00, 0x00, 0x7d, 0xf8, 0x00, 0x00, 0x7e, 0xbe, 0x00, 0x00, 0x7e, 0xd6,
  0x00, 0x00, 0x7e, 0xec, 0x00, 0x00, 0x7f, 0x04, 0x00, 0x00, 0x7f, 0x1c,
  0x00, 0x00, 0x7f, 0x34, 0x00, 0x00, 0x7f, 0x4c, 0x00, 0x00, 0x80, 0x56,
  0x00, 0x00, 0x82, 0x08, 0x00, 0x00, 0x83, 0x64, 0x00, 0x00, 0x84, 0x54,
  0x00, 0x00, 0x84, 0x6c, 0x00, 0x00, 0x84, 0x84, 0x00, 0x00, 0x84, 0x9c,
  0x00, 0x00, 0x84, 0xd4, 0x00, 0x00, 0x85, 0x4c, 0x00, 0x00, 0x86, 0x14,
  0x00, 0x00, 0x86, 0xe2, 0x00, 0x00, 0x87, 0x38, 0x00, 0x00, 0x87, 0xec,
  0x00, 0x00, 0x88, 0x7c, 0x00, 0x00, 0x88, 0xb6, 0x00, 0x00, 0x89, 0x3c,
  0x00, 0x00, 0x8a, 0x2c, 0x00, 0x00, 0x8a, 0xfe, 0x00, 0x00, 0x8b, 0xe2,
  0x00, 0x00, 0x8c, 0x9a, 0x00, 0x00, 0x8d, 0x0a, 0x00, 0x00, 0x8d, 0x7a,
  0x00, 0x00, 0x8e, 0x56, 0x00, 0x00, 0x8f, 0x1a, 0x00, 0x00, 0x8f, 0x1a,
  0x00, 0x00, 0x8f, 0x1a, 0x00, 0x00, 0x8f, 0x1a, 0x00, 0x00, 0x8f, 0x1a,
  0x00, 0x00, 0x8f, 0x1a, 0x00, 0x00, 0x8f, 0x1a, 0x00, 0x00, 0x8f, 0x1a,
  0x00, 0x00, 0x8f, 0x1a, 0x00, 0x00, 0x8f, 0x1a, 0x00, 0x00, 0x8f, 0x1a,
  0x00, 0x00, 0x8f, 0x1a, 0x00, 0x00, 0x8f, 0x1a, 0x00, 0x00, 0x8f, 0x1a,
  0x00, 0x00, 0x8f, 0x1a, 0x00, 0x00, 0x8f, 0x1a, 0x00, 0x00, 0x8f, 0x1a,
  0x00, 0x00, 0x8f, 0x1a, 0x00, 0x00, 0x8f, 0x1a, 0x00, 0x00, 0x8f, 0x1a,
  0x00, 0x00, 0x8f, 0x1a, 0x00, 0x00, 0x8f, 0x1a, 0x00, 0x00, 0x8f, 0x1a,
  0x00, 0x00, 0x8f, 0x1a, 0x00, 0x00, 0x8f, 0x1a, 0x00, 0x00, 0x8f, 0x1a,
  0x00, 0x00, 0x8f, 0x1a, 0x00, 0x00, 0x8f, 0x1a, 0x00, 0x00, 0x8f, 0x1a,
  0x00, 0x00, 0x8f, 0x1a, 0x00, 0x00, 0x8f, 0x1a, 0x00, 0x00, 0x8f, 0x1a,
  0x00, 0x00, 0x8f, 0x1a, 0x00, 0x00, 0x8f, 0x54, 0x00, 0x00, 0x8f, 0xa2,
  0x00, 0x00, 0x8f, 0xde, 0x00, 0x00, 0x90, 0x2c, 0x00, 0x00, 0x90, 0x66,
  0x00, 0x00, 0x90, 0xa0, 0x00, 0x00, 0x91, 0x02, 0x00, 0x00, 0x91, 0x5e,
  0x00, 0x00, 0x91, 0xfc, 0x00, 0x00, 0x92, 0x8c, 0x00, 0x00, 0x92, 0x8c,
  0x00, 0x01, 0x00, 0x00, 0x01, 0x2e, 0x00, 0x98, 0x00, 0x07, 0x00, 0x5e,
  0x00, 0x04, 0x00, 0x02, 0x00, 0x08, 0x00, 0x40, 0x00, 0x0a, 0x00, 0x00,
  0x00, 0x66, 0x01, 0x9d, 0x00, 0x02, 0x00, 0x03, 0x00, 0x00, 0x00, 0x15,
  0x01, 0x02, 0x00, 0x00, 0x00, 0x00, 0x00, 0x00, 0x00, 0x00, 0x00, 0x46,
  0x00, 0x23, 0x00, 0x00, 0x00, 0x00, 0x00, 0x00, 0x00, 0x01, 0x00, 0x24,
  0x00, 0x7b, 0x00, 0x00, 0x00, 0x00, 0x00, 0x00, 0x00, 0x02, 0x00, 0x0e,
  0x00, 0xa6, 0x00, 0x00, 0x00, 0x00, 0x00, 0x00, 0x00, 0x03, 0x00, 0x3c,
  0x00, 0xd2, 0x00, 0x00, 0x00, 0x00, 0x00, 0x00, 0x00, 0x04, 0x00, 0x24,
  0x01, 0x20, 0x00, 0x00, 0x00, 0x00, 0x00, 0x00, 0x00, 0x05, 0x00, 0x1e,
  0x01, 0x53, 0x00, 0x00, 0x00, 0x00, 0x00, 0x00, 0x00, 0x06, 0x00, 0x2a,
  0x01, 0x86, 0x00, 0x01, 0x00, 0x00, 0x00, 0x00, 0x00, 0x00, 0x00, 0x23,
  0x00, 0x00, 0x00, 0x01, 0x00, 0x00, 0x00, 0x00, 0x00, 0x01, 0x00, 0x12,
  0x00, 0x69, 0x00, 0x01, 0x00, 0x00, 0x00, 0x00, 0x00, 0x02, 0x00, 0x07,
  0x00, 0x9f, 0x00, 0x01, 0x00, 0x00, 0x00, 0x00, 0x00, 0x03, 0x00, 0x1e,
  0x00, 0xb4, 0x00, 0x01, 0x00, 0x00, 0x00, 0x00, 0x00, 0x04, 0x00, 0x12,
  0x01, 0x0e, 0x00, 0x01, 0x00, 0x00, 0x00, 0x00, 0x00, 0x05, 0x00, 0x0f,
  0x01, 0x44, 0x00, 0x01, 0x00, 0x00, 0x00, 0x00, 0x00, 0x06, 0x00, 0x15,
  0x01, 0x71, 0x00, 0x03, 0x00, 0x00, 0x04, 0x09, 0x00, 0x00, 0x00, 0x46,
  0x00, 0x23, 0x00, 0x03, 0x00, 0x00, 0x04, 0x09, 0x00, 0x01, 0x00, 0x24,
  0x00, 0x7b, 0x00, 0x03, 0x00, 0x00, 0x04, 0x09, 0x00, 0x02, 0x00, 0x0e,
  0x00, 0xa6, 0x00, 0x03, 0x00, 0x00, 0x04, 0x09, 0x00, 0x03, 0x00, 0x3c,
  0x00, 0xd2, 0x00, 0x03, 0x00, 0x00, 0x04, 0x09, 0x00, 0x04, 0x00, 0x24,
  0x01, 0x20, 0x00, 0x03, 0x00, 0x00, 0x04, 0x09, 0x00, 0x05, 0x00, 0x1e,
  0x01, 0x53, 0x00, 0x03, 0x00, 0x00, 0x04, 0x09, 0x00, 0x06, 0x00, 0x2a,
  0x01, 0x86, 0x55, 0x52, 0x57, 0x20, 0x53, 0x6f, 0x66, 0x74, 0x77, 0x61,
  0x72, 0x65, 0x2c, 0x20, 0x43, 0x6f, 0x70, 0x79, 0x72, 0x69, 0x67, 0x68,
  0x74, 0x20, 0x31, 0x39, 0x39, 0x34, 0x20, 0x62, 0x79, 0x20, 0x55, 0x52,
  0x57, 0x00, 0x55, 0x00, 0x52, 0x00, 0x57, 0x00, 0x20, 0x00, 0x53, 0x00,
  0x6f, 0x00, 0x66, 0x00, 0x74, 0x00, 0x77, 0x00, 0x61, 0x00, 0x72, 0x00,
  0x65, 0x00, 0x2c, 0x00, 0x20, 0x00, 0x43, 0x00, 0x6f, 0x00, 0x70, 0x00,
  0x79, 0x00, 0x72, 0x00, 0x69, 0x00, 0x67, 0x00, 0x68, 0x00, 0x74, 0x00,
  0x20, 0x00, 0x31, 0x00, 0x39, 0x00, 0x39, 0x00, 0x34, 0x00, 0x20, 0x00,
  0x62, 0x00, 0x79, 0x00, 0x20, 0x00, 0x55, 0x00, 0x52, 0x00, 0x57, 0x4d,
  0x69, 0x63, 0x72, 0x6f, 0x67, 0x72, 0x61, 0x6d, 0x6d, 0x61, 0x44, 0x42,
  0x6f, 0x6c, 0x45, 0x78, 0x74, 0x00, 0x4d, 0x00, 0x69, 0x00, 0x63, 0x00,
  0x72, 0x00, 0x6f, 0x00, 0x67, 0x00, 0x72, 0x00, 0x61, 0x00, 0x6d, 0x00,
  0x6d, 0x00, 0x61, 0x00, 0x44, 0x00, 0x42, 0x00, 0x6f, 0x00, 0x6c, 0x00,
  0x45, 0x00, 0x78, 0x00, 0x74, 0x52, 0x65, 0x67, 0x75, 0x6c, 0x61, 0x72,
  0x00, 0x52, 0x00, 0x65, 0x00, 0x67, 0x00, 0x75, 0x00, 0x6c, 0x00, 0x61,
  0x00, 0x72, 0x55, 0x52, 0x57, 0x3a, 0x4d, 0x69, 0x63, 0x72, 0x6f, 0x67,
  0x72, 0x61, 0x6d, 0x6d, 0x61, 0x44, 0x2d, 0x42, 0x6f, 0x6c, 0x64, 0x45,
  0x78, 0x74, 0x65, 0x3a, 0x31, 0x39, 0x39, 0x34, 0x00, 0x55, 0x00, 0x52,
  0x00, 0x57, 0x00, 0x3a, 0x00, 0x4d, 0x00, 0x69, 0x00, 0x63, 0x00, 0x72,
  0x00, 0x6f, 0x00, 0x67, 0x00, 0x72, 0x00, 0x61, 0x00, 0x6d, 0x00, 0x6d,
  0x00, 0x61, 0x00, 0x44, 0x00, 0x2d, 0x00, 0x42, 0x00, 0x6f, 0x00, 0x6c,
  0x00, 0x64, 0x00, 0x45, 0x00, 0x78, 0x00, 0x74, 0x00, 0x65, 0x00, 0x3a,
  0x00, 0x31, 0x00, 0x39, 0x00, 0x39, 0x00, 0x34, 0x4d, 0x69, 0x63, 0x72,
  0x6f, 0x67, 0x72, 0x61, 0x6d, 0x6d, 0x61, 0x44, 0x42, 0x6f, 0x6c, 0x45,
  0x78, 0x74, 0x00, 0x4d, 0x00, 0x69, 0x00, 0x63, 0x00, 0x72, 0x00, 0x6f,
  0x00, 0x67, 0x00, 0x72, 0x00, 0x61, 0x00, 0x6d, 0x00, 0x6d, 0x00, 0x61,
  0x00, 0x44, 0x00, 0x42, 0x00, 0x6f, 0x00, 0x6c, 0x00, 0x45, 0x00, 0x78,
  0x00, 0x74, 0x56, 0x65, 0x72, 0x73, 0x69, 0x6f, 0x6e, 0x20, 0x30, 0x30,
  0x31, 0x2e, 0x30, 0x30, 0x35, 0x00, 0x56, 0x00, 0x65, 0x00, 0x72, 0x00,
  0x73, 0x00, 0x69, 0x00, 0x6f, 0x00, 0x6e, 0x00, 0x20, 0x00, 0x30, 0x00,
  0x30, 0x00, 0x31, 0x00, 0x2e, 0x00, 0x30, 0x00, 0x30, 0x00, 0x35, 0x4d,
  0x69, 0x63, 0x72, 0x6f, 0x67, 0x72, 0x61, 0x6d, 0x6d, 0x61, 0x44, 0x2d,
  0x42, 0x6f, 0x6c, 0x64, 0x45, 0x78, 0x74, 0x65, 0x00, 0x4d, 0x00, 0x69,
  0x00, 0x63, 0x00, 0x72, 0x00, 0x6f, 0x00, 0x67, 0x00, 0x72, 0x00, 0x61,
  0x00, 0x6d, 0x00, 0x6d, 0x00, 0x61, 0x00, 0x44, 0x00, 0x2d, 0x00, 0x42,
  0x00, 0x6f, 0x00, 0x6c, 0x00, 0x64, 0x00, 0x45, 0x00, 0x78, 0x00, 0x74,
  0x00, 0x65, 0x00, 0x00, 0x00, 0x03, 0x00, 0x00, 0x00, 0x00, 0x00, 0x00,
  0x00, 0x00, 0x00, 0x00, 0x00, 0x00, 0x00, 0x00, 0x00, 0x00, 0x00, 0x00,
  0x00, 0x00, 0x00, 0x00, 0x00, 0x00, 0x00, 0x00, 0x00, 0x00, 0x00, 0x00
};
unsigned int Microgramma_ttf_len = 41520;
