// Generated from NotoSans-Bold-subset.ttf -- do NOT edit by hand.
// Subset to Latin, Latin-1 Supplement, Latin Extended-A and the
// punctuation SubRip carries, which is 97%% smaller than the full face.
// See source/gfx/fonts/LICENSES.md for licence and provenance.
unsigned char NotoSans_Bold_ttf[] = {
  0x00, 0x01, 0x00, 0x00, 0x00, 0x0b, 0x00, 0x80, 0x00, 0x03, 0x00, 0x30, 0x4f, 0x53, 0x2f, 0x32,
  0x6b, 0x1a, 0x01, 0x47, 0x00, 0x00, 0x4e, 0x70, 0x00, 0x00, 0x00, 0x60, 0x63, 0x6d, 0x61, 0x70,
  0x4a, 0xf3, 0x69, 0x3c, 0x00, 0x00, 0x4e, 0xd0, 0x00, 0x00, 0x00, 0x84, 0x67, 0x61, 0x73, 0x70,
  0x00, 0x00, 0x00, 0x10, 0x00, 0x00, 0x51, 0x58, 0x00, 0x00, 0x00, 0x08, 0x67, 0x6c, 0x79, 0x66,
  0xd4, 0xb0, 0x8b, 0xc2, 0x00, 0x00, 0x00, 0xbc, 0x00, 0x00, 0x45, 0x3a, 0x68, 0x65, 0x61, 0x64,
  0x28, 0x6e, 0xdc, 0x4a, 0x00, 0x00, 0x48, 0xc4, 0x00, 0x00, 0x00, 0x36, 0x68, 0x68, 0x65, 0x61,
  0x0c, 0x9d, 0x0c, 0xbb, 0x00, 0x00, 0x4e, 0x4c, 0x00, 0x00, 0x00, 0x24, 0x68, 0x6d, 0x74, 0x78,
  0xf9, 0x34, 0x3a, 0x0d, 0x00, 0x00, 0x48, 0xfc, 0x00, 0x00, 0x05, 0x50, 0x6c, 0x6f, 0x63, 0x61,
  0x74, 0x59, 0x63, 0x74, 0x00, 0x00, 0x46, 0x18, 0x00, 0x00, 0x02, 0xaa, 0x6d, 0x61, 0x78, 0x70,
  0x01, 0x77, 0x01, 0x3b, 0x00, 0x00, 0x45, 0xf8, 0x00, 0x00, 0x00, 0x20, 0x6e, 0x61, 0x6d, 0x65,
  0x27, 0x83, 0x40, 0x7b, 0x00, 0x00, 0x4f, 0x54, 0x00, 0x00, 0x01, 0xe4, 0x70, 0x6f, 0x73, 0x74,
  0xff, 0x9f, 0x00, 0x32, 0x00, 0x00, 0x51, 0x38, 0x00, 0x00, 0x00, 0x20, 0x00, 0x02, 0x00, 0x36,
  0xff, 0xf3, 0x00, 0xe3, 0x02, 0xca, 0x00, 0x03, 0x00, 0x0f, 0x00, 0x00, 0x37, 0x23, 0x03, 0x33,
  0x03, 0x34, 0x36, 0x33, 0x32, 0x16, 0x15, 0x14, 0x06, 0x23, 0x22, 0x26, 0xc9, 0x78, 0x19, 0xaa,
  0xac, 0x33, 0x24, 0x23, 0x33, 0x33, 0x23, 0x24, 0x33, 0xe8, 0x01, 0xe2, 0xfd, 0x7c, 0x2e, 0x26,
  0x26, 0x2e, 0x2c, 0x27, 0x27, 0x00, 0x00, 0x02, 0x00, 0x3d, 0x01, 0xc8, 0x01, 0xa1, 0x02, 0xca,
  0x00, 0x03, 0x00, 0x07, 0x00, 0x00, 0x13, 0x03, 0x23, 0x03, 0x21, 0x03, 0x23, 0x03, 0xcd, 0x14,
  0x68, 0x14, 0x01, 0x64, 0x14, 0x67, 0x14, 0x02, 0xca, 0xfe, 0xfe, 0x01, 0x02, 0xfe, 0xfe, 0x01,
  0x02, 0x00, 0x00, 0x02, 0x00, 0x16, 0x00, 0x00, 0x02, 0x70, 0x02, 0xc9, 0x00, 0x1b, 0x00, 0x1f,
  0x00, 0x00, 0x01, 0x07, 0x33, 0x15, 0x23, 0x07, 0x23, 0x37, 0x23, 0x07, 0x23, 0x37, 0x23, 0x35,
  0x33, 0x37, 0x23, 0x35, 0x33, 0x37, 0x33, 0x07, 0x33, 0x37, 0x33, 0x07, 0x33, 0x15, 0x05, 0x33,
  0x37, 0x23, 0x01, 0xe8, 0x17, 0x7e, 0x91, 0x26, 0x6b, 0x26, 0x5f, 0x25, 0x69, 0x24, 0x74, 0x87,
  0x17, 0x7b, 0x8d, 0x26, 0x6b, 0x26, 0x61, 0x26, 0x69, 0x26, 0x75, 0xfe, 0x97, 0x60, 0x17, 0x60,
  0x01, 0x9c, 0x71, 0x65, 0xc6, 0xc6, 0xc6, 0xc6, 0x65, 0x71, 0x66, 0xc7, 0xc7, 0xc7, 0xc7, 0x66,
  0x71, 0x71, 0x00, 0x03, 0x00, 0x2b, 0xff, 0xc6, 0x02, 0x15, 0x02, 0xf7, 0x00, 0x22, 0x00, 0x28,
  0x00, 0x2e, 0x00, 0x00, 0x37, 0x26, 0x26, 0x27, 0x35, 0x16, 0x16, 0x17, 0x35, 0x2e, 0x02, 0x35,
  0x34, 0x36, 0x37, 0x35, 0x33, 0x15, 0x16, 0x17, 0x07, 0x26, 0x26, 0x27, 0x15, 0x1e, 0x02, 0x15,
  0x14, 0x06, 0x07, 0x15, 0x23, 0x11, 0x06, 0x15, 0x14, 0x16, 0x17, 0x13, 0x36, 0x35, 0x34, 0x26,
  0x27, 0xfd, 0x41, 0x66, 0x2a, 0x29, 0x74, 0x34, 0x4d, 0x5d, 0x28, 0x75, 0x5d, 0x43, 0x6f, 0x5b,
  0x2e, 0x28, 0x51, 0x23, 0x36, 0x62, 0x3d, 0x6a, 0x6b, 0x43, 0x3f, 0x1e, 0x21, 0x43, 0x42, 0x21,
  0x21, 0x28, 0x02, 0x15, 0x13, 0x81, 0x14, 0x21, 0x03, 0x97, 0x1e, 0x39, 0x46, 0x31, 0x4b, 0x59,
  0x08, 0x4b, 0x49, 0x04, 0x29, 0x72, 0x11, 0x12, 0x03, 0x90, 0x14, 0x2f, 0x48, 0x3b, 0x49, 0x62,
  0x0a, 0x64, 0x02, 0x6d, 0x09, 0x2a, 0x15, 0x1c, 0x0f, 0xfe, 0xde, 0x0c, 0x2e, 0x14, 0x1d, 0x0f,
  0x00, 0x05, 0x00, 0x1e, 0xff, 0xf7, 0x03, 0x68, 0x02, 0xd4, 0x00, 0x0b, 0x00, 0x0f, 0x00, 0x1b,
  0x00, 0x27, 0x00, 0x33, 0x00, 0x00, 0x13, 0x32, 0x16, 0x15, 0x14, 0x06, 0x23, 0x22, 0x26, 0x35,
  0x34, 0x36, 0x05, 0x01, 0x23, 0x01, 0x05, 0x22, 0x06, 0x15, 0x14, 0x16, 0x33, 0x32, 0x36, 0x35,
  0x34, 0x26, 0x05, 0x32, 0x16, 0x15, 0x14, 0x06, 0x23, 0x22, 0x26, 0x35, 0x34, 0x36, 0x17, 0x22,
  0x06, 0x15, 0x14, 0x16, 0x33, 0x32, 0x36, 0x35, 0x34, 0x26, 0xc6, 0x50, 0x5c, 0x56, 0x56, 0x4e,
  0x5a, 0x55, 0x02, 0x50, 0xfe, 0x74, 0x77, 0x01, 0x8c, 0xfe, 0x7b, 0x1b, 0x18, 0x18, 0x1b, 0x1c,
  0x19, 0x19, 0x01, 0xd9, 0x4f, 0x5d, 0x57, 0x55, 0x4e, 0x5a, 0x55, 0x54, 0x1c, 0x17, 0x17, 0x1c,
  0x1c, 0x19, 0x19, 0x02, 0xd4, 0x75, 0x6a, 0x6a, 0x77, 0x77, 0x6a, 0x6a, 0x75, 0x0a, 0xfd, 0x36,
  0x02, 0xca, 0x57, 0x42, 0x3d, 0x3d, 0x43, 0x42, 0x3e, 0x3d, 0x42, 0xbc, 0x75, 0x6a, 0x6a, 0x77,
  0x77, 0x6a, 0x6a, 0x75, 0x61, 0x42, 0x3d, 0x3d, 0x43, 0x42, 0x3e, 0x3e, 0x41, 0x00, 0x00, 0x03,
  0x00, 0x28, 0xff, 0xf6, 0x02, 0xee, 0x02, 0xd4, 0x00, 0x21, 0x00, 0x2d, 0x00, 0x37, 0x00, 0x00,
  0x01, 0x32, 0x16, 0x16, 0x15, 0x14, 0x06, 0x07, 0x17, 0x36, 0x36, 0x37, 0x33, 0x06, 0x06, 0x07,
  0x17, 0x23, 0x27, 0x06, 0x06, 0x23, 0x22, 0x26, 0x35, 0x34, 0x36, 0x37, 0x26, 0x26, 0x35, 0x34,
  0x36, 0x36, 0x17, 0x22, 0x06, 0x15, 0x14, 0x16, 0x17, 0x36, 0x36, 0x35, 0x34, 0x26, 0x03, 0x06,
  0x06, 0x15, 0x14, 0x16, 0x33, 0x32, 0x36, 0x37, 0x01, 0x36, 0x3a, 0x5a, 0x34, 0x52, 0x3d, 0x8b,
  0x14, 0x1e, 0x0a, 0x9b, 0x0f, 0x3a, 0x2d, 0x93, 0xb8, 0x38, 0x2b, 0x6a, 0x3e, 0x7a, 0x89, 0x46,
  0x3d, 0x27, 0x1f, 0x35, 0x5f, 0x3c, 0x19, 0x2d, 0x19, 0x15, 0x2a, 0x2d, 0x28, 0x4a, 0x1c, 0x21,
  0x40, 0x30, 0x20, 0x38, 0x17, 0x02, 0xd4, 0x24, 0x45, 0x32, 0x45, 0x5e, 0x23, 0x87, 0x22, 0x4b,
  0x26, 0x38, 0x80, 0x38, 0x8f, 0x37, 0x1e, 0x23, 0x70, 0x5b, 0x4c, 0x5b, 0x23, 0x2d, 0x4c, 0x2b,
  0x33, 0x4a, 0x28, 0x73, 0x19, 0x23, 0x19, 0x2e, 0x18, 0x17, 0x2e, 0x1e, 0x1e, 0x1a, 0xfe, 0xd1,
  0x15, 0x2f, 0x1f, 0x2b, 0x31, 0x10, 0x0e, 0x00, 0x00, 0x01, 0x00, 0x3d, 0x01, 0xc8, 0x00, 0xcd,
  0x02, 0xca, 0x00, 0x03, 0x00, 0x00, 0x13, 0x03, 0x23, 0x03, 0xcd, 0x14, 0x68, 0x14, 0x02, 0xca,
  0xfe, 0xfe, 0x01, 0x02, 0x00, 0x01, 0x00, 0x28, 0xff, 0x62, 0x01, 0x35, 0x02, 0xca, 0x00, 0x0d,
  0x00, 0x00, 0x13, 0x34, 0x36, 0x37, 0x33, 0x06, 0x06, 0x15, 0x14, 0x16, 0x17, 0x23, 0x26, 0x26,
  0x28, 0x47, 0x4c, 0x7a, 0x44, 0x47, 0x47, 0x43, 0x79, 0x4c, 0x47, 0x01, 0x12, 0x7a, 0xe3, 0x5b,
  0x5e, 0xe2, 0x77, 0x74, 0xe1, 0x5c, 0x58, 0xdf, 0x00, 0x01, 0x00, 0x1e, 0xff, 0x62, 0x01, 0x2b,
  0x02, 0xca, 0x00, 0x0d, 0x00, 0x00, 0x01, 0x14, 0x06, 0x07, 0x23, 0x36, 0x36, 0x35, 0x34, 0x26,
  0x27, 0x33, 0x16, 0x16, 0x01, 0x2b, 0x47, 0x4c, 0x79, 0x44, 0x46, 0x47, 0x44, 0x7a, 0x4c, 0x47,
  0x01, 0x12, 0x79, 0xdf, 0x58, 0x5c, 0xe1, 0x74, 0x77, 0xe2, 0x5e, 0x5b, 0xe3, 0x00, 0x00, 0x01,
  0x00, 0x1d, 0x01, 0x24, 0x02, 0x01, 0x02, 0xf8, 0x00, 0x0e, 0x00, 0x00, 0x01, 0x07, 0x37, 0x17,
  0x07, 0x17, 0x07, 0x27, 0x07, 0x27, 0x37, 0x27, 0x37, 0x17, 0x27, 0x01, 0x4f, 0x14, 0xb5, 0x11,
  0xa5, 0x6c, 0x6f, 0x4c, 0x43, 0x74, 0x6c, 0xa5, 0x13, 0xb2, 0x14, 0x02, 0xf8, 0xb4, 0x33, 0x7c,
  0x0c, 0x90, 0x3b, 0x98, 0x98, 0x3b, 0x90, 0x0e, 0x7a, 0x33, 0xb4, 0x00, 0x00, 0x01, 0x00, 0x2b,
  0x00, 0x6f, 0x02, 0x10, 0x02, 0x54, 0x00, 0x0b, 0x00, 0x00, 0x01, 0x33, 0x15, 0x23, 0x15, 0x23,
  0x35, 0x23, 0x35, 0x33, 0x35, 0x33, 0x01, 0x53, 0xbd, 0xbd, 0x6b, 0xbd, 0xbd, 0x6b, 0x01, 0x96,
  0x6b, 0xbc, 0xbc, 0x6b, 0xbe, 0x00, 0x00, 0x01, 0x00, 0x1f, 0xff, 0x7f, 0x00, 0xe0, 0x00, 0x74,
  0x00, 0x08, 0x00, 0x00, 0x37, 0x06, 0x06, 0x07, 0x23, 0x36, 0x36, 0x37, 0x33, 0xe0, 0x0d, 0x30,
  0x19, 0x6b, 0x0e, 0x1c, 0x07, 0x89, 0x69, 0x35, 0x7e, 0x37, 0x3b, 0x86, 0x34, 0x00, 0x00, 0x01,
  0x00, 0x1c, 0x00, 0xce, 0x01, 0x23, 0x01, 0x4a, 0x00, 0x03, 0x00, 0x00, 0x37, 0x35, 0x21, 0x15,
  0x1c, 0x01, 0x07, 0xce, 0x7c, 0x7c, 0x00, 0x01, 0x00, 0x36, 0xff, 0xf3, 0x00, 0xe3, 0x00, 0x9a,
  0x00, 0x0b, 0x00, 0x00, 0x37, 0x34, 0x36, 0x33, 0x32, 0x16, 0x15, 0x14, 0x06, 0x23, 0x22, 0x26,
  0x36, 0x33, 0x24, 0x23, 0x33, 0x33, 0x23, 0x24, 0x33, 0x46, 0x2e, 0x26, 0x26, 0x2e, 0x2c, 0x27,
  0x27, 0x00, 0x00, 0x01, 0x00, 0x07, 0xff, 0xfa, 0x01, 0x9a, 0x02, 0xd0, 0x00, 0x03, 0x00, 0x00,
  0x01, 0x01, 0x23, 0x01, 0x01, 0x9a, 0xfe, 0xf6, 0x89, 0x01, 0x0a, 0x02, 0xd0, 0xfd, 0x2a, 0x02,
  0xd6, 0x00, 0x00, 0x02, 0x00, 0x24, 0xff, 0xf6, 0x02, 0x17, 0x02, 0xd5, 0x00, 0x0d, 0x00, 0x19,
  0x00, 0x00, 0x01, 0x14, 0x06, 0x06, 0x23, 0x22, 0x26, 0x35, 0x34, 0x36, 0x36, 0x33, 0x32, 0x16,
  0x05, 0x14, 0x16, 0x33, 0x32, 0x36, 0x35, 0x34, 0x26, 0x23, 0x22, 0x06, 0x02, 0x17, 0x31, 0x6d,
  0x5c, 0x81, 0x78, 0x30, 0x6e, 0x5b, 0x80, 0x7a, 0xfe, 0xa3, 0x2a, 0x39, 0x38, 0x2c, 0x2c, 0x38,
  0x39, 0x2a, 0x01, 0x65, 0x73, 0xa4, 0x58, 0xc3, 0xac, 0x74, 0xa4, 0x58, 0xc2, 0xae, 0x7a, 0x7b,
  0x7a, 0x7b, 0x7a, 0x7c, 0x7c, 0x00, 0x00, 0x01, 0x00, 0x3b, 0x00, 0x00, 0x01, 0x9d, 0x02, 0xca,
  0x00, 0x0c, 0x00, 0x00, 0x21, 0x23, 0x11, 0x34, 0x36, 0x37, 0x06, 0x06, 0x07, 0x07, 0x27, 0x37,
  0x33, 0x01, 0x9d, 0x97, 0x03, 0x01, 0x05, 0x21, 0x0e, 0x52, 0x49, 0xe6, 0x7c, 0x01, 0x9d, 0x1a,
  0x54, 0x20, 0x06, 0x1f, 0x0c, 0x42, 0x5b, 0xb7, 0x00, 0x01, 0x00, 0x26, 0x00, 0x00, 0x02, 0x1b,
  0x02, 0xd4, 0x00, 0x1d, 0x00, 0x00, 0x21, 0x21, 0x35, 0x37, 0x3e, 0x02, 0x35, 0x34, 0x26, 0x23,
  0x22, 0x06, 0x07, 0x27, 0x3e, 0x02, 0x33, 0x32, 0x16, 0x16, 0x15, 0x14, 0x06, 0x06, 0x07, 0x07,
  0x15, 0x21, 0x02, 0x1b, 0xfe, 0x0d, 0xb3, 0x36, 0x42, 0x1e, 0x2f, 0x28, 0x29, 0x4e, 0x2b, 0x52,
  0x1f, 0x45, 0x5b, 0x40, 0x46, 0x65, 0x37, 0x2f, 0x59, 0x3f, 0x5c, 0x01, 0x37, 0x69, 0xb5, 0x38,
  0x4b, 0x3d, 0x23, 0x2b, 0x2a, 0x26, 0x23, 0x61, 0x1b, 0x2e, 0x1d, 0x33, 0x57, 0x37, 0x3b, 0x62,
  0x60, 0x3a, 0x56, 0x07, 0x00, 0x01, 0x00, 0x26, 0xff, 0xf6, 0x02, 0x14, 0x02, 0xd4, 0x00, 0x2b,
  0x00, 0x00, 0x01, 0x14, 0x06, 0x07, 0x15, 0x16, 0x16, 0x15, 0x14, 0x06, 0x06, 0x23, 0x22, 0x27,
  0x35, 0x16, 0x16, 0x33, 0x32, 0x36, 0x35, 0x34, 0x26, 0x26, 0x23, 0x23, 0x35, 0x33, 0x32, 0x36,
  0x36, 0x35, 0x34, 0x26, 0x23, 0x22, 0x06, 0x07, 0x27, 0x36, 0x36, 0x33, 0x32, 0x16, 0x01, 0xff,
  0x59, 0x41, 0x56, 0x59, 0x3d, 0x7f, 0x64, 0x74, 0x5a, 0x2e, 0x65, 0x2b, 0x51, 0x41, 0x1e, 0x4b,
  0x43, 0x36, 0x37, 0x42, 0x45, 0x19, 0x2f, 0x37, 0x33, 0x4b, 0x1a, 0x46, 0x2a, 0x71, 0x4e, 0x6e,
  0x81, 0x02, 0x2a, 0x4a, 0x58, 0x10, 0x03, 0x0a, 0x54, 0x47, 0x3e, 0x63, 0x39, 0x27, 0x80, 0x17,
  0x18, 0x38, 0x33, 0x1e, 0x29, 0x15, 0x74, 0x19, 0x2b, 0x1c, 0x26, 0x2b, 0x23, 0x11, 0x68, 0x1e,
  0x28, 0x59, 0x00, 0x02, 0x00, 0x11, 0x00, 0x00, 0x02, 0x2b, 0x02, 0xca, 0x00, 0x0a, 0x00, 0x15,
  0x00, 0x00, 0x25, 0x23, 0x15, 0x23, 0x35, 0x21, 0x35, 0x01, 0x33, 0x11, 0x33, 0x27, 0x34, 0x36,
  0x36, 0x37, 0x23, 0x06, 0x06, 0x07, 0x07, 0x33, 0x02, 0x2b, 0x56, 0x93, 0xfe, 0xcf, 0x01, 0x39,
  0x8b, 0x56, 0xe9, 0x02, 0x03, 0x01, 0x04, 0x09, 0x14, 0x0e, 0x83, 0xac, 0x94, 0x94, 0x94, 0x69,
  0x01, 0xcd, 0xfe, 0x3f, 0x79, 0x17, 0x42, 0x39, 0x09, 0x14, 0x26, 0x14, 0xc6, 0x00, 0x00, 0x01,
  0x00, 0x31, 0xff, 0xf6, 0x02, 0x0e, 0x02, 0xca, 0x00, 0x1e, 0x00, 0x00, 0x01, 0x32, 0x16, 0x16,
  0x15, 0x14, 0x06, 0x23, 0x22, 0x26, 0x27, 0x35, 0x16, 0x16, 0x33, 0x32, 0x36, 0x35, 0x34, 0x23,
  0x22, 0x06, 0x07, 0x27, 0x13, 0x21, 0x15, 0x23, 0x07, 0x36, 0x36, 0x01, 0x2c, 0x41, 0x66, 0x3b,
  0x90, 0x8d, 0x38, 0x63, 0x25, 0x25, 0x68, 0x2e, 0x43, 0x47, 0x8f, 0x1c, 0x3c, 0x14, 0x3c, 0x1b,
  0x01, 0x83, 0xff, 0x0d, 0x11, 0x27, 0x01, 0xc8, 0x32, 0x60, 0x47, 0x74, 0x85, 0x14, 0x13, 0x82,
  0x13, 0x1b, 0x37, 0x3a, 0x6c, 0x0b, 0x05, 0x20, 0x01, 0x6c, 0x80, 0x8c, 0x03, 0x07, 0x00, 0x02,
  0x00, 0x23, 0xff, 0xf6, 0x02, 0x1b, 0x02, 0xd2, 0x00, 0x1e, 0x00, 0x2c, 0x00, 0x00, 0x13, 0x34,
  0x3e, 0x03, 0x33, 0x32, 0x16, 0x17, 0x15, 0x26, 0x26, 0x23, 0x22, 0x06, 0x06, 0x07, 0x33, 0x36,
  0x36, 0x33, 0x32, 0x16, 0x15, 0x14, 0x06, 0x23, 0x22, 0x26, 0x26, 0x05, 0x32, 0x36, 0x35, 0x34,
  0x26, 0x23, 0x22, 0x06, 0x06, 0x15, 0x14, 0x16, 0x16, 0x23, 0x12, 0x2d, 0x51, 0x7d, 0x59, 0x15,
  0x38, 0x13, 0x13, 0x2d, 0x16, 0x59, 0x61, 0x28, 0x03, 0x06, 0x14, 0x4b, 0x3c, 0x5e, 0x6e, 0x83,
  0x70, 0x49, 0x76, 0x46, 0x01, 0x02, 0x2c, 0x38, 0x30, 0x31, 0x21, 0x32, 0x1c, 0x18, 0x31, 0x01,
  0x2f, 0x3e, 0x78, 0x6b, 0x53, 0x2f, 0x03, 0x04, 0x79, 0x05, 0x05, 0x38, 0x65, 0x42, 0x23, 0x30,
  0x76, 0x6c, 0x74, 0x84, 0x43, 0x8b, 0x55, 0x3d, 0x40, 0x34, 0x3c, 0x1d, 0x2e, 0x18, 0x21, 0x3f,
  0x2a, 0x00, 0x00, 0x01, 0x00, 0x1b, 0x00, 0x00, 0x02, 0x1b, 0x02, 0xca, 0x00, 0x06, 0x00, 0x00,
  0x33, 0x01, 0x21, 0x35, 0x21, 0x15, 0x01, 0x6f, 0x01, 0x0c, 0xfe, 0xa0, 0x02, 0x00, 0xfe, 0xf2,
  0x02, 0x4b, 0x7f, 0x5f, 0xfd, 0x95, 0x00, 0x03, 0x00, 0x23, 0xff, 0xf6, 0x02, 0x18, 0x02, 0xd3,
  0x00, 0x1b, 0x00, 0x27, 0x00, 0x35, 0x00, 0x00, 0x01, 0x32, 0x16, 0x16, 0x15, 0x14, 0x06, 0x07,
  0x1e, 0x02, 0x15, 0x14, 0x06, 0x06, 0x23, 0x22, 0x26, 0x35, 0x34, 0x36, 0x37, 0x26, 0x26, 0x35,
  0x34, 0x36, 0x36, 0x17, 0x22, 0x06, 0x15, 0x14, 0x16, 0x17, 0x36, 0x36, 0x35, 0x34, 0x26, 0x03,
  0x14, 0x16, 0x33, 0x32, 0x36, 0x35, 0x34, 0x26, 0x26, 0x27, 0x27, 0x06, 0x06, 0x01, 0x1e, 0x3e,
  0x67, 0x3f, 0x49, 0x37, 0x26, 0x45, 0x2b, 0x3f, 0x71, 0x4a, 0x78, 0x83, 0x50, 0x39, 0x30, 0x43,
  0x40, 0x69, 0x3b, 0x25, 0x31, 0x34, 0x23, 0x22, 0x34, 0x31, 0x94, 0x37, 0x36, 0x38, 0x38, 0x20,
  0x2f, 0x19, 0x0d, 0x2e, 0x3a, 0x02, 0xd3, 0x26, 0x4c, 0x3a, 0x40, 0x53, 0x1b, 0x14, 0x35, 0x47,
  0x30, 0x3b, 0x58, 0x30, 0x66, 0x59, 0x4a, 0x5a, 0x1c, 0x1e, 0x55, 0x40, 0x39, 0x4c, 0x26, 0x6e,
  0x26, 0x23, 0x25, 0x2e, 0x11, 0x10, 0x2d, 0x27, 0x23, 0x26, 0xfe, 0x59, 0x27, 0x32, 0x30, 0x28,
  0x1b, 0x29, 0x21, 0x0e, 0x07, 0x16, 0x3a, 0x00, 0x00, 0x02, 0x00, 0x20, 0xff, 0xf6, 0x02, 0x18,
  0x02, 0xd2, 0x00, 0x1e, 0x00, 0x2c, 0x00, 0x00, 0x01, 0x14, 0x0e, 0x03, 0x23, 0x22, 0x26, 0x27,
  0x35, 0x16, 0x16, 0x33, 0x32, 0x36, 0x36, 0x37, 0x23, 0x06, 0x06, 0x23, 0x22, 0x26, 0x35, 0x34,
  0x36, 0x33, 0x32, 0x16, 0x16, 0x25, 0x22, 0x06, 0x15, 0x14, 0x16, 0x33, 0x32, 0x36, 0x36, 0x35,
  0x34, 0x26, 0x26, 0x02, 0x18, 0x12, 0x2d, 0x51, 0x7d, 0x59, 0x15, 0x38, 0x13, 0x14, 0x2c, 0x16,
  0x59, 0x61, 0x28, 0x03, 0x06, 0x15, 0x45, 0x44, 0x5b, 0x6e, 0x83, 0x70, 0x49, 0x76, 0x46, 0xfe,
  0xfe, 0x2c, 0x38, 0x30, 0x31, 0x22, 0x31, 0x1c, 0x18, 0x30, 0x01, 0x99, 0x3d, 0x79, 0x6b, 0x53,
  0x2f, 0x03, 0x04, 0x79, 0x04, 0x06, 0x39, 0x64, 0x42, 0x23, 0x30, 0x76, 0x6c, 0x74, 0x84, 0x43,
  0x8b, 0x55, 0x3c, 0x41, 0x34, 0x3c, 0x1e, 0x2d, 0x18, 0x21, 0x40, 0x29, 0x00, 0x02, 0x00, 0x36,
  0xff, 0xf3, 0x00, 0xe3, 0x02, 0x2c, 0x00, 0x0b, 0x00, 0x17, 0x00, 0x00, 0x13, 0x34, 0x36, 0x33,
  0x32, 0x16, 0x15, 0x14, 0x06, 0x23, 0x22, 0x26, 0x11, 0x34, 0x36, 0x33, 0x32, 0x16, 0x15, 0x14,
  0x06, 0x23, 0x22, 0x26, 0x36, 0x33, 0x24, 0x23, 0x33, 0x33, 0x23, 0x24, 0x33, 0x33, 0x24, 0x23,
  0x33, 0x33, 0x23, 0x24, 0x33, 0x01, 0xd9, 0x2e, 0x25, 0x25, 0x2e, 0x2d, 0x27, 0x27, 0xfe, 0x9a,
  0x2e, 0x26, 0x26, 0x2e, 0x2c, 0x27, 0x27, 0x00, 0x00, 0x02, 0x00, 0x1f, 0xff, 0x7f, 0x00, 0xe4,
  0x02, 0x2c, 0x00, 0x0b, 0x00, 0x14, 0x00, 0x00, 0x13, 0x34, 0x36, 0x33, 0x32, 0x16, 0x15, 0x14,
  0x06, 0x23, 0x22, 0x26, 0x13, 0x06, 0x06, 0x07, 0x23, 0x36, 0x36, 0x37, 0x33, 0x39, 0x32, 0x24,
  0x23, 0x32, 0x32, 0x23, 0x24, 0x32, 0xa7, 0x0d, 0x30, 0x19, 0x6b, 0x0e, 0x1c, 0x07, 0x89, 0x01,
  0xd9, 0x2e, 0x25, 0x25, 0x2e, 0x2c, 0x27, 0x27, 0xfe, 0xbc, 0x35, 0x7e, 0x37, 0x3b, 0x86, 0x34,
  0x00, 0x01, 0x00, 0x2b, 0x00, 0x63, 0x02, 0x10, 0x02, 0x71, 0x00, 0x06, 0x00, 0x00, 0x25, 0x25,
  0x35, 0x25, 0x15, 0x05, 0x05, 0x02, 0x10, 0xfe, 0x1b, 0x01, 0xe5, 0xfe, 0xb2, 0x01, 0x4e, 0x63,
  0xd6, 0x46, 0xf2, 0x75, 0x9b, 0x89, 0x00, 0x02, 0x00, 0x2b, 0x00, 0xcc, 0x02, 0x10, 0x01, 0xf4,
  0x00, 0x03, 0x00, 0x07, 0x00, 0x00, 0x13, 0x35, 0x21, 0x15, 0x05, 0x35, 0x21, 0x15, 0x2b, 0x01,
  0xe5, 0xfe, 0x1b, 0x01, 0xe5, 0x01, 0x8a, 0x6a, 0x6a, 0xbe, 0x6b, 0x6b, 0x00, 0x01, 0x00, 0x2b,
  0x00, 0x63, 0x02, 0x10, 0x02, 0x71, 0x00, 0x06, 0x00, 0x00, 0x37, 0x25, 0x25, 0x35, 0x05, 0x15,
  0x05, 0x2b, 0x01, 0x4e, 0xfe, 0xb2, 0x01, 0xe5, 0xfe, 0x1b, 0xd8, 0x89, 0x9b, 0x75, 0xf2, 0x46,
  0xd6, 0x00, 0x00, 0x02, 0x00, 0x05, 0xff, 0xf3, 0x01, 0xc8, 0x02, 0xd4, 0x00, 0x1d, 0x00, 0x29,
  0x00, 0x00, 0x13, 0x34, 0x36, 0x37, 0x3e, 0x02, 0x35, 0x34, 0x26, 0x23, 0x22, 0x06, 0x07, 0x27,
  0x36, 0x36, 0x33, 0x32, 0x16, 0x15, 0x14, 0x06, 0x07, 0x0e, 0x02, 0x15, 0x15, 0x23, 0x07, 0x34,
  0x36, 0x33, 0x32, 0x16, 0x15, 0x14, 0x06, 0x23, 0x22, 0x26, 0x8e, 0x24, 0x33, 0x24, 0x24, 0x0d,
  0x2f, 0x29, 0x2a, 0x53, 0x2b, 0x35, 0x31, 0x72, 0x44, 0x69, 0x73, 0x3a, 0x3b, 0x1f, 0x22, 0x0d,
  0x77, 0x15, 0x32, 0x25, 0x22, 0x33, 0x33, 0x22, 0x25, 0x32, 0x01, 0x0c, 0x32, 0x45, 0x24, 0x19,
  0x24, 0x21, 0x14, 0x1f, 0x22, 0x1a, 0x16, 0x6d, 0x1b, 0x22, 0x60, 0x51, 0x3d, 0x54, 0x2a, 0x16,
  0x21, 0x1e, 0x15, 0x16, 0xa2, 0x2e, 0x26, 0x26, 0x2e, 0x2c, 0x27, 0x27, 0x00, 0x02, 0x00, 0x2f,
  0xff, 0xb0, 0x03, 0x53, 0x02, 0xcf, 0x00, 0x3e, 0x00, 0x4c, 0x00, 0x00, 0x01, 0x14, 0x0e, 0x02,
  0x23, 0x22, 0x26, 0x27, 0x23, 0x06, 0x06, 0x23, 0x22, 0x26, 0x35, 0x34, 0x36, 0x36, 0x33, 0x32,
  0x16, 0x17, 0x07, 0x14, 0x06, 0x15, 0x14, 0x16, 0x33, 0x32, 0x36, 0x36, 0x35, 0x34, 0x26, 0x23,
  0x22, 0x06, 0x06, 0x15, 0x14, 0x16, 0x33, 0x32, 0x36, 0x37, 0x15, 0x06, 0x06, 0x23, 0x22, 0x26,
  0x26, 0x35, 0x34, 0x3e, 0x02, 0x33, 0x32, 0x16, 0x16, 0x05, 0x14, 0x16, 0x33, 0x32, 0x36, 0x37,
  0x37, 0x26, 0x26, 0x23, 0x22, 0x06, 0x06, 0x03, 0x53, 0x17, 0x2e, 0x43, 0x2d, 0x27, 0x3c, 0x0e,
  0x06, 0x15, 0x42, 0x2e, 0x56, 0x59, 0x37, 0x69, 0x4c, 0x2f, 0x5a, 0x1c, 0x0a, 0x01, 0x17, 0x10,
  0x17, 0x21, 0x11, 0x8e, 0x7d, 0x69, 0x8f, 0x4a, 0x8e, 0x8b, 0x39, 0x7e, 0x36, 0x31, 0x76, 0x42,
  0x7c, 0xb0, 0x5e, 0x3c, 0x70, 0x9f, 0x63, 0x6f, 0xa8, 0x5f, 0xfe, 0x12, 0x2a, 0x23, 0x2e, 0x28,
  0x04, 0x05, 0x0b, 0x18, 0x0e, 0x2c, 0x36, 0x19, 0x01, 0x6c, 0x2e, 0x5a, 0x49, 0x2b, 0x27, 0x1e,
  0x1d, 0x28, 0x6a, 0x57, 0x42, 0x68, 0x3c, 0x12, 0x0a, 0xcd, 0x0a, 0x17, 0x09, 0x23, 0x18, 0x2d,
  0x4b, 0x2c, 0x7b, 0x8b, 0x56, 0x98, 0x62, 0x82, 0x94, 0x1a, 0x13, 0x5e, 0x15, 0x17, 0x59, 0xa6,
  0x74, 0x5b, 0x9c, 0x75, 0x40, 0x56, 0x9f, 0xa9, 0x37, 0x31, 0x48, 0x47, 0x5f, 0x02, 0x04, 0x28,
  0x3f, 0x00, 0x00, 0x02, 0x00, 0x00, 0x00, 0x00, 0x02, 0xb4, 0x02, 0xcd, 0x00, 0x07, 0x00, 0x12,
  0x00, 0x00, 0x21, 0x27, 0x23, 0x07, 0x23, 0x13, 0x33, 0x13, 0x01, 0x2e, 0x02, 0x27, 0x0e, 0x02,
  0x07, 0x07, 0x33, 0x02, 0x0f, 0x37, 0xfc, 0x37, 0xa5, 0xfb, 0xbc, 0xfd, 0xfe, 0xcf, 0x04, 0x11,
  0x10, 0x05, 0x04, 0x0f, 0x0e, 0x05, 0x33, 0xb5, 0xa8, 0xa8, 0x02, 0xcd, 0xfd, 0x33, 0x01, 0xc3,
  0x0f, 0x3c, 0x3f, 0x14, 0x17, 0x3b, 0x39, 0x13, 0x9b, 0x00, 0x00, 0x03, 0x00, 0x55, 0x00, 0x00,
  0x02, 0x67, 0x02, 0xca, 0x00, 0x10, 0x00, 0x19, 0x00, 0x22, 0x00, 0x00, 0x01, 0x32, 0x16, 0x15,
  0x14, 0x06, 0x07, 0x15, 0x1e, 0x02, 0x15, 0x14, 0x06, 0x23, 0x21, 0x11, 0x13, 0x32, 0x36, 0x35,
  0x34, 0x26, 0x23, 0x23, 0x1d, 0x02, 0x33, 0x32, 0x36, 0x35, 0x34, 0x26, 0x23, 0x01, 0x3c, 0x93,
  0x86, 0x47, 0x32, 0x23, 0x40, 0x28, 0x8d, 0x7a, 0xfe, 0xf5, 0xef, 0x41, 0x33, 0x3c, 0x3f, 0x4f,
  0x61, 0x44, 0x35, 0x36, 0x48, 0x02, 0xca, 0x57, 0x5b, 0x43, 0x4f, 0x0b, 0x05, 0x07, 0x24, 0x44,
  0x38, 0x62, 0x6d, 0x02, 0xca, 0xfe, 0xe2, 0x30, 0x27, 0x29, 0x27, 0xa7, 0x73, 0xc0, 0x37, 0x2b,
  0x27, 0x37, 0x00, 0x01, 0x00, 0x37, 0xff, 0xf6, 0x02, 0x63, 0x02, 0xd4, 0x00, 0x1a, 0x00, 0x00,
  0x01, 0x22, 0x06, 0x15, 0x14, 0x16, 0x33, 0x32, 0x36, 0x37, 0x15, 0x06, 0x23, 0x22, 0x26, 0x26,
  0x35, 0x34, 0x36, 0x36, 0x33, 0x32, 0x16, 0x17, 0x07, 0x26, 0x26, 0x01, 0x8e, 0x56, 0x63, 0x5f,
  0x60, 0x2f, 0x57, 0x2c, 0x55, 0x6e, 0x72, 0x93, 0x47, 0x50, 0x9a, 0x6f, 0x35, 0x6d, 0x31, 0x32,
  0x24, 0x51, 0x02, 0x55, 0x81, 0x71, 0x71, 0x7d, 0x16, 0x11, 0x82, 0x24, 0x5b, 0xa5, 0x6e, 0x6c,
  0xa6, 0x5e, 0x17, 0x18, 0x7a, 0x11, 0x19, 0x00, 0x00, 0x02, 0x00, 0x55, 0x00, 0x00, 0x02, 0xa6,
  0x02, 0xca, 0x00, 0x09, 0x00, 0x11, 0x00, 0x00, 0x01, 0x14, 0x06, 0x06, 0x23, 0x23, 0x11, 0x33,
  0x32, 0x16, 0x07, 0x34, 0x26, 0x23, 0x23, 0x11, 0x33, 0x32, 0x02, 0xa6, 0x5c, 0xa8, 0x73, 0xda,
  0xec, 0xa8, 0xbd, 0xa0, 0x66, 0x63, 0x4f, 0x40, 0xd8, 0x01, 0x71, 0x7b, 0xa4, 0x52, 0x02, 0xca,
  0xb1, 0xae, 0x73, 0x6f, 0xfe, 0x31, 0x00, 0x01, 0x00, 0x5a, 0x00, 0x00, 0x01, 0xf5, 0x02, 0xca,
  0x00, 0x0b, 0x00, 0x00, 0x21, 0x21, 0x11, 0x21, 0x15, 0x21, 0x15, 0x33, 0x15, 0x23, 0x15, 0x21,
  0x01, 0xf5, 0xfe, 0x65, 0x01, 0x9b, 0xfe, 0xfc, 0xf2, 0xf2, 0x01, 0x04, 0x02, 0xca, 0x7c, 0x9d,
  0x7c, 0xb8, 0x00, 0x01, 0x00, 0x5a, 0x00, 0x00, 0x01, 0xf3, 0x02, 0xca, 0x00, 0x09, 0x00, 0x00,
  0x33, 0x23, 0x11, 0x21, 0x15, 0x21, 0x15, 0x33, 0x15, 0x23, 0xef, 0x95, 0x01, 0x99, 0xfe, 0xfc,
  0xf2, 0xf2, 0x02, 0xca, 0x7c, 0xb8, 0x7c, 0x00, 0x00, 0x01, 0x00, 0x3a, 0xff, 0xf6, 0x02, 0x84,
  0x02, 0xd4, 0x00, 0x20, 0x00, 0x00, 0x01, 0x21, 0x11, 0x06, 0x06, 0x23, 0x22, 0x26, 0x35, 0x34,
  0x36, 0x36, 0x33, 0x32, 0x16, 0x17, 0x07, 0x26, 0x26, 0x23, 0x22, 0x06, 0x06, 0x15, 0x14, 0x16,
  0x16, 0x33, 0x32, 0x36, 0x37, 0x35, 0x23, 0x01, 0x69, 0x01, 0x1b, 0x38, 0x79, 0x4d, 0xa0, 0xac,
  0x57, 0xa6, 0x78, 0x39, 0x6e, 0x2d, 0x32, 0x21, 0x54, 0x2e, 0x42, 0x61, 0x35, 0x26, 0x52, 0x42,
  0x20, 0x2d, 0x13, 0x87, 0x01, 0x91, 0xfe, 0x8e, 0x13, 0x16, 0xbc, 0xb4, 0x70, 0xa4, 0x5a, 0x18,
  0x14, 0x79, 0x11, 0x16, 0x3c, 0x6d, 0x4a, 0x46, 0x6c, 0x3d, 0x06, 0x04, 0x95, 0x00, 0x00, 0x01,
  0x00, 0x5a, 0x00, 0x00, 0x02, 0xa3, 0x02, 0xca, 0x00, 0x0b, 0x00, 0x00, 0x21, 0x23, 0x11, 0x21,
  0x11, 0x23, 0x11, 0x33, 0x11, 0x21, 0x11, 0x33, 0x02, 0xa3, 0x97, 0xfe, 0xe5, 0x97, 0x97, 0x01,
  0x1b, 0x97, 0x01, 0x34, 0xfe, 0xcc, 0x02, 0xca, 0xfe, 0xe8, 0x01, 0x18, 0x00, 0x01, 0x00, 0x20,
  0x00, 0x00, 0x01, 0x65, 0x02, 0xca, 0x00, 0x0b, 0x00, 0x00, 0x21, 0x21, 0x35, 0x37, 0x11, 0x27,
  0x35, 0x21, 0x15, 0x07, 0x11, 0x17, 0x01, 0x65, 0xfe, 0xbb, 0x57, 0x57, 0x01, 0x45, 0x57, 0x57,
  0x56, 0x28, 0x01, 0xce, 0x28, 0x56, 0x56, 0x28, 0xfe, 0x32, 0x28, 0x00, 0x00, 0x01, 0xff, 0xb6,
  0xff, 0x2e, 0x00, 0xf1, 0x02, 0xca, 0x00, 0x11, 0x00, 0x00, 0x17, 0x22, 0x26, 0x27, 0x35, 0x16,
  0x16, 0x33, 0x32, 0x36, 0x36, 0x35, 0x11, 0x33, 0x11, 0x14, 0x06, 0x06, 0x0f, 0x1d, 0x2c, 0x10,
  0x10, 0x23, 0x14, 0x1a, 0x2b, 0x18, 0x97, 0x39, 0x66, 0xd2, 0x07, 0x04, 0x7e, 0x04, 0x06, 0x14,
  0x38, 0x34, 0x02, 0x9d, 0xfd, 0x64, 0x5c, 0x71, 0x33, 0x00, 0x00, 0x01, 0x00, 0x5a, 0x00, 0x00,
  0x02, 0x98, 0x02, 0xca, 0x00, 0x0e, 0x00, 0x00, 0x21, 0x23, 0x03, 0x07, 0x15, 0x23, 0x11, 0x33,
  0x11, 0x36, 0x36, 0x37, 0x37, 0x33, 0x03, 0x02, 0x98, 0xac, 0xbb, 0x40, 0x97, 0x97, 0x0f, 0x1e,
  0x0f, 0xc1, 0xa8, 0xf9, 0x01, 0x2d, 0x2e, 0xff, 0x02, 0xca, 0xfe, 0xb9, 0x15, 0x2a, 0x15, 0xf3,
  0xfe, 0xc4, 0x00, 0x01, 0x00, 0x55, 0x00, 0x00, 0x02, 0x0f, 0x02, 0xca, 0x00, 0x05, 0x00, 0x00,
  0x33, 0x11, 0x33, 0x11, 0x21, 0x15, 0x55, 0x99, 0x01, 0x21, 0x02, 0xca, 0xfd, 0xb4, 0x7e, 0x00,
  0x00, 0x01, 0x00, 0x5a, 0x00, 0x00, 0x03, 0x55, 0x02, 0xca, 0x00, 0x17, 0x00, 0x00, 0x21, 0x03,
  0x23, 0x1e, 0x02, 0x15, 0x11, 0x23, 0x11, 0x33, 0x13, 0x33, 0x13, 0x33, 0x11, 0x23, 0x11, 0x34,
  0x36, 0x36, 0x37, 0x23, 0x03, 0x01, 0x88, 0xac, 0x04, 0x01, 0x04, 0x04, 0x87, 0xce, 0xa9, 0x03,
  0xb3, 0xce, 0x8d, 0x03, 0x03, 0x01, 0x04, 0xb8, 0x02, 0x30, 0x14, 0x50, 0x5b, 0x25, 0xfe, 0xb4,
  0x02, 0xca, 0xfd, 0xde, 0x02, 0x22, 0xfd, 0x36, 0x01, 0x52, 0x22, 0x58, 0x4f, 0x14, 0xfd, 0xd1,
  0x00, 0x01, 0x00, 0x5a, 0x00, 0x00, 0x02, 0xd3, 0x02, 0xca, 0x00, 0x11, 0x00, 0x00, 0x21, 0x23,
  0x01, 0x23, 0x16, 0x16, 0x17, 0x11, 0x23, 0x11, 0x33, 0x01, 0x33, 0x26, 0x26, 0x27, 0x11, 0x33,
  0x02, 0xd3, 0xc0, 0xfe, 0xc9, 0x04, 0x02, 0x05, 0x02, 0x87, 0xbf, 0x01, 0x36, 0x03, 0x01, 0x04,
  0x02, 0x88, 0x02, 0x1c, 0x33, 0x66, 0x33, 0xfe, 0xb0, 0x02, 0xca, 0xfd, 0xe9, 0x32, 0x62, 0x31,
  0x01, 0x52, 0x00, 0x02, 0x00, 0x37, 0xff, 0xf6, 0x02, 0xdf, 0x02, 0xd5, 0x00, 0x0f, 0x00, 0x1b,
  0x00, 0x00, 0x01, 0x14, 0x06, 0x06, 0x23, 0x22, 0x26, 0x26, 0x35, 0x34, 0x36, 0x36, 0x33, 0x32,
  0x16, 0x16, 0x05, 0x14, 0x16, 0x33, 0x32, 0x36, 0x35, 0x34, 0x26, 0x23, 0x22, 0x06, 0x02, 0xdf,
  0x49, 0x96, 0x75, 0x74, 0x97, 0x49, 0x49, 0x97, 0x75, 0x74, 0x97, 0x48, 0xfd, 0xf9, 0x55, 0x5e,
  0x60, 0x53, 0x53, 0x5f, 0x5f, 0x55, 0x01, 0x66, 0x6f, 0xa5, 0x5c, 0x5c, 0xa6, 0x6f, 0x6e, 0xa5,
  0x5b, 0x5b, 0xa5, 0x6f, 0x70, 0x7f, 0x7f, 0x70, 0x70, 0x80, 0x80, 0x00, 0x00, 0x02, 0x00, 0x55,
  0x00, 0x00, 0x02, 0x43, 0x02, 0xca, 0x00, 0x0b, 0x00, 0x14, 0x00, 0x00, 0x01, 0x32, 0x16, 0x15,
  0x14, 0x06, 0x06, 0x23, 0x23, 0x15, 0x23, 0x11, 0x17, 0x23, 0x15, 0x33, 0x32, 0x36, 0x35, 0x34,
  0x26, 0x01, 0x35, 0x8a, 0x84, 0x34, 0x79, 0x67, 0x41, 0x99, 0xdb, 0x42, 0x33, 0x3f, 0x49, 0x3b,
  0x02, 0xca, 0x73, 0x69, 0x3f, 0x6e, 0x44, 0xfd, 0x02, 0xca, 0x7d, 0xd2, 0x32, 0x3c, 0x30, 0x34,
  0x00, 0x02, 0x00, 0x37, 0xff, 0x56, 0x02, 0xdf, 0x02, 0xd5, 0x00, 0x14, 0x00, 0x20, 0x00, 0x00,
  0x01, 0x14, 0x06, 0x07, 0x17, 0x23, 0x27, 0x22, 0x22, 0x23, 0x22, 0x26, 0x26, 0x35, 0x34, 0x36,
  0x36, 0x33, 0x32, 0x16, 0x16, 0x05, 0x14, 0x16, 0x33, 0x32, 0x36, 0x35, 0x34, 0x26, 0x23, 0x22,
  0x06, 0x02, 0xdf, 0x55, 0x5a, 0xad, 0xc5, 0x7f, 0x03, 0x08, 0x03, 0x74, 0x97, 0x49, 0x49, 0x97,
  0x75, 0x74, 0x97, 0x48, 0xfd, 0xf9, 0x55, 0x5e, 0x60, 0x53, 0x53, 0x5f, 0x5f, 0x55, 0x01, 0x66,
  0x77, 0xb0, 0x29, 0xc0, 0xa0, 0x5c, 0xa6, 0x6f, 0x6e, 0xa5, 0x5b, 0x5b, 0xa5, 0x6f, 0x70, 0x7f,
  0x7f, 0x70, 0x70, 0x80, 0x80, 0x00, 0x00, 0x02, 0x00, 0x55, 0x00, 0x00, 0x02, 0x91, 0x02, 0xca,
  0x00, 0x0c, 0x00, 0x15, 0x00, 0x00, 0x01, 0x20, 0x15, 0x14, 0x06, 0x07, 0x13, 0x23, 0x03, 0x23,
  0x11, 0x23, 0x11, 0x17, 0x23, 0x15, 0x33, 0x32, 0x36, 0x35, 0x34, 0x26, 0x01, 0x30, 0x01, 0x17,
  0x4a, 0x37, 0xcb, 0xaf, 0x9f, 0x55, 0x99, 0xd8, 0x3f, 0x3f, 0x3d, 0x42, 0x3d, 0x02, 0xca, 0xd0,
  0x49, 0x5c, 0x1a, 0xfe, 0xc5, 0x01, 0x12, 0xfe, 0xee, 0x02, 0xca, 0x77, 0xcb, 0x32, 0x39, 0x30,
  0x30, 0x00, 0x00, 0x01, 0x00, 0x2e, 0xff, 0xf6, 0x01, 0xff, 0x02, 0xd4, 0x00, 0x28, 0x00, 0x00,
  0x25, 0x14, 0x06, 0x23, 0x22, 0x27, 0x35, 0x16, 0x16, 0x33, 0x32, 0x36, 0x35, 0x34, 0x26, 0x26,
  0x27, 0x2e, 0x03, 0x35, 0x34, 0x36, 0x33, 0x32, 0x16, 0x17, 0x07, 0x26, 0x26, 0x23, 0x22, 0x06,
  0x15, 0x14, 0x16, 0x17, 0x1e, 0x02, 0x01, 0xff, 0x89, 0x7e, 0x71, 0x59, 0x33, 0x6d, 0x36, 0x38,
  0x2f, 0x25, 0x3e, 0x28, 0x19, 0x3a, 0x35, 0x22, 0x82, 0x70, 0x38, 0x65, 0x37, 0x31, 0x31, 0x4e,
  0x29, 0x2b, 0x2e, 0x44, 0x43, 0x37, 0x4d, 0x2a, 0xc6, 0x5f, 0x71, 0x2b, 0x8d, 0x16, 0x25, 0x2b,
  0x21, 0x1b, 0x26, 0x21, 0x13, 0x0c, 0x21, 0x31, 0x46, 0x31, 0x60, 0x6b, 0x1a, 0x18, 0x76, 0x14,
  0x16, 0x28, 0x20, 0x26, 0x2c, 0x20, 0x1a, 0x38, 0x4c, 0x00, 0x00, 0x01, 0x00, 0x13, 0x00, 0x00,
  0x02, 0x2e, 0x02, 0xca, 0x00, 0x07, 0x00, 0x00, 0x21, 0x23, 0x11, 0x23, 0x35, 0x21, 0x15, 0x23,
  0x01, 0x6d, 0x99, 0xc1, 0x02, 0x1b, 0xc1, 0x02, 0x4b, 0x7f, 0x7f, 0x00, 0x00, 0x01, 0x00, 0x55,
  0xff, 0xf6, 0x02, 0x9f, 0x02, 0xca, 0x00, 0x12, 0x00, 0x00, 0x25, 0x14, 0x06, 0x06, 0x23, 0x22,
  0x26, 0x35, 0x11, 0x33, 0x11, 0x14, 0x16, 0x33, 0x32, 0x36, 0x35, 0x11, 0x33, 0x02, 0x9f, 0x41,
  0x83, 0x64, 0x8e, 0x94, 0x97, 0x48, 0x47, 0x4a, 0x43, 0x97, 0xfc, 0x4a, 0x77, 0x45, 0x91, 0x77,
  0x01, 0xcc, 0xfe, 0x4b, 0x58, 0x48, 0x4e, 0x53, 0x01, 0xb4, 0x00, 0x01, 0x00, 0x00, 0x00, 0x00,
  0x02, 0x8a, 0x02, 0xca, 0x00, 0x0e, 0x00, 0x00, 0x01, 0x03, 0x23, 0x03, 0x33, 0x13, 0x1e, 0x02,
  0x17, 0x3e, 0x02, 0x37, 0x13, 0x02, 0x8a, 0xf3, 0xa5, 0xf2, 0x99, 0x86, 0x04, 0x0f, 0x10, 0x03,
  0x03, 0x0f, 0x10, 0x03, 0x87, 0x02, 0xca, 0xfd, 0x36, 0x02, 0xca, 0xfe, 0x57, 0x0b, 0x3b, 0x41,
  0x16, 0x16, 0x41, 0x3b, 0x0b, 0x01, 0xa9, 0x00, 0x00, 0x01, 0x00, 0x00, 0x00, 0x00, 0x03, 0xc7,
  0x02, 0xca, 0x00, 0x26, 0x00, 0x00, 0x01, 0x03, 0x23, 0x03, 0x2e, 0x03, 0x27, 0x0e, 0x03, 0x07,
  0x03, 0x23, 0x03, 0x33, 0x13, 0x1e, 0x02, 0x17, 0x3e, 0x02, 0x37, 0x13, 0x33, 0x13, 0x1e, 0x02,
  0x17, 0x3e, 0x02, 0x37, 0x13, 0x03, 0xc7, 0xb6, 0xac, 0x61, 0x03, 0x09, 0x0b, 0x08, 0x02, 0x01,
  0x09, 0x0a, 0x0a, 0x03, 0x60, 0xac, 0xb6, 0x95, 0x5b, 0x06, 0x0e, 0x0c, 0x03, 0x03, 0x0c, 0x0d,
  0x05, 0x68, 0x8f, 0x68, 0x05, 0x0d, 0x0c, 0x03, 0x03, 0x0c, 0x0f, 0x05, 0x5b, 0x02, 0xca, 0xfd,
  0x36, 0x01, 0x77, 0x0b, 0x2c, 0x34, 0x2f, 0x0d, 0x0d, 0x2f, 0x33, 0x2d, 0x0c, 0xfe, 0x8a, 0x02,
  0xca, 0xfe, 0x7a, 0x17, 0x46, 0x46, 0x18, 0x19, 0x45, 0x41, 0x12, 0x01, 0x90, 0xfe, 0x70, 0x11,
  0x42, 0x46, 0x18, 0x19, 0x45, 0x46, 0x17, 0x01, 0x86, 0x00, 0x00, 0x01, 0x00, 0x03, 0x00, 0x00,
  0x02, 0x9a, 0x02, 0xca, 0x00, 0x0b, 0x00, 0x00, 0x21, 0x23, 0x03, 0x03, 0x23, 0x13, 0x03, 0x33,
  0x17, 0x37, 0x33, 0x03, 0x02, 0x9a, 0xb0, 0x9e, 0x9f, 0xaa, 0xed, 0xdf, 0xaa, 0x93, 0x90, 0xab,
  0xe0, 0x01, 0x01, 0xfe, 0xff, 0x01, 0x70, 0x01, 0x5a, 0xf4, 0xf4, 0xfe, 0x9d, 0x00, 0x00, 0x01,
  0x00, 0x00, 0x00, 0x00, 0x02, 0x72, 0x02, 0xca, 0x00, 0x08, 0x00, 0x00, 0x01, 0x13, 0x33, 0x03,
  0x11, 0x23, 0x11, 0x03, 0x33, 0x01, 0x39, 0x93, 0xa6, 0xec, 0x9a, 0xec, 0xa6, 0x01, 0x9f, 0x01,
  0x2b, 0xfe, 0x4c, 0xfe, 0xea, 0x01, 0x11, 0x01, 0xb9, 0x00, 0x00, 0x01, 0x00, 0x18, 0x00, 0x00,
  0x02, 0x2b, 0x02, 0xca, 0x00, 0x09, 0x00, 0x00, 0x21, 0x21, 0x35, 0x01, 0x21, 0x35, 0x21, 0x15,
  0x01, 0x21, 0x02, 0x2b, 0xfd, 0xed, 0x01, 0x56, 0xfe, 0xb3, 0x02, 0x01, 0xfe, 0xaa, 0x01, 0x5f,
  0x62, 0x01, 0xeb, 0x7d, 0x62, 0xfe, 0x15, 0x00, 0x00, 0x01, 0x00, 0x46, 0xff, 0x62, 0x01, 0x32,
  0x02, 0xca, 0x00, 0x07, 0x00, 0x00, 0x05, 0x23, 0x11, 0x33, 0x15, 0x23, 0x11, 0x33, 0x01, 0x32,
  0xec, 0xec, 0x6d, 0x6d, 0x9e, 0x03, 0x68, 0x67, 0xfd, 0x66, 0x00, 0x01, 0x00, 0x06, 0xff, 0xfa,
  0x01, 0x99, 0x02, 0xd0, 0x00, 0x03, 0x00, 0x00, 0x13, 0x01, 0x23, 0x01, 0x8e, 0x01, 0x0b, 0x89,
  0xfe, 0xf6, 0x02, 0xd0, 0xfd, 0x2a, 0x02, 0xd6, 0x00, 0x01, 0x00, 0x19, 0xff, 0x62, 0x01, 0x05,
  0x02, 0xca, 0x00, 0x07, 0x00, 0x00, 0x17, 0x33, 0x11, 0x23, 0x35, 0x33, 0x11, 0x23, 0x19, 0x6d,
  0x6d, 0xec, 0xec, 0x37, 0x02, 0x9a, 0x67, 0xfc, 0x98, 0x00, 0x00, 0x01, 0x00, 0x17, 0x00, 0xfe,
  0x02, 0x25, 0x02, 0xce, 0x00, 0x06, 0x00, 0x00, 0x37, 0x13, 0x33, 0x13, 0x23, 0x03, 0x03, 0x17,
  0xd6, 0x46, 0xf2, 0x75, 0x9d, 0x89, 0xfe, 0x01, 0xd0, 0xfe, 0x30, 0x01, 0x3a, 0xfe, 0xc6, 0x00,
  0x00, 0x01, 0xff, 0xfe, 0xff, 0x62, 0x01, 0x9d, 0xff, 0xa6, 0x00, 0x03, 0x00, 0x00, 0x05, 0x21,
  0x35, 0x21, 0x01, 0x9d, 0xfe, 0x61, 0x01, 0x9f, 0x9e, 0x44, 0x00, 0x01, 0x00, 0x28, 0x02, 0x5e,
  0x01, 0x45, 0x02, 0xfe, 0x00, 0x0c, 0x00, 0x00, 0x13, 0x1e, 0x02, 0x17, 0x15, 0x23, 0x2e, 0x03,
  0x27, 0x35, 0xd1, 0x0f, 0x2a, 0x2a, 0x11, 0x65, 0x13, 0x33, 0x35, 0x2f, 0x0e, 0x02, 0xfe, 0x16,
  0x37, 0x33, 0x13, 0x0d, 0x0d, 0x27, 0x2c, 0x28, 0x0e, 0x0a, 0x00, 0x02, 0x00, 0x28, 0xff, 0xf6,
  0x02, 0x10, 0x02, 0x2c, 0x00, 0x1b, 0x00, 0x26, 0x00, 0x00, 0x01, 0x32, 0x16, 0x15, 0x11, 0x23,
  0x27, 0x23, 0x06, 0x06, 0x23, 0x22, 0x26, 0x35, 0x34, 0x36, 0x37, 0x37, 0x35, 0x34, 0x26, 0x23,
  0x22, 0x06, 0x07, 0x27, 0x36, 0x36, 0x13, 0x06, 0x06, 0x15, 0x14, 0x16, 0x33, 0x32, 0x36, 0x35,
  0x35, 0x01, 0x3d, 0x66, 0x6d, 0x69, 0x1d, 0x04, 0x24, 0x4d, 0x45, 0x48, 0x60, 0x7c, 0x7b, 0x5b,
  0x2d, 0x27, 0x25, 0x4e, 0x26, 0x2c, 0x2b, 0x6f, 0x46, 0x48, 0x37, 0x27, 0x21, 0x2f, 0x41, 0x02,
  0x2c, 0x61, 0x5f, 0xfe, 0x94, 0x4a, 0x2c, 0x28, 0x54, 0x57, 0x55, 0x57, 0x05, 0x03, 0x11, 0x31,
  0x27, 0x18, 0x11, 0x67, 0x16, 0x1a, 0xfe, 0xce, 0x02, 0x2a, 0x26, 0x23, 0x21, 0x38, 0x34, 0x2d,
  0x00, 0x02, 0x00, 0x49, 0xff, 0xf6, 0x02, 0x48, 0x02, 0xf8, 0x00, 0x15, 0x00, 0x21, 0x00, 0x00,
  0x13, 0x14, 0x06, 0x07, 0x33, 0x36, 0x36, 0x33, 0x32, 0x16, 0x15, 0x14, 0x06, 0x23, 0x22, 0x26,
  0x27, 0x23, 0x07, 0x23, 0x11, 0x33, 0x13, 0x22, 0x06, 0x15, 0x15, 0x14, 0x16, 0x33, 0x32, 0x36,
  0x35, 0x34, 0xe0, 0x04, 0x02, 0x06, 0x16, 0x4a, 0x3b, 0x5b, 0x72, 0x73, 0x5e, 0x3c, 0x45, 0x16,
  0x0a, 0x19, 0x74, 0x97, 0x6a, 0x39, 0x31, 0x2f, 0x3d, 0x31, 0x32, 0x02, 0x47, 0x1f, 0x38, 0x15,
  0x22, 0x2f, 0x8f, 0x8b, 0x8c, 0x90, 0x2b, 0x1a, 0x3b, 0x02, 0xf8, 0xfe, 0xbc, 0x48, 0x4d, 0x12,
  0x4e, 0x4f, 0x54, 0x50, 0xa0, 0x00, 0x00, 0x01, 0x00, 0x2f, 0xff, 0xf6, 0x01, 0xe8, 0x02, 0x2c,
  0x00, 0x1b, 0x00, 0x00, 0x05, 0x22, 0x26, 0x26, 0x35, 0x34, 0x36, 0x36, 0x33, 0x32, 0x16, 0x17,
  0x07, 0x26, 0x26, 0x23, 0x22, 0x06, 0x15, 0x14, 0x16, 0x33, 0x32, 0x36, 0x37, 0x15, 0x06, 0x06,
  0x01, 0x37, 0x4f, 0x77, 0x42, 0x48, 0x7c, 0x4f, 0x2f, 0x56, 0x21, 0x2d, 0x1e, 0x3d, 0x1e, 0x3a,
  0x3f, 0x3f, 0x38, 0x2a, 0x4e, 0x21, 0x20, 0x4d, 0x0a, 0x3b, 0x7c, 0x61, 0x64, 0x7f, 0x3b, 0x14,
  0x11, 0x72, 0x0d, 0x11, 0x52, 0x52, 0x51, 0x4e, 0x17, 0x13, 0x7b, 0x13, 0x16, 0x00, 0x00, 0x02,
  0x00, 0x2f, 0xff, 0xf6, 0x02, 0x2f, 0x02, 0xf8, 0x00, 0x15, 0x00, 0x22, 0x00, 0x00, 0x17, 0x22,
  0x26, 0x35, 0x34, 0x36, 0x33, 0x32, 0x16, 0x17, 0x33, 0x26, 0x26, 0x35, 0x35, 0x33, 0x11, 0x23,
  0x27, 0x23, 0x06, 0x06, 0x27, 0x32, 0x36, 0x37, 0x35, 0x34, 0x26, 0x23, 0x22, 0x06, 0x15, 0x14,
  0x16, 0xfc, 0x5b, 0x72, 0x74, 0x5e, 0x3a, 0x48, 0x17, 0x05, 0x03, 0x05, 0x98, 0x74, 0x1e, 0x06,
  0x15, 0x4a, 0x07, 0x3d, 0x32, 0x01, 0x30, 0x41, 0x31, 0x37, 0x37, 0x0a, 0x8f, 0x8b, 0x8d, 0x8f,
  0x2e, 0x22, 0x12, 0x41, 0x1b, 0xae, 0xfd, 0x08, 0x47, 0x22, 0x2f, 0x79, 0x47, 0x49, 0x10, 0x4f,
  0x54, 0x54, 0x50, 0x50, 0x4f, 0x00, 0x00, 0x02, 0x00, 0x2f, 0xff, 0xf6, 0x02, 0x27, 0x02, 0x2c,
  0x00, 0x15, 0x00, 0x1c, 0x00, 0x00, 0x01, 0x32, 0x16, 0x15, 0x15, 0x21, 0x16, 0x16, 0x33, 0x32,
  0x36, 0x37, 0x15, 0x06, 0x06, 0x23, 0x22, 0x26, 0x26, 0x35, 0x34, 0x36, 0x17, 0x22, 0x06, 0x07,
  0x33, 0x26, 0x26, 0x01, 0x32, 0x72, 0x83, 0xfe, 0xa1, 0x03, 0x47, 0x43, 0x33, 0x54, 0x2c, 0x28,
  0x5a, 0x41, 0x51, 0x7d, 0x48, 0x8f, 0x78, 0x2d, 0x39, 0x04, 0xce, 0x01, 0x31, 0x02, 0x2c, 0x80,
  0x78, 0x49, 0x3e, 0x47, 0x14, 0x14, 0x71, 0x14, 0x13, 0x3d, 0x7c, 0x5e, 0x8f, 0x90, 0x6b, 0x39,
  0x38, 0x31, 0x40, 0x00, 0x00, 0x01, 0x00, 0x14, 0x00, 0x00, 0x01, 0xb0, 0x02, 0xfd, 0x00, 0x18,
  0x00, 0x00, 0x01, 0x23, 0x11, 0x23, 0x11, 0x23, 0x35, 0x37, 0x35, 0x34, 0x36, 0x36, 0x33, 0x32,
  0x16, 0x17, 0x07, 0x26, 0x26, 0x23, 0x22, 0x06, 0x15, 0x15, 0x33, 0x01, 0x7c, 0x81, 0x95, 0x52,
  0x52, 0x2f, 0x57, 0x3b, 0x2c, 0x47, 0x16, 0x26, 0x11, 0x28, 0x1a, 0x1f, 0x1d, 0x81, 0x01, 0xb2,
  0xfe, 0x4e, 0x01, 0xb2, 0x48, 0x28, 0x28, 0x46, 0x4d, 0x20, 0x0e, 0x09, 0x6d, 0x05, 0x09, 0x26,
  0x1d, 0x22, 0x00, 0x02, 0x00, 0x2f, 0xff, 0x10, 0x02, 0x2f, 0x02, 0x2c, 0x00, 0x21, 0x00, 0x2d,
  0x00, 0x00, 0x13, 0x32, 0x16, 0x17, 0x33, 0x37, 0x33, 0x11, 0x14, 0x06, 0x23, 0x22, 0x26, 0x27,
  0x35, 0x16, 0x16, 0x33, 0x32, 0x36, 0x35, 0x35, 0x34, 0x36, 0x37, 0x23, 0x06, 0x06, 0x23, 0x22,
  0x26, 0x35, 0x34, 0x36, 0x17, 0x22, 0x06, 0x15, 0x14, 0x33, 0x32, 0x36, 0x35, 0x35, 0x34, 0x26,
  0xff, 0x38, 0x4d, 0x19, 0x05, 0x0d, 0x80, 0x86, 0x8c, 0x3f, 0x64, 0x2c, 0x2e, 0x5e, 0x3e, 0x3e,
  0x42, 0x03, 0x02, 0x05, 0x17, 0x4b, 0x38, 0x5f, 0x70, 0x72, 0x8f, 0x32, 0x35, 0x6a, 0x3c, 0x33,
  0x33, 0x02, 0x2c, 0x2b, 0x24, 0x45, 0xfd, 0xda, 0x74, 0x78, 0x0f, 0x12, 0x80, 0x14, 0x16, 0x3a,
  0x33, 0x0f, 0x0c, 0x28, 0x0f, 0x24, 0x2c, 0x92, 0x88, 0x88, 0x94, 0x77, 0x56, 0x51, 0xa2, 0x46,
  0x4a, 0x16, 0x52, 0x51, 0x00, 0x01, 0x00, 0x49, 0x00, 0x00, 0x02, 0x43, 0x02, 0xf8, 0x00, 0x16,
  0x00, 0x00, 0x13, 0x14, 0x06, 0x07, 0x33, 0x36, 0x36, 0x33, 0x32, 0x16, 0x15, 0x11, 0x23, 0x11,
  0x34, 0x23, 0x22, 0x06, 0x15, 0x11, 0x23, 0x11, 0x33, 0xe0, 0x04, 0x03, 0x08, 0x1b, 0x51, 0x32,
  0x58, 0x6c, 0x97, 0x57, 0x43, 0x32, 0x97, 0x97, 0x02, 0x5f, 0x2d, 0x43, 0x13, 0x2a, 0x26, 0x5f,
  0x69, 0xfe, 0x9c, 0x01, 0x3e, 0x76, 0x5d, 0x57, 0xff, 0x00, 0x02, 0xf8, 0x00, 0x02, 0x00, 0x44,
  0x00, 0x00, 0x00, 0xe8, 0x02, 0xf9, 0x00, 0x0b, 0x00, 0x0f, 0x00, 0x00, 0x13, 0x32, 0x16, 0x15,
  0x14, 0x06, 0x23, 0x22, 0x26, 0x35, 0x34, 0x36, 0x17, 0x11, 0x23, 0x11, 0x96, 0x21, 0x31, 0x31,
  0x21, 0x22, 0x30, 0x30, 0x6d, 0x97, 0x02, 0xf9, 0x1f, 0x2b, 0x29, 0x20, 0x20, 0x29, 0x2b, 0x1f,
  0xd7, 0xfd, 0xde, 0x02, 0x22, 0x00, 0x00, 0x02, 0xff, 0xcb, 0xff, 0x10, 0x00, 0xe8, 0x02, 0xf9,
  0x00, 0x0b, 0x00, 0x1c, 0x00, 0x00, 0x13, 0x34, 0x36, 0x33, 0x32, 0x16, 0x15, 0x14, 0x06, 0x23,
  0x22, 0x26, 0x03, 0x22, 0x26, 0x27, 0x35, 0x16, 0x16, 0x33, 0x32, 0x36, 0x35, 0x11, 0x33, 0x11,
  0x14, 0x06, 0x06, 0x44, 0x2f, 0x23, 0x21, 0x31, 0x31, 0x21, 0x23, 0x2f, 0x1c, 0x18, 0x33, 0x12,
  0x10, 0x1c, 0x12, 0x1b, 0x25, 0x97, 0x24, 0x51, 0x02, 0xaf, 0x2b, 0x1f, 0x1f, 0x2b, 0x29, 0x20,
  0x20, 0xfc, 0x8a, 0x07, 0x05, 0x77, 0x05, 0x05, 0x22, 0x32, 0x02, 0x45, 0xfd, 0xa3, 0x32, 0x52,
  0x31, 0x00, 0x00, 0x01, 0x00, 0x4e, 0x00, 0x00, 0x02, 0x6c, 0x02, 0xf8, 0x00, 0x12, 0x00, 0x00,
  0x13, 0x14, 0x06, 0x07, 0x33, 0x36, 0x36, 0x37, 0x37, 0x33, 0x07, 0x13, 0x23, 0x27, 0x07, 0x15,
  0x23, 0x11, 0x33, 0xe3, 0x05, 0x03, 0x02, 0x0f, 0x20, 0x12, 0x99, 0xa8, 0xd9, 0xe6, 0xac, 0x9d,
  0x40, 0x95, 0x95, 0x01, 0xa4, 0x1f, 0x3d, 0x1f, 0x15, 0x2b, 0x13, 0xa6, 0xed, 0xfe, 0xcb, 0xdd,
  0x33, 0xaa, 0x02, 0xf8, 0x00, 0x01, 0x00, 0x49, 0x00, 0x00, 0x00, 0xe0, 0x02, 0xf8, 0x00, 0x03,
  0x00, 0x00, 0x33, 0x23, 0x11, 0x33, 0xe0, 0x97, 0x97, 0x02, 0xf8, 0x00, 0x00, 0x01, 0x00, 0x49,
  0x00, 0x00, 0x03, 0x88, 0x02, 0x2c, 0x00, 0x24, 0x00, 0x00, 0x01, 0x32, 0x16, 0x15, 0x11, 0x23,
  0x11, 0x34, 0x26, 0x23, 0x22, 0x06, 0x15, 0x11, 0x23, 0x11, 0x34, 0x26, 0x23, 0x22, 0x06, 0x15,
  0x11, 0x23, 0x11, 0x33, 0x17, 0x33, 0x36, 0x36, 0x33, 0x32, 0x16, 0x17, 0x33, 0x36, 0x36, 0x02,
  0xca, 0x5e, 0x60, 0x96, 0x2a, 0x2a, 0x3b, 0x2f, 0x97, 0x28, 0x2a, 0x3e, 0x2d, 0x97, 0x74, 0x16,
  0x05, 0x17, 0x54, 0x38, 0x3d, 0x51, 0x17, 0x05, 0x1b, 0x56, 0x02, 0x2c, 0x5f, 0x69, 0xfe, 0x9c,
  0x01, 0x3e, 0x3f, 0x37, 0x55, 0x4e, 0xfe, 0xef, 0x01, 0x3e, 0x3d, 0x39, 0x5d, 0x57, 0xff, 0x00,
  0x02, 0x22, 0x46, 0x25, 0x2b, 0x2a, 0x28, 0x29, 0x29, 0x00, 0x00, 0x01, 0x00, 0x49, 0x00, 0x00,
  0x02, 0x43, 0x02, 0x2c, 0x00, 0x12, 0x00, 0x00, 0x01, 0x32, 0x16, 0x15, 0x11, 0x23, 0x11, 0x34,
  0x23, 0x22, 0x06, 0x15, 0x11, 0x23, 0x11, 0x33, 0x17, 0x33, 0x36, 0x01, 0x81, 0x5a, 0x68, 0x96,
  0x58, 0x44, 0x31, 0x97, 0x74, 0x15, 0x06, 0x36, 0x02, 0x2c, 0x5f, 0x69, 0xfe, 0x9c, 0x01, 0x3e,
  0x76, 0x5d, 0x57, 0xff, 0x00, 0x02, 0x22, 0x49, 0x53, 0x00, 0x00, 0x02, 0x00, 0x2f, 0xff, 0xf6,
  0x02, 0x41, 0x02, 0x2c, 0x00, 0x0d, 0x00, 0x19, 0x00, 0x00, 0x01, 0x14, 0x06, 0x23, 0x22, 0x26,
  0x26, 0x35, 0x34, 0x36, 0x33, 0x32, 0x16, 0x16, 0x05, 0x14, 0x16, 0x33, 0x32, 0x36, 0x35, 0x34,
  0x26, 0x23, 0x22, 0x06, 0x02, 0x41, 0x8f, 0x7b, 0x4d, 0x77, 0x44, 0x8f, 0x7c, 0x4d, 0x76, 0x44,
  0xfe, 0x88, 0x34, 0x3c, 0x3a, 0x34, 0x34, 0x3b, 0x3b, 0x34, 0x01, 0x12, 0x88, 0x94, 0x42, 0x7f,
  0x5b, 0x88, 0x92, 0x41, 0x7e, 0x5b, 0x50, 0x59, 0x59, 0x50, 0x51, 0x56, 0x56, 0x00, 0x00, 0x02,
  0x00, 0x49, 0xff, 0x10, 0x02, 0x48, 0x02, 0x2c, 0x00, 0x15, 0x00, 0x21, 0x00, 0x00, 0x01, 0x32,
  0x16, 0x15, 0x14, 0x06, 0x23, 0x22, 0x26, 0x27, 0x23, 0x16, 0x16, 0x15, 0x15, 0x23, 0x11, 0x33,
  0x17, 0x33, 0x36, 0x36, 0x17, 0x22, 0x06, 0x07, 0x15, 0x14, 0x16, 0x33, 0x32, 0x36, 0x35, 0x34,
  0x01, 0x7b, 0x5e, 0x6f, 0x75, 0x5c, 0x3c, 0x47, 0x14, 0x06, 0x02, 0x04, 0x97, 0x7b, 0x15, 0x07,
  0x16, 0x48, 0x0b, 0x3a, 0x2d, 0x02, 0x2d, 0x3d, 0x33, 0x32, 0x02, 0x2c, 0x8f, 0x8b, 0x8c, 0x90,
  0x2b, 0x1a, 0x12, 0x2f, 0x19, 0xd1, 0x03, 0x12, 0x47, 0x21, 0x30, 0x78, 0x48, 0x49, 0x10, 0x4f,
  0x54, 0x54, 0x50, 0xa0, 0x00, 0x02, 0x00, 0x2f, 0xff, 0x10, 0x02, 0x2f, 0x02, 0x2c, 0x00, 0x15,
  0x00, 0x21, 0x00, 0x00, 0x05, 0x34, 0x36, 0x37, 0x23, 0x06, 0x06, 0x23, 0x22, 0x26, 0x35, 0x34,
  0x36, 0x33, 0x32, 0x16, 0x17, 0x33, 0x37, 0x33, 0x11, 0x23, 0x03, 0x32, 0x36, 0x35, 0x35, 0x34,
  0x26, 0x23, 0x22, 0x06, 0x15, 0x14, 0x01, 0x98, 0x02, 0x03, 0x06, 0x15, 0x49, 0x3c, 0x5c, 0x72,
  0x74, 0x5d, 0x3c, 0x4a, 0x17, 0x04, 0x0e, 0x80, 0x97, 0x65, 0x3d, 0x31, 0x2f, 0x42, 0x34, 0x33,
  0x0b, 0x13, 0x2c, 0x13, 0x22, 0x2f, 0x8f, 0x8b, 0x8c, 0x90, 0x2e, 0x22, 0x46, 0xfc, 0xee, 0x01,
  0x5d, 0x47, 0x49, 0x15, 0x4f, 0x55, 0x58, 0x50, 0xa1, 0x00, 0x00, 0x01, 0x00, 0x49, 0x00, 0x00,
  0x01, 0xb3, 0x02, 0x2c, 0x00, 0x13, 0x00, 0x00, 0x01, 0x32, 0x16, 0x17, 0x07, 0x26, 0x26, 0x23,
  0x22, 0x06, 0x06, 0x15, 0x11, 0x23, 0x11, 0x33, 0x17, 0x33, 0x36, 0x36, 0x01, 0x77, 0x0f, 0x22,
  0x0b, 0x0f, 0x0b, 0x1e, 0x15, 0x1f, 0x3e, 0x29, 0x97, 0x73, 0x16, 0x07, 0x18, 0x53, 0x02, 0x2c,
  0x04, 0x02, 0x8d, 0x03, 0x03, 0x1a, 0x3c, 0x34, 0xfe, 0xeb, 0x02, 0x22, 0x5c, 0x2a, 0x3c, 0x00,
  0x00, 0x01, 0x00, 0x2e, 0xff, 0xf6, 0x01, 0xcc, 0x02, 0x2c, 0x00, 0x27, 0x00, 0x00, 0x25, 0x14,
  0x06, 0x23, 0x22, 0x26, 0x27, 0x35, 0x16, 0x16, 0x33, 0x32, 0x36, 0x35, 0x34, 0x26, 0x26, 0x27,
  0x26, 0x26, 0x35, 0x34, 0x36, 0x33, 0x32, 0x16, 0x17, 0x07, 0x26, 0x26, 0x23, 0x22, 0x15, 0x14,
  0x16, 0x16, 0x17, 0x1e, 0x02, 0x01, 0xcc, 0x6f, 0x73, 0x3a, 0x58, 0x29, 0x2c, 0x65, 0x26, 0x2e,
  0x29, 0x15, 0x35, 0x31, 0x49, 0x4b, 0x77, 0x62, 0x34, 0x5c, 0x2f, 0x2c, 0x26, 0x50, 0x1f, 0x48,
  0x15, 0x35, 0x30, 0x31, 0x43, 0x21, 0xa1, 0x4e, 0x5d, 0x0f, 0x11, 0x7d, 0x15, 0x18, 0x1a, 0x16,
  0x0f, 0x18, 0x1a, 0x13, 0x1d, 0x47, 0x44, 0x4c, 0x4e, 0x16, 0x14, 0x67, 0x11, 0x16, 0x28, 0x0f,
  0x15, 0x18, 0x13, 0x14, 0x2a, 0x3d, 0x00, 0x01, 0x00, 0x17, 0xff, 0xf6, 0x01, 0x92, 0x02, 0x96,
  0x00, 0x18, 0x00, 0x00, 0x25, 0x32, 0x36, 0x37, 0x15, 0x06, 0x06, 0x23, 0x22, 0x26, 0x26, 0x35,
  0x11, 0x23, 0x35, 0x37, 0x37, 0x33, 0x15, 0x33, 0x15, 0x23, 0x11, 0x14, 0x16, 0x01, 0x34, 0x19,
  0x2e, 0x17, 0x18, 0x47, 0x2a, 0x31, 0x4d, 0x2d, 0x47, 0x52, 0x2b, 0x5f, 0x99, 0x99, 0x24, 0x6d,
  0x0a, 0x07, 0x6f, 0x0a, 0x0f, 0x20, 0x4f, 0x46, 0x01, 0x07, 0x3f, 0x32, 0x73, 0x74, 0x70, 0xfe,
  0xf9, 0x1f, 0x1f, 0x00, 0x00, 0x01, 0x00, 0x46, 0xff, 0xf6, 0x02, 0x40, 0x02, 0x22, 0x00, 0x14,
  0x00, 0x00, 0x01, 0x11, 0x23, 0x27, 0x23, 0x06, 0x06, 0x23, 0x22, 0x26, 0x35, 0x11, 0x33, 0x11,
  0x14, 0x16, 0x33, 0x32, 0x36, 0x35, 0x11, 0x02, 0x40, 0x74, 0x13, 0x09, 0x1a, 0x5a, 0x34, 0x57,
  0x6b, 0x98, 0x29, 0x2d, 0x44, 0x31, 0x02, 0x22, 0xfd, 0xde, 0x46, 0x2a, 0x26, 0x5f, 0x69, 0x01,
  0x64, 0xfe, 0xc2, 0x3a, 0x3b, 0x5c, 0x57, 0x01, 0x00, 0x00, 0x00, 0x01, 0x00, 0x00, 0x00, 0x00,
  0x02, 0x3b, 0x02, 0x22, 0x00, 0x0d, 0x00, 0x00, 0x33, 0x03, 0x33, 0x13, 0x16, 0x16, 0x17, 0x33,
  0x36, 0x36, 0x37, 0x13, 0x33, 0x03, 0xd0, 0xd0, 0x9e, 0x66, 0x05, 0x0f, 0x02, 0x04, 0x02, 0x0f,
  0x06, 0x68, 0x9e, 0xd0, 0x02, 0x22, 0xfe, 0xbe, 0x10, 0x37, 0x13, 0x14, 0x33, 0x12, 0x01, 0x43,
  0xfd, 0xde, 0x00, 0x01, 0x00, 0x0a, 0x00, 0x00, 0x03, 0x4e, 0x02, 0x22, 0x00, 0x2a, 0x00, 0x00,
  0x25, 0x2e, 0x03, 0x27, 0x23, 0x0e, 0x03, 0x07, 0x07, 0x23, 0x03, 0x33, 0x17, 0x1e, 0x02, 0x17,
  0x33, 0x3e, 0x03, 0x37, 0x13, 0x33, 0x13, 0x1e, 0x02, 0x15, 0x33, 0x3e, 0x02, 0x37, 0x37, 0x33,
  0x03, 0x23, 0x01, 0xe5, 0x04, 0x0f, 0x12, 0x10, 0x03, 0x04, 0x03, 0x0f, 0x12, 0x10, 0x04, 0x2c,
  0xa0, 0x9b, 0x94, 0x3f, 0x07, 0x0b, 0x0a, 0x02, 0x04, 0x01, 0x06, 0x09, 0x07, 0x02, 0x43, 0xa4,
  0x40, 0x04, 0x0b, 0x09, 0x04, 0x02, 0x0a, 0x0d, 0x07, 0x41, 0x92, 0x9d, 0xa2, 0xbf, 0x11, 0x43,
  0x4d, 0x41, 0x0f, 0x0f, 0x41, 0x4d, 0x44, 0x12, 0xbd, 0x02, 0x22, 0xf2, 0x19, 0x46, 0x41, 0x13,
  0x0e, 0x2f, 0x32, 0x29, 0x07, 0x01, 0x06, 0xfe, 0xfa, 0x0e, 0x3e, 0x40, 0x13, 0x11, 0x41, 0x48,
  0x19, 0xf2, 0xfd, 0xde, 0x00, 0x01, 0x00, 0x05, 0x00, 0x00, 0x02, 0x3d, 0x02, 0x22, 0x00, 0x0b,
  0x00, 0x00, 0x13, 0x03, 0x33, 0x17, 0x37, 0x33, 0x03, 0x13, 0x23, 0x27, 0x07, 0x23, 0xbe, 0xb0,
  0xa9, 0x6a, 0x6b, 0xa9, 0xb2, 0xba, 0xa9, 0x73, 0x73, 0xa9, 0x01, 0x17, 0x01, 0x0b, 0xae, 0xae,
  0xfe, 0xf5, 0xfe, 0xe9, 0xbb, 0xbb, 0x00, 0x01, 0x00, 0x00, 0xff, 0x10, 0x02, 0x3b, 0x02, 0x22,
  0x00, 0x1a, 0x00, 0x00, 0x11, 0x33, 0x13, 0x16, 0x16, 0x17, 0x33, 0x36, 0x36, 0x37, 0x13, 0x33,
  0x03, 0x06, 0x06, 0x23, 0x22, 0x26, 0x27, 0x35, 0x16, 0x16, 0x33, 0x32, 0x36, 0x37, 0x37, 0x9f,
  0x67, 0x07, 0x0d, 0x03, 0x04, 0x03, 0x0f, 0x07, 0x65, 0x9c, 0xe0, 0x22, 0x69, 0x61, 0x1a, 0x25,
  0x0d, 0x0a, 0x20, 0x11, 0x2e, 0x32, 0x0f, 0x0c, 0x02, 0x22, 0xfe, 0xc8, 0x16, 0x31, 0x16, 0x15,
  0x32, 0x16, 0x01, 0x38, 0xfd, 0xac, 0x5c, 0x62, 0x05, 0x03, 0x77, 0x02, 0x04, 0x35, 0x27, 0x1f,
  0x00, 0x01, 0x00, 0x1e, 0x00, 0x00, 0x01, 0xce, 0x02, 0x22, 0x00, 0x09, 0x00, 0x00, 0x21, 0x21,
  0x35, 0x13, 0x23, 0x35, 0x21, 0x15, 0x03, 0x33, 0x01, 0xce, 0xfe, 0x50, 0xfc, 0xee, 0x01, 0x99,
  0xf5, 0xfe, 0x59, 0x01, 0x56, 0x73, 0x61, 0xfe, 0xb3, 0x00, 0x00, 0x01, 0x00, 0x0f, 0xff, 0x62,
  0x01, 0x62, 0x02, 0xca, 0x00, 0x1f, 0x00, 0x00, 0x05, 0x22, 0x26, 0x26, 0x35, 0x35, 0x34, 0x26,
  0x23, 0x35, 0x32, 0x36, 0x35, 0x35, 0x34, 0x36, 0x36, 0x33, 0x15, 0x06, 0x06, 0x15, 0x15, 0x14,
  0x07, 0x15, 0x16, 0x15, 0x15, 0x14, 0x16, 0x17, 0x01, 0x62, 0x55, 0x5d, 0x24, 0x40, 0x3d, 0x3d,
  0x40, 0x24, 0x5d, 0x55, 0x27, 0x2e, 0x72, 0x72, 0x2e, 0x27, 0x9e, 0x1c, 0x3c, 0x30, 0x9a, 0x2f,
  0x28, 0x75, 0x28, 0x2f, 0x9b, 0x30, 0x3c, 0x1c, 0x6e, 0x01, 0x1a, 0x2a, 0x92, 0x5b, 0x11, 0x06,
  0x11, 0x5b, 0x92, 0x2a, 0x1a, 0x01, 0x00, 0x01, 0x00, 0xde, 0xff, 0x1d, 0x01, 0x49, 0x02, 0xf5,
  0x00, 0x03, 0x00, 0x00, 0x13, 0x33, 0x11, 0x23, 0xde, 0x6b, 0x6b, 0x02, 0xf5, 0xfc, 0x28, 0x00,
  0x00, 0x01, 0x00, 0x28, 0xff, 0x62, 0x01, 0x7b, 0x02, 0xca, 0x00, 0x1f, 0x00, 0x00, 0x17, 0x36,
  0x36, 0x35, 0x35, 0x34, 0x37, 0x35, 0x26, 0x35, 0x35, 0x34, 0x26, 0x27, 0x35, 0x32, 0x16, 0x16,
  0x15, 0x15, 0x14, 0x16, 0x33, 0x15, 0x22, 0x06, 0x15, 0x15, 0x14, 0x06, 0x06, 0x23, 0x28, 0x27,
  0x2e, 0x72, 0x72, 0x2e, 0x27, 0x56, 0x5c, 0x24, 0x40, 0x3d, 0x3d, 0x40, 0x24, 0x5c, 0x56, 0x30,
  0x01, 0x1a, 0x2a, 0x92, 0x5b, 0x11, 0x06, 0x11, 0x5b, 0x92, 0x2a, 0x1a, 0x01, 0x6e, 0x1c, 0x3c,
  0x30, 0x9b, 0x2f, 0x28, 0x75, 0x28, 0x2f, 0x9a, 0x30, 0x3c, 0x1c, 0x00, 0x00, 0x01, 0x00, 0x2b,
  0x01, 0x0d, 0x02, 0x10, 0x01, 0xb4, 0x00, 0x17, 0x00, 0x00, 0x01, 0x26, 0x26, 0x23, 0x22, 0x06,
  0x07, 0x35, 0x36, 0x33, 0x32, 0x16, 0x17, 0x16, 0x16, 0x33, 0x32, 0x36, 0x37, 0x15, 0x06, 0x23,
  0x22, 0x26, 0x01, 0x0c, 0x25, 0x33, 0x17, 0x1c, 0x3d, 0x19, 0x32, 0x4b, 0x1d, 0x3b, 0x2f, 0x25,
  0x34, 0x16, 0x1d, 0x3c, 0x19, 0x32, 0x4b, 0x1d, 0x3b, 0x01, 0x2d, 0x10, 0x0b, 0x22, 0x19, 0x71,
  0x35, 0x0b, 0x14, 0x10, 0x0b, 0x22, 0x19, 0x71, 0x35, 0x0c, 0x00, 0x02, 0x00, 0x39, 0xff, 0x4c,
  0x00, 0xe4, 0x02, 0x22, 0x00, 0x0b, 0x00, 0x0f, 0x00, 0x00, 0x13, 0x14, 0x06, 0x23, 0x22, 0x26,
  0x35, 0x34, 0x36, 0x33, 0x32, 0x16, 0x07, 0x33, 0x13, 0x23, 0xe4, 0x32, 0x24, 0x22, 0x33, 0x33,
  0x22, 0x24, 0x32, 0x92, 0x77, 0x19, 0xa9, 0x01, 0xcf, 0x2e, 0x25, 0x25, 0x2e, 0x2c, 0x27, 0x27,
  0xd3, 0xfe, 0x24, 0x00, 0x00, 0x01, 0x00, 0x46, 0xff, 0xf6, 0x01, 0xfc, 0x02, 0xd4, 0x00, 0x1f,
  0x00, 0x00, 0x01, 0x16, 0x16, 0x17, 0x07, 0x26, 0x26, 0x23, 0x22, 0x15, 0x14, 0x16, 0x33, 0x32,
  0x36, 0x37, 0x15, 0x06, 0x06, 0x07, 0x15, 0x23, 0x35, 0x26, 0x26, 0x35, 0x34, 0x36, 0x36, 0x37,
  0x35, 0x33, 0x01, 0x6a, 0x2f, 0x47, 0x1c, 0x2c, 0x23, 0x3d, 0x1e, 0x74, 0x3d, 0x37, 0x2f, 0x43,
  0x27, 0x1f, 0x3f, 0x23, 0x57, 0x61, 0x6c, 0x33, 0x5d, 0x3d, 0x57, 0x02, 0x87, 0x02, 0x14, 0x0e,
  0x73, 0x0e, 0x12, 0xa5, 0x52, 0x4e, 0x14, 0x11, 0x7c, 0x0f, 0x11, 0x02, 0x5c, 0x60, 0x0e, 0x84,
  0x82, 0x5e, 0x75, 0x3d, 0x09, 0x51, 0x00, 0x01, 0x00, 0x28, 0x00, 0x00, 0x02, 0x28, 0x02, 0xd4,
  0x00, 0x21, 0x00, 0x00, 0x01, 0x32, 0x16, 0x17, 0x07, 0x26, 0x26, 0x23, 0x22, 0x06, 0x15, 0x15,
  0x33, 0x15, 0x23, 0x15, 0x14, 0x06, 0x07, 0x21, 0x15, 0x21, 0x35, 0x36, 0x36, 0x35, 0x35, 0x23,
  0x35, 0x33, 0x35, 0x34, 0x36, 0x36, 0x01, 0x56, 0x36, 0x61, 0x27, 0x2d, 0x22, 0x44, 0x1f, 0x20,
  0x2f, 0xb7, 0xb7, 0x30, 0x1a, 0x01, 0x5f, 0xfe, 0x00, 0x29, 0x2f, 0x57, 0x57, 0x3a, 0x61, 0x02,
  0xd4, 0x17, 0x11, 0x70, 0x0e, 0x11, 0x25, 0x2f, 0x5e, 0x6b, 0x46, 0x35, 0x36, 0x0e, 0x7f, 0x79,
  0x12, 0x33, 0x39, 0x47, 0x6b, 0x5f, 0x4a, 0x59, 0x29, 0x00, 0x00, 0x02, 0x00, 0x34, 0x00, 0x7c,
  0x02, 0x01, 0x02, 0x47, 0x00, 0x1e, 0x00, 0x2a, 0x00, 0x00, 0x13, 0x34, 0x36, 0x37, 0x27, 0x37,
  0x17, 0x36, 0x33, 0x32, 0x17, 0x37, 0x17, 0x07, 0x16, 0x16, 0x15, 0x14, 0x07, 0x17, 0x07, 0x27,
  0x06, 0x06, 0x23, 0x22, 0x27, 0x07, 0x27, 0x37, 0x26, 0x37, 0x14, 0x16, 0x33, 0x32, 0x36, 0x35,
  0x34, 0x26, 0x23, 0x22, 0x06, 0x59, 0x0e, 0x0c, 0x3f, 0x48, 0x3f, 0x2c, 0x33, 0x32, 0x2d, 0x3e,
  0x4a, 0x3f, 0x0c, 0x0e, 0x1a, 0x3d, 0x48, 0x3e, 0x14, 0x31, 0x1a, 0x37, 0x29, 0x3e, 0x47, 0x3e,
  0x1a, 0x66, 0x35, 0x26, 0x26, 0x37, 0x37, 0x26, 0x26, 0x35, 0x01, 0x61, 0x1a, 0x31, 0x14, 0x3e,
  0x49, 0x3e, 0x1a, 0x1b, 0x3f, 0x46, 0x40, 0x14, 0x32, 0x1a, 0x35, 0x2b, 0x3d, 0x48, 0x3d, 0x0b,
  0x0e, 0x18, 0x3b, 0x48, 0x3d, 0x2c, 0x33, 0x26, 0x35, 0x35, 0x26, 0x27, 0x35, 0x35, 0x00, 0x01,
  0x00, 0x03, 0x00, 0x00, 0x02, 0x37, 0x02, 0xca, 0x00, 0x16, 0x00, 0x00, 0x01, 0x13, 0x33, 0x03,
  0x33, 0x15, 0x23, 0x15, 0x33, 0x15, 0x23, 0x15, 0x23, 0x35, 0x23, 0x35, 0x33, 0x35, 0x23, 0x35,
  0x33, 0x03, 0x33, 0x01, 0x1d, 0x81, 0x99, 0xbb, 0x5f, 0x78, 0x78, 0x78, 0x8c, 0x79, 0x79, 0x79,
  0x5d, 0xb8, 0x9a, 0x01, 0xa4, 0x01, 0x26, 0xfe, 0x93, 0x57, 0x43, 0x57, 0x6c, 0x6c, 0x57, 0x43,
  0x57, 0x01, 0x6d, 0x00, 0x00, 0x02, 0x00, 0xde, 0xff, 0x1d, 0x01, 0x49, 0x02, 0xf5, 0x00, 0x03,
  0x00, 0x07, 0x00, 0x00, 0x13, 0x33, 0x11, 0x23, 0x15, 0x33, 0x11, 0x23, 0xde, 0x6b, 0x6b, 0x6b,
  0x6b, 0x02, 0xf5, 0xfe, 0x72, 0xbc, 0xfe, 0x72, 0x00, 0x02, 0x00, 0x34, 0xff, 0xf6, 0x01, 0xb5,
  0x02, 0xfd, 0x00, 0x33, 0x00, 0x40, 0x00, 0x00, 0x13, 0x34, 0x36, 0x37, 0x26, 0x26, 0x35, 0x34,
  0x36, 0x33, 0x32, 0x16, 0x17, 0x07, 0x26, 0x26, 0x23, 0x22, 0x06, 0x15, 0x14, 0x16, 0x17, 0x16,
  0x16, 0x15, 0x14, 0x06, 0x07, 0x16, 0x16, 0x15, 0x14, 0x06, 0x23, 0x22, 0x26, 0x27, 0x35, 0x16,
  0x16, 0x33, 0x32, 0x36, 0x35, 0x34, 0x26, 0x26, 0x27, 0x2e, 0x02, 0x37, 0x14, 0x16, 0x17, 0x17,
  0x36, 0x36, 0x35, 0x34, 0x26, 0x27, 0x06, 0x06, 0x3b, 0x27, 0x1a, 0x1f, 0x22, 0x6d, 0x59, 0x32,
  0x56, 0x29, 0x28, 0x21, 0x45, 0x26, 0x28, 0x24, 0x31, 0x37, 0x46, 0x55, 0x22, 0x1b, 0x1e, 0x1f,
  0x74, 0x63, 0x35, 0x53, 0x22, 0x26, 0x5f, 0x25, 0x37, 0x28, 0x0f, 0x2b, 0x2b, 0x32, 0x46, 0x25,
  0x6d, 0x37, 0x3a, 0x07, 0x0e, 0x18, 0x2e, 0x44, 0x11, 0x1b, 0x01, 0x87, 0x2b, 0x3c, 0x12, 0x14,
  0x38, 0x25, 0x3f, 0x4d, 0x17, 0x12, 0x5d, 0x10, 0x19, 0x16, 0x17, 0x19, 0x22, 0x16, 0x1c, 0x4e,
  0x3b, 0x31, 0x3b, 0x12, 0x13, 0x34, 0x24, 0x48, 0x56, 0x14, 0x13, 0x65, 0x13, 0x1d, 0x21, 0x18,
  0x11, 0x18, 0x19, 0x12, 0x15, 0x2b, 0x3c, 0x37, 0x1e, 0x2f, 0x18, 0x03, 0x0b, 0x22, 0x19, 0x1e,
  0x2f, 0x18, 0x07, 0x23, 0x00, 0x02, 0x00, 0x7d, 0x02, 0x6d, 0x01, 0xdf, 0x02, 0xf1, 0x00, 0x0b,
  0x00, 0x17, 0x00, 0x00, 0x13, 0x34, 0x36, 0x33, 0x32, 0x16, 0x15, 0x14, 0x06, 0x23, 0x22, 0x26,
  0x37, 0x34, 0x36, 0x33, 0x32, 0x16, 0x15, 0x14, 0x06, 0x23, 0x22, 0x26, 0x7d, 0x27, 0x1e, 0x1b,
  0x2a, 0x2a, 0x1b, 0x1e, 0x27, 0xd8, 0x28, 0x1d, 0x1c, 0x29, 0x29, 0x1c, 0x1d, 0x28, 0x02, 0xae,
  0x23, 0x20, 0x20, 0x23, 0x21, 0x20, 0x20, 0x21, 0x23, 0x20, 0x20, 0x23, 0x21, 0x20, 0x20, 0x00,
  0x00, 0x03, 0x00, 0x31, 0xff, 0xf6, 0x03, 0x0f, 0x02, 0xd4, 0x00, 0x13, 0x00, 0x24, 0x00, 0x3d,
  0x00, 0x00, 0x05, 0x22, 0x2e, 0x02, 0x35, 0x34, 0x3e, 0x02, 0x33, 0x32, 0x1e, 0x02, 0x15, 0x14,
  0x0e, 0x02, 0x27, 0x32, 0x36, 0x36, 0x35, 0x34, 0x2e, 0x02, 0x23, 0x22, 0x06, 0x06, 0x15, 0x14,
  0x16, 0x16, 0x37, 0x22, 0x26, 0x35, 0x34, 0x36, 0x36, 0x33, 0x32, 0x17, 0x07, 0x26, 0x23, 0x22,
  0x06, 0x15, 0x14, 0x16, 0x33, 0x32, 0x36, 0x37, 0x15, 0x06, 0x06, 0x01, 0xa0, 0x50, 0x86, 0x63,
  0x36, 0x37, 0x64, 0x86, 0x4e, 0x4c, 0x85, 0x65, 0x39, 0x36, 0x63, 0x86, 0x50, 0x52, 0x87, 0x50,
  0x2d, 0x50, 0x6d, 0x3f, 0x55, 0x88, 0x4e, 0x4d, 0x87, 0x66, 0x66, 0x65, 0x30, 0x5c, 0x43, 0x41,
  0x3a, 0x1d, 0x32, 0x2b, 0x3b, 0x41, 0x39, 0x42, 0x17, 0x39, 0x19, 0x18, 0x32, 0x0a, 0x36, 0x63,
  0x86, 0x50, 0x4c, 0x85, 0x65, 0x39, 0x36, 0x63, 0x86, 0x50, 0x50, 0x86, 0x63, 0x36, 0x40, 0x4e,
  0x89, 0x58, 0x3f, 0x6e, 0x54, 0x2f, 0x4e, 0x89, 0x59, 0x58, 0x89, 0x4e, 0x4a, 0x7e, 0x67, 0x43,
  0x67, 0x3b, 0x1e, 0x43, 0x1a, 0x54, 0x4a, 0x4c, 0x53, 0x0d, 0x0a, 0x45, 0x0a, 0x0e, 0x00, 0x02,
  0x00, 0x1b, 0x01, 0x6f, 0x01, 0x53, 0x02, 0xd2, 0x00, 0x1a, 0x00, 0x24, 0x00, 0x00, 0x13, 0x32,
  0x16, 0x15, 0x15, 0x23, 0x27, 0x06, 0x06, 0x23, 0x22, 0x26, 0x35, 0x34, 0x36, 0x37, 0x37, 0x35,
  0x34, 0x26, 0x23, 0x22, 0x06, 0x07, 0x27, 0x36, 0x36, 0x17, 0x06, 0x06, 0x15, 0x14, 0x33, 0x32,
  0x36, 0x35, 0x35, 0xc7, 0x40, 0x4c, 0x43, 0x12, 0x15, 0x37, 0x29, 0x30, 0x3e, 0x54, 0x50, 0x30,
  0x1f, 0x1b, 0x1b, 0x2f, 0x1c, 0x1f, 0x20, 0x45, 0x2f, 0x2a, 0x1b, 0x2a, 0x24, 0x22, 0x02, 0xd2,
  0x40, 0x42, 0xdb, 0x36, 0x1d, 0x1f, 0x35, 0x38, 0x3a, 0x32, 0x03, 0x02, 0x0a, 0x19, 0x15, 0x0e,
  0x0d, 0x45, 0x10, 0x13, 0xc2, 0x02, 0x1b, 0x13, 0x27, 0x2b, 0x1f, 0x10, 0x00, 0x02, 0x00, 0x26,
  0x00, 0x2e, 0x02, 0x40, 0x01, 0xf7, 0x00, 0x06, 0x00, 0x0d, 0x00, 0x00, 0x13, 0x37, 0x17, 0x07,
  0x17, 0x07, 0x27, 0x37, 0x37, 0x17, 0x07, 0x17, 0x07, 0x27, 0x26, 0xb5, 0x6c, 0x88, 0x88, 0x6c,
  0xb5, 0xf8, 0xb6, 0x6c, 0x88, 0x88, 0x6c, 0xb6, 0x01, 0x18, 0xdf, 0x3b, 0xaa, 0xaa, 0x3a, 0xdd,
  0x0d, 0xdf, 0x3b, 0xaa, 0xaa, 0x3a, 0xdd, 0x00, 0x00, 0x01, 0x00, 0x2b, 0x00, 0x79, 0x02, 0x10,
  0x01, 0x96, 0x00, 0x05, 0x00, 0x00, 0x01, 0x11, 0x23, 0x35, 0x21, 0x35, 0x02, 0x10, 0x6b, 0xfe,
  0x86, 0x01, 0x96, 0xfe, 0xe3, 0xb2, 0x6b, 0x00, 0xff, 0xff, 0x00, 0x1c, 0x00, 0xce, 0x01, 0x23,
  0x01, 0x4a, 0x02, 0x06, 0x00, 0x0e, 0x00, 0x00, 0x00, 0x04, 0x00, 0x31, 0xff, 0xf6, 0x03, 0x0f,
  0x02, 0xd4, 0x00, 0x13, 0x00, 0x24, 0x00, 0x32, 0x00, 0x3b, 0x00, 0x00, 0x05, 0x22, 0x2e, 0x02,
  0x35, 0x34, 0x3e, 0x02, 0x33, 0x32, 0x1e, 0x02, 0x15, 0x14, 0x0e, 0x02, 0x27, 0x32, 0x36, 0x36,
  0x35, 0x34, 0x2e, 0x02, 0x23, 0x22, 0x06, 0x06, 0x15, 0x14, 0x16, 0x16, 0x27, 0x11, 0x33, 0x32,
  0x16, 0x15, 0x14, 0x06, 0x07, 0x17, 0x23, 0x27, 0x23, 0x15, 0x37, 0x32, 0x36, 0x35, 0x34, 0x26,
  0x23, 0x23, 0x15, 0x01, 0xa0, 0x50, 0x86, 0x63, 0x36, 0x37, 0x64, 0x86, 0x4e, 0x4c, 0x85, 0x65,
  0x39, 0x36, 0x63, 0x86, 0x50, 0x52, 0x87, 0x50, 0x2d, 0x50, 0x6d, 0x3f, 0x55, 0x88, 0x4e, 0x4d,
  0x87, 0x37, 0x85, 0x52, 0x4c, 0x30, 0x1e, 0x74, 0x5b, 0x5f, 0x3e, 0x32, 0x27, 0x27, 0x23, 0x2c,
  0x31, 0x0a, 0x36, 0x63, 0x86, 0x50, 0x4c, 0x85, 0x65, 0x39, 0x36, 0x63, 0x86, 0x50, 0x50, 0x86,
  0x63, 0x36, 0x40, 0x4e, 0x89, 0x58, 0x3f, 0x6e, 0x54, 0x2f, 0x4e, 0x89, 0x59, 0x58, 0x89, 0x4e,
  0x54, 0x01, 0xba, 0x45, 0x41, 0x2f, 0x37, 0x0c, 0xc2, 0xa8, 0xa8, 0xeb, 0x28, 0x1f, 0x23, 0x20,
  0x8a, 0x00, 0x00, 0x01, 0xff, 0xfd, 0x02, 0xf8, 0x01, 0xf7, 0x03, 0x5b, 0x00, 0x03, 0x00, 0x00,
  0x01, 0x21, 0x35, 0x21, 0x01, 0xf7, 0xfe, 0x06, 0x01, 0xfa, 0x02, 0xf8, 0x63, 0x00, 0x00, 0x02,
  0x00, 0x28, 0x01, 0x82, 0x01, 0x80, 0x02, 0xd4, 0x00, 0x0f, 0x00, 0x1b, 0x00, 0x00, 0x13, 0x22,
  0x26, 0x26, 0x35, 0x34, 0x36, 0x36, 0x33, 0x32, 0x16, 0x16, 0x15, 0x14, 0x06, 0x06, 0x27, 0x32,
  0x36, 0x35, 0x34, 0x26, 0x23, 0x22, 0x06, 0x15, 0x14, 0x16, 0xd4, 0x33, 0x4d, 0x2c, 0x2c, 0x4d,
  0x33, 0x33, 0x4d, 0x2c, 0x2c, 0x4d, 0x32, 0x24, 0x27, 0x28, 0x23, 0x25, 0x28, 0x27, 0x01, 0x82,
  0x2b, 0x4b, 0x32, 0x32, 0x4c, 0x2c, 0x2c, 0x4c, 0x32, 0x32, 0x4b, 0x2b, 0x5e, 0x29, 0x21, 0x23,
  0x2a, 0x2a, 0x23, 0x21, 0x29, 0x00, 0x00, 0x02, 0x00, 0x2b, 0x00, 0x00, 0x02, 0x10, 0x02, 0x72,
  0x00, 0x0b, 0x00, 0x0f, 0x00, 0x00, 0x01, 0x33, 0x15, 0x23, 0x15, 0x23, 0x35, 0x23, 0x35, 0x33,
  0x35, 0x33, 0x01, 0x35, 0x21, 0x15, 0x01, 0x53, 0xbd, 0xbd, 0x6b, 0xbd, 0xbd, 0x6b, 0xfe, 0xd8,
  0x01, 0xe5, 0x01, 0xb4, 0x6b, 0xbc, 0xbc, 0x6b, 0xbe, 0xfd, 0x8e, 0x6b, 0x6b, 0x00, 0x00, 0x01,
  0x00, 0x17, 0x01, 0xa0, 0x01, 0x57, 0x03, 0x56, 0x00, 0x17, 0x00, 0x00, 0x01, 0x21, 0x35, 0x37,
  0x36, 0x36, 0x35, 0x34, 0x26, 0x23, 0x22, 0x07, 0x27, 0x36, 0x36, 0x33, 0x32, 0x16, 0x15, 0x14,
  0x06, 0x07, 0x07, 0x33, 0x01, 0x57, 0xfe, 0xc4, 0x6d, 0x2d, 0x21, 0x17, 0x14, 0x27, 0x31, 0x3c,
  0x20, 0x4f, 0x35, 0x41, 0x4f, 0x32, 0x3b, 0x33, 0xac, 0x01, 0xa0, 0x52, 0x6b, 0x2c, 0x2f, 0x1a,
  0x12, 0x14, 0x2b, 0x4a, 0x1c, 0x23, 0x3f, 0x3b, 0x2d, 0x4a, 0x35, 0x2e, 0x00, 0x01, 0x00, 0x1a,
  0x01, 0x98, 0x01, 0x5e, 0x03, 0x55, 0x00, 0x26, 0x00, 0x00, 0x13, 0x32, 0x16, 0x15, 0x14, 0x07,
  0x15, 0x16, 0x15, 0x14, 0x06, 0x23, 0x22, 0x26, 0x27, 0x35, 0x16, 0x16, 0x33, 0x32, 0x35, 0x34,
  0x26, 0x23, 0x23, 0x35, 0x33, 0x32, 0x36, 0x35, 0x34, 0x26, 0x23, 0x22, 0x06, 0x07, 0x27, 0x36,
  0x36, 0xb9, 0x49, 0x4e, 0x4d, 0x5b, 0x5d, 0x56, 0x29, 0x49, 0x1e, 0x21, 0x48, 0x23, 0x4a, 0x24,
  0x2f, 0x35, 0x2e, 0x2c, 0x23, 0x1c, 0x1b, 0x1a, 0x30, 0x1a, 0x31, 0x1f, 0x4e, 0x03, 0x55, 0x3b,
  0x30, 0x4e, 0x1b, 0x04, 0x15, 0x51, 0x3b, 0x44, 0x0f, 0x11, 0x5e, 0x14, 0x12, 0x32, 0x16, 0x1a,
  0x50, 0x1c, 0x16, 0x14, 0x18, 0x12, 0x13, 0x45, 0x17, 0x1e, 0x00, 0x01, 0x00, 0x28, 0x02, 0x5e,
  0x01, 0x45, 0x02, 0xfe, 0x00, 0x0c, 0x00, 0x00, 0x01, 0x0e, 0x03, 0x07, 0x23, 0x35, 0x3e, 0x02,
  0x37, 0x33, 0x01, 0x45, 0x0f, 0x2e, 0x36, 0x33, 0x13, 0x64, 0x10, 0x2b, 0x2a, 0x0f, 0xa9, 0x02,
  0xf4, 0x0e, 0x28, 0x2c, 0x27, 0x0d, 0x0d, 0x13, 0x33, 0x37, 0x16, 0x00, 0x00, 0x01, 0x00, 0x49,
  0xff, 0x10, 0x02, 0x43, 0x02, 0x22, 0x00, 0x18, 0x00, 0x00, 0x01, 0x11, 0x23, 0x27, 0x23, 0x06,
  0x23, 0x22, 0x26, 0x27, 0x23, 0x16, 0x16, 0x15, 0x15, 0x23, 0x11, 0x33, 0x11, 0x14, 0x33, 0x32,
  0x36, 0x35, 0x11, 0x02, 0x43, 0x72, 0x16, 0x07, 0x28, 0x56, 0x1f, 0x2a, 0x10, 0x02, 0x02, 0x03,
  0x97, 0x97, 0x5a, 0x41, 0x31, 0x02, 0x22, 0xfd, 0xde, 0x49, 0x53, 0x16, 0x15, 0x14, 0x40, 0x21,
  0x9c, 0x03, 0x12, 0xfe, 0xc2, 0x75, 0x5c, 0x57, 0x01, 0x00, 0x00, 0x01, 0x00, 0x34, 0xff, 0x81,
  0x02, 0x37, 0x02, 0xf8, 0x00, 0x12, 0x00, 0x00, 0x05, 0x23, 0x11, 0x23, 0x11, 0x23, 0x11, 0x06,
  0x06, 0x23, 0x22, 0x26, 0x26, 0x35, 0x34, 0x36, 0x36, 0x33, 0x21, 0x02, 0x37, 0x4f, 0x57, 0x4f,
  0x0f, 0x1f, 0x13, 0x3e, 0x5c, 0x33, 0x37, 0x63, 0x42, 0x01, 0x27, 0x7f, 0x03, 0x1d, 0xfc, 0xe3,
  0x01, 0x90, 0x04, 0x05, 0x2e, 0x6c, 0x5b, 0x60, 0x6d, 0x2e, 0xff, 0xff, 0x00, 0x36, 0x01, 0x0e,
  0x00, 0xe3, 0x01, 0xb5, 0x02, 0x07, 0x00, 0x0f, 0x00, 0x00, 0x01, 0x1b, 0x00, 0x01, 0x00, 0x13,
  0xff, 0x10, 0x00, 0xf4, 0x00, 0x00, 0x00, 0x14, 0x00, 0x00, 0x17, 0x14, 0x06, 0x23, 0x22, 0x26,
  0x27, 0x35, 0x16, 0x33, 0x32, 0x35, 0x34, 0x26, 0x27, 0x37, 0x33, 0x07, 0x1e, 0x02, 0xf4, 0x4a,
  0x42, 0x1b, 0x2c, 0x0e, 0x1d, 0x1f, 0x35, 0x28, 0x26, 0x23, 0x50, 0x0f, 0x15, 0x2a, 0x1b, 0x81,
  0x33, 0x3c, 0x07, 0x05, 0x4f, 0x09, 0x23, 0x14, 0x16, 0x06, 0x4b, 0x27, 0x05, 0x14, 0x24, 0x00,
  0x00, 0x01, 0x00, 0x20, 0x01, 0xa0, 0x01, 0x15, 0x03, 0x4c, 0x00, 0x0d, 0x00, 0x00, 0x01, 0x11,
  0x23, 0x35, 0x34, 0x36, 0x36, 0x37, 0x06, 0x06, 0x07, 0x07, 0x27, 0x37, 0x01, 0x15, 0x70, 0x02,
  0x02, 0x01, 0x07, 0x14, 0x0a, 0x2d, 0x38, 0x97, 0x03, 0x4c, 0xfe, 0x54, 0xd6, 0x0d, 0x27, 0x25,
  0x0a, 0x09, 0x14, 0x07, 0x24, 0x45, 0x76, 0x00, 0x00, 0x02, 0x00, 0x1b, 0x01, 0x6f, 0x01, 0x68,
  0x02, 0xd2, 0x00, 0x0b, 0x00, 0x14, 0x00, 0x00, 0x01, 0x14, 0x06, 0x23, 0x22, 0x26, 0x35, 0x34,
  0x36, 0x33, 0x32, 0x16, 0x07, 0x14, 0x16, 0x33, 0x32, 0x35, 0x34, 0x23, 0x22, 0x01, 0x68, 0x5c,
  0x4c, 0x48, 0x5d, 0x5a, 0x4d, 0x48, 0x5e, 0xe9, 0x1f, 0x23, 0x41, 0x41, 0x42, 0x02, 0x20, 0x54,
  0x5d, 0x5d, 0x54, 0x56, 0x5c, 0x5d, 0x55, 0x30, 0x30, 0x60, 0x62, 0x00, 0x00, 0x02, 0x00, 0x26,
  0x00, 0x2e, 0x02, 0x40, 0x01, 0xf7, 0x00, 0x06, 0x00, 0x0d, 0x00, 0x00, 0x01, 0x07, 0x27, 0x37,
  0x27, 0x37, 0x17, 0x07, 0x07, 0x27, 0x37, 0x27, 0x37, 0x17, 0x02, 0x40, 0xb5, 0x6d, 0x88, 0x88,
  0x6d, 0xb5, 0xf9, 0xb5, 0x6c, 0x88, 0x88, 0x6c, 0xb5, 0x01, 0x0b, 0xdd, 0x3a, 0xaa, 0xaa, 0x3b,
  0xdf, 0x0d, 0xdd, 0x3a, 0xaa, 0xaa, 0x3b, 0xdf, 0x00, 0x04, 0x00, 0x16, 0x00, 0x00, 0x03, 0x35,
  0x02, 0xca, 0x00, 0x03, 0x00, 0x11, 0x00, 0x1c, 0x00, 0x24, 0x00, 0x00, 0x33, 0x01, 0x33, 0x01,
  0x03, 0x34, 0x36, 0x36, 0x37, 0x06, 0x06, 0x07, 0x07, 0x27, 0x37, 0x33, 0x11, 0x23, 0x01, 0x35,
  0x23, 0x35, 0x13, 0x33, 0x11, 0x33, 0x15, 0x23, 0x15, 0x27, 0x33, 0x35, 0x34, 0x37, 0x06, 0x06,
  0x07, 0x9c, 0x01, 0x8c, 0x75, 0xfe, 0x74, 0x7f, 0x01, 0x02, 0x01, 0x06, 0x17, 0x08, 0x26, 0x35,
  0x93, 0x5d, 0x74, 0x01, 0xf2, 0xbb, 0xbc, 0x73, 0x3d, 0x3d, 0xd5, 0x61, 0x03, 0x05, 0x18, 0x09,
  0x02, 0xca, 0xfd, 0x36, 0x01, 0xf8, 0x0d, 0x2a, 0x27, 0x07, 0x08, 0x17, 0x07, 0x1e, 0x3e, 0x73,
  0xfe, 0x54, 0xfe, 0xe2, 0x4a, 0x4b, 0x01, 0x1a, 0xfe, 0xed, 0x52, 0x4a, 0x9c, 0x50, 0x2a, 0x30,
  0x0d, 0x32, 0x0e, 0x00, 0x00, 0x03, 0x00, 0x16, 0x00, 0x00, 0x03, 0x46, 0x02, 0xca, 0x00, 0x03,
  0x00, 0x11, 0x00, 0x29, 0x00, 0x00, 0x33, 0x01, 0x33, 0x01, 0x03, 0x34, 0x36, 0x36, 0x37, 0x06,
  0x06, 0x07, 0x07, 0x27, 0x37, 0x33, 0x11, 0x23, 0x01, 0x35, 0x37, 0x36, 0x36, 0x35, 0x34, 0x26,
  0x23, 0x22, 0x07, 0x27, 0x36, 0x36, 0x33, 0x32, 0x16, 0x15, 0x14, 0x06, 0x07, 0x07, 0x33, 0x15,
  0x9c, 0x01, 0x8c, 0x75, 0xfe, 0x74, 0x7f, 0x01, 0x02, 0x01, 0x06, 0x17, 0x08, 0x26, 0x35, 0x93,
  0x5d, 0x74, 0x01, 0x78, 0x6d, 0x2d, 0x21, 0x17, 0x14, 0x27, 0x31, 0x3c, 0x20, 0x4f, 0x35, 0x41,
  0x4f, 0x32, 0x3b, 0x33, 0xac, 0x02, 0xca, 0xfd, 0x36, 0x01, 0xf8, 0x0d, 0x2a, 0x27, 0x07, 0x08,
  0x17, 0x07, 0x1e, 0x3e, 0x73, 0xfe, 0x54, 0xfe, 0xe2, 0x52, 0x6b, 0x2c, 0x2f, 0x1a, 0x12, 0x14,
  0x2b, 0x4a, 0x1c, 0x23, 0x3f, 0x3b, 0x2d, 0x4a, 0x35, 0x2e, 0x62, 0x00, 0x00, 0x04, 0x00, 0x2c,
  0x00, 0x00, 0x03, 0x44, 0x02, 0xd3, 0x00, 0x27, 0x00, 0x2b, 0x00, 0x36, 0x00, 0x3e, 0x00, 0x00,
  0x13, 0x22, 0x27, 0x35, 0x16, 0x16, 0x33, 0x32, 0x35, 0x34, 0x26, 0x23, 0x23, 0x35, 0x33, 0x32,
  0x36, 0x35, 0x34, 0x26, 0x23, 0x22, 0x06, 0x07, 0x27, 0x36, 0x36, 0x33, 0x32, 0x16, 0x15, 0x14,
  0x06, 0x07, 0x15, 0x16, 0x16, 0x15, 0x14, 0x06, 0x03, 0x01, 0x33, 0x01, 0x21, 0x35, 0x23, 0x35,
  0x13, 0x33, 0x11, 0x33, 0x15, 0x23, 0x15, 0x27, 0x33, 0x35, 0x34, 0x37, 0x06, 0x06, 0x07, 0xb1,
  0x47, 0x3e, 0x20, 0x41, 0x23, 0x46, 0x22, 0x2f, 0x37, 0x2d, 0x33, 0x1d, 0x18, 0x19, 0x17, 0x29,
  0x1c, 0x31, 0x1e, 0x4a, 0x32, 0x3d, 0x50, 0x27, 0x2c, 0x32, 0x2f, 0x56, 0x4d, 0x01, 0x8c, 0x75,
  0xfe, 0x74, 0x01, 0x5f, 0xbb, 0xbc, 0x73, 0x3d, 0x3d, 0xd5, 0x61, 0x03, 0x05, 0x18, 0x09, 0x01,
  0x16, 0x22, 0x5d, 0x13, 0x19, 0x34, 0x14, 0x20, 0x4e, 0x21, 0x14, 0x13, 0x18, 0x12, 0x14, 0x45,
  0x17, 0x1e, 0x3d, 0x34, 0x22, 0x31, 0x0e, 0x06, 0x0a, 0x39, 0x23, 0x3b, 0x44, 0xfe, 0xea, 0x02,
  0xca, 0xfd, 0x36, 0x4a, 0x4b, 0x01, 0x1a, 0xfe, 0xed, 0x52, 0x4a, 0x9c, 0x50, 0x2a, 0x30, 0x0d,
  0x32, 0x0e, 0x00, 0x02, 0x00, 0x14, 0xff, 0x4c, 0x01, 0xd8, 0x02, 0x2c, 0x00, 0x0b, 0x00, 0x29,
  0x00, 0x00, 0x01, 0x14, 0x06, 0x23, 0x22, 0x26, 0x35, 0x34, 0x36, 0x33, 0x32, 0x16, 0x07, 0x14,
  0x06, 0x07, 0x0e, 0x02, 0x15, 0x14, 0x16, 0x33, 0x32, 0x36, 0x37, 0x17, 0x06, 0x06, 0x23, 0x22,
  0x26, 0x35, 0x34, 0x36, 0x37, 0x3e, 0x02, 0x35, 0x35, 0x33, 0x01, 0x64, 0x33, 0x24, 0x23, 0x33,
  0x33, 0x23, 0x24, 0x33, 0x16, 0x24, 0x33, 0x23, 0x24, 0x0d, 0x2f, 0x29, 0x2a, 0x52, 0x2b, 0x36,
  0x31, 0x73, 0x44, 0x69, 0x73, 0x3a, 0x3b, 0x1f, 0x22, 0x0d, 0x77, 0x01, 0xd9, 0x2e, 0x25, 0x25,
  0x2e, 0x2c, 0x27, 0x27, 0xf2, 0x31, 0x45, 0x24, 0x1a, 0x24, 0x20, 0x14, 0x1f, 0x23, 0x1a, 0x16,
  0x6c, 0x1c, 0x21, 0x60, 0x50, 0x3e, 0x53, 0x2a, 0x17, 0x20, 0x1f, 0x15, 0x15, 0x00, 0xff, 0xff,
  0x00, 0x00, 0x00, 0x00, 0x02, 0xb4, 0x03, 0xa6, 0x02, 0x26, 0x00, 0x22, 0x00, 0x00, 0x00, 0x07,
  0x00, 0x41, 0x00, 0x98, 0x00, 0xa8, 0xff, 0xff, 0x00, 0x00, 0x00, 0x00, 0x02, 0xb4, 0x03, 0xa6,
  0x02, 0x26, 0x00, 0x22, 0x00, 0x00, 0x00, 0x07, 0x00, 0x74, 0x00, 0xe0, 0x00, 0xa8, 0xff, 0xff,
  0x00, 0x00, 0x00, 0x00, 0x02, 0xb4, 0x03, 0xa6, 0x02, 0x26, 0x00, 0x22, 0x00, 0x00, 0x00, 0x07,
  0x01, 0x3d, 0x00, 0x69, 0x00, 0xa8, 0xff, 0xff, 0x00, 0x00, 0x00, 0x00, 0x02, 0xb4, 0x03, 0x9d,
  0x02, 0x26, 0x00, 0x22, 0x00, 0x00, 0x00, 0x07, 0x01, 0x44, 0x00, 0x6d, 0x00, 0xa8, 0xff, 0xff,
  0x00, 0x00, 0x00, 0x00, 0x02, 0xb4, 0x03, 0x99, 0x02, 0x26, 0x00, 0x22, 0x00, 0x00, 0x00, 0x07,
  0x00, 0x68, 0x00, 0x2c, 0x00, 0xa8, 0xff, 0xff, 0x00, 0x00, 0x00, 0x00, 0x02, 0xb4, 0x03, 0x71,
  0x02, 0x26, 0x00, 0x22, 0x00, 0x00, 0x00, 0x07, 0x01, 0x42, 0x00, 0xb6, 0x00, 0x2b, 0x00, 0x02,
  0x00, 0x00, 0x00, 0x00, 0x03, 0x7d, 0x02, 0xca, 0x00, 0x0f, 0x00, 0x13, 0x00, 0x00, 0x21, 0x21,
  0x35, 0x23, 0x07, 0x23, 0x01, 0x21, 0x15, 0x21, 0x15, 0x21, 0x15, 0x21, 0x15, 0x21, 0x25, 0x33,
  0x11, 0x23, 0x03, 0x7d, 0xfe, 0x56, 0xf0, 0x49, 0x9a, 0x01, 0x40, 0x02, 0x3d, 0xfe, 0xed, 0x01,
  0x01, 0xfe, 0xff, 0x01, 0x13, 0xfd, 0x9d, 0xb9, 0x3e, 0xaa, 0xaa, 0x02, 0xca, 0x7c, 0x9d, 0x7c,
  0xb8, 0xac, 0x01, 0x20, 0xff, 0xff, 0x00, 0x37, 0xff, 0x10, 0x02, 0x63, 0x02, 0xd4, 0x02, 0x26,
  0x00, 0x24, 0x00, 0x00, 0x00, 0x07, 0x00, 0x78, 0x00, 0xf2, 0x00, 0x00, 0xff, 0xff, 0x00, 0x5a,
  0x00, 0x00, 0x01, 0xf5, 0x03, 0xa6, 0x02, 0x26, 0x00, 0x26, 0x00, 0x00, 0x00, 0x07, 0x00, 0x41,
  0x00, 0x4d, 0x00, 0xa8, 0xff, 0xff, 0x00, 0x5a, 0x00, 0x00, 0x01, 0xf5, 0x03, 0xa6, 0x02, 0x26,
  0x00, 0x26, 0x00, 0x00, 0x00, 0x07, 0x00, 0x74, 0x00, 0x9b, 0x00, 0xa8, 0xff, 0xff, 0x00, 0x5a,
  0x00, 0x00, 0x01, 0xf5, 0x03, 0xa6, 0x02, 0x26, 0x00, 0x26, 0x00, 0x00, 0x00, 0x07, 0x01, 0x3d,
  0x00, 0x38, 0x00, 0xa8, 0xff, 0xff, 0x00, 0x5a, 0x00, 0x00, 0x01, 0xf5, 0x03, 0x99, 0x02, 0x26,
  0x00, 0x26, 0x00, 0x00, 0x00, 0x07, 0x00, 0x68, 0xff, 0xfd, 0x00, 0xa8, 0xff, 0xff, 0x00, 0x0b,
  0x00, 0x00, 0x01, 0x65, 0x03, 0xa6, 0x02, 0x26, 0x00, 0x2a, 0x00, 0x00, 0x00, 0x07, 0x00, 0x41,
  0xff, 0xe3, 0x00, 0xa8, 0xff, 0xff, 0x00, 0x20, 0x00, 0x00, 0x01, 0x76, 0x03, 0xa6, 0x02, 0x26,
  0x00, 0x2a, 0x00, 0x00, 0x00, 0x07, 0x00, 0x74, 0x00, 0x31, 0x00, 0xa8, 0xff, 0xff, 0xff, 0xf6,
  0x00, 0x00, 0x01, 0x88, 0x03, 0xa6, 0x02, 0x26, 0x00, 0x2a, 0x00, 0x00, 0x00, 0x07, 0x01, 0x3d,
  0xff, 0xce, 0x00, 0xa8, 0xff, 0xff, 0x00, 0x10, 0x00, 0x00, 0x01, 0x72, 0x03, 0x99, 0x02, 0x26,
  0x00, 0x2a, 0x00, 0x00, 0x00, 0x07, 0x00, 0x68, 0xff, 0x93, 0x00, 0xa8, 0x00, 0x02, 0x00, 0x15,
  0x00, 0x00, 0x02, 0xa6, 0x02, 0xca, 0x00, 0x0d, 0x00, 0x1a, 0x00, 0x00, 0x01, 0x32, 0x16, 0x15,
  0x14, 0x06, 0x06, 0x23, 0x23, 0x11, 0x23, 0x35, 0x33, 0x11, 0x17, 0x23, 0x15, 0x33, 0x15, 0x23,
  0x15, 0x33, 0x32, 0x36, 0x35, 0x34, 0x26, 0x01, 0x41, 0xa8, 0xbd, 0x5c, 0xa8, 0x73, 0xd7, 0x43,
  0x43, 0xe5, 0x4d, 0x85, 0x85, 0x3e, 0x6e, 0x6a, 0x67, 0x02, 0xca, 0xb1, 0xa8, 0x7b, 0xa4, 0x52,
  0x01, 0x22, 0x7e, 0x01, 0x2a, 0x7d, 0xad, 0x7e, 0xa4, 0x76, 0x77, 0x73, 0x6f, 0x00, 0xff, 0xff,
  0x00, 0x5a, 0x00, 0x00, 0x02, 0xd3, 0x03, 0x9d, 0x00, 0x26, 0x00, 0x2f, 0x00, 0x00, 0x00, 0x07,
  0x01, 0x44, 0x00, 0xa6, 0x00, 0xa8, 0xff, 0xff, 0x00, 0x37, 0xff, 0xf6, 0x02, 0xdf, 0x03, 0xa6,
  0x02, 0x26, 0x00, 0x30, 0x00, 0x00, 0x00, 0x07, 0x00, 0x41, 0x00, 0xca, 0x00, 0xa8, 0xff, 0xff,
  0x00, 0x37, 0xff, 0xf6, 0x02, 0xdf, 0x03, 0xa6, 0x02, 0x26, 0x00, 0x30, 0x00, 0x00, 0x00, 0x07,
  0x00, 0x74, 0x01, 0x13, 0x00, 0xa8, 0xff, 0xff, 0x00, 0x37, 0xff, 0xf6, 0x02, 0xdf, 0x03, 0xa6,
  0x02, 0x26, 0x00, 0x30, 0x00, 0x00, 0x00, 0x07, 0x01, 0x3d, 0x00, 0x9b, 0x00, 0xa8, 0xff, 0xff,
  0x00, 0x37, 0xff, 0xf6, 0x02, 0xdf, 0x03, 0x9d, 0x02, 0x26, 0x00, 0x30, 0x00, 0x00, 0x00, 0x07,
  0x01, 0x44, 0x00, 0x9f, 0x00, 0xa8, 0xff, 0xff, 0x00, 0x37, 0xff, 0xf6, 0x02, 0xdf, 0x03, 0x99,
  0x02, 0x26, 0x00, 0x30, 0x00, 0x00, 0x00, 0x07, 0x00, 0x68, 0x00, 0x5e, 0x00, 0xa8, 0x00, 0x01,
  0x00, 0x3f, 0x00, 0x83, 0x01, 0xfc, 0x02, 0x3f, 0x00, 0x0b, 0x00, 0x00, 0x01, 0x17, 0x07, 0x17,
  0x07, 0x27, 0x07, 0x27, 0x37, 0x27, 0x37, 0x17, 0x01, 0xb1, 0x4b, 0x95, 0x93, 0x49, 0x95, 0x93,
  0x49, 0x91, 0x92, 0x4a, 0x93, 0x02, 0x3f, 0x49, 0x95, 0x94, 0x4a, 0x93, 0x92, 0x4a, 0x93, 0x93,
  0x4b, 0x92, 0x00, 0x03, 0x00, 0x37, 0xff, 0xd4, 0x02, 0xdf, 0x02, 0xf0, 0x00, 0x18, 0x00, 0x22,
  0x00, 0x2b, 0x00, 0x00, 0x01, 0x14, 0x06, 0x06, 0x23, 0x22, 0x27, 0x07, 0x27, 0x37, 0x26, 0x26,
  0x35, 0x34, 0x36, 0x36, 0x33, 0x32, 0x16, 0x17, 0x37, 0x17, 0x07, 0x16, 0x16, 0x05, 0x14, 0x16,
  0x17, 0x13, 0x26, 0x26, 0x23, 0x22, 0x06, 0x05, 0x34, 0x27, 0x03, 0x16, 0x16, 0x33, 0x32, 0x36,
  0x02, 0xdf, 0x49, 0x96, 0x75, 0x60, 0x43, 0x2c, 0x51, 0x2d, 0x32, 0x2f, 0x49, 0x97, 0x75, 0x31,
  0x54, 0x23, 0x28, 0x51, 0x2c, 0x30, 0x2e, 0xfd, 0xf9, 0x0c, 0x0f, 0xf4, 0x12, 0x2e, 0x1b, 0x5f,
  0x55, 0x01, 0x66, 0x19, 0xf2, 0x12, 0x2c, 0x1a, 0x60, 0x53, 0x01, 0x66, 0x6f, 0xa5, 0x5c, 0x1f,
  0x41, 0x34, 0x42, 0x31, 0x91, 0x5b, 0x6e, 0xa5, 0x5b, 0x12, 0x10, 0x3d, 0x32, 0x41, 0x30, 0x8e,
  0x59, 0x2d, 0x4b, 0x1d, 0x01, 0x6f, 0x0a, 0x0c, 0x80, 0x70, 0x57, 0x37, 0xfe, 0x96, 0x09, 0x0a,
  0x7f, 0x00, 0xff, 0xff, 0x00, 0x55, 0xff, 0xf6, 0x02, 0x9f, 0x03, 0xa6, 0x02, 0x26, 0x00, 0x36,
  0x00, 0x00, 0x00, 0x07, 0x00, 0x41, 0x00, 0x9a, 0x00, 0xa8, 0xff, 0xff, 0x00, 0x55, 0xff, 0xf6,
  0x02, 0x9f, 0x03, 0xa6, 0x02, 0x26, 0x00, 0x36, 0x00, 0x00, 0x00, 0x07, 0x00, 0x74, 0x00, 0xe8,
  0x00, 0xa8, 0xff, 0xff, 0x00, 0x55, 0xff, 0xf6, 0x02, 0x9f, 0x03, 0xa6, 0x02, 0x26, 0x00, 0x36,
  0x00, 0x00, 0x00, 0x07, 0x01, 0x3d, 0x00, 0x85, 0x00, 0xa8, 0xff, 0xff, 0x00, 0x55, 0xff, 0xf6,
  0x02, 0x9f, 0x03, 0x99, 0x02, 0x26, 0x00, 0x36, 0x00, 0x00, 0x00, 0x07, 0x00, 0x68, 0x00, 0x4a,
  0x00, 0xa8, 0xff, 0xff, 0x00, 0x00, 0x00, 0x00, 0x02, 0x72, 0x03, 0xa6, 0x02, 0x26, 0x00, 0x3a,
  0x00, 0x00, 0x00, 0x07, 0x00, 0x74, 0x00, 0xc0, 0x00, 0xa8, 0x00, 0x02, 0x00, 0x5a, 0x00, 0x00,
  0x02, 0x47, 0x02, 0xca, 0x00, 0x0d, 0x00, 0x16, 0x00, 0x00, 0x01, 0x14, 0x06, 0x06, 0x23, 0x23,
  0x15, 0x23, 0x11, 0x33, 0x15, 0x33, 0x32, 0x16, 0x05, 0x32, 0x36, 0x35, 0x34, 0x26, 0x23, 0x23,
  0x15, 0x02, 0x47, 0x32, 0x75, 0x64, 0x4b, 0x97, 0x97, 0x57, 0x84, 0x7b, 0xfe, 0xdb, 0x47, 0x45,
  0x3e, 0x42, 0x3d, 0x01, 0x78, 0x3d, 0x6a, 0x42, 0x8f, 0x02, 0xca, 0x70, 0x7b, 0xd6, 0x34, 0x3b,
  0x35, 0x32, 0xd6, 0x00, 0x00, 0x01, 0x00, 0x49, 0xff, 0xf6, 0x02, 0x9c, 0x02, 0xfd, 0x00, 0x36,
  0x00, 0x00, 0x01, 0x14, 0x0e, 0x03, 0x15, 0x14, 0x16, 0x17, 0x16, 0x16, 0x15, 0x14, 0x06, 0x23,
  0x22, 0x26, 0x27, 0x35, 0x16, 0x16, 0x33, 0x32, 0x36, 0x35, 0x34, 0x26, 0x26, 0x27, 0x26, 0x26,
  0x35, 0x34, 0x3e, 0x03, 0x35, 0x34, 0x26, 0x23, 0x22, 0x06, 0x15, 0x11, 0x23, 0x11, 0x34, 0x36,
  0x36, 0x33, 0x32, 0x16, 0x16, 0x02, 0x5b, 0x1c, 0x28, 0x28, 0x1b, 0x2c, 0x34, 0x33, 0x35, 0x6d,
  0x62, 0x3c, 0x4e, 0x1d, 0x19, 0x50, 0x21, 0x27, 0x2a, 0x0d, 0x28, 0x27, 0x3d, 0x30, 0x1c, 0x28,
  0x29, 0x1b, 0x39, 0x31, 0x36, 0x40, 0x97, 0x47, 0x79, 0x4d, 0x4c, 0x76, 0x43, 0x02, 0x53, 0x22,
  0x33, 0x28, 0x1e, 0x1a, 0x0c, 0x13, 0x1c, 0x22, 0x21, 0x47, 0x3a, 0x54, 0x55, 0x0e, 0x11, 0x75,
  0x0f, 0x19, 0x20, 0x1b, 0x10, 0x1a, 0x1e, 0x16, 0x24, 0x3a, 0x27, 0x1f, 0x2b, 0x21, 0x1e, 0x24,
  0x18, 0x1f, 0x23, 0x31, 0x37, 0xfd, 0xe1, 0x02, 0x2b, 0x47, 0x5d, 0x2e, 0x26, 0x4b, 0xff, 0xff,
  0x00, 0x28, 0xff, 0xf6, 0x02, 0x10, 0x02, 0xfe, 0x02, 0x26, 0x00, 0x42, 0x00, 0x00, 0x00, 0x06,
  0x00, 0x41, 0x6a, 0x00, 0xff, 0xff, 0x00, 0x28, 0xff, 0xf6, 0x02, 0x10, 0x02, 0xfe, 0x02, 0x26,
  0x00, 0x42, 0x00, 0x00, 0x00, 0x07, 0x00, 0x74, 0x00, 0xb3, 0x00, 0x00, 0xff, 0xff, 0x00, 0x28,
  0xff, 0xf6, 0x02, 0x10, 0x02, 0xfe, 0x02, 0x26, 0x00, 0x42, 0x00, 0x00, 0x00, 0x06, 0x01, 0x3d,
  0x3b, 0x00, 0xff, 0xff, 0x00, 0x28, 0xff, 0xf6, 0x02, 0x10, 0x02, 0xf5, 0x02, 0x26, 0x00, 0x42,
  0x00, 0x00, 0x00, 0x06, 0x01, 0x44, 0x3f, 0x00, 0xff, 0xff, 0x00, 0x28, 0xff, 0xf6, 0x02, 0x10,
  0x02, 0xf1, 0x02, 0x26, 0x00, 0x42, 0x00, 0x00, 0x00, 0x06, 0x00, 0x68, 0xfe, 0x00, 0xff, 0xff,
  0x00, 0x28, 0xff, 0xf6, 0x02, 0x10, 0x03, 0x46, 0x02, 0x26, 0x00, 0x42, 0x00, 0x00, 0x00, 0x07,
  0x01, 0x42, 0x00, 0x89, 0x00, 0x00, 0x00, 0x03, 0x00, 0x2a, 0xff, 0xf6, 0x03, 0x6a, 0x02, 0x2d,
  0x00, 0x2d, 0x00, 0x34, 0x00, 0x3f, 0x00, 0x00, 0x01, 0x32, 0x16, 0x16, 0x15, 0x15, 0x21, 0x16,
  0x16, 0x33, 0x32, 0x37, 0x15, 0x06, 0x06, 0x23, 0x22, 0x26, 0x27, 0x0e, 0x02, 0x23, 0x22, 0x26,
  0x26, 0x35, 0x34, 0x36, 0x37, 0x37, 0x35, 0x34, 0x26, 0x23, 0x22, 0x06, 0x07, 0x27, 0x36, 0x36,
  0x33, 0x32, 0x17, 0x36, 0x36, 0x17, 0x22, 0x06, 0x07, 0x33, 0x26, 0x26, 0x05, 0x06, 0x06, 0x15,
  0x14, 0x16, 0x33, 0x32, 0x36, 0x35, 0x35, 0x02, 0x81, 0x45, 0x69, 0x3b, 0xfe, 0x9f, 0x02, 0x47,
  0x3f, 0x60, 0x5a, 0x29, 0x58, 0x41, 0x43, 0x6e, 0x23, 0x1d, 0x3b, 0x4c, 0x39, 0x2f, 0x4f, 0x30,
  0x76, 0x76, 0x5d, 0x2b, 0x26, 0x27, 0x49, 0x25, 0x30, 0x2b, 0x6a, 0x39, 0x6e, 0x39, 0x20, 0x55,
  0x37, 0x31, 0x3c, 0x05, 0xd2, 0x01, 0x30, 0xfe, 0x8f, 0x44, 0x35, 0x25, 0x1f, 0x2e, 0x3e, 0x02,
  0x2c, 0x3a, 0x6e, 0x50, 0x48, 0x3f, 0x48, 0x2b, 0x73, 0x14, 0x13, 0x32, 0x33, 0x23, 0x2d, 0x15,
  0x25, 0x4d, 0x3b, 0x57, 0x53, 0x04, 0x03, 0x29, 0x22, 0x20, 0x15, 0x11, 0x63, 0x17, 0x1a, 0x40,
  0x20, 0x1f, 0x6a, 0x38, 0x3b, 0x32, 0x41, 0xc7, 0x02, 0x30, 0x27, 0x22, 0x1d, 0x39, 0x34, 0x2d,
  0xff, 0xff, 0x00, 0x2f, 0xff, 0x10, 0x01, 0xe8, 0x02, 0x2c, 0x02, 0x26, 0x00, 0x44, 0x00, 0x00,
  0x00, 0x07, 0x00, 0x78, 0x00, 0xa8, 0x00, 0x00, 0xff, 0xff, 0x00, 0x2f, 0xff, 0xf6, 0x02, 0x27,
  0x02, 0xfe, 0x02, 0x26, 0x00, 0x46, 0x00, 0x00, 0x00, 0x06, 0x00, 0x41, 0x6a, 0x00, 0xff, 0xff,
  0x00, 0x2f, 0xff, 0xf6, 0x02, 0x27, 0x02, 0xfe, 0x02, 0x26, 0x00, 0x46, 0x00, 0x00, 0x00, 0x07,
  0x00, 0x74, 0x00, 0xb3, 0x00, 0x00, 0xff, 0xff, 0x00, 0x2f, 0xff, 0xf6, 0x02, 0x27, 0x02, 0xfe,
  0x02, 0x26, 0x00, 0x46, 0x00, 0x00, 0x00, 0x06, 0x01, 0x3d, 0x3b, 0x00, 0xff, 0xff, 0x00, 0x2f,
  0xff, 0xf6, 0x02, 0x27, 0x02, 0xf1, 0x02, 0x26, 0x00, 0x46, 0x00, 0x00, 0x00, 0x06, 0x00, 0x68,
  0xfe, 0x00, 0xff, 0xff, 0xff, 0xfc, 0x00, 0x00, 0x01, 0x19, 0x02, 0xfe, 0x02, 0x26, 0x01, 0x52,
  0x00, 0x00, 0x00, 0x06, 0x00, 0x41, 0xd4, 0x00, 0xff, 0xff, 0x00, 0x45, 0x00, 0x00, 0x01, 0x62,
  0x02, 0xfe, 0x02, 0x26, 0x01, 0x52, 0x00, 0x00, 0x00, 0x06, 0x00, 0x74, 0x1d, 0x00, 0xff, 0xff,
  0xff, 0xcd, 0x00, 0x00, 0x01, 0x5f, 0x02, 0xfe, 0x02, 0x26, 0x01, 0x52, 0x00, 0x00, 0x00, 0x06,
  0x01, 0x3d, 0xa5, 0x00, 0xff, 0xff, 0xff, 0xe5, 0x00, 0x00, 0x01, 0x47, 0x02, 0xf1, 0x02, 0x26,
  0x01, 0x52, 0x00, 0x00, 0x00, 0x07, 0x00, 0x68, 0xff, 0x68, 0x00, 0x00, 0x00, 0x02, 0x00, 0x30,
  0xff, 0xf6, 0x02, 0x41, 0x02, 0xff, 0x00, 0x1f, 0x00, 0x2b, 0x00, 0x00, 0x13, 0x16, 0x16, 0x17,
  0x37, 0x17, 0x07, 0x16, 0x16, 0x15, 0x14, 0x06, 0x23, 0x22, 0x26, 0x26, 0x35, 0x34, 0x36, 0x36,
  0x33, 0x32, 0x17, 0x37, 0x26, 0x27, 0x07, 0x27, 0x37, 0x26, 0x26, 0x27, 0x13, 0x22, 0x06, 0x15,
  0x14, 0x16, 0x33, 0x32, 0x36, 0x35, 0x34, 0x26, 0xe3, 0x24, 0x41, 0x1b, 0x6b, 0x31, 0x51, 0x45,
  0x4e, 0x90, 0x7a, 0x4d, 0x77, 0x43, 0x3c, 0x69, 0x45, 0x64, 0x22, 0x04, 0x1e, 0x3e, 0x69, 0x31,
  0x56, 0x11, 0x2a, 0x14, 0x84, 0x3c, 0x33, 0x33, 0x3c, 0x3b, 0x34, 0x36, 0x02, 0xff, 0x10, 0x21,
  0x14, 0x43, 0x4b, 0x33, 0x43, 0xad, 0x77, 0x8b, 0x97, 0x3a, 0x70, 0x4f, 0x4f, 0x6f, 0x39, 0x2f,
  0x02, 0x4e, 0x3a, 0x41, 0x4d, 0x34, 0x0c, 0x19, 0x0b, 0xfe, 0xc6, 0x44, 0x44, 0x3e, 0x4c, 0x50,
  0x4f, 0x2d, 0x46, 0x00, 0xff, 0xff, 0x00, 0x49, 0x00, 0x00, 0x02, 0x43, 0x02, 0xf5, 0x02, 0x26,
  0x00, 0x4f, 0x00, 0x00, 0x00, 0x06, 0x01, 0x44, 0x58, 0x00, 0xff, 0xff, 0x00, 0x2f, 0xff, 0xf6,
  0x02, 0x41, 0x02, 0xfe, 0x02, 0x26, 0x00, 0x50, 0x00, 0x00, 0x00, 0x06, 0x00, 0x41, 0x77, 0x00,
  0xff, 0xff, 0x00, 0x2f, 0xff, 0xf6, 0x02, 0x41, 0x02, 0xfe, 0x02, 0x26, 0x00, 0x50, 0x00, 0x00,
  0x00, 0x07, 0x00, 0x74, 0x00, 0xc0, 0x00, 0x00, 0xff, 0xff, 0x00, 0x2f, 0xff, 0xf6, 0x02, 0x41,
  0x02, 0xfe, 0x02, 0x26, 0x00, 0x50, 0x00, 0x00, 0x00, 0x06, 0x01, 0x3d, 0x48, 0x00, 0xff, 0xff,
  0x00, 0x2f, 0xff, 0xf6, 0x02, 0x41, 0x02, 0xf5, 0x02, 0x26, 0x00, 0x50, 0x00, 0x00, 0x00, 0x06,
  0x01, 0x44, 0x4c, 0x00, 0xff, 0xff, 0x00, 0x2f, 0xff, 0xf6, 0x02, 0x41, 0x02, 0xf1, 0x02, 0x26,
  0x00, 0x50, 0x00, 0x00, 0x00, 0x06, 0x00, 0x68, 0x0b, 0x00, 0x00, 0x03, 0x00, 0x2b, 0x00, 0x6c,
  0x02, 0x10, 0x02, 0x55, 0x00, 0x0b, 0x00, 0x0f, 0x00, 0x1b, 0x00, 0x00, 0x01, 0x22, 0x26, 0x35,
  0x34, 0x36, 0x33, 0x32, 0x16, 0x15, 0x14, 0x06, 0x05, 0x35, 0x21, 0x15, 0x07, 0x22, 0x26, 0x35,
  0x34, 0x36, 0x33, 0x32, 0x16, 0x15, 0x14, 0x06, 0x01, 0x1d, 0x1c, 0x28, 0x28, 0x1c, 0x1b, 0x29,
  0x29, 0xfe, 0xf3, 0x01, 0xe5, 0xf3, 0x1c, 0x28, 0x28, 0x1c, 0x1b, 0x29, 0x29, 0x01, 0xc1, 0x23,
  0x27, 0x29, 0x21, 0x21, 0x29, 0x27, 0x23, 0x96, 0x6b, 0x6b, 0xbf, 0x23, 0x27, 0x29, 0x21, 0x21,
  0x29, 0x27, 0x23, 0x00, 0x00, 0x03, 0x00, 0x2d, 0xff, 0xdb, 0x02, 0x3e, 0x02, 0x3b, 0x00, 0x16,
  0x00, 0x1e, 0x00, 0x26, 0x00, 0x00, 0x01, 0x14, 0x06, 0x23, 0x22, 0x26, 0x27, 0x07, 0x27, 0x37,
  0x26, 0x26, 0x35, 0x34, 0x36, 0x33, 0x32, 0x17, 0x37, 0x17, 0x07, 0x16, 0x16, 0x05, 0x14, 0x17,
  0x37, 0x26, 0x23, 0x22, 0x06, 0x17, 0x34, 0x27, 0x07, 0x16, 0x33, 0x32, 0x36, 0x02, 0x3e, 0x8f,
  0x7b, 0x1f, 0x39, 0x1a, 0x21, 0x4b, 0x21, 0x23, 0x27, 0x8e, 0x7c, 0x41, 0x38, 0x1b, 0x4a, 0x1c,
  0x21, 0x24, 0xfe, 0x87, 0x09, 0x9b, 0x16, 0x1e, 0x3b, 0x35, 0xe1, 0x06, 0x97, 0x12, 0x1b, 0x3b,
  0x35, 0x01, 0x12, 0x88, 0x94, 0x0c, 0x0a, 0x31, 0x33, 0x31, 0x25, 0x69, 0x45, 0x88, 0x92, 0x19,
  0x28, 0x35, 0x29, 0x24, 0x66, 0x41, 0x30, 0x21, 0xe8, 0x0b, 0x51, 0x51, 0x27, 0x1e, 0xe2, 0x07,
  0x53, 0x00, 0xff, 0xff, 0x00, 0x46, 0xff, 0xf6, 0x02, 0x40, 0x02, 0xfe, 0x02, 0x26, 0x00, 0x56,
  0x00, 0x00, 0x00, 0x07, 0x00, 0x41, 0x00, 0x83, 0x00, 0x00, 0xff, 0xff, 0x00, 0x46, 0xff, 0xf6,
  0x02, 0x40, 0x02, 0xfe, 0x02, 0x26, 0x00, 0x56, 0x00, 0x00, 0x00, 0x07, 0x00, 0x74, 0x00, 0xcc,
  0x00, 0x00, 0xff, 0xff, 0x00, 0x46, 0xff, 0xf6, 0x02, 0x40, 0x02, 0xfe, 0x02, 0x26, 0x00, 0x56,
  0x00, 0x00, 0x00, 0x06, 0x01, 0x3d, 0x54, 0x00, 0xff, 0xff, 0x00, 0x46, 0xff, 0xf6, 0x02, 0x40,
  0x02, 0xf1, 0x02, 0x26, 0x00, 0x56, 0x00, 0x00, 0x00, 0x06, 0x00, 0x68, 0x17, 0x00, 0xff, 0xff,
  0x00, 0x00, 0xff, 0x10, 0x02, 0x3b, 0x02, 0xfe, 0x02, 0x26, 0x00, 0x5a, 0x00, 0x00, 0x00, 0x07,
  0x00, 0x74, 0x00, 0xa4, 0x00, 0x00, 0x00, 0x02, 0x00, 0x49, 0xff, 0x10, 0x02, 0x48, 0x02, 0xf8,
  0x00, 0x18, 0x00, 0x25, 0x00, 0x00, 0x01, 0x14, 0x06, 0x23, 0x22, 0x26, 0x27, 0x23, 0x16, 0x16,
  0x15, 0x15, 0x23, 0x11, 0x33, 0x15, 0x14, 0x06, 0x07, 0x33, 0x36, 0x36, 0x33, 0x32, 0x16, 0x07,
  0x34, 0x26, 0x23, 0x22, 0x06, 0x07, 0x15, 0x14, 0x16, 0x33, 0x32, 0x36, 0x02, 0x48, 0x75, 0x5c,
  0x38, 0x49, 0x16, 0x06, 0x02, 0x04, 0x97, 0x97, 0x04, 0x02, 0x07, 0x14, 0x4b, 0x3b, 0x5b, 0x72,
  0x99, 0x2f, 0x36, 0x39, 0x2f, 0x02, 0x2f, 0x3d, 0x35, 0x2e, 0x01, 0x12, 0x8c, 0x90, 0x2a, 0x1b,
  0x0e, 0x30, 0x10, 0xdd, 0x03, 0xe8, 0xbe, 0x1e, 0x33, 0x0e, 0x22, 0x2f, 0x8f, 0x89, 0x4f, 0x51,
  0x48, 0x49, 0x10, 0x4f, 0x54, 0x54, 0xff, 0xff, 0x00, 0x00, 0xff, 0x10, 0x02, 0x3b, 0x02, 0xf1,
  0x02, 0x26, 0x00, 0x5a, 0x00, 0x00, 0x00, 0x06, 0x00, 0x68, 0xf0, 0x00, 0xff, 0xff, 0x00, 0x00,
  0x00, 0x00, 0x02, 0xb4, 0x03, 0x68, 0x02, 0x26, 0x00, 0x22, 0x00, 0x00, 0x00, 0x07, 0x01, 0x3f,
  0x00, 0x8b, 0x00, 0xa8, 0xff, 0xff, 0x00, 0x28, 0xff, 0xf6, 0x02, 0x10, 0x02, 0xc0, 0x02, 0x26,
  0x00, 0x42, 0x00, 0x00, 0x00, 0x06, 0x01, 0x3f, 0x5e, 0x00, 0xff, 0xff, 0x00, 0x00, 0x00, 0x00,
  0x02, 0xb4, 0x03, 0xab, 0x02, 0x26, 0x00, 0x22, 0x00, 0x00, 0x00, 0x07, 0x01, 0x40, 0x00, 0x7c,
  0x00, 0xa8, 0xff, 0xff, 0x00, 0x28, 0xff, 0xf6, 0x02, 0x10, 0x03, 0x03, 0x02, 0x26, 0x00, 0x42,
  0x00, 0x00, 0x00, 0x06, 0x01, 0x40, 0x4e, 0x00, 0xff, 0xff, 0x00, 0x00, 0xff, 0x18, 0x02, 0xb4,
  0x02, 0xcd, 0x02, 0x26, 0x00, 0x22, 0x00, 0x00, 0x00, 0x07, 0x01, 0x43, 0x01, 0xbb, 0x00, 0x00,
  0xff, 0xff, 0x00, 0x28, 0xff, 0x18, 0x02, 0x1c, 0x02, 0x2c, 0x02, 0x26, 0x00, 0x42, 0x00, 0x00,
  0x00, 0x07, 0x01, 0x43, 0x01, 0x2d, 0x00, 0x00, 0xff, 0xff, 0x00, 0x37, 0xff, 0xf6, 0x02, 0x63,
  0x03, 0xa6, 0x02, 0x26, 0x00, 0x24, 0x00, 0x00, 0x00, 0x07, 0x00, 0x74, 0x00, 0xfa, 0x00, 0xa8,
  0xff, 0xff, 0x00, 0x2f, 0xff, 0xf6, 0x01, 0xed, 0x02, 0xfe, 0x02, 0x26, 0x00, 0x44, 0x00, 0x00,
  0x00, 0x07, 0x00, 0x74, 0x00, 0xa8, 0x00, 0x00, 0xff, 0xff, 0x00, 0x37, 0xff, 0xf6, 0x02, 0x63,
  0x03, 0xa6, 0x02, 0x26, 0x00, 0x24, 0x00, 0x00, 0x00, 0x07, 0x01, 0x3d, 0x00, 0x82, 0x00, 0xa8,
  0xff, 0xff, 0x00, 0x2f, 0xff, 0xf6, 0x01, 0xeb, 0x02, 0xfe, 0x02, 0x26, 0x00, 0x44, 0x00, 0x00,
  0x00, 0x06, 0x01, 0x3d, 0x31, 0x00, 0xff, 0xff, 0x00, 0x37, 0xff, 0xf6, 0x02, 0x63, 0x03, 0xa1,
  0x02, 0x26, 0x00, 0x24, 0x00, 0x00, 0x00, 0x07, 0x01, 0x41, 0x00, 0xf9, 0x00, 0xa8, 0xff, 0xff,
  0x00, 0x2f, 0xff, 0xf6, 0x01, 0xe8, 0x02, 0xf9, 0x02, 0x26, 0x00, 0x44, 0x00, 0x00, 0x00, 0x07,
  0x01, 0x41, 0x00, 0xa8, 0x00, 0x00, 0xff, 0xff, 0x00, 0x37, 0xff, 0xf6, 0x02, 0x63, 0x03, 0xa6,
  0x02, 0x26, 0x00, 0x24, 0x00, 0x00, 0x00, 0x07, 0x01, 0x3e, 0x00, 0x82, 0x00, 0xa8, 0xff, 0xff,
  0x00, 0x2f, 0xff, 0xf6, 0x02, 0x01, 0x02, 0xfe, 0x02, 0x26, 0x00, 0x44, 0x00, 0x00, 0x00, 0x06,
  0x01, 0x3e, 0x31, 0x00, 0xff, 0xff, 0x00, 0x55, 0x00, 0x00, 0x02, 0xa6, 0x03, 0xa6, 0x02, 0x26,
  0x00, 0x25, 0x00, 0x00, 0x00, 0x07, 0x01, 0x3e, 0x00, 0x7c, 0x00, 0xa8, 0x00, 0x03, 0x00, 0x2f,
  0xff, 0xf6, 0x03, 0x05, 0x02, 0xf8, 0x00, 0x09, 0x00, 0x1f, 0x00, 0x2c, 0x00, 0x00, 0x01, 0x06,
  0x06, 0x07, 0x23, 0x35, 0x36, 0x36, 0x37, 0x33, 0x01, 0x22, 0x26, 0x35, 0x34, 0x36, 0x33, 0x32,
  0x16, 0x17, 0x33, 0x26, 0x26, 0x35, 0x35, 0x33, 0x11, 0x23, 0x27, 0x23, 0x06, 0x06, 0x27, 0x32,
  0x36, 0x37, 0x35, 0x34, 0x26, 0x23, 0x22, 0x06, 0x15, 0x14, 0x16, 0x03, 0x05, 0x0f, 0x28, 0x1a,
  0x57, 0x08, 0x12, 0x04, 0x8a, 0xfd, 0xf7, 0x5b, 0x72, 0x74, 0x5e, 0x3a, 0x48, 0x17, 0x05, 0x03,
  0x05, 0x98, 0x74, 0x1e, 0x06, 0x15, 0x4a, 0x07, 0x3d, 0x32, 0x01, 0x30, 0x41, 0x31, 0x37, 0x37,
  0x02, 0xee, 0x21, 0x4d, 0x28, 0x0d, 0x1d, 0x56, 0x20, 0xfc, 0xfe, 0x8f, 0x8b, 0x8d, 0x8f, 0x2e,
  0x22, 0x12, 0x41, 0x1b, 0xae, 0xfd, 0x08, 0x47, 0x22, 0x2f, 0x79, 0x47, 0x49, 0x10, 0x4f, 0x54,
  0x54, 0x50, 0x50, 0x4f, 0xff, 0xff, 0x00, 0x15, 0x00, 0x00, 0x02, 0xa6, 0x02, 0xca, 0x02, 0x06,
  0x00, 0x90, 0x00, 0x00, 0x00, 0x02, 0x00, 0x2f, 0xff, 0xf6, 0x02, 0x7b, 0x02, 0xf8, 0x00, 0x1d,
  0x00, 0x2a, 0x00, 0x00, 0x17, 0x22, 0x26, 0x35, 0x34, 0x36, 0x33, 0x32, 0x16, 0x17, 0x33, 0x26,
  0x26, 0x35, 0x35, 0x23, 0x35, 0x33, 0x35, 0x33, 0x15, 0x33, 0x15, 0x23, 0x11, 0x23, 0x27, 0x23,
  0x06, 0x06, 0x37, 0x32, 0x36, 0x37, 0x35, 0x34, 0x26, 0x23, 0x22, 0x06, 0x15, 0x14, 0x16, 0xf8,
  0x5a, 0x6f, 0x76, 0x5e, 0x3a, 0x4a, 0x17, 0x05, 0x03, 0x09, 0x98, 0x98, 0x98, 0x4c, 0x4c, 0x7c,
  0x1f, 0x06, 0x16, 0x48, 0x08, 0x3a, 0x2e, 0x01, 0x33, 0x39, 0x2e, 0x33, 0x30, 0x0a, 0x87, 0x83,
  0x8a, 0x83, 0x2e, 0x21, 0x0c, 0x41, 0x22, 0x1b, 0x61, 0x4f, 0x4f, 0x61, 0xfd, 0xb8, 0x47, 0x22,
  0x2f, 0x79, 0x41, 0x42, 0x0e, 0x48, 0x4b, 0x49, 0x4b, 0x3f, 0x51, 0x00, 0xff, 0xff, 0x00, 0x5a,
  0x00, 0x00, 0x01, 0xf5, 0x03, 0x68, 0x02, 0x26, 0x00, 0x26, 0x00, 0x00, 0x00, 0x07, 0x01, 0x3f,
  0x00, 0x5e, 0x00, 0xa8, 0xff, 0xff, 0x00, 0x2f, 0xff, 0xf6, 0x02, 0x27, 0x02, 0xc0, 0x02, 0x26,
  0x00, 0x46, 0x00, 0x00, 0x00, 0x06, 0x01, 0x3f, 0x5e, 0x00, 0xff, 0xff, 0x00, 0x5a, 0x00, 0x00,
  0x01, 0xf5, 0x03, 0xab, 0x02, 0x26, 0x00, 0x26, 0x00, 0x00, 0x00, 0x07, 0x01, 0x40, 0x00, 0x4d,
  0x00, 0xa8, 0xff, 0xff, 0x00, 0x2f, 0xff, 0xf6, 0x02, 0x27, 0x03, 0x03, 0x02, 0x26, 0x00, 0x46,
  0x00, 0x00, 0x00, 0x06, 0x01, 0x40, 0x4e, 0x00, 0xff, 0xff, 0x00, 0x5a, 0x00, 0x00, 0x01, 0xf5,
  0x03, 0xa1, 0x02, 0x26, 0x00, 0x26, 0x00, 0x00, 0x00, 0x07, 0x01, 0x41, 0x00, 0xb4, 0x00, 0xa8,
  0xff, 0xff, 0x00, 0x2f, 0xff, 0xf6, 0x02, 0x27, 0x02, 0xf9, 0x02, 0x26, 0x00, 0x46, 0x00, 0x00,
  0x00, 0x07, 0x01, 0x41, 0x00, 0xb2, 0x00, 0x00, 0xff, 0xff, 0x00, 0x5a, 0xff, 0x18, 0x01, 0xf6,
  0x02, 0xca, 0x02, 0x26, 0x00, 0x26, 0x00, 0x00, 0x00, 0x07, 0x01, 0x43, 0x01, 0x07, 0x00, 0x00,
  0x00, 0x02, 0x00, 0x2f, 0xff, 0x10, 0x02, 0x27, 0x02, 0x2c, 0x00, 0x29, 0x00, 0x30, 0x00, 0x00,
  0x05, 0x14, 0x16, 0x33, 0x32, 0x36, 0x37, 0x15, 0x06, 0x06, 0x23, 0x22, 0x26, 0x35, 0x34, 0x36,
  0x37, 0x06, 0x23, 0x22, 0x26, 0x26, 0x35, 0x34, 0x36, 0x33, 0x32, 0x16, 0x15, 0x15, 0x21, 0x16,
  0x16, 0x33, 0x32, 0x36, 0x37, 0x15, 0x06, 0x07, 0x06, 0x06, 0x03, 0x22, 0x06, 0x07, 0x33, 0x26,
  0x26, 0x01, 0x9d, 0x16, 0x11, 0x10, 0x1e, 0x0a, 0x10, 0x24, 0x18, 0x38, 0x42, 0x28, 0x20, 0x1a,
  0x1f, 0x51, 0x7d, 0x48, 0x8f, 0x74, 0x72, 0x83, 0xfe, 0xa1, 0x03, 0x47, 0x43, 0x33, 0x54, 0x2c,
  0x04, 0x03, 0x3a, 0x2a, 0x67, 0x2d, 0x39, 0x04, 0xce, 0x01, 0x31, 0x6f, 0x14, 0x14, 0x06, 0x03,
  0x57, 0x04, 0x07, 0x3f, 0x31, 0x22, 0x3e, 0x18, 0x02, 0x3d, 0x7c, 0x5e, 0x8f, 0x90, 0x80, 0x78,
  0x49, 0x3e, 0x47, 0x14, 0x14, 0x71, 0x02, 0x02, 0x33, 0x3c, 0x02, 0x17, 0x39, 0x38, 0x31, 0x40,
  0xff, 0xff, 0x00, 0x5a, 0x00, 0x00, 0x02, 0x07, 0x03, 0xa6, 0x02, 0x26, 0x00, 0x26, 0x00, 0x00,
  0x00, 0x07, 0x01, 0x3e, 0x00, 0x37, 0x00, 0xa8, 0xff, 0xff, 0x00, 0x2f, 0xff, 0xf6, 0x02, 0x27,
  0x02, 0xfe, 0x02, 0x26, 0x00, 0x46, 0x00, 0x00, 0x00, 0x06, 0x01, 0x3e, 0x3b, 0x00, 0xff, 0xff,
  0x00, 0x3a, 0xff, 0xf6, 0x02, 0x84, 0x03, 0xa6, 0x02, 0x26, 0x00, 0x28, 0x00, 0x00, 0x00, 0x07,
  0x01, 0x3d, 0x00, 0x9b, 0x00, 0xa8, 0xff, 0xff, 0x00, 0x2f, 0xff, 0x10, 0x02, 0x2f, 0x02, 0xfe,
  0x02, 0x26, 0x00, 0x48, 0x00, 0x00, 0x00, 0x06, 0x01, 0x3d, 0x43, 0x00, 0xff, 0xff, 0x00, 0x3a,
  0xff, 0xf6, 0x02, 0x84, 0x03, 0xab, 0x02, 0x26, 0x00, 0x28, 0x00, 0x00, 0x00, 0x07, 0x01, 0x40,
  0x00, 0xb0, 0x00, 0xa8, 0xff, 0xff, 0x00, 0x2f, 0xff, 0x10, 0x02, 0x2f, 0x03, 0x03, 0x02, 0x26,
  0x00, 0x48, 0x00, 0x00, 0x00, 0x06, 0x01, 0x40, 0x56, 0x00, 0xff, 0xff, 0x00, 0x3a, 0xff, 0xf6,
  0x02, 0x84, 0x03, 0xa1, 0x02, 0x26, 0x00, 0x28, 0x00, 0x00, 0x00, 0x07, 0x01, 0x41, 0x01, 0x17,
  0x00, 0xa8, 0xff, 0xff, 0x00, 0x2f, 0xff, 0x10, 0x02, 0x2f, 0x02, 0xf9, 0x02, 0x26, 0x00, 0x48,
  0x00, 0x00, 0x00, 0x07, 0x01, 0x41, 0x00, 0xba, 0x00, 0x00, 0xff, 0xff, 0x00, 0x3a, 0xff, 0x23,
  0x02, 0x84, 0x02, 0xd4, 0x02, 0x26, 0x00, 0x28, 0x00, 0x00, 0x00, 0x07, 0x01, 0x4f, 0x01, 0x86,
  0x00, 0x00, 0x00, 0x03, 0x00, 0x2f, 0xff, 0x10, 0x02, 0x2f, 0x02, 0xfe, 0x00, 0x09, 0x00, 0x2b,
  0x00, 0x37, 0x00, 0x00, 0x01, 0x06, 0x06, 0x07, 0x23, 0x35, 0x36, 0x36, 0x37, 0x33, 0x07, 0x32,
  0x16, 0x17, 0x33, 0x37, 0x33, 0x11, 0x14, 0x06, 0x23, 0x22, 0x26, 0x27, 0x35, 0x16, 0x16, 0x33,
  0x32, 0x36, 0x35, 0x35, 0x34, 0x36, 0x37, 0x23, 0x06, 0x06, 0x23, 0x22, 0x26, 0x35, 0x34, 0x36,
  0x17, 0x22, 0x06, 0x15, 0x14, 0x33, 0x32, 0x36, 0x35, 0x35, 0x34, 0x26, 0x01, 0x92, 0x08, 0x12,
  0x04, 0x8a, 0x0f, 0x28, 0x1a, 0x57, 0x93, 0x38, 0x4d, 0x19, 0x05, 0x0d, 0x80, 0x86, 0x8c, 0x3f,
  0x64, 0x2c, 0x2e, 0x5e, 0x3e, 0x3e, 0x42, 0x03, 0x02, 0x05, 0x17, 0x4b, 0x38, 0x5f, 0x70, 0x72,
  0x8f, 0x32, 0x35, 0x6a, 0x3c, 0x33, 0x33, 0x02, 0xf1, 0x1d, 0x56, 0x20, 0x0a, 0x21, 0x4d, 0x28,
  0xd2, 0x2b, 0x24, 0x45, 0xfd, 0xda, 0x74, 0x78, 0x0f, 0x12, 0x80, 0x14, 0x16, 0x3a, 0x33, 0x0f,
  0x0c, 0x28, 0x0f, 0x24, 0x2c, 0x92, 0x88, 0x88, 0x94, 0x77, 0x56, 0x51, 0xa2, 0x46, 0x4a, 0x16,
  0x52, 0x51, 0xff, 0xff, 0x00, 0x5a, 0x00, 0x00, 0x02, 0xa3, 0x03, 0xa6, 0x02, 0x26, 0x00, 0x29,
  0x00, 0x00, 0x00, 0x07, 0x01, 0x3d, 0x00, 0x8a, 0x00, 0xa8, 0xff, 0xff, 0xff, 0xce, 0x00, 0x00,
  0x02, 0x43, 0x03, 0xd4, 0x02, 0x26, 0x00, 0x49, 0x00, 0x00, 0x00, 0x07, 0x01, 0x3d, 0xff, 0xa6,
  0x00, 0xd6, 0x00, 0x02, 0x00, 0x00, 0x00, 0x00, 0x02, 0xfe, 0x02, 0xca, 0x00, 0x13, 0x00, 0x17,
  0x00, 0x00, 0x33, 0x11, 0x23, 0x35, 0x33, 0x35, 0x33, 0x15, 0x21, 0x35, 0x33, 0x15, 0x33, 0x15,
  0x23, 0x11, 0x23, 0x11, 0x21, 0x11, 0x11, 0x21, 0x35, 0x21, 0x5a, 0x5a, 0x5a, 0x99, 0x01, 0x18,
  0x99, 0x5a, 0x5a, 0x99, 0xfe, 0xe8, 0x01, 0x18, 0xfe, 0xe8, 0x02, 0x0a, 0x61, 0x5f, 0x5f, 0x5f,
  0x5f, 0x61, 0xfd, 0xf6, 0x01, 0x33, 0xfe, 0xcd, 0x01, 0xb3, 0x57, 0x00, 0x00, 0x01, 0x00, 0x02,
  0x00, 0x00, 0x02, 0x46, 0x02, 0xf8, 0x00, 0x1e, 0x00, 0x00, 0x13, 0x15, 0x33, 0x15, 0x23, 0x15,
  0x14, 0x06, 0x07, 0x33, 0x36, 0x36, 0x33, 0x32, 0x16, 0x15, 0x11, 0x23, 0x11, 0x34, 0x23, 0x22,
  0x06, 0x15, 0x15, 0x23, 0x11, 0x23, 0x35, 0x33, 0x35, 0xe3, 0x9a, 0x9a, 0x05, 0x02, 0x09, 0x1a,
  0x51, 0x33, 0x59, 0x6a, 0x95, 0x58, 0x43, 0x33, 0x95, 0x4c, 0x4c, 0x02, 0xf8, 0x4f, 0x61, 0x09,
  0x28, 0x4a, 0x0f, 0x2a, 0x26, 0x5f, 0x69, 0xfe, 0xba, 0x01, 0x21, 0x76, 0x5d, 0x57, 0xe3, 0x02,
  0x48, 0x61, 0x4f, 0x00, 0xff, 0xff, 0xff, 0xde, 0x00, 0x00, 0x01, 0x73, 0x03, 0x9d, 0x02, 0x26,
  0x00, 0x2a, 0x00, 0x00, 0x00, 0x07, 0x01, 0x44, 0xff, 0xb6, 0x00, 0xa8, 0xff, 0xff, 0xff, 0xd1,
  0x00, 0x00, 0x01, 0x66, 0x02, 0xf5, 0x02, 0x26, 0x01, 0x52, 0x00, 0x00, 0x00, 0x06, 0x01, 0x44,
  0xa9, 0x00, 0xff, 0xff, 0x00, 0x1c, 0x00, 0x00, 0x01, 0x68, 0x03, 0x68, 0x02, 0x26, 0x00, 0x2a,
  0x00, 0x00, 0x00, 0x07, 0x01, 0x3f, 0xff, 0xf4, 0x00, 0xa8, 0xff, 0xff, 0xff, 0xf0, 0x00, 0x00,
  0x01, 0x3c, 0x02, 0xc0, 0x02, 0x26, 0x01, 0x52, 0x00, 0x00, 0x00, 0x06, 0x01, 0x3f, 0xc8, 0x00,
  0xff, 0xff, 0x00, 0x0b, 0x00, 0x00, 0x01, 0x8b, 0x03, 0xab, 0x02, 0x26, 0x00, 0x2a, 0x00, 0x00,
  0x00, 0x07, 0x01, 0x40, 0xff, 0xe3, 0x00, 0xa8, 0xff, 0xff, 0xff, 0xe0, 0x00, 0x00, 0x01, 0x60,
  0x03, 0x03, 0x02, 0x26, 0x01, 0x52, 0x00, 0x00, 0x00, 0x06, 0x01, 0x40, 0xb8, 0x00, 0xff, 0xff,
  0x00, 0x20, 0xff, 0x18, 0x01, 0x65, 0x02, 0xca, 0x02, 0x26, 0x00, 0x2a, 0x00, 0x00, 0x00, 0x06,
  0x01, 0x43, 0x71, 0x00, 0xff, 0xff, 0x00, 0x29, 0xff, 0x18, 0x00, 0xf0, 0x02, 0xf9, 0x02, 0x26,
  0x00, 0x4a, 0x00, 0x00, 0x00, 0x06, 0x01, 0x43, 0x01, 0x00, 0xff, 0xff, 0x00, 0x20, 0x00, 0x00,
  0x01, 0x65, 0x03, 0xa1, 0x02, 0x26, 0x00, 0x2a, 0x00, 0x00, 0x00, 0x07, 0x01, 0x41, 0x00, 0x4a,
  0x00, 0xa8, 0xff, 0xff, 0x00, 0x20, 0xff, 0x2e, 0x02, 0x82, 0x02, 0xca, 0x00, 0x26, 0x00, 0x2a,
  0x00, 0x00, 0x00, 0x07, 0x00, 0x2b, 0x01, 0x91, 0x00, 0x00, 0xff, 0xff, 0x00, 0x44, 0xff, 0x10,
  0x02, 0x19, 0x02, 0xf9, 0x00, 0x26, 0x00, 0x4a, 0x00, 0x00, 0x00, 0x07, 0x00, 0x4b, 0x01, 0x31,
  0x00, 0x00, 0xff, 0xff, 0xff, 0xb6, 0xff, 0x2e, 0x01, 0x6b, 0x03, 0xa6, 0x02, 0x26, 0x00, 0x2b,
  0x00, 0x00, 0x00, 0x07, 0x01, 0x3d, 0xff, 0xb1, 0x00, 0xa8, 0xff, 0xff, 0xff, 0xcb, 0xff, 0x10,
  0x01, 0x5e, 0x02, 0xfe, 0x02, 0x26, 0x01, 0x53, 0x00, 0x00, 0x00, 0x06, 0x01, 0x3d, 0xa4, 0x00,
  0xff, 0xff, 0x00, 0x5a, 0xff, 0x23, 0x02, 0x98, 0x02, 0xca, 0x00, 0x26, 0x00, 0x2c, 0x00, 0x00,
  0x00, 0x07, 0x01, 0x4f, 0x01, 0x5a, 0x00, 0x00, 0xff, 0xff, 0x00, 0x4e, 0xff, 0x23, 0x02, 0x6c,
  0x02, 0xf8, 0x02, 0x26, 0x00, 0x4c, 0x00, 0x00, 0x00, 0x07, 0x01, 0x4f, 0x01, 0x36, 0x00, 0x00,
  0x00, 0x01, 0x00, 0x4e, 0x00, 0x00, 0x02, 0x6c, 0x02, 0x22, 0x00, 0x12, 0x00, 0x00, 0x01, 0x07,
  0x13, 0x23, 0x27, 0x07, 0x15, 0x23, 0x11, 0x33, 0x15, 0x06, 0x14, 0x07, 0x33, 0x36, 0x36, 0x37,
  0x37, 0x02, 0x5f, 0xd7, 0xe4, 0xaa, 0x99, 0x46, 0x95, 0x95, 0x01, 0x02, 0x02, 0x11, 0x22, 0x12,
  0x99, 0x02, 0x22, 0xfa, 0xfe, 0xd8, 0xd0, 0x2c, 0xa4, 0x02, 0x22, 0x8f, 0x1e, 0x3c, 0x1d, 0x15,
  0x29, 0x15, 0xb3, 0x00, 0xff, 0xff, 0x00, 0x4d, 0x00, 0x00, 0x02, 0x0f, 0x03, 0xa6, 0x02, 0x26,
  0x00, 0x2d, 0x00, 0x00, 0x00, 0x07, 0x00, 0x74, 0x00, 0x25, 0x00, 0xa8, 0xff, 0xff, 0x00, 0x44,
  0x00, 0x00, 0x01, 0x61, 0x03, 0xd4, 0x02, 0x26, 0x00, 0x4d, 0x00, 0x00, 0x00, 0x07, 0x00, 0x74,
  0x00, 0x1c, 0x00, 0xd6, 0xff, 0xff, 0x00, 0x55, 0xff, 0x23, 0x02, 0x0f, 0x02, 0xca, 0x02, 0x26,
  0x00, 0x2d, 0x00, 0x00, 0x00, 0x07, 0x01, 0x4f, 0x01, 0x2f, 0x00, 0x00, 0xff, 0xff, 0x00, 0x41,
  0xff, 0x23, 0x00, 0xea, 0x02, 0xf8, 0x02, 0x26, 0x00, 0x4d, 0x00, 0x00, 0x00, 0x07, 0x01, 0x4f,
  0x00, 0x93, 0x00, 0x00, 0x00, 0x02, 0x00, 0x55, 0x00, 0x00, 0x02, 0x2a, 0x02, 0xca, 0x00, 0x09,
  0x00, 0x0f, 0x00, 0x00, 0x01, 0x06, 0x06, 0x07, 0x23, 0x35, 0x36, 0x36, 0x37, 0x33, 0x01, 0x11,
  0x33, 0x11, 0x21, 0x15, 0x02, 0x2a, 0x0f, 0x29, 0x19, 0x57, 0x08, 0x12, 0x04, 0x8a, 0xfe, 0x2b,
  0x99, 0x01, 0x21, 0x02, 0xc0, 0x21, 0x4d, 0x28, 0x0d, 0x1d, 0x56, 0x20, 0xfd, 0x36, 0x02, 0xca,
  0xfd, 0xb4, 0x7e, 0x00, 0x00, 0x02, 0x00, 0x49, 0x00, 0x00, 0x01, 0xb6, 0x02, 0xf8, 0x00, 0x09,
  0x00, 0x0d, 0x00, 0x00, 0x01, 0x06, 0x06, 0x07, 0x23, 0x35, 0x36, 0x36, 0x37, 0x33, 0x03, 0x23,
  0x11, 0x33, 0x01, 0xb6, 0x0f, 0x29, 0x19, 0x57, 0x08, 0x12, 0x04, 0x8a, 0xd6, 0x97, 0x97, 0x02,
  0xee, 0x21, 0x4d, 0x28, 0x0d, 0x1d, 0x56, 0x20, 0xfd, 0x08, 0x02, 0xf8, 0xff, 0xff, 0x00, 0x55,
  0x00, 0x00, 0x02, 0x0f, 0x02, 0xca, 0x02, 0x26, 0x00, 0x2d, 0x00, 0x00, 0x00, 0x07, 0x01, 0x41,
  0x01, 0x2c, 0xfe, 0xce, 0xff, 0xff, 0x00, 0x49, 0x00, 0x00, 0x01, 0x9f, 0x02, 0xf8, 0x00, 0x26,
  0x00, 0x4d, 0x00, 0x00, 0x00, 0x07, 0x01, 0x41, 0x00, 0xd3, 0xfe, 0xcc, 0x00, 0x01, 0x00, 0x01,
  0x00, 0x00, 0x02, 0x13, 0x02, 0xca, 0x00, 0x0d, 0x00, 0x00, 0x33, 0x35, 0x07, 0x27, 0x37, 0x11,
  0x33, 0x15, 0x37, 0x17, 0x07, 0x15, 0x21, 0x15, 0x5a, 0x22, 0x37, 0x59, 0x97, 0x46, 0x39, 0x7f,
  0x01, 0x22, 0xf0, 0x14, 0x60, 0x36, 0x01, 0x58, 0xfc, 0x2b, 0x60, 0x4d, 0xcf, 0x7d, 0x00, 0x01,
  0xff, 0xf4, 0x00, 0x00, 0x01, 0x3e, 0x02, 0xf8, 0x00, 0x0b, 0x00, 0x00, 0x33, 0x35, 0x07, 0x27,
  0x37, 0x11, 0x33, 0x11, 0x37, 0x17, 0x07, 0x11, 0x4e, 0x23, 0x37, 0x5a, 0x95, 0x22, 0x39, 0x5b,
  0xe9, 0x15, 0x60, 0x37, 0x01, 0x8d, 0xfe, 0xce, 0x15, 0x60, 0x37, 0xfe, 0xbc, 0x00, 0xff, 0xff,
  0x00, 0x5a, 0x00, 0x00, 0x02, 0xd3, 0x03, 0xa6, 0x00, 0x26, 0x00, 0x2f, 0x00, 0x00, 0x00, 0x07,
  0x00, 0x74, 0x01, 0x1a, 0x00, 0xa8, 0xff, 0xff, 0x00, 0x49, 0x00, 0x00, 0x02, 0x43, 0x02, 0xfe,
  0x02, 0x26, 0x00, 0x4f, 0x00, 0x00, 0x00, 0x07, 0x00, 0x74, 0x00, 0xcc, 0x00, 0x00, 0xff, 0xff,
  0x00, 0x5a, 0xff, 0x23, 0x02, 0xd3, 0x02, 0xca, 0x00, 0x26, 0x00, 0x2f, 0x00, 0x00, 0x00, 0x07,
  0x01, 0x4f, 0x01, 0x90, 0x00, 0x00, 0xff, 0xff, 0x00, 0x49, 0xff, 0x23, 0x02, 0x43, 0x02, 0x2c,
  0x02, 0x26, 0x00, 0x4f, 0x00, 0x00, 0x00, 0x07, 0x01, 0x4f, 0x01, 0x42, 0x00, 0x00, 0xff, 0xff,
  0x00, 0x5a, 0x00, 0x00, 0x02, 0xd3, 0x03, 0xa6, 0x00, 0x26, 0x00, 0x2f, 0x00, 0x00, 0x00, 0x07,
  0x01, 0x3e, 0x00, 0xa2, 0x00, 0xa8, 0xff, 0xff, 0x00, 0x49, 0x00, 0x00, 0x02, 0x43, 0x02, 0xfe,
  0x02, 0x26, 0x00, 0x4f, 0x00, 0x00, 0x00, 0x06, 0x01, 0x3e, 0x54, 0x00, 0xff, 0xff, 0xff, 0xfd,
  0x00, 0x00, 0x02, 0xc0, 0x02, 0xca, 0x00, 0x26, 0x00, 0x4f, 0x7d, 0x00, 0x00, 0x06, 0x01, 0x49,
  0xf1, 0x00, 0x00, 0x01, 0x00, 0x5a, 0xff, 0x2e, 0x02, 0xd3, 0x02, 0xca, 0x00, 0x1f, 0x00, 0x00,
  0x05, 0x22, 0x26, 0x27, 0x35, 0x16, 0x16, 0x33, 0x32, 0x36, 0x37, 0x01, 0x23, 0x1e, 0x02, 0x15,
  0x11, 0x23, 0x11, 0x33, 0x01, 0x33, 0x2e, 0x02, 0x35, 0x35, 0x33, 0x11, 0x14, 0x06, 0x01, 0xf0,
  0x1f, 0x30, 0x11, 0x12, 0x28, 0x17, 0x38, 0x34, 0x02, 0xfe, 0x8d, 0x04, 0x02, 0x04, 0x03, 0x87,
  0xbf, 0x01, 0x36, 0x03, 0x01, 0x04, 0x02, 0x88, 0x7e, 0xd2, 0x07, 0x04, 0x76, 0x04, 0x06, 0x2c,
  0x31, 0x02, 0x1a, 0x1c, 0x4b, 0x4a, 0x1b, 0xfe, 0xb0, 0x02, 0xca, 0xfe, 0x48, 0x1c, 0x49, 0x48,
  0x18, 0xf3, 0xfd, 0x36, 0x6d, 0x65, 0x00, 0x01, 0x00, 0x49, 0xff, 0x10, 0x02, 0x43, 0x02, 0x2c,
  0x00, 0x20, 0x00, 0x00, 0x05, 0x22, 0x26, 0x27, 0x35, 0x16, 0x16, 0x33, 0x32, 0x36, 0x35, 0x11,
  0x34, 0x23, 0x22, 0x06, 0x15, 0x11, 0x23, 0x11, 0x33, 0x17, 0x33, 0x36, 0x36, 0x33, 0x32, 0x16,
  0x15, 0x11, 0x14, 0x06, 0x06, 0x01, 0x91, 0x17, 0x33, 0x11, 0x10, 0x1a, 0x10, 0x19, 0x23, 0x57,
  0x43, 0x32, 0x97, 0x74, 0x14, 0x09, 0x1b, 0x5a, 0x32, 0x58, 0x6a, 0x23, 0x4f, 0xf0, 0x07, 0x05,
  0x77, 0x05, 0x05, 0x22, 0x32, 0x01, 0x6c, 0x6b, 0x5d, 0x57, 0xff, 0x00, 0x02, 0x22, 0x46, 0x2a,
  0x26, 0x5f, 0x69, 0xfe, 0x61, 0x32, 0x52, 0x31, 0xff, 0xff, 0x00, 0x37, 0xff, 0xf6, 0x02, 0xdf,
  0x03, 0x68, 0x02, 0x26, 0x00, 0x30, 0x00, 0x00, 0x00, 0x07, 0x01, 0x3f, 0x00, 0xbe, 0x00, 0xa8,
  0xff, 0xff, 0x00, 0x2f, 0xff, 0xf6, 0x02, 0x41, 0x02, 0xc0, 0x02, 0x26, 0x00, 0x50, 0x00, 0x00,
  0x00, 0x06, 0x01, 0x3f, 0x6b, 0x00, 0xff, 0xff, 0x00, 0x37, 0xff, 0xf6, 0x02, 0xdf, 0x03, 0xab,
  0x02, 0x26, 0x00, 0x30, 0x00, 0x00, 0x00, 0x07, 0x01, 0x40, 0x00, 0xae, 0x00, 0xa8, 0xff, 0xff,
  0x00, 0x2f, 0xff, 0xf6, 0x02, 0x41, 0x03, 0x03, 0x02, 0x26, 0x00, 0x50, 0x00, 0x00, 0x00, 0x06,
  0x01, 0x40, 0x5b, 0x00, 0xff, 0xff, 0x00, 0x37, 0xff, 0xf6, 0x02, 0xdf, 0x03, 0xa6, 0x02, 0x26,
  0x00, 0x30, 0x00, 0x00, 0x00, 0x07, 0x01, 0x45, 0x00, 0x82, 0x00, 0xa8, 0xff, 0xff, 0x00, 0x2f,
  0xff, 0xf6, 0x02, 0x41, 0x02, 0xfe, 0x02, 0x26, 0x00, 0x50, 0x00, 0x00, 0x00, 0x06, 0x01, 0x45,
  0x2f, 0x00, 0x00, 0x02, 0x00, 0x3a, 0xff, 0xf6, 0x03, 0x92, 0x02, 0xd5, 0x00, 0x18, 0x00, 0x25,
  0x00, 0x00, 0x01, 0x32, 0x16, 0x17, 0x21, 0x15, 0x21, 0x15, 0x21, 0x15, 0x21, 0x15, 0x21, 0x15,
  0x21, 0x06, 0x06, 0x23, 0x22, 0x26, 0x26, 0x35, 0x34, 0x36, 0x36, 0x17, 0x22, 0x06, 0x15, 0x14,
  0x16, 0x33, 0x32, 0x36, 0x37, 0x11, 0x26, 0x26, 0x01, 0x7b, 0x1a, 0x3f, 0x16, 0x01, 0xa8, 0xfe,
  0xed, 0x01, 0x01, 0xfe, 0xff, 0x01, 0x13, 0xfe, 0x56, 0x16, 0x3e, 0x1a, 0x6d, 0x8e, 0x45, 0x45,
  0x8e, 0x6e, 0x55, 0x50, 0x4f, 0x55, 0x1d, 0x3e, 0x13, 0x12, 0x3e, 0x02, 0xd5, 0x06, 0x05, 0x7c,
  0x9d, 0x7c, 0xb8, 0x7d, 0x04, 0x06, 0x5c, 0xa6, 0x6f, 0x6f, 0xa4, 0x5b, 0x7e, 0x80, 0x71, 0x70,
  0x81, 0x0a, 0x09, 0x01, 0xbb, 0x0a, 0x0a, 0x00, 0x00, 0x03, 0x00, 0x2d, 0xff, 0xf6, 0x03, 0xa7,
  0x02, 0x2c, 0x00, 0x20, 0x00, 0x27, 0x00, 0x33, 0x00, 0x00, 0x01, 0x32, 0x16, 0x15, 0x15, 0x21,
  0x16, 0x16, 0x33, 0x32, 0x36, 0x37, 0x15, 0x06, 0x06, 0x23, 0x22, 0x26, 0x27, 0x06, 0x06, 0x23,
  0x22, 0x26, 0x26, 0x35, 0x34, 0x36, 0x33, 0x32, 0x16, 0x17, 0x36, 0x17, 0x22, 0x06, 0x07, 0x33,
  0x26, 0x26, 0x05, 0x22, 0x06, 0x15, 0x14, 0x16, 0x33, 0x32, 0x36, 0x35, 0x34, 0x26, 0x02, 0xab,
  0x74, 0x88, 0xfe, 0x94, 0x03, 0x4a, 0x40, 0x37, 0x5a, 0x2f, 0x2a, 0x5b, 0x41, 0x3e, 0x69, 0x26,
  0x22, 0x62, 0x3b, 0x4e, 0x77, 0x44, 0x8b, 0x7d, 0x37, 0x62, 0x22, 0x46, 0x78, 0x2e, 0x3c, 0x05,
  0xdc, 0x01, 0x35, 0xfe, 0x50, 0x3b, 0x35, 0x35, 0x3c, 0x3b, 0x35, 0x35, 0x02, 0x2c, 0x81, 0x77,
  0x48, 0x40, 0x47, 0x15, 0x16, 0x73, 0x14, 0x13, 0x25, 0x27, 0x26, 0x26, 0x42, 0x7f, 0x5b, 0x88,
  0x92, 0x26, 0x26, 0x4c, 0x6a, 0x38, 0x3b, 0x32, 0x41, 0x0e, 0x51, 0x51, 0x51, 0x53, 0x53, 0x51,
  0x51, 0x51, 0xff, 0xff, 0x00, 0x55, 0x00, 0x00, 0x02, 0x91, 0x03, 0xa6, 0x02, 0x26, 0x00, 0x33,
  0x00, 0x00, 0x00, 0x07, 0x00, 0x74, 0x00, 0xcf, 0x00, 0xa8, 0xff, 0xff, 0x00, 0x49, 0x00, 0x00,
  0x01, 0xc3, 0x02, 0xfe, 0x02, 0x26, 0x00, 0x53, 0x00, 0x00, 0x00, 0x06, 0x00, 0x74, 0x7e, 0x00,
  0xff, 0xff, 0x00, 0x55, 0xff, 0x23, 0x02, 0x91, 0x02, 0xca, 0x02, 0x26, 0x00, 0x33, 0x00, 0x00,
  0x00, 0x07, 0x01, 0x4f, 0x01, 0x55, 0x00, 0x00, 0xff, 0xff, 0x00, 0x41, 0xff, 0x23, 0x01, 0xb3,
  0x02, 0x2c, 0x02, 0x26, 0x00, 0x53, 0x00, 0x00, 0x00, 0x07, 0x01, 0x4f, 0x00, 0x93, 0x00, 0x00,
  0xff, 0xff, 0x00, 0x55, 0x00, 0x00, 0x02, 0x91, 0x03, 0xa6, 0x02, 0x26, 0x00, 0x33, 0x00, 0x00,
  0x00, 0x07, 0x01, 0x3e, 0x00, 0x57, 0x00, 0xa8, 0xff, 0xff, 0x00, 0x2e, 0x00, 0x00, 0x01, 0xd6,
  0x02, 0xfe, 0x02, 0x26, 0x00, 0x53, 0x00, 0x00, 0x00, 0x06, 0x01, 0x3e, 0x06, 0x00, 0xff, 0xff,
  0x00, 0x2e, 0xff, 0xf6, 0x01, 0xff, 0x03, 0xa6, 0x02, 0x26, 0x00, 0x34, 0x00, 0x00, 0x00, 0x07,
  0x00, 0x74, 0x00, 0x8a, 0x00, 0xa8, 0xff, 0xff, 0x00, 0x2e, 0xff, 0xf6, 0x01, 0xcc, 0x02, 0xfe,
  0x02, 0x26, 0x00, 0x54, 0x00, 0x00, 0x00, 0x06, 0x00, 0x74, 0x7e, 0x00, 0xff, 0xff, 0x00, 0x2e,
  0xff, 0xf6, 0x01, 0xff, 0x03, 0xa6, 0x02, 0x26, 0x00, 0x34, 0x00, 0x00, 0x00, 0x07, 0x01, 0x3d,
  0x00, 0x27, 0x00, 0xa8, 0xff, 0xff, 0x00, 0x2e, 0xff, 0xf6, 0x01, 0xcc, 0x02, 0xfe, 0x02, 0x26,
  0x00, 0x54, 0x00, 0x00, 0x00, 0x06, 0x01, 0x3d, 0x06, 0x00, 0xff, 0xff, 0x00, 0x2e, 0xff, 0x10,
  0x01, 0xff, 0x02, 0xd4, 0x02, 0x26, 0x00, 0x34, 0x00, 0x00, 0x00, 0x07, 0x00, 0x78, 0x00, 0x89,
  0x00, 0x00, 0xff, 0xff, 0x00, 0x2e, 0xff, 0x10, 0x01, 0xcc, 0x02, 0x2c, 0x02, 0x26, 0x00, 0x54,
  0x00, 0x00, 0x00, 0x06, 0x00, 0x78, 0x73, 0x00, 0xff, 0xff, 0x00, 0x2e, 0xff, 0xf6, 0x01, 0xff,
  0x03, 0xa6, 0x02, 0x26, 0x00, 0x34, 0x00, 0x00, 0x00, 0x07, 0x01, 0x3e, 0x00, 0x26, 0x00, 0xa8,
  0xff, 0xff, 0x00, 0x2e, 0xff, 0xf6, 0x01, 0xd6, 0x02, 0xfe, 0x02, 0x26, 0x00, 0x54, 0x00, 0x00,
  0x00, 0x06, 0x01, 0x3e, 0x06, 0x00, 0xff, 0xff, 0x00, 0x13, 0x00, 0x00, 0x02, 0x2e, 0x03, 0xa6,
  0x02, 0x26, 0x00, 0x35, 0x00, 0x00, 0x00, 0x07, 0x01, 0x3e, 0x00, 0x30, 0x00, 0xa8, 0x00, 0x02,
  0x00, 0x17, 0xff, 0xf6, 0x02, 0x3a, 0x02, 0xf8, 0x00, 0x09, 0x00, 0x22, 0x00, 0x00, 0x01, 0x06,
  0x06, 0x07, 0x23, 0x35, 0x36, 0x36, 0x37, 0x33, 0x01, 0x32, 0x36, 0x37, 0x15, 0x06, 0x06, 0x23,
  0x22, 0x26, 0x26, 0x35, 0x11, 0x23, 0x35, 0x37, 0x37, 0x33, 0x15, 0x33, 0x15, 0x23, 0x11, 0x14,
  0x16, 0x02, 0x3a, 0x0f, 0x28, 0x1a, 0x57, 0x08, 0x12, 0x04, 0x8a, 0xfe, 0xfa, 0x19, 0x2e, 0x17,
  0x18, 0x47, 0x2a, 0x31, 0x4d, 0x2d, 0x47, 0x52, 0x2b, 0x5f, 0x99, 0x99, 0x24, 0x02, 0xee, 0x21,
  0x4d, 0x28, 0x0d, 0x1d, 0x56, 0x20, 0xfd, 0x75, 0x0a, 0x07, 0x6f, 0x0a, 0x0f, 0x20, 0x4f, 0x46,
  0x01, 0x07, 0x3f, 0x32, 0x73, 0x74, 0x70, 0xfe, 0xf9, 0x1f, 0x1f, 0x00, 0x00, 0x01, 0x00, 0x13,
  0x00, 0x00, 0x02, 0x2e, 0x02, 0xca, 0x00, 0x0f, 0x00, 0x00, 0x33, 0x11, 0x23, 0x35, 0x33, 0x35,
  0x23, 0x35, 0x21, 0x15, 0x23, 0x15, 0x33, 0x15, 0x23, 0x11, 0xd4, 0x78, 0x78, 0xc1, 0x02, 0x1b,
  0xc1, 0x78, 0x78, 0x01, 0x22, 0x7d, 0xab, 0x80, 0x80, 0xab, 0x7d, 0xfe, 0xde, 0x00, 0x00, 0x01,
  0x00, 0x17, 0xff, 0xf6, 0x01, 0x92, 0x02, 0x96, 0x00, 0x20, 0x00, 0x00, 0x37, 0x35, 0x33, 0x35,
  0x23, 0x35, 0x37, 0x37, 0x33, 0x15, 0x33, 0x15, 0x23, 0x15, 0x33, 0x15, 0x23, 0x15, 0x14, 0x16,
  0x33, 0x32, 0x36, 0x37, 0x15, 0x06, 0x06, 0x23, 0x22, 0x26, 0x26, 0x35, 0x35, 0x1f, 0x3f, 0x47,
  0x52, 0x2b, 0x5f, 0x99, 0x99, 0x83, 0x83, 0x24, 0x1d, 0x19, 0x2e, 0x17, 0x18, 0x47, 0x2a, 0x31,
  0x4d, 0x2d, 0xf2, 0x62, 0x5e, 0x3f, 0x32, 0x73, 0x74, 0x70, 0x5e, 0x62, 0x47, 0x1f, 0x1f, 0x0a,
  0x07, 0x6f, 0x0a, 0x0f, 0x20, 0x4f, 0x46, 0x47, 0xff, 0xff, 0x00, 0x55, 0xff, 0xf6, 0x02, 0x9f,
  0x03, 0x9d, 0x02, 0x26, 0x00, 0x36, 0x00, 0x00, 0x00, 0x07, 0x01, 0x44, 0x00, 0x6d, 0x00, 0xa8,
  0xff, 0xff, 0x00, 0x46, 0xff, 0xf6, 0x02, 0x40, 0x02, 0xf5, 0x02, 0x26, 0x00, 0x56, 0x00, 0x00,
  0x00, 0x06, 0x01, 0x44, 0x58, 0x00, 0xff, 0xff, 0x00, 0x55, 0xff, 0xf6, 0x02, 0x9f, 0x03, 0x68,
  0x02, 0x26, 0x00, 0x36, 0x00, 0x00, 0x00, 0x07, 0x01, 0x3f, 0x00, 0xab, 0x00, 0xa8, 0xff, 0xff,
  0x00, 0x46, 0xff, 0xf6, 0x02, 0x40, 0x02, 0xc0, 0x02, 0x26, 0x00, 0x56, 0x00, 0x00, 0x00, 0x06,
  0x01, 0x3f, 0x77, 0x00, 0xff, 0xff, 0x00, 0x55, 0xff, 0xf6, 0x02, 0x9f, 0x03, 0xab, 0x02, 0x26,
  0x00, 0x36, 0x00, 0x00, 0x00, 0x07, 0x01, 0x40, 0x00, 0x9a, 0x00, 0xa8, 0xff, 0xff, 0x00, 0x46,
  0xff, 0xf6, 0x02, 0x40, 0x03, 0x03, 0x02, 0x26, 0x00, 0x56, 0x00, 0x00, 0x00, 0x06, 0x01, 0x40,
  0x67, 0x00, 0xff, 0xff, 0x00, 0x55, 0xff, 0xf6, 0x02, 0x9f, 0x03, 0xee, 0x02, 0x26, 0x00, 0x36,
  0x00, 0x00, 0x00, 0x07, 0x01, 0x42, 0x00, 0xcb, 0x00, 0xa8, 0xff, 0xff, 0x00, 0x46, 0xff, 0xf6,
  0x02, 0x40, 0x03, 0x46, 0x02, 0x26, 0x00, 0x56, 0x00, 0x00, 0x00, 0x07, 0x01, 0x42, 0x00, 0xa2,
  0x00, 0x00, 0xff, 0xff, 0x00, 0x55, 0xff, 0xf6, 0x02, 0x9f, 0x03, 0xa6, 0x02, 0x26, 0x00, 0x36,
  0x00, 0x00, 0x00, 0x07, 0x01, 0x45, 0x00, 0x6f, 0x00, 0xa8, 0xff, 0xff, 0x00, 0x46, 0xff, 0xf6,
  0x02, 0x40, 0x02, 0xfe, 0x02, 0x26, 0x00, 0x56, 0x00, 0x00, 0x00, 0x06, 0x01, 0x45, 0x3b, 0x00,
  0x00, 0x01, 0x00, 0x55, 0xff, 0x10, 0x02, 0x9f, 0x02, 0xca, 0x00, 0x26, 0x00, 0x00, 0x05, 0x14,
  0x16, 0x33, 0x32, 0x36, 0x37, 0x15, 0x06, 0x06, 0x23, 0x22, 0x26, 0x35, 0x34, 0x36, 0x37, 0x06,
  0x23, 0x22, 0x26, 0x35, 0x11, 0x33, 0x11, 0x14, 0x16, 0x33, 0x32, 0x36, 0x35, 0x11, 0x33, 0x11,
  0x14, 0x06, 0x07, 0x06, 0x06, 0x01, 0xe5, 0x18, 0x11, 0x10, 0x1c, 0x0a, 0x10, 0x24, 0x18, 0x38,
  0x42, 0x1a, 0x16, 0x1a, 0x1d, 0x8e, 0x94, 0x97, 0x48, 0x47, 0x4a, 0x43, 0x97, 0x30, 0x31, 0x2f,
  0x2a, 0x64, 0x19, 0x1a, 0x06, 0x03, 0x57, 0x04, 0x07, 0x40, 0x37, 0x1f, 0x3b, 0x18, 0x03, 0x91,
  0x77, 0x01, 0xcc, 0xfe, 0x4b, 0x58, 0x48, 0x4e, 0x53, 0x01, 0xb4, 0xfe, 0x32, 0x40, 0x6b, 0x23,
  0x2d, 0x47, 0xff, 0xff, 0x00, 0x46, 0xff, 0x18, 0x02, 0x40, 0x02, 0x22, 0x02, 0x26, 0x00, 0x56,
  0x00, 0x00, 0x00, 0x07, 0x01, 0x43, 0x01, 0x51, 0x00, 0x00, 0xff, 0xff, 0x00, 0x00, 0x00, 0x00,
  0x03, 0xc7, 0x03, 0xa6, 0x02, 0x26, 0x00, 0x38, 0x00, 0x00, 0x00, 0x07, 0x01, 0x3d, 0x00, 0xef,
  0x00, 0xa8, 0xff, 0xff, 0x00, 0x0a, 0x00, 0x00, 0x03, 0x4e, 0x02, 0xfe, 0x00, 0x26, 0x00, 0x58,
  0x00, 0x00, 0x00, 0x07, 0x01, 0x3d, 0x00, 0xbe, 0x00, 0x00, 0xff, 0xff, 0x00, 0x00, 0x00, 0x00,
  0x02, 0x72, 0x03, 0xa6, 0x02, 0x26, 0x00, 0x3a, 0x00, 0x00, 0x00, 0x07, 0x01, 0x3d, 0x00, 0x48,
  0x00, 0xa8, 0xff, 0xff, 0x00, 0x00, 0xff, 0x10, 0x02, 0x3b, 0x02, 0xfe, 0x02, 0x26, 0x00, 0x5a,
  0x00, 0x00, 0x00, 0x06, 0x01, 0x3d, 0x2d, 0x00, 0xff, 0xff, 0x00, 0x00, 0x00, 0x00, 0x02, 0x72,
  0x03, 0x99, 0x02, 0x26, 0x00, 0x3a, 0x00, 0x00, 0x00, 0x07, 0x00, 0x68, 0x00, 0x0b, 0x00, 0xa8,
  0xff, 0xff, 0x00, 0x18, 0x00, 0x00, 0x02, 0x2b, 0x03, 0xa6, 0x02, 0x26, 0x00, 0x3b, 0x00, 0x00,
  0x00, 0x07, 0x00, 0x74, 0x00, 0x95, 0x00, 0xa8, 0xff, 0xff, 0x00, 0x1e, 0x00, 0x00, 0x01, 0xce,
  0x02, 0xfe, 0x02, 0x26, 0x00, 0x5b, 0x00, 0x00, 0x00, 0x06, 0x00, 0x74, 0x7e, 0x00, 0xff, 0xff,
  0x00, 0x18, 0x00, 0x00, 0x02, 0x2b, 0x03, 0xa1, 0x02, 0x26, 0x00, 0x3b, 0x00, 0x00, 0x00, 0x07,
  0x01, 0x41, 0x00, 0xae, 0x00, 0xa8, 0xff, 0xff, 0x00, 0x1e, 0x00, 0x00, 0x01, 0xce, 0x02, 0xf9,
  0x02, 0x26, 0x00, 0x5b, 0x00, 0x00, 0x00, 0x06, 0x01, 0x41, 0x7d, 0x00, 0xff, 0xff, 0x00, 0x18,
  0x00, 0x00, 0x02, 0x2b, 0x03, 0xa6, 0x02, 0x26, 0x00, 0x3b, 0x00, 0x00, 0x00, 0x07, 0x01, 0x3e,
  0x00, 0x31, 0x00, 0xa8, 0xff, 0xff, 0x00, 0x1e, 0x00, 0x00, 0x01, 0xd6, 0x02, 0xfe, 0x02, 0x26,
  0x00, 0x5b, 0x00, 0x00, 0x00, 0x06, 0x01, 0x3e, 0x06, 0x00, 0x00, 0x01, 0x00, 0x4e, 0x00, 0x00,
  0x01, 0x96, 0x02, 0xfd, 0x00, 0x10, 0x00, 0x00, 0x01, 0x22, 0x06, 0x15, 0x11, 0x23, 0x11, 0x34,
  0x36, 0x36, 0x33, 0x32, 0x16, 0x17, 0x07, 0x26, 0x26, 0x01, 0x21, 0x22, 0x1c, 0x95, 0x2f, 0x57,
  0x3a, 0x30, 0x42, 0x16, 0x23, 0x11, 0x27, 0x02, 0x87, 0x26, 0x1d, 0xfd, 0xbc, 0x02, 0x4a, 0x46,
  0x4d, 0x20, 0x0e, 0x09, 0x6d, 0x05, 0x09, 0x00, 0x00, 0x01, 0x00, 0x28, 0x02, 0x5e, 0x01, 0xba,
  0x02, 0xfe, 0x00, 0x12, 0x00, 0x00, 0x01, 0x1e, 0x02, 0x17, 0x15, 0x23, 0x26, 0x26, 0x27, 0x06,
  0x06, 0x07, 0x23, 0x35, 0x3e, 0x02, 0x37, 0x01, 0x3d, 0x0e, 0x2e, 0x2f, 0x12, 0x64, 0x1a, 0x32,
  0x1a, 0x1b, 0x2e, 0x1b, 0x64, 0x13, 0x2f, 0x2d, 0x0e, 0x02, 0xfe, 0x17, 0x37, 0x33, 0x12, 0x0d,
  0x0f, 0x28, 0x19, 0x19, 0x26, 0x11, 0x0d, 0x12, 0x34, 0x36, 0x17, 0x00, 0x00, 0x01, 0x00, 0x28,
  0x02, 0x5e, 0x01, 0xd0, 0x02, 0xfe, 0x00, 0x12, 0x00, 0x00, 0x13, 0x2e, 0x02, 0x27, 0x35, 0x33,
  0x16, 0x16, 0x17, 0x36, 0x36, 0x37, 0x33, 0x15, 0x0e, 0x02, 0x07, 0xa5, 0x0e, 0x2d, 0x2f, 0x13,
  0x63, 0x1a, 0x3c, 0x1a, 0x1a, 0x3e, 0x1a, 0x63, 0x12, 0x30, 0x2d, 0x0e, 0x02, 0x5e, 0x17, 0x36,
  0x34, 0x12, 0x0d, 0x10, 0x2b, 0x1b, 0x1b, 0x2b, 0x10, 0x0d, 0x12, 0x34, 0x36, 0x17, 0x00, 0x01,
  0x00, 0x28, 0x02, 0x5e, 0x01, 0x74, 0x02, 0xc0, 0x00, 0x03, 0x00, 0x00, 0x01, 0x15, 0x21, 0x35,
  0x01, 0x74, 0xfe, 0xb4, 0x02, 0xc0, 0x62, 0x62, 0x00, 0x01, 0x00, 0x28, 0x02, 0x5e, 0x01, 0xa8,
  0x03, 0x03, 0x00, 0x0f, 0x00, 0x00, 0x01, 0x06, 0x06, 0x23, 0x22, 0x26, 0x27, 0x33, 0x1e, 0x02,
  0x33, 0x32, 0x36, 0x36, 0x37, 0x01, 0xa8, 0x05, 0x6a, 0x53, 0x56, 0x64, 0x04, 0x53, 0x03, 0x1d,
  0x30, 0x1c, 0x18, 0x2f, 0x22, 0x03, 0x03, 0x03, 0x49, 0x5c, 0x5a, 0x4b, 0x1c, 0x1a, 0x07, 0x09,
  0x1a, 0x1a, 0x00, 0x01, 0x00, 0x28, 0x02, 0x66, 0x00, 0xcc, 0x02, 0xf9, 0x00, 0x0b, 0x00, 0x00,
  0x13, 0x32, 0x16, 0x15, 0x14, 0x06, 0x23, 0x22, 0x26, 0x35, 0x34, 0x36, 0x7a, 0x21, 0x31, 0x31,
  0x21, 0x22, 0x30, 0x30, 0x02, 0xf9, 0x1f, 0x2b, 0x29, 0x20, 0x20, 0x29, 0x2b, 0x1f, 0x00, 0x02,
  0x00, 0x28, 0x02, 0x5d, 0x01, 0x1e, 0x03, 0x46, 0x00, 0x0b, 0x00, 0x17, 0x00, 0x00, 0x13, 0x22,
  0x26, 0x35, 0x34, 0x36, 0x33, 0x32, 0x16, 0x15, 0x14, 0x06, 0x27, 0x32, 0x36, 0x35, 0x34, 0x26,
  0x23, 0x22, 0x06, 0x15, 0x14, 0x16, 0xa1, 0x36, 0x43, 0x43, 0x36, 0x34, 0x49, 0x48, 0x35, 0x14,
  0x1b, 0x1b, 0x14, 0x14, 0x1b, 0x18, 0x02, 0x5d, 0x3e, 0x36, 0x37, 0x3e, 0x3e, 0x36, 0x37, 0x3e,
  0x45, 0x1a, 0x15, 0x16, 0x19, 0x19, 0x16, 0x15, 0x1a, 0x00, 0x00, 0x01, 0x00, 0x28, 0xff, 0x18,
  0x00, 0xef, 0x00, 0x15, 0x00, 0x12, 0x00, 0x00, 0x17, 0x14, 0x16, 0x33, 0x32, 0x36, 0x37, 0x15,
  0x06, 0x06, 0x23, 0x22, 0x26, 0x35, 0x34, 0x37, 0x17, 0x06, 0x06, 0x90, 0x16, 0x12, 0x0f, 0x1e,
  0x0a, 0x10, 0x24, 0x18, 0x38, 0x43, 0x69, 0x41, 0x22, 0x20, 0x68, 0x14, 0x12, 0x06, 0x03, 0x58,
  0x04, 0x07, 0x38, 0x31, 0x4c, 0x48, 0x15, 0x20, 0x2f, 0x00, 0x00, 0x01, 0x00, 0x28, 0x02, 0x5d,
  0x01, 0xbd, 0x02, 0xf5, 0x00, 0x15, 0x00, 0x00, 0x13, 0x36, 0x36, 0x33, 0x32, 0x16, 0x16, 0x33,
  0x32, 0x36, 0x37, 0x33, 0x06, 0x06, 0x23, 0x22, 0x26, 0x26, 0x23, 0x22, 0x06, 0x07, 0x28, 0x06,
  0x4b, 0x34, 0x1b, 0x33, 0x31, 0x17, 0x0f, 0x1c, 0x06, 0x49, 0x06, 0x4c, 0x33, 0x1a, 0x33, 0x31,
  0x18, 0x0f, 0x1c, 0x06, 0x02, 0x5d, 0x4e, 0x49, 0x1a, 0x19, 0x1a, 0x1a, 0x4d, 0x4a, 0x19, 0x1a,
  0x1a, 0x1a, 0x00, 0x02, 0x00, 0x28, 0x02, 0x5e, 0x01, 0xdc, 0x02, 0xfe, 0x00, 0x0c, 0x00, 0x19,
  0x00, 0x00, 0x01, 0x0e, 0x03, 0x07, 0x23, 0x35, 0x3e, 0x02, 0x37, 0x33, 0x07, 0x0e, 0x03, 0x07,
  0x23, 0x35, 0x3e, 0x02, 0x37, 0x33, 0x01, 0xdc, 0x08, 0x26, 0x32, 0x31, 0x12, 0x4f, 0x0e, 0x24,
  0x22, 0x0b, 0x93, 0xc2, 0x08, 0x26, 0x32, 0x31, 0x12, 0x4f, 0x0e, 0x23, 0x22, 0x0c, 0x93, 0x02,
  0xf4, 0x0d, 0x28, 0x2c, 0x27, 0x0e, 0x0d, 0x13, 0x34, 0x36, 0x16, 0x0a, 0x0d, 0x28, 0x2c, 0x27,
  0x0e, 0x0d, 0x13, 0x34, 0x36, 0x16, 0x00, 0x01, 0x00, 0x26, 0x00, 0xd5, 0x01, 0xce, 0x01, 0x45,
  0x00, 0x03, 0x00, 0x00, 0x37, 0x35, 0x21, 0x15, 0x26, 0x01, 0xa8, 0xd5, 0x70, 0x70, 0x00, 0x01,
  0x00, 0x26, 0x00, 0xd5, 0x03, 0xc1, 0x01, 0x45, 0x00, 0x03, 0x00, 0x00, 0x37, 0x35, 0x21, 0x15,
  0x26, 0x03, 0x9b, 0xd5, 0x70, 0x70, 0x00, 0x01, 0x00, 0x0c, 0x01, 0xd5, 0x00, 0xcd, 0x02, 0xca,
  0x00, 0x08, 0x00, 0x00, 0x13, 0x36, 0x36, 0x37, 0x33, 0x06, 0x06, 0x07, 0x23, 0x0c, 0x0e, 0x2f,
  0x19, 0x6b, 0x0e, 0x1b, 0x08, 0x89, 0x01, 0xe0, 0x35, 0x7e, 0x37, 0x3b, 0x86, 0x34, 0x00, 0x01,
  0x00, 0x0c, 0x01, 0xd5, 0x00, 0xcd, 0x02, 0xca, 0x00, 0x08, 0x00, 0x00, 0x13, 0x06, 0x06, 0x07,
  0x23, 0x36, 0x36, 0x37, 0x33, 0xcd, 0x0d, 0x30, 0x19, 0x6b, 0x0e, 0x1c, 0x07, 0x89, 0x02, 0xbf,
  0x35, 0x7e, 0x37, 0x3b, 0x86, 0x34, 0x00, 0x02, 0x00, 0x0c, 0x01, 0xd5, 0x01, 0xb1, 0x02, 0xca,
  0x00, 0x08, 0x00, 0x11, 0x00, 0x00, 0x01, 0x06, 0x06, 0x07, 0x23, 0x27, 0x36, 0x36, 0x37, 0x23,
  0x06, 0x06, 0x07, 0x23, 0x27, 0x36, 0x36, 0x37, 0x01, 0xb1, 0x0e, 0x1b, 0x08, 0x89, 0x07, 0x0e,
  0x2f, 0x19, 0x79, 0x0e, 0x1b, 0x08, 0x89, 0x07, 0x0e, 0x2f, 0x19, 0x02, 0xca, 0x3b, 0x86, 0x34,
  0x0b, 0x35, 0x7e, 0x37, 0x3b, 0x86, 0x34, 0x0b, 0x35, 0x7e, 0x37, 0x00, 0x00, 0x02, 0x00, 0x0c,
  0x01, 0xd5, 0x01, 0xb1, 0x02, 0xca, 0x00, 0x08, 0x00, 0x11, 0x00, 0x00, 0x01, 0x06, 0x06, 0x07,
  0x23, 0x36, 0x36, 0x37, 0x33, 0x07, 0x06, 0x06, 0x07, 0x23, 0x36, 0x36, 0x37, 0x33, 0x01, 0xb1,
  0x0d, 0x30, 0x19, 0x6b, 0x0e, 0x1c, 0x07, 0x89, 0xdd, 0x0d, 0x30, 0x19, 0x6b, 0x0e, 0x1c, 0x07,
  0x89, 0x02, 0xbf, 0x35, 0x7e, 0x37, 0x3b, 0x86, 0x34, 0x0b, 0x35, 0x7e, 0x37, 0x3b, 0x86, 0x34,
  0xff, 0xff, 0x00, 0x36, 0xff, 0xf3, 0x03, 0x1d, 0x00, 0x9a, 0x00, 0x26, 0x00, 0x0f, 0x00, 0x00,
  0x00, 0x27, 0x00, 0x0f, 0x01, 0x1d, 0x00, 0x00, 0x00, 0x07, 0x00, 0x0f, 0x02, 0x3a, 0x00, 0x00,
  0x00, 0x01, 0x00, 0x26, 0x00, 0x2e, 0x01, 0x47, 0x01, 0xf7, 0x00, 0x06, 0x00, 0x00, 0x13, 0x37,
  0x17, 0x07, 0x17, 0x07, 0x27, 0x26, 0xb5, 0x6c, 0x88, 0x88, 0x6c, 0xb5, 0x01, 0x18, 0xdf, 0x3b,
  0xaa, 0xaa, 0x3a, 0xdd, 0x00, 0x01, 0x00, 0x26, 0x00, 0x2e, 0x01, 0x47, 0x01, 0xf7, 0x00, 0x06,
  0x00, 0x00, 0x13, 0x17, 0x15, 0x07, 0x27, 0x37, 0x27, 0x92, 0xb5, 0xb5, 0x6c, 0x88, 0x88, 0x01,
  0xf7, 0xdf, 0x0d, 0xdd, 0x3a, 0xaa, 0xaa, 0x00, 0x00, 0x01, 0xff, 0xae, 0xff, 0x23, 0x00, 0x57,
  0xff, 0xc3, 0x00, 0x0a, 0x00, 0x00, 0x17, 0x06, 0x06, 0x07, 0x23, 0x35, 0x3e, 0x02, 0x37, 0x33,
  0x57, 0x0d, 0x28, 0x1c, 0x58, 0x06, 0x0d, 0x09, 0x02, 0x8b, 0x47, 0x23, 0x4e, 0x25, 0x0d, 0x13,
  0x36, 0x36, 0x14, 0x00, 0xff, 0xff, 0x00, 0x13, 0xff, 0x10, 0x02, 0x2e, 0x02, 0xca, 0x02, 0x26,
  0x00, 0x35, 0x00, 0x00, 0x00, 0x07, 0x00, 0x78, 0x00, 0x9b, 0x00, 0x00, 0xff, 0xff, 0x00, 0x17,
  0xff, 0x10, 0x01, 0x92, 0x02, 0x96, 0x02, 0x26, 0x00, 0x55, 0x00, 0x00, 0x00, 0x07, 0x00, 0x78,
  0x00, 0x99, 0x00, 0x00, 0x00, 0x01, 0x00, 0x4a, 0x00, 0x00, 0x00, 0xe1, 0x02, 0x22, 0x00, 0x03,
  0x00, 0x00, 0x33, 0x23, 0x11, 0x33, 0xe1, 0x97, 0x97, 0x02, 0x22, 0x00, 0x00, 0x01, 0xff, 0xcb,
  0xff, 0x10, 0x00, 0xe0, 0x02, 0x22, 0x00, 0x10, 0x00, 0x00, 0x17, 0x22, 0x26, 0x27, 0x35, 0x16,
  0x16, 0x33, 0x32, 0x36, 0x35, 0x11, 0x33, 0x11, 0x14, 0x06, 0x06, 0x28, 0x18, 0x33, 0x12, 0x10,
  0x1c, 0x12, 0x1b, 0x25, 0x97, 0x24, 0x51, 0xf0, 0x07, 0x05, 0x77, 0x05, 0x05, 0x22, 0x32, 0x02,
  0x45, 0xfd, 0xa3, 0x32, 0x52, 0x31, 0x00, 0x00, 0x00, 0x01, 0x00, 0x00, 0x01, 0x54, 0x00, 0xd4,
  0x00, 0x18, 0x00, 0x65, 0x00, 0x06, 0x00, 0x01, 0x00, 0x00, 0x00, 0x00, 0x00, 0x00, 0x00, 0x00,
  0x00, 0x00, 0x00, 0x00, 0x00, 0x04, 0x00, 0x01, 0x00, 0x00, 0x00, 0x00, 0x00, 0x00, 0x00, 0x1d,
  0x00, 0x33, 0x00, 0x63, 0x00, 0xaa, 0x00, 0xf9, 0x01, 0x4e, 0x01, 0x5c, 0x01, 0x76, 0x01, 0x91,
  0x01, 0xb0, 0x01, 0xc5, 0x01, 0xd9, 0x01, 0xe5, 0x01, 0xfb, 0x02, 0x0b, 0x02, 0x35, 0x02, 0x4e,
  0x02, 0x7c, 0x02, 0xbb, 0x02, 0xe1, 0x03, 0x11, 0x03, 0x53, 0x03, 0x65, 0x03, 0xb6, 0x03, 0xf8,
  0x04, 0x1e, 0x04, 0x42, 0x04, 0x55, 0x04, 0x68, 0x04, 0x7b, 0x04, 0xb8, 0x05, 0x23, 0x05, 0x47,
  0x05, 0x7b, 0x05, 0xa6, 0x05, 0xc5, 0x05, 0xdb, 0x05, 0xee, 0x06, 0x21, 0x06, 0x38, 0x06, 0x50,
  0x06, 0x6f, 0x06, 0x8b, 0x06, 0x9a, 0x06, 0xc2, 0x06, 0xe3, 0x07, 0x10, 0x07, 0x32, 0x07, 0x65,
  0x07, 0x8b, 0x07, 0xc7, 0x07, 0xd8, 0x07, 0xf7, 0x08, 0x16, 0x08, 0x57, 0x08, 0x71, 0x08, 0x87,
  0x08, 0x9e, 0x08, 0xaf, 0x08, 0xbe, 0x08, 0xcf, 0x08, 0xe2, 0x08, 0xef, 0x09, 0x07, 0x09, 0x42,
  0x09, 0x75, 0x09, 0xa1, 0x09, 0xd5, 0x0a, 0x04, 0x0a, 0x2b, 0x0a, 0x6c, 0x0a, 0x90, 0x0a, 0xad,
  0x0a, 0xdb, 0x0a, 0xfc, 0x0b, 0x08, 0x0b, 0x3f, 0x0b, 0x5f, 0x0b, 0x89, 0x0b, 0xbc, 0x0b, 0xef,
  0x0c, 0x12, 0x0c, 0x4d, 0x0c, 0x74, 0x0c, 0x97, 0x0c, 0xb3, 0x0c, 0xf4, 0x0d, 0x0d, 0x0d, 0x3a,
  0x0d, 0x4f, 0x0d, 0x7d, 0x0d, 0x8a, 0x0d, 0xb8, 0x0d, 0xdf, 0x0d, 0xdf, 0x0d, 0xfc, 0x0e, 0x2d,
  0x0e, 0x5f, 0x0e, 0xa1, 0x0e, 0xc4, 0x0e, 0xd6, 0x0f, 0x34, 0x0f, 0x5a, 0x0f, 0xb1, 0x0f, 0xe8,
  0x10, 0x06, 0x10, 0x16, 0x10, 0x1e, 0x10, 0x73, 0x10, 0x81, 0x10, 0xad, 0x10, 0xc9, 0x10, 0xf0,
  0x11, 0x27, 0x11, 0x40, 0x11, 0x67, 0x11, 0x87, 0x11, 0x90, 0x11, 0xb2, 0x11, 0xce, 0x11, 0xf0,
  0x12, 0x0e, 0x12, 0x4c, 0x12, 0x90, 0x12, 0xeb, 0x13, 0x29, 0x13, 0x35, 0x13, 0x41, 0x13, 0x4d,
  0x13, 0x59, 0x13, 0x65, 0x13, 0x71, 0x13, 0x94, 0x13, 0xa0, 0x13, 0xac, 0x13, 0xb8, 0x13, 0xc4,
  0x13, 0xd0, 0x13, 0xdc, 0x13, 0xe8, 0x13, 0xf4, 0x14, 0x00, 0x14, 0x29, 0x14, 0x35, 0x14, 0x41,
  0x14, 0x4d, 0x14, 0x59, 0x14, 0x65, 0x14, 0x71, 0x14, 0x8b, 0x14, 0xd3, 0x14, 0xdf, 0x14, 0xeb,
  0x14, 0xf7, 0x15, 0x03, 0x15, 0x0f, 0x15, 0x34, 0x15, 0x81, 0x15, 0x8c, 0x15, 0x98, 0x15, 0xa3,
  0x15, 0xae, 0x15, 0xb9, 0x15, 0xc5, 0x16, 0x22, 0x16, 0x2e, 0x16, 0x39, 0x16, 0x45, 0x16, 0x50,
  0x16, 0x5b, 0x16, 0x66, 0x16, 0x71, 0x16, 0x7c, 0x16, 0x88, 0x16, 0xcc, 0x16, 0xd7, 0x16, 0xe2,
  0x16, 0xee, 0x16, 0xf9, 0x17, 0x04, 0x17, 0x0f, 0x17, 0x3c, 0x17, 0x7b, 0x17, 0x87, 0x17, 0x93,
  0x17, 0x9e, 0x17, 0xa9, 0x17, 0xb5, 0x17, 0xed, 0x17, 0xf8, 0x18, 0x04, 0x18, 0x0f, 0x18, 0x1b,
  0x18, 0x26, 0x18, 0x32, 0x18, 0x3e, 0x18, 0x4a, 0x18, 0x56, 0x18, 0x62, 0x18, 0x6d, 0x18, 0x79,
  0x18, 0x85, 0x18, 0x91, 0x18, 0x9c, 0x18, 0xa8, 0x18, 0xec, 0x18, 0xf4, 0x19, 0x30, 0x19, 0x3c,
  0x19, 0x47, 0x19, 0x53, 0x19, 0x5e, 0x19, 0x6a, 0x19, 0x76, 0x19, 0x82, 0x19, 0xca, 0x19, 0xd6,
  0x19, 0xe1, 0x19, 0xed, 0x19, 0xf8, 0x1a, 0x04, 0x1a, 0x0f, 0x1a, 0x1b, 0x1a, 0x27, 0x1a, 0x33,
  0x1a, 0x83, 0x1a, 0x8f, 0x1a, 0x9b, 0x1a, 0xc0, 0x1a, 0xec, 0x1a, 0xf8, 0x1b, 0x03, 0x1b, 0x0f,
  0x1b, 0x1a, 0x1b, 0x26, 0x1b, 0x31, 0x1b, 0x3c, 0x1b, 0x47, 0x1b, 0x53, 0x1b, 0x5f, 0x1b, 0x6b,
  0x1b, 0x77, 0x1b, 0x82, 0x1b, 0x8e, 0x1b, 0x9a, 0x1b, 0xbc, 0x1b, 0xc8, 0x1b, 0xd4, 0x1b, 0xe0,
  0x1b, 0xec, 0x1c, 0x0c, 0x1c, 0x28, 0x1c, 0x34, 0x1c, 0x40, 0x1c, 0x59, 0x1c, 0x71, 0x1c, 0x7d,
  0x1c, 0x89, 0x1c, 0x95, 0x1c, 0xa1, 0x1c, 0xad, 0x1c, 0xb8, 0x1c, 0xc3, 0x1c, 0xf5, 0x1d, 0x26,
  0x1d, 0x32, 0x1d, 0x3d, 0x1d, 0x49, 0x1d, 0x54, 0x1d, 0x60, 0x1d, 0x6b, 0x1d, 0xa6, 0x1d, 0xf3,
  0x1d, 0xff, 0x1e, 0x0a, 0x1e, 0x16, 0x1e, 0x22, 0x1e, 0x2e, 0x1e, 0x39, 0x1e, 0x45, 0x1e, 0x50,
  0x1e, 0x5c, 0x1e, 0x67, 0x1e, 0x73, 0x1e, 0x7e, 0x1e, 0x8a, 0x1e, 0x95, 0x1e, 0xa1, 0x1e, 0xd8,
  0x1e, 0xf1, 0x1f, 0x1e, 0x1f, 0x2a, 0x1f, 0x35, 0x1f, 0x41, 0x1f, 0x4c, 0x1f, 0x58, 0x1f, 0x63,
  0x1f, 0x6f, 0x1f, 0x7b, 0x1f, 0x87, 0x1f, 0x92, 0x1f, 0xcb, 0x1f, 0xd7, 0x1f, 0xe3, 0x1f, 0xef,
  0x1f, 0xfb, 0x20, 0x06, 0x20, 0x12, 0x20, 0x1e, 0x20, 0x29, 0x20, 0x35, 0x20, 0x40, 0x20, 0x4c,
  0x20, 0x57, 0x20, 0x76, 0x20, 0x98, 0x20, 0xb9, 0x20, 0xc6, 0x20, 0xe3, 0x20, 0xf9, 0x21, 0x1f,
  0x21, 0x3f, 0x21, 0x63, 0x21, 0x8d, 0x21, 0x99, 0x21, 0xa5, 0x21, 0xb9, 0x21, 0xcd, 0x21, 0xf0,
  0x22, 0x12, 0x22, 0x22, 0x22, 0x34, 0x22, 0x46, 0x22, 0x5c, 0x22, 0x68, 0x22, 0x74, 0x22, 0x80,
  0x22, 0x9d, 0x00, 0x00, 0x00, 0x01, 0x00, 0x00, 0x00, 0x02, 0x03, 0xd7, 0x92, 0x51, 0x6f, 0x8b,
  0x5f, 0x0f, 0x3c, 0xf5, 0x00, 0x07, 0x03, 0xe8, 0x00, 0x00, 0x00, 0x00, 0xdd, 0x80, 0xd3, 0xe7,
  0x00, 0x00, 0x00, 0x00, 0xe3, 0x63, 0xc1, 0x01, 0xfd, 0x7c, 0xfe, 0x7b, 0x0a, 0xf1, 0x04, 0x2d,
  0x00, 0x01, 0x00, 0x06, 0x00, 0x02, 0x00, 0x00, 0x00, 0x00, 0x00, 0x00, 0x02, 0x4d, 0x00, 0x59,
  0x01, 0x04, 0x00, 0x00, 0x01, 0x1a, 0x00, 0x36, 0x01, 0xdf, 0x00, 0x3d, 0x02, 0x86, 0x00, 0x16,
  0x02, 0x3c, 0x00, 0x2b, 0x03, 0x86, 0x00, 0x1e, 0x02, 0xee, 0x00, 0x28, 0x01, 0x0a, 0x00, 0x3d,
  0x01, 0x53, 0x00, 0x28, 0x01, 0x53, 0x00, 0x1e, 0x02, 0x1e, 0x00, 0x1d, 0x02, 0x3c, 0x00, 0x2b,
  0x01, 0x1d, 0x00, 0x1f, 0x01, 0x40, 0x00, 0x1c, 0x01, 0x19, 0x00, 0x36, 0x01, 0x9f, 0x00, 0x07,
  0x02, 0x3c, 0x00, 0x24, 0x02, 0x3c, 0x00, 0x3b, 0x02, 0x3c, 0x00, 0x26, 0x02, 0x3c, 0x00, 0x26,
  0x02, 0x3c, 0x00, 0x11, 0x02, 0x3c, 0x00, 0x31, 0x02, 0x3c, 0x00, 0x23, 0x02, 0x3c, 0x00, 0x1b,
  0x02, 0x3c, 0x00, 0x23, 0x02, 0x3c, 0x00, 0x20, 0x01, 0x19, 0x00, 0x36, 0x01, 0x1d, 0x00, 0x1f,
  0x02, 0x3c, 0x00, 0x2b, 0x02, 0x3c, 0x00, 0x2b, 0x02, 0x3c, 0x00, 0x2b, 0x01, 0xdd, 0x00, 0x05,
  0x03, 0x82, 0x00, 0x2f, 0x02, 0xb4, 0x00, 0x00, 0x02, 0x99, 0x00, 0x55, 0x02, 0x82, 0x00, 0x37,
  0x02, 0xdc, 0x00, 0x55, 0x02, 0x30, 0x00, 0x5a, 0x02, 0x25, 0x00, 0x5a, 0x02, 0xd4, 0x00, 0x3a,
  0x02, 0xfd, 0x00, 0x5a, 0x01, 0x85, 0x00, 0x20, 0x01, 0x4b, 0xff, 0xb6, 0x02, 0x98, 0x00, 0x5a,
  0x02, 0x2f, 0x00, 0x55, 0x03, 0xaf, 0x00, 0x5a, 0x03, 0x2d, 0x00, 0x5a, 0x03, 0x17, 0x00, 0x37,
  0x02, 0x6d, 0x00, 0x55, 0x03, 0x17, 0x00, 0x37, 0x02, 0x90, 0x00, 0x55, 0x02, 0x27, 0x00, 0x2e,
  0x02, 0x41, 0x00, 0x13, 0x02, 0xf4, 0x00, 0x55, 0x02, 0x8a, 0x00, 0x00, 0x03, 0xc7, 0x00, 0x00,
  0x02, 0x9e, 0x00, 0x03, 0x02, 0x72, 0x00, 0x00, 0x02, 0x43, 0x00, 0x18, 0x01, 0x4b, 0x00, 0x46,
  0x01, 0x9f, 0x00, 0x06, 0x01, 0x4b, 0x00, 0x19, 0x02, 0x3c, 0x00, 0x17, 0x01, 0x9b, 0xff, 0xfe,
  0x01, 0x6d, 0x00, 0x28, 0x02, 0x57, 0x00, 0x28, 0x02, 0x78, 0x00, 0x49, 0x02, 0x04, 0x00, 0x2f,
  0x02, 0x78, 0x00, 0x2f, 0x02, 0x55, 0x00, 0x2f, 0x01, 0x83, 0x00, 0x14, 0x02, 0x78, 0x00, 0x2f,
  0x02, 0x8a, 0x00, 0x49, 0x01, 0x2b, 0x00, 0x44, 0x01, 0x2a, 0xff, 0xcb, 0x02, 0x6c, 0x00, 0x4e,
  0x01, 0x2a, 0x00, 0x49, 0x03, 0xcf, 0x00, 0x49, 0x02, 0x8a, 0x00, 0x49, 0x02, 0x71, 0x00, 0x2f,
  0x02, 0x78, 0x00, 0x49, 0x02, 0x78, 0x00, 0x2f, 0x01, 0xbf, 0x00, 0x49, 0x01, 0xf6, 0x00, 0x2e,
  0x01, 0xb2, 0x00, 0x17, 0x02, 0x8a, 0x00, 0x46, 0x02, 0x3b, 0x00, 0x00, 0x03, 0x58, 0x00, 0x0a,
  0x02, 0x42, 0x00, 0x05, 0x02, 0x3b, 0x00, 0x00, 0x01, 0xed, 0x00, 0x1e, 0x01, 0x8a, 0x00, 0x0f,
  0x02, 0x27, 0x00, 0xde, 0x01, 0x8a, 0x00, 0x28, 0x02, 0x3c, 0x00, 0x2b, 0x01, 0x04, 0x00, 0x00,
  0x01, 0x1e, 0x00, 0x39, 0x02, 0x3c, 0x00, 0x46, 0x02, 0x3c, 0x00, 0x28, 0x02, 0x38, 0x00, 0x34,
  0x02, 0x3c, 0x00, 0x03, 0x02, 0x27, 0x00, 0xde, 0x01, 0xe6, 0x00, 0x34, 0x02, 0x51, 0x00, 0x7d,
  0x03, 0x40, 0x00, 0x31, 0x01, 0x7d, 0x00, 0x1b, 0x02, 0x66, 0x00, 0x26, 0x02, 0x3c, 0x00, 0x2b,
  0x01, 0x40, 0x00, 0x1c, 0x03, 0x40, 0x00, 0x31, 0x01, 0xf4, 0xff, 0xfd, 0x01, 0xa8, 0x00, 0x28,
  0x02, 0x3c, 0x00, 0x2b, 0x01, 0x7b, 0x00, 0x17, 0x01, 0x7c, 0x00, 0x1a, 0x01, 0x6d, 0x00, 0x28,
  0x02, 0x8d, 0x00, 0x49, 0x02, 0x88, 0x00, 0x34, 0x01, 0x19, 0x00, 0x36, 0x01, 0x07, 0x00, 0x13,
  0x01, 0x7c, 0x00, 0x20, 0x01, 0x82, 0x00, 0x1b, 0x02, 0x66, 0x00, 0x26, 0x03, 0x3e, 0x00, 0x16,
  0x03, 0x6a, 0x00, 0x16, 0x03, 0x4d, 0x00, 0x2c, 0x01, 0xdd, 0x00, 0x14, 0x02, 0xb4, 0x00, 0x00,
  0x02, 0xb4, 0x00, 0x00, 0x02, 0xb4, 0x00, 0x00, 0x02, 0xb4, 0x00, 0x00, 0x02, 0xb4, 0x00, 0x00,
  0x02, 0xb4, 0x00, 0x00, 0x03, 0xb8, 0x00, 0x00, 0x02, 0x82, 0x00, 0x37, 0x02, 0x30, 0x00, 0x5a,
  0x02, 0x30, 0x00, 0x5a, 0x02, 0x30, 0x00, 0x5a, 0x02, 0x30, 0x00, 0x5a, 0x01, 0x85, 0x00, 0x0b,
  0x01, 0x85, 0x00, 0x20, 0x01, 0x85, 0xff, 0xf6, 0x01, 0x85, 0x00, 0x10, 0x02, 0xdc, 0x00, 0x15,
  0x03, 0x25, 0x00, 0x5a, 0x03, 0x17, 0x00, 0x37, 0x03, 0x17, 0x00, 0x37, 0x03, 0x17, 0x00, 0x37,
  0x03, 0x17, 0x00, 0x37, 0x03, 0x17, 0x00, 0x37, 0x02, 0x3c, 0x00, 0x3f, 0x03, 0x17, 0x00, 0x37,
  0x02, 0xf4, 0x00, 0x55, 0x02, 0xf4, 0x00, 0x55, 0x02, 0xf4, 0x00, 0x55, 0x02, 0xf4, 0x00, 0x55,
  0x02, 0x72, 0x00, 0x00, 0x02, 0x74, 0x00, 0x5a, 0x02, 0xc0, 0x00, 0x49, 0x02, 0x57, 0x00, 0x28,
  0x02, 0x57, 0x00, 0x28, 0x02, 0x57, 0x00, 0x28, 0x02, 0x57, 0x00, 0x28, 0x02, 0x57, 0x00, 0x28,
  0x02, 0x57, 0x00, 0x28, 0x03, 0x95, 0x00, 0x2a, 0x02, 0x04, 0x00, 0x2f, 0x02, 0x55, 0x00, 0x2f,
  0x02, 0x55, 0x00, 0x2f, 0x02, 0x55, 0x00, 0x2f, 0x02, 0x55, 0x00, 0x2f, 0x01, 0x2b, 0xff, 0xfc,
  0x01, 0x2b, 0x00, 0x45, 0x01, 0x2b, 0xff, 0xcd, 0x01, 0x2b, 0xff, 0xe5, 0x02, 0x73, 0x00, 0x30,
  0x02, 0x8a, 0x00, 0x49, 0x02, 0x71, 0x00, 0x2f, 0x02, 0x71, 0x00, 0x2f, 0x02, 0x71, 0x00, 0x2f,
  0x02, 0x71, 0x00, 0x2f, 0x02, 0x71, 0x00, 0x2f, 0x02, 0x3c, 0x00, 0x2b, 0x02, 0x6b, 0x00, 0x2d,
  0x02, 0x8a, 0x00, 0x46, 0x02, 0x8a, 0x00, 0x46, 0x02, 0x8a, 0x00, 0x46, 0x02, 0x8a, 0x00, 0x46,
  0x02, 0x3b, 0x00, 0x00, 0x02, 0x78, 0x00, 0x49, 0x02, 0x3b, 0x00, 0x00, 0x02, 0xb4, 0x00, 0x00,
  0x02, 0x57, 0x00, 0x28, 0x02, 0xb4, 0x00, 0x00, 0x02, 0x57, 0x00, 0x28, 0x02, 0xb4, 0x00, 0x00,
  0x02, 0x57, 0x00, 0x28, 0x02, 0x82, 0x00, 0x37, 0x02, 0x04, 0x00, 0x2f, 0x02, 0x82, 0x00, 0x37,
  0x02, 0x04, 0x00, 0x2f, 0x02, 0x82, 0x00, 0x37, 0x02, 0x04, 0x00, 0x2f, 0x02, 0x82, 0x00, 0x37,
  0x02, 0x04, 0x00, 0x2f, 0x02, 0xdc, 0x00, 0x55, 0x02, 0x78, 0x00, 0x2f, 0x02, 0xdc, 0x00, 0x15,
  0x02, 0x85, 0x00, 0x2f, 0x02, 0x30, 0x00, 0x5a, 0x02, 0x55, 0x00, 0x2f, 0x02, 0x30, 0x00, 0x5a,
  0x02, 0x55, 0x00, 0x2f, 0x02, 0x30, 0x00, 0x5a, 0x02, 0x55, 0x00, 0x2f, 0x02, 0x30, 0x00, 0x5a,
  0x02, 0x4f, 0x00, 0x2f, 0x02, 0x30, 0x00, 0x5a, 0x02, 0x55, 0x00, 0x2f, 0x02, 0xd4, 0x00, 0x3a,
  0x02, 0x78, 0x00, 0x2f, 0x02, 0xd4, 0x00, 0x3a, 0x02, 0x78, 0x00, 0x2f, 0x02, 0xd4, 0x00, 0x3a,
  0x02, 0x78, 0x00, 0x2f, 0x02, 0xd4, 0x00, 0x3a, 0x02, 0x78, 0x00, 0x2f, 0x02, 0xfd, 0x00, 0x5a,
  0x02, 0x8a, 0xff, 0xce, 0x02, 0xfe, 0x00, 0x00, 0x02, 0x91, 0x00, 0x02, 0x01, 0x85, 0xff, 0xde,
  0x01, 0x2b, 0xff, 0xd1, 0x01, 0x85, 0x00, 0x1c, 0x01, 0x2b, 0xff, 0xf0, 0x01, 0x85, 0x00, 0x0b,
  0x01, 0x2b, 0xff, 0xe0, 0x01, 0x85, 0x00, 0x20, 0x01, 0x2b, 0x00, 0x29, 0x01, 0x85, 0x00, 0x20,
  0x02, 0xd2, 0x00, 0x20, 0x02, 0x62, 0x00, 0x44, 0x01, 0x4b, 0xff, 0xb6, 0x01, 0x2a, 0xff, 0xcb,
  0x02, 0x94, 0x00, 0x5a, 0x02, 0x6c, 0x00, 0x4e, 0x02, 0x6c, 0x00, 0x4e, 0x02, 0x2f, 0x00, 0x4d,
  0x01, 0x2a, 0x00, 0x44, 0x02, 0x2f, 0x00, 0x55, 0x01, 0x2a, 0x00, 0x41, 0x02, 0x2f, 0x00, 0x55,
  0x01, 0x2a, 0x00, 0x49, 0x02, 0x2f, 0x00, 0x55, 0x01, 0x71, 0x00, 0x49, 0x02, 0x35, 0x00, 0x01,
  0x01, 0x31, 0xff, 0xf4, 0x03, 0x25, 0x00, 0x5a, 0x02, 0x8a, 0x00, 0x49, 0x03, 0x25, 0x00, 0x5a,
  0x02, 0x8a, 0x00, 0x49, 0x03, 0x25, 0x00, 0x5a, 0x02, 0x8a, 0x00, 0x49, 0x03, 0x07, 0xff, 0xfd,
  0x03, 0x2d, 0x00, 0x5a, 0x02, 0x8a, 0x00, 0x49, 0x03, 0x17, 0x00, 0x37, 0x02, 0x71, 0x00, 0x2f,
  0x03, 0x17, 0x00, 0x37, 0x02, 0x71, 0x00, 0x2f, 0x03, 0x17, 0x00, 0x37, 0x02, 0x71, 0x00, 0x2f,
  0x03, 0xcd, 0x00, 0x3a, 0x03, 0xd2, 0x00, 0x2d, 0x02, 0x90, 0x00, 0x55, 0x01, 0xbf, 0x00, 0x49,
  0x02, 0x90, 0x00, 0x55, 0x01, 0xbf, 0x00, 0x41, 0x02, 0x90, 0x00, 0x55, 0x01, 0xbf, 0x00, 0x2e,
  0x02, 0x27, 0x00, 0x2e, 0x01, 0xf6, 0x00, 0x2e, 0x02, 0x27, 0x00, 0x2e, 0x01, 0xf6, 0x00, 0x2e,
  0x02, 0x27, 0x00, 0x2e, 0x01, 0xf6, 0x00, 0x2e, 0x02, 0x27, 0x00, 0x2e, 0x01, 0xf6, 0x00, 0x2e,
  0x02, 0x41, 0x00, 0x13, 0x01, 0xb2, 0x00, 0x17, 0x02, 0x41, 0x00, 0x13, 0x01, 0xb2, 0x00, 0x17,
  0x02, 0xf4, 0x00, 0x55, 0x02, 0x8a, 0x00, 0x46, 0x02, 0xf4, 0x00, 0x55, 0x02, 0x8a, 0x00, 0x46,
  0x02, 0xf4, 0x00, 0x55, 0x02, 0x8a, 0x00, 0x46, 0x02, 0xf4, 0x00, 0x55, 0x02, 0x8a, 0x00, 0x46,
  0x02, 0xf4, 0x00, 0x55, 0x02, 0x8a, 0x00, 0x46, 0x02, 0xf4, 0x00, 0x55, 0x02, 0x8a, 0x00, 0x46,
  0x03, 0xc7, 0x00, 0x00, 0x03, 0x5e, 0x00, 0x0a, 0x02, 0x72, 0x00, 0x00, 0x02, 0x3b, 0x00, 0x00,
  0x02, 0x72, 0x00, 0x00, 0x02, 0x43, 0x00, 0x18, 0x01, 0xed, 0x00, 0x1e, 0x02, 0x43, 0x00, 0x18,
  0x01, 0xed, 0x00, 0x1e, 0x02, 0x43, 0x00, 0x18, 0x01, 0xed, 0x00, 0x1e, 0x01, 0x7f, 0x00, 0x4e,
  0x01, 0xe2, 0x00, 0x28, 0x01, 0xf8, 0x00, 0x28, 0x01, 0x9c, 0x00, 0x28, 0x01, 0xd0, 0x00, 0x28,
  0x00, 0xf4, 0x00, 0x28, 0x01, 0x46, 0x00, 0x28, 0x01, 0x17, 0x00, 0x28, 0x01, 0xe5, 0x00, 0x28,
  0x02, 0x04, 0x00, 0x28, 0x01, 0xf4, 0x00, 0x26, 0x03, 0xe8, 0x00, 0x26, 0x00, 0xd9, 0x00, 0x0c,
  0x00, 0xd9, 0x00, 0x0c, 0x01, 0xbd, 0x00, 0x0c, 0x01, 0xbd, 0x00, 0x0c, 0x03, 0x57, 0x00, 0x36,
  0x01, 0x6d, 0x00, 0x26, 0x01, 0x6d, 0x00, 0x26, 0x00, 0x00, 0xff, 0xae, 0x02, 0x41, 0x00, 0x13,
  0x01, 0xb2, 0x00, 0x17, 0x01, 0x2b, 0x00, 0x4a, 0x01, 0x2a, 0xff, 0xcb, 0x00, 0x01, 0x00, 0x00,
  0x04, 0x2d, 0xfe, 0xdb, 0x00, 0x00, 0x0b, 0x17, 0xfd, 0x7c, 0xfd, 0x8d, 0x0a, 0xf1, 0x03, 0xe8,
  0x00, 0x00, 0x00, 0x00, 0x00, 0x00, 0x00, 0x00, 0x00, 0x00, 0x00, 0x00, 0x00, 0x00, 0x01, 0x54,
  0x00, 0x04, 0x02, 0x6a, 0x02, 0xbc, 0x00, 0x05, 0x00, 0x00, 0x02, 0x8a, 0x02, 0x58, 0x00, 0x00,
  0x00, 0x4b, 0x02, 0x8a, 0x02, 0x58, 0x00, 0x00, 0x01, 0x5e, 0x00, 0x32, 0x01, 0x48, 0x00, 0x00,
  0x02, 0x0b, 0x08, 0x02, 0x04, 0x05, 0x04, 0x02, 0x02, 0x04, 0x80, 0x00, 0x00, 0x07, 0x00, 0x00,
  0x00, 0x00, 0x00, 0x00, 0x00, 0x00, 0x00, 0x00, 0x00, 0x00, 0x47, 0x4f, 0x4f, 0x47, 0x00, 0xa0,
  0x00, 0x20, 0x20, 0x3a, 0x04, 0x2d, 0xfe, 0xdb, 0x00, 0x00, 0x04, 0x64, 0x01, 0x8b, 0x00, 0x00,
  0x00, 0x93, 0x00, 0x00, 0x00, 0x00, 0x02, 0x22, 0x02, 0xca, 0x00, 0x00, 0x00, 0x20, 0x00, 0x04,
  0x00, 0x00, 0x00, 0x02, 0x00, 0x00, 0x00, 0x03, 0x00, 0x00, 0x00, 0x14, 0x00, 0x03, 0x00, 0x01,
  0x00, 0x00, 0x00, 0x14, 0x00, 0x04, 0x00, 0x70, 0x00, 0x00, 0x00, 0x18, 0x00, 0x10, 0x00, 0x03,
  0x00, 0x08, 0x00, 0x7e, 0x01, 0x30, 0x01, 0x31, 0x01, 0x61, 0x01, 0x63, 0x01, 0x7f, 0x20, 0x14,
  0x20, 0x19, 0x20, 0x1d, 0x20, 0x26, 0x20, 0x3a, 0xff, 0xff, 0x00, 0x00, 0x00, 0x20, 0x00, 0xa0,
  0x01, 0x31, 0x01, 0x32, 0x01, 0x62, 0x01, 0x64, 0x20, 0x13, 0x20, 0x18, 0x20, 0x1c, 0x20, 0x26,
  0x20, 0x39, 0xff, 0xff, 0xff, 0xe1, 0xff, 0xc0, 0x00, 0x21, 0xff, 0xbf, 0xff, 0xee, 0xff, 0xbd,
  0xe1, 0x33, 0xe1, 0x30, 0xe1, 0x2e, 0xe1, 0x26, 0xe1, 0x14, 0x00, 0x01, 0x00, 0x00, 0x00, 0x00,
  0x00, 0x00, 0x00, 0x00, 0x00, 0x00, 0x00, 0x00, 0x00, 0x00, 0x00, 0x00, 0x00, 0x00, 0x00, 0x00,
  0x00, 0x00, 0x00, 0x00, 0x00, 0x00, 0x00, 0x07, 0x00, 0x5a, 0x00, 0x03, 0x00, 0x01, 0x04, 0x09,
  0x00, 0x00, 0x00, 0xb6, 0x00, 0x00, 0x00, 0x03, 0x00, 0x01, 0x04, 0x09, 0x00, 0x01, 0x00, 0x12,
  0x00, 0xb6, 0x00, 0x03, 0x00, 0x01, 0x04, 0x09, 0x00, 0x02, 0x00, 0x08, 0x00, 0xc8, 0x00, 0x03,
  0x00, 0x01, 0x04, 0x09, 0x00, 0x03, 0x00, 0x30, 0x00, 0xd0, 0x00, 0x03, 0x00, 0x01, 0x04, 0x09,
  0x00, 0x04, 0x00, 0x1c, 0x01, 0x00, 0x00, 0x03, 0x00, 0x01, 0x04, 0x09, 0x00, 0x05, 0x00, 0x54,
  0x01, 0x1c, 0x00, 0x03, 0x00, 0x01, 0x04, 0x09, 0x00, 0x06, 0x00, 0x1a, 0x01, 0x70, 0x00, 0x43,
  0x00, 0x6f, 0x00, 0x70, 0x00, 0x79, 0x00, 0x72, 0x00, 0x69, 0x00, 0x67, 0x00, 0x68, 0x00, 0x74,
  0x00, 0x20, 0x00, 0x32, 0x00, 0x30, 0x00, 0x32, 0x00, 0x32, 0x00, 0x20, 0x00, 0x54, 0x00, 0x68,
  0x00, 0x65, 0x00, 0x20, 0x00, 0x4e, 0x00, 0x6f, 0x00, 0x74, 0x00, 0x6f, 0x00, 0x20, 0x00, 0x50,
  0x00, 0x72, 0x00, 0x6f, 0x00, 0x6a, 0x00, 0x65, 0x00, 0x63, 0x00, 0x74, 0x00, 0x20, 0x00, 0x41,
  0x00, 0x75, 0x00, 0x74, 0x00, 0x68, 0x00, 0x6f, 0x00, 0x72, 0x00, 0x73, 0x00, 0x20, 0x00, 0x28,
  0x00, 0x68, 0x00, 0x74, 0x00, 0x74, 0x00, 0x70, 0x00, 0x73, 0x00, 0x3a, 0x00, 0x2f, 0x00, 0x2f,
  0x00, 0x67, 0x00, 0x69, 0x00, 0x74, 0x00, 0x68, 0x00, 0x75, 0x00, 0x62, 0x00, 0x2e, 0x00, 0x63,
  0x00, 0x6f, 0x00, 0x6d, 0x00, 0x2f, 0x00, 0x6e, 0x00, 0x6f, 0x00, 0x74, 0x00, 0x6f, 0x00, 0x66,
  0x00, 0x6f, 0x00, 0x6e, 0x00, 0x74, 0x00, 0x73, 0x00, 0x2f, 0x00, 0x6c, 0x00, 0x61, 0x00, 0x74,
  0x00, 0x69, 0x00, 0x6e, 0x00, 0x2d, 0x00, 0x67, 0x00, 0x72, 0x00, 0x65, 0x00, 0x65, 0x00, 0x6b,
  0x00, 0x2d, 0x00, 0x63, 0x00, 0x79, 0x00, 0x72, 0x00, 0x69, 0x00, 0x6c, 0x00, 0x6c, 0x00, 0x69,
  0x00, 0x63, 0x00, 0x29, 0x00, 0x4e, 0x00, 0x6f, 0x00, 0x74, 0x00, 0x6f, 0x00, 0x20, 0x00, 0x53,
  0x00, 0x61, 0x00, 0x6e, 0x00, 0x73, 0x00, 0x42, 0x00, 0x6f, 0x00, 0x6c, 0x00, 0x64, 0x00, 0x32,
  0x00, 0x2e, 0x00, 0x30, 0x00, 0x31, 0x00, 0x35, 0x00, 0x3b, 0x00, 0x47, 0x00, 0x4f, 0x00, 0x4f,
  0x00, 0x47, 0x00, 0x3b, 0x00, 0x4e, 0x00, 0x6f, 0x00, 0x74, 0x00, 0x6f, 0x00, 0x53, 0x00, 0x61,
  0x00, 0x6e, 0x00, 0x73, 0x00, 0x2d, 0x00, 0x42, 0x00, 0x6f, 0x00, 0x6c, 0x00, 0x64, 0x00, 0x4e,
  0x00, 0x6f, 0x00, 0x74, 0x00, 0x6f, 0x00, 0x20, 0x00, 0x53, 0x00, 0x61, 0x00, 0x6e, 0x00, 0x73,
  0x00, 0x20, 0x00, 0x42, 0x00, 0x6f, 0x00, 0x6c, 0x00, 0x64, 0x00, 0x56, 0x00, 0x65, 0x00, 0x72,
  0x00, 0x73, 0x00, 0x69, 0x00, 0x6f, 0x00, 0x6e, 0x00, 0x20, 0x00, 0x32, 0x00, 0x2e, 0x00, 0x30,
  0x00, 0x31, 0x00, 0x35, 0x00, 0x3b, 0x00, 0x20, 0x00, 0x74, 0x00, 0x74, 0x00, 0x66, 0x00, 0x61,
  0x00, 0x75, 0x00, 0x74, 0x00, 0x6f, 0x00, 0x68, 0x00, 0x69, 0x00, 0x6e, 0x00, 0x74, 0x00, 0x20,
  0x00, 0x28, 0x00, 0x76, 0x00, 0x31, 0x00, 0x2e, 0x00, 0x38, 0x00, 0x2e, 0x00, 0x34, 0x00, 0x2e,
  0x00, 0x37, 0x00, 0x2d, 0x00, 0x35, 0x00, 0x64, 0x00, 0x35, 0x00, 0x62, 0x00, 0x29, 0x00, 0x4e,
  0x00, 0x6f, 0x00, 0x74, 0x00, 0x6f, 0x00, 0x53, 0x00, 0x61, 0x00, 0x6e, 0x00, 0x73, 0x00, 0x2d,
  0x00, 0x42, 0x00, 0x6f, 0x00, 0x6c, 0x00, 0x64, 0x00, 0x03, 0x00, 0x00, 0x00, 0x00, 0x00, 0x00,
  0xff, 0x9c, 0x00, 0x32, 0x00, 0x00, 0x00, 0x00, 0x00, 0x00, 0x00, 0x00, 0x00, 0x00, 0x00, 0x00,
  0x00, 0x00, 0x00, 0x00, 0x00, 0x00, 0x00, 0x00, 0x00, 0x01, 0x00, 0x01, 0xff, 0xff, 0x00, 0x0f,
};
unsigned int NotoSans_Bold_ttf_len = 20832;
