// Generated from RobotoCondensed-Bold-subset.ttf -- do NOT edit by hand.
// Subset to Latin, Latin-1 Supplement, Latin Extended-A and the
// punctuation SubRip carries, which is 97%% smaller than the full face.
// See source/gfx/fonts/LICENSES.md for licence and provenance.
unsigned char RobotoCondensed_Bold_ttf[] = {
  0x00, 0x01, 0x00, 0x00, 0x00, 0x0b, 0x00, 0x80, 0x00, 0x03, 0x00, 0x30, 0x4f, 0x53, 0x2f, 0x32,
  0x76, 0x75, 0x01, 0xfa, 0x00, 0x00, 0x4b, 0x10, 0x00, 0x00, 0x00, 0x60, 0x63, 0x6d, 0x61, 0x70,
  0x77, 0x74, 0x9c, 0x0e, 0x00, 0x00, 0x4b, 0x70, 0x00, 0x00, 0x01, 0x9c, 0x67, 0x61, 0x73, 0x70,
  0x00, 0x08, 0x00, 0x13, 0x00, 0x00, 0x4e, 0xcc, 0x00, 0x00, 0x00, 0x0c, 0x67, 0x6c, 0x79, 0x66,
  0xa4, 0x27, 0x7f, 0xa5, 0x00, 0x00, 0x00, 0xbc, 0x00, 0x00, 0x41, 0xb6, 0x68, 0x65, 0x61, 0x64,
  0xfd, 0xdf, 0x30, 0x40, 0x00, 0x00, 0x45, 0x4c, 0x00, 0x00, 0x00, 0x36, 0x68, 0x68, 0x65, 0x61,
  0x0b, 0xa9, 0x04, 0xb6, 0x00, 0x00, 0x4a, 0xec, 0x00, 0x00, 0x00, 0x24, 0x68, 0x6d, 0x74, 0x78,
  0x1a, 0xda, 0x65, 0x42, 0x00, 0x00, 0x45, 0x84, 0x00, 0x00, 0x05, 0x68, 0x6c, 0x6f, 0x63, 0x61,
  0xaf, 0x40, 0x9f, 0x84, 0x00, 0x00, 0x42, 0x94, 0x00, 0x00, 0x02, 0xb6, 0x6d, 0x61, 0x78, 0x70,
  0x01, 0x7e, 0x01, 0x20, 0x00, 0x00, 0x42, 0x74, 0x00, 0x00, 0x00, 0x20, 0x6e, 0x61, 0x6d, 0x65,
  0x20, 0x98, 0x39, 0xd6, 0x00, 0x00, 0x4d, 0x0c, 0x00, 0x00, 0x01, 0xa0, 0x70, 0x6f, 0x73, 0x74,
  0xff, 0x6d, 0x00, 0x64, 0x00, 0x00, 0x4e, 0xac, 0x00, 0x00, 0x00, 0x20, 0x00, 0x02, 0x00, 0x77,
  0xff, 0xf0, 0x01, 0xac, 0x05, 0xb0, 0x00, 0x03, 0x00, 0x0f, 0x00, 0x00, 0x01, 0x23, 0x03, 0x21,
  0x01, 0x34, 0x36, 0x33, 0x32, 0x16, 0x15, 0x14, 0x06, 0x23, 0x22, 0x26, 0x01, 0x88, 0xeb, 0x21,
  0x01, 0x2d, 0xfe, 0xce, 0x56, 0x45, 0x44, 0x56, 0x55, 0x45, 0x46, 0x55, 0x01, 0xc0, 0x03, 0xf0,
  0xfa, 0xd9, 0x44, 0x57, 0x57, 0x44, 0x43, 0x56, 0x56, 0x00, 0x00, 0x02, 0x00, 0x3e, 0x03, 0xd9,
  0x02, 0x50, 0x06, 0x00, 0x00, 0x04, 0x00, 0x09, 0x00, 0x00, 0x01, 0x03, 0x23, 0x11, 0x33, 0x05,
  0x03, 0x23, 0x11, 0x33, 0x01, 0x09, 0x27, 0xa4, 0xcb, 0x01, 0x47, 0x28, 0xa3, 0xcb, 0x05, 0x76,
  0xfe, 0x63, 0x02, 0x27, 0x8a, 0xfe, 0x63, 0x02, 0x27, 0x00, 0x00, 0x02, 0x00, 0x4a, 0x00, 0x00,
  0x03, 0xf3, 0x05, 0xb0, 0x00, 0x1b, 0x00, 0x1f, 0x00, 0x00, 0x01, 0x23, 0x03, 0x23, 0x13, 0x23,
  0x35, 0x33, 0x13, 0x23, 0x35, 0x33, 0x13, 0x33, 0x03, 0x33, 0x13, 0x33, 0x03, 0x33, 0x15, 0x23,
  0x03, 0x33, 0x15, 0x23, 0x03, 0x23, 0x03, 0x33, 0x13, 0x23, 0x02, 0x35, 0x86, 0x3b, 0xaf, 0x3c,
  0xb7, 0xd0, 0x2a, 0xbb, 0xd4, 0x3d, 0xae, 0x3d, 0x87, 0x3d, 0xae, 0x3d, 0xb3, 0xcc, 0x2a, 0xb6,
  0xcf, 0x3c, 0xaf, 0x31, 0x87, 0x29, 0x86, 0x01, 0x9a, 0xfe, 0x66, 0x01, 0x9a, 0xad, 0x01, 0x1b,
  0xae, 0x01, 0xa0, 0xfe, 0x60, 0x01, 0xa0, 0xfe, 0x60, 0xae, 0xfe, 0xe5, 0xad, 0xfe, 0x66, 0x02,
  0x47, 0x01, 0x1b, 0x00, 0x00, 0x01, 0x00, 0x5c, 0xff, 0x29, 0x03, 0xae, 0x06, 0x97, 0x00, 0x2d,
  0x00, 0x00, 0x01, 0x34, 0x26, 0x27, 0x2e, 0x02, 0x35, 0x34, 0x36, 0x37, 0x35, 0x33, 0x15, 0x16,
  0x16, 0x15, 0x21, 0x34, 0x26, 0x23, 0x22, 0x06, 0x15, 0x14, 0x16, 0x17, 0x1e, 0x02, 0x15, 0x14,
  0x06, 0x07, 0x15, 0x23, 0x35, 0x26, 0x26, 0x35, 0x21, 0x14, 0x16, 0x33, 0x32, 0x36, 0x02, 0x91,
  0x44, 0x4e, 0x99, 0x93, 0x48, 0xb8, 0x97, 0x97, 0x96, 0xa7, 0xfe, 0xe5, 0x45, 0x37, 0x35, 0x3c,
  0x3e, 0x57, 0xa0, 0x8d, 0x44, 0xb3, 0x9e, 0x96, 0xad, 0xbc, 0x01, 0x1b, 0x4c, 0x4c, 0x3d, 0x45,
  0x01, 0x80, 0x53, 0x60, 0x2a, 0x44, 0x7d, 0xa1, 0x6f, 0xa6, 0xd9, 0x14, 0xd6, 0xda, 0x1d, 0xf6,
  0xbd, 0x78, 0x76, 0x5c, 0x52, 0x47, 0x5e, 0x33, 0x4c, 0x7d, 0x9e, 0x6c, 0xa9, 0xd4, 0x15, 0xc7,
  0xc7, 0x19, 0xf5, 0xcc, 0x76, 0x7f, 0x5b, 0x00, 0x00, 0x05, 0x00, 0x61, 0xff, 0xec, 0x04, 0xc2,
  0x05, 0xc5, 0x00, 0x0c, 0x00, 0x1a, 0x00, 0x28, 0x00, 0x34, 0x00, 0x38, 0x00, 0x00, 0x13, 0x34,
  0x36, 0x32, 0x16, 0x15, 0x15, 0x14, 0x06, 0x23, 0x22, 0x26, 0x35, 0x17, 0x14, 0x16, 0x33, 0x32,
  0x36, 0x35, 0x35, 0x34, 0x26, 0x23, 0x22, 0x06, 0x15, 0x01, 0x34, 0x36, 0x33, 0x32, 0x16, 0x15,
  0x15, 0x14, 0x06, 0x23, 0x22, 0x26, 0x35, 0x17, 0x14, 0x16, 0x33, 0x32, 0x37, 0x35, 0x34, 0x26,
  0x23, 0x22, 0x15, 0x05, 0x27, 0x01, 0x17, 0x61, 0x93, 0xfa, 0x95, 0x94, 0x7c, 0x7b, 0x97, 0xb8,
  0x33, 0x27, 0x28, 0x2f, 0x30, 0x29, 0x28, 0x30, 0x01, 0x86, 0x96, 0x7b, 0x7c, 0x96, 0x92, 0x7e,
  0x7f, 0x94, 0xb9, 0x35, 0x25, 0x53, 0x04, 0x31, 0x28, 0x58, 0xfe, 0x4e, 0x86, 0x02, 0x55, 0x87,
  0x04, 0x98, 0x85, 0xa8, 0xa5, 0x8c, 0x49, 0x87, 0xa4, 0xa4, 0x8d, 0x06, 0x3c, 0x47, 0x4a, 0x3c,
  0x4a, 0x3a, 0x4b, 0x4b, 0x3d, 0xfc, 0xd0, 0x87, 0xa5, 0xa3, 0x8e, 0x49, 0x86, 0xa5, 0xa6, 0x89,
  0x04, 0x38, 0x4c, 0x77, 0x5b, 0x3b, 0x49, 0x99, 0xe3, 0x4c, 0x04, 0x72, 0x4c, 0x00, 0x00, 0x03,
  0x00, 0x48, 0xff, 0xec, 0x04, 0x7f, 0x05, 0xc4, 0x00, 0x1c, 0x00, 0x25, 0x00, 0x31, 0x00, 0x00,
  0x13, 0x34, 0x36, 0x37, 0x26, 0x26, 0x35, 0x34, 0x36, 0x33, 0x32, 0x16, 0x15, 0x14, 0x07, 0x07,
  0x13, 0x36, 0x35, 0x33, 0x10, 0x07, 0x13, 0x21, 0x27, 0x06, 0x23, 0x22, 0x26, 0x25, 0x32, 0x37,
  0x03, 0x07, 0x06, 0x15, 0x14, 0x16, 0x03, 0x14, 0x17, 0x37, 0x36, 0x36, 0x35, 0x34, 0x26, 0x23,
  0x22, 0x06, 0x48, 0x5d, 0x80, 0x37, 0x40, 0xbe, 0x9f, 0x8f, 0xb9, 0x9f, 0x50, 0xbb, 0x23, 0xef,
  0x6e, 0xbc, 0xfe, 0xbf, 0x36, 0x81, 0xa9, 0xb8, 0xde, 0x01, 0xa5, 0x4f, 0x46, 0xe6, 0x06, 0x32,
  0x4f, 0x09, 0x44, 0x2f, 0x2a, 0x24, 0x39, 0x28, 0x2c, 0x34, 0x01, 0x88, 0x67, 0xa7, 0x69, 0x57,
  0x9b, 0x53, 0xab, 0xd5, 0xc5, 0x8f, 0xbe, 0x7f, 0x41, 0xfe, 0xfb, 0x67, 0x77, 0xfe, 0xe7, 0xab,
  0xfe, 0xf9, 0x4c, 0x60, 0xe2, 0x08, 0x34, 0x01, 0x45, 0x05, 0x4d, 0x64, 0x54, 0x6f, 0x03, 0x73,
  0x47, 0x67, 0x24, 0x20, 0x45, 0x3a, 0x34, 0x47, 0x4f, 0x00, 0x00, 0x01, 0x00, 0x3e, 0x03, 0xd7,
  0x01, 0x13, 0x06, 0x00, 0x00, 0x04, 0x00, 0x00, 0x01, 0x03, 0x23, 0x11, 0x33, 0x01, 0x13, 0x1d,
  0xb8, 0xd5, 0x05, 0x6c, 0xfe, 0x6b, 0x02, 0x29, 0x00, 0x01, 0x00, 0x78, 0xfe, 0x39, 0x02, 0x5e,
  0x06, 0x4f, 0x00, 0x11, 0x00, 0x00, 0x13, 0x34, 0x12, 0x12, 0x37, 0x17, 0x06, 0x02, 0x03, 0x15,
  0x10, 0x12, 0x17, 0x07, 0x26, 0x02, 0x02, 0x27, 0x78, 0x69, 0xd1, 0x77, 0x35, 0x71, 0x84, 0x03,
  0x83, 0x75, 0x35, 0x76, 0xcf, 0x6a, 0x02, 0x02, 0x50, 0xe0, 0x01, 0x9c, 0x01, 0x45, 0x3e, 0x9c,
  0x6a, 0xfe, 0x49, 0xfe, 0xe0, 0x3c, 0xfe, 0xd4, 0xfe, 0x39, 0x70, 0x9a, 0x3e, 0x01, 0x3e, 0x01,
  0x96, 0xdc, 0x00, 0x01, 0x00, 0x38, 0xfe, 0x39, 0x02, 0x2c, 0x06, 0x4f, 0x00, 0x11, 0x00, 0x00,
  0x01, 0x14, 0x02, 0x02, 0x07, 0x27, 0x36, 0x12, 0x13, 0x35, 0x10, 0x02, 0x27, 0x37, 0x16, 0x16,
  0x12, 0x12, 0x02, 0x2c, 0x77, 0xd3, 0x76, 0x34, 0x72, 0x84, 0x02, 0x83, 0x75, 0x34, 0x4d, 0xa1,
  0x82, 0x50, 0x02, 0x38, 0xe9, 0xfe, 0x60, 0xfe, 0xc6, 0x3c, 0x9a, 0x6d, 0x01, 0xc1, 0x01, 0x1c,
  0x35, 0x01, 0x23, 0x01, 0xcb, 0x75, 0x9a, 0x27, 0xb6, 0xfe, 0xf4, 0xfe, 0xb1, 0x00, 0x00, 0x01,
  0x00, 0x1b, 0x02, 0x3c, 0x03, 0x95, 0x05, 0xb0, 0x00, 0x0e, 0x00, 0x00, 0x01, 0x25, 0x37, 0x05,
  0x03, 0x33, 0x03, 0x25, 0x17, 0x05, 0x13, 0x07, 0x03, 0x03, 0x27, 0x01, 0x56, 0xfe, 0xc5, 0x3c,
  0x01, 0x36, 0x13, 0xc4, 0x14, 0x01, 0x30, 0x3b, 0xfe, 0xc0, 0xd2, 0xa0, 0xb6, 0xb5, 0x9f, 0x03,
  0xc2, 0x59, 0xb6, 0x7e, 0x01, 0x5d, 0xfe, 0x9c, 0x7b, 0xb7, 0x5a, 0xfe, 0xf7, 0x71, 0x01, 0x23,
  0xfe, 0xe6, 0x6d, 0x00, 0x00, 0x01, 0x00, 0x40, 0x00, 0x92, 0x03, 0x87, 0x04, 0xb6, 0x00, 0x0b,
  0x00, 0x00, 0x01, 0x21, 0x11, 0x21, 0x11, 0x21, 0x11, 0x21, 0x11, 0x21, 0x11, 0x21, 0x02, 0x6c,
  0x01, 0x1b, 0xfe, 0xe5, 0xfe, 0xf4, 0xfe, 0xe0, 0x01, 0x20, 0x01, 0x0c, 0x03, 0x30, 0xfe, 0xf9,
  0xfe, 0x69, 0x01, 0x97, 0x01, 0x07, 0x01, 0x86, 0x00, 0x01, 0x00, 0x24, 0xfe, 0x91, 0x01, 0x82,
  0x00, 0xf6, 0x00, 0x09, 0x00, 0x00, 0x13, 0x27, 0x37, 0x36, 0x37, 0x35, 0x33, 0x07, 0x06, 0x06,
  0xbb, 0x97, 0x26, 0x40, 0x02, 0xf6, 0x01, 0x01, 0x6a, 0xfe, 0x91, 0x4f, 0x47, 0x76, 0x78, 0xe1,
  0xc9, 0x6a, 0xe4, 0x00, 0x00, 0x01, 0x00, 0x7b, 0x01, 0xfa, 0x02, 0x64, 0x02, 0xe6, 0x00, 0x03,
  0x00, 0x00, 0x01, 0x21, 0x35, 0x21, 0x02, 0x64, 0xfe, 0x17, 0x01, 0xe9, 0x01, 0xfa, 0xec, 0x00,
  0x00, 0x01, 0x00, 0x7e, 0xff, 0xf5, 0x01, 0xc7, 0x01, 0x2c, 0x00, 0x0b, 0x00, 0x00, 0x37, 0x34,
  0x36, 0x33, 0x32, 0x16, 0x15, 0x14, 0x06, 0x23, 0x22, 0x26, 0x7e, 0x5b, 0x49, 0x47, 0x5e, 0x5f,
  0x46, 0x47, 0x5d, 0x90, 0x44, 0x58, 0x57, 0x45, 0x46, 0x55, 0x56, 0x00, 0x00, 0x01, 0xff, 0xff,
  0xff, 0x83, 0x02, 0x83, 0x05, 0xb0, 0x00, 0x03, 0x00, 0x00, 0x17, 0x23, 0x01, 0x33, 0xce, 0xcf,
  0x01, 0xb5, 0xcf, 0x7d, 0x06, 0x2d, 0x00, 0x02, 0x00, 0x5f, 0xff, 0xec, 0x03, 0xad, 0x05, 0xc4,
  0x00, 0x0c, 0x00, 0x19, 0x00, 0x00, 0x01, 0x10, 0x02, 0x23, 0x22, 0x02, 0x03, 0x11, 0x10, 0x12,
  0x20, 0x12, 0x13, 0x25, 0x34, 0x26, 0x23, 0x22, 0x03, 0x11, 0x14, 0x16, 0x33, 0x32, 0x36, 0x37,
  0x03, 0xad, 0xdb, 0xcb, 0xc9, 0xdb, 0x04, 0xda, 0x01, 0x98, 0xda, 0x02, 0xfe, 0xe4, 0x44, 0x48,
  0x87, 0x05, 0x45, 0x49, 0x45, 0x43, 0x02, 0x02, 0x5a, 0xfe, 0xd2, 0xfe, 0xc0, 0x01, 0x37, 0x01,
  0x22, 0x01, 0x13, 0x01, 0x2d, 0x01, 0x3f, 0xfe, 0xc4, 0xfe, 0xdb, 0x1e, 0xac, 0xac, 0xfe, 0xc5,
  0xfe, 0x95, 0xb0, 0xac, 0xa1, 0xa6, 0x00, 0x01, 0x00, 0x9d, 0x00, 0x00, 0x02, 0xce, 0x05, 0xb2,
  0x00, 0x06, 0x00, 0x00, 0x21, 0x21, 0x11, 0x05, 0x35, 0x25, 0x33, 0x02, 0xce, 0xfe, 0xe4, 0xfe,
  0xeb, 0x02, 0x13, 0x1e, 0x04, 0x58, 0x6b, 0xec, 0xd9, 0x00, 0x00, 0x01, 0x00, 0x47, 0x00, 0x00,
  0x03, 0xb9, 0x05, 0xc4, 0x00, 0x19, 0x00, 0x00, 0x21, 0x21, 0x35, 0x01, 0x36, 0x36, 0x35, 0x34,
  0x26, 0x23, 0x22, 0x06, 0x15, 0x21, 0x34, 0x36, 0x36, 0x33, 0x32, 0x16, 0x15, 0x14, 0x06, 0x07,
  0x03, 0x21, 0x03, 0xb9, 0xfc, 0xa6, 0x01, 0x8a, 0x4b, 0x47, 0x43, 0x3f, 0x45, 0x51, 0xfe, 0xe4,
  0x6f, 0xc9, 0x7f, 0xc3, 0xd7, 0x77, 0x9c, 0xbb, 0x01, 0xef, 0xc8, 0x01, 0xf5, 0x68, 0x9d, 0x48,
  0x61, 0x6e, 0x80, 0x74, 0x86, 0xde, 0x7b, 0xd7, 0xc6, 0x7b, 0xfd, 0xb9, 0xfe, 0xf5, 0x00, 0x01,
  0x00, 0x43, 0xff, 0xec, 0x03, 0xa7, 0x05, 0xc4, 0x00, 0x28, 0x00, 0x00, 0x01, 0x33, 0x32, 0x36,
  0x35, 0x34, 0x26, 0x23, 0x22, 0x06, 0x15, 0x21, 0x34, 0x36, 0x36, 0x33, 0x32, 0x16, 0x15, 0x14,
  0x06, 0x07, 0x16, 0x16, 0x15, 0x14, 0x06, 0x23, 0x22, 0x26, 0x35, 0x21, 0x14, 0x16, 0x33, 0x32,
  0x36, 0x35, 0x34, 0x27, 0x23, 0x01, 0x5b, 0x89, 0x4e, 0x49, 0x4b, 0x3f, 0x3b, 0x4b, 0xfe, 0xe5,
  0x69, 0xbd, 0x73, 0xc9, 0xe4, 0x67, 0x54, 0x67, 0x65, 0xf7, 0xc9, 0xbb, 0xe9, 0x01, 0x1b, 0x52,
  0x3f, 0x49, 0x55, 0xa7, 0x8b, 0x03, 0x59, 0x6d, 0x5b, 0x57, 0x61, 0x5c, 0x46, 0x72, 0xb5, 0x66,
  0xde, 0xc1, 0x63, 0xa9, 0x2d, 0x2c, 0xb0, 0x78, 0xc2, 0xea, 0xe7, 0xbc, 0x4e, 0x6a, 0x6c, 0x5a,
  0xd7, 0x01, 0x00, 0x02, 0x00, 0x3f, 0x00, 0x00, 0x03, 0xc5, 0x05, 0xb0, 0x00, 0x0a, 0x00, 0x0e,
  0x00, 0x00, 0x01, 0x33, 0x15, 0x23, 0x11, 0x21, 0x11, 0x21, 0x27, 0x01, 0x21, 0x01, 0x33, 0x11,
  0x07, 0x03, 0x49, 0x7c, 0x7c, 0xfe, 0xe5, 0xfe, 0x1e, 0x0d, 0x01, 0xee, 0x01, 0x1c, 0xfe, 0x09,
  0xdc, 0x06, 0x02, 0x26, 0xeb, 0xfe, 0xc5, 0x01, 0x3b, 0xb7, 0x03, 0xbe, 0xfc, 0x76, 0x01, 0xe7,
  0x0b, 0x00, 0x00, 0x01, 0x00, 0x5f, 0xff, 0xec, 0x03, 0xb2, 0x05, 0xb0, 0x00, 0x1e, 0x00, 0x00,
  0x13, 0x13, 0x21, 0x15, 0x21, 0x03, 0x36, 0x33, 0x32, 0x12, 0x15, 0x14, 0x02, 0x23, 0x22, 0x26,
  0x26, 0x27, 0x21, 0x16, 0x16, 0x33, 0x32, 0x36, 0x35, 0x34, 0x26, 0x23, 0x22, 0x07, 0x07, 0x7c,
  0x48, 0x02, 0xc1, 0xfe, 0x27, 0x1a, 0x52, 0x57, 0xb4, 0xc3, 0xe8, 0xc2, 0x73, 0xc4, 0x71, 0x01,
  0x01, 0x18, 0x07, 0x4c, 0x3c, 0x46, 0x4c, 0x5b, 0x52, 0x50, 0x2c, 0x12, 0x02, 0xcc, 0x02, 0xe4,
  0xf2, 0xfe, 0xc8, 0x37, 0xff, 0x00, 0xea, 0xdb, 0xfe, 0xf4, 0x6d, 0xc2, 0x7b, 0x5b, 0x64, 0x87,
  0x86, 0x7e, 0x80, 0x37, 0x19, 0x00, 0x00, 0x02, 0x00, 0x64, 0xff, 0xec, 0x03, 0xc3, 0x05, 0xbf,
  0x00, 0x16, 0x00, 0x23, 0x00, 0x00, 0x01, 0x15, 0x23, 0x06, 0x06, 0x07, 0x36, 0x33, 0x32, 0x12,
  0x15, 0x14, 0x06, 0x06, 0x23, 0x22, 0x02, 0x11, 0x35, 0x34, 0x12, 0x24, 0x37, 0x03, 0x22, 0x06,
  0x07, 0x15, 0x14, 0x16, 0x33, 0x32, 0x36, 0x35, 0x34, 0x26, 0x03, 0x02, 0x10, 0x9f, 0xbb, 0x14,
  0x5b, 0x89, 0x9e, 0xbd, 0x6c, 0xc3, 0x7b, 0xc6, 0xef, 0x97, 0x01, 0x1d, 0xbe, 0xc7, 0x36, 0x49,
  0x12, 0x52, 0x43, 0x44, 0x52, 0x55, 0x05, 0xbf, 0xf0, 0x01, 0xbd, 0xaa, 0x68, 0xfe, 0xf2, 0xe1,
  0x8f, 0xe6, 0x7f, 0x01, 0x3e, 0x01, 0x0d, 0x69, 0xf1, 0x01, 0x6a, 0xc3, 0x01, 0xfd, 0x26, 0x44,
  0x32, 0x66, 0x9a, 0x98, 0x93, 0x73, 0x75, 0x93, 0x00, 0x01, 0x00, 0x44, 0x00, 0x00, 0x03, 0xb5,
  0x05, 0xb0, 0x00, 0x06, 0x00, 0x00, 0x01, 0x01, 0x21, 0x01, 0x21, 0x35, 0x21, 0x03, 0xb5, 0xfe,
  0x34, 0xfe, 0xd5, 0x01, 0xce, 0xfd, 0xb8, 0x03, 0x71, 0x05, 0x0d, 0xfa, 0xf3, 0x04, 0xc5, 0xeb,
  0x00, 0x03, 0x00, 0x62, 0xff, 0xec, 0x03, 0xa8, 0x05, 0xc4, 0x00, 0x16, 0x00, 0x1f, 0x00, 0x2a,
  0x00, 0x00, 0x01, 0x14, 0x06, 0x07, 0x16, 0x16, 0x15, 0x14, 0x06, 0x20, 0x26, 0x35, 0x34, 0x36,
  0x37, 0x26, 0x26, 0x35, 0x34, 0x36, 0x33, 0x32, 0x16, 0x01, 0x32, 0x36, 0x34, 0x26, 0x22, 0x06,
  0x14, 0x16, 0x13, 0x34, 0x26, 0x23, 0x22, 0x06, 0x15, 0x14, 0x16, 0x32, 0x36, 0x03, 0x8f, 0x5a,
  0x4f, 0x5a, 0x68, 0xe0, 0xfe, 0x7e, 0xe4, 0x68, 0x5b, 0x50, 0x5a, 0xd6, 0xb4, 0xb6, 0xd4, 0xfe,
  0x78, 0x40, 0x45, 0x48, 0x7e, 0x49, 0x49, 0xaf, 0x37, 0x39, 0x36, 0x38, 0x38, 0x70, 0x36, 0x04,
  0x2d, 0x6a, 0xa4, 0x31, 0x33, 0xb3, 0x79, 0xc2, 0xe1, 0xe1, 0xc2, 0x79, 0xb4, 0x32, 0x31, 0xa4,
  0x6a, 0xbf, 0xd8, 0xda, 0xfb, 0xed, 0x6d, 0xc2, 0x6e, 0x6e, 0xc2, 0x6d, 0x03, 0x47, 0x55, 0x66,
  0x63, 0x58, 0x56, 0x69, 0x69, 0x00, 0x00, 0x02, 0x00, 0x5a, 0xff, 0xf1, 0x03, 0xa3, 0x05, 0xc4,
  0x00, 0x16, 0x00, 0x22, 0x00, 0x00, 0x01, 0x06, 0x23, 0x22, 0x02, 0x35, 0x34, 0x36, 0x36, 0x33,
  0x32, 0x16, 0x12, 0x15, 0x15, 0x10, 0x00, 0x05, 0x23, 0x35, 0x33, 0x36, 0x36, 0x03, 0x32, 0x37,
  0x35, 0x34, 0x26, 0x23, 0x22, 0x06, 0x15, 0x14, 0x16, 0x02, 0x84, 0x5a, 0x6b, 0xa6, 0xbf, 0x6c,
  0xc1, 0x77, 0x7b, 0xc0, 0x6a, 0xfe, 0xb9, 0xfe, 0xd4, 0x1d, 0x13, 0xa6, 0xa7, 0x6c, 0x52, 0x2f,
  0x4e, 0x3e, 0x3d, 0x4b, 0x4e, 0x02, 0x33, 0x5c, 0x01, 0x0b, 0xdf, 0x90, 0xef, 0x84, 0x92, 0xfe,
  0xef, 0xae, 0x67, 0xfe, 0x8c, 0xfe, 0x5d, 0x04, 0xf4, 0x01, 0xaa, 0x01, 0x25, 0x70, 0x82, 0x8f,
  0xa3, 0xa1, 0x74, 0x7e, 0x91, 0x00, 0xff, 0xff, 0x00, 0x80, 0xff, 0xf5, 0x01, 0xc9, 0x04, 0x5e,
  0x00, 0x26, 0x00, 0x0f, 0x02, 0x00, 0x00, 0x07, 0x00, 0x0f, 0x00, 0x02, 0x03, 0x32, 0xff, 0xff,
  0x00, 0x3c, 0xfe, 0x91, 0x01, 0xb9, 0x04, 0x5e, 0x00, 0x27, 0x00, 0x0f, 0xff, 0xf2, 0x03, 0x32,
  0x00, 0x06, 0x00, 0x0d, 0x18, 0x00, 0x00, 0x01, 0x00, 0x3d, 0x00, 0x88, 0x03, 0x15, 0x04, 0x4f,
  0x00, 0x06, 0x00, 0x00, 0x01, 0x05, 0x11, 0x01, 0x35, 0x01, 0x11, 0x01, 0x50, 0x01, 0xc5, 0xfd,
  0x28, 0x02, 0xd8, 0x02, 0x69, 0xc7, 0xfe, 0xe6, 0x01, 0x6c, 0xee, 0x01, 0x6d, 0xfe, 0xe6, 0x00,
  0x00, 0x02, 0x00, 0x84, 0x01, 0x37, 0x03, 0x7f, 0x03, 0xd6, 0x00, 0x03, 0x00, 0x07, 0x00, 0x00,
  0x01, 0x21, 0x35, 0x21, 0x11, 0x21, 0x35, 0x21, 0x03, 0x7f, 0xfd, 0x05, 0x02, 0xfb, 0xfd, 0x05,
  0x02, 0xfb, 0x02, 0xe8, 0xee, 0xfd, 0x61, 0xed, 0x00, 0x01, 0x00, 0x79, 0x00, 0x87, 0x03, 0x5b,
  0x04, 0x4e, 0x00, 0x06, 0x00, 0x00, 0x01, 0x25, 0x11, 0x01, 0x15, 0x01, 0x11, 0x02, 0x47, 0xfe,
  0x32, 0x02, 0xe2, 0xfd, 0x1e, 0x02, 0x6d, 0xc9, 0x01, 0x18, 0xfe, 0x94, 0xee, 0xfe, 0x93, 0x01,
  0x18, 0x00, 0x00, 0x02, 0x00, 0x32, 0xff, 0xf4, 0x03, 0x47, 0x05, 0xc4, 0x00, 0x18, 0x00, 0x24,
  0x00, 0x00, 0x01, 0x34, 0x36, 0x37, 0x36, 0x36, 0x35, 0x34, 0x23, 0x22, 0x06, 0x07, 0x21, 0x36,
  0x36, 0x33, 0x32, 0x16, 0x15, 0x14, 0x07, 0x07, 0x06, 0x06, 0x07, 0x01, 0x34, 0x36, 0x33, 0x32,
  0x16, 0x15, 0x14, 0x06, 0x23, 0x22, 0x26, 0x01, 0x30, 0x37, 0x47, 0x4b, 0x32, 0x6c, 0x30, 0x40,
  0x02, 0xfe, 0xe5, 0x02, 0xd5, 0xb6, 0xba, 0xce, 0x7f, 0x53, 0x29, 0x22, 0x02, 0xfe, 0xee, 0x57,
  0x43, 0x45, 0x56, 0x54, 0x47, 0x46, 0x54, 0x01, 0xc0, 0x8c, 0xa5, 0x4b, 0x53, 0x6a, 0x36, 0xa7,
  0x5c, 0x4e, 0xc2, 0xd6, 0xcf, 0xba, 0x9a, 0x94, 0x5e, 0x31, 0x69, 0x55, 0xfe, 0xce, 0x44, 0x56,
  0x57, 0x43, 0x42, 0x58, 0x58, 0x00, 0x00, 0x02, 0x00, 0x4b, 0xfe, 0x3b, 0x05, 0xd7, 0x05, 0x87,
  0x00, 0x33, 0x00, 0x3f, 0x00, 0x00, 0x01, 0x06, 0x02, 0x06, 0x23, 0x22, 0x27, 0x06, 0x22, 0x26,
  0x37, 0x36, 0x12, 0x36, 0x33, 0x32, 0x17, 0x17, 0x03, 0x06, 0x16, 0x33, 0x32, 0x36, 0x37, 0x12,
  0x00, 0x23, 0x22, 0x00, 0x03, 0x02, 0x00, 0x33, 0x32, 0x36, 0x37, 0x17, 0x06, 0x06, 0x23, 0x22,
  0x24, 0x02, 0x13, 0x12, 0x12, 0x24, 0x33, 0x32, 0x04, 0x12, 0x01, 0x06, 0x16, 0x33, 0x32, 0x36,
  0x37, 0x13, 0x26, 0x23, 0x22, 0x06, 0x05, 0xce, 0x05, 0x63, 0xa6, 0x6d, 0x8f, 0x3d, 0x53, 0xfc,
  0x88, 0x10, 0x0f, 0x6f, 0xaa, 0x64, 0x7f, 0x58, 0x35, 0x2c, 0x07, 0x23, 0x2f, 0x48, 0x60, 0x04,
  0x0d, 0xff, 0x00, 0xfa, 0xef, 0xfe, 0xd8, 0x0d, 0x0e, 0x01, 0x03, 0xfc, 0x47, 0x98, 0x38, 0x22,
  0x34, 0xb0, 0x58, 0xe1, 0xfe, 0xc6, 0x9a, 0x09, 0x09, 0xc1, 0x01, 0x4a, 0xd2, 0xd1, 0x01, 0x32,
  0x9a, 0xfc, 0xc0, 0x08, 0x34, 0x39, 0x20, 0x3c, 0x13, 0x24, 0x1a, 0x16, 0x58, 0x61, 0x02, 0x19,
  0xa8, 0xfe, 0xfb, 0x81, 0x86, 0x83, 0xf9, 0xc8, 0xa3, 0x01, 0x00, 0x8c, 0x44, 0x29, 0xfd, 0xbe,
  0x51, 0x51, 0xde, 0xa7, 0x01, 0x5b, 0x01, 0x77, 0xfe, 0x56, 0xfe, 0x95, 0xfe, 0x9a, 0xfe, 0x82,
  0x25, 0x1f, 0x9b, 0x28, 0x31, 0xd5, 0x01, 0x9d, 0x01, 0x22, 0x01, 0x14, 0x01, 0xb6, 0xee, 0xd5,
  0xfe, 0x6e, 0xfe, 0x8f, 0x85, 0x88, 0x52, 0x47, 0x01, 0xeb, 0x07, 0xb6, 0x00, 0x02, 0x00, 0x16,
  0x00, 0x00, 0x04, 0xb4, 0x05, 0xb0, 0x00, 0x07, 0x00, 0x0a, 0x00, 0x00, 0x01, 0x21, 0x03, 0x21,
  0x01, 0x21, 0x01, 0x21, 0x01, 0x21, 0x03, 0x03, 0x2c, 0xfe, 0x6f, 0x4e, 0xfe, 0xc9, 0x01, 0xc7,
  0x01, 0x0d, 0x01, 0xca, 0xfe, 0xc6, 0xfe, 0x61, 0x01, 0x10, 0x88, 0x01, 0x2a, 0xfe, 0xd6, 0x05,
  0xb0, 0xfa, 0x50, 0x02, 0x1f, 0x02, 0x07, 0x00, 0x00, 0x03, 0x00, 0x75, 0x00, 0x00, 0x04, 0x1d,
  0x05, 0xb0, 0x00, 0x0e, 0x00, 0x16, 0x00, 0x1e, 0x00, 0x00, 0x33, 0x11, 0x21, 0x32, 0x16, 0x15,
  0x14, 0x06, 0x07, 0x16, 0x16, 0x15, 0x14, 0x06, 0x23, 0x03, 0x11, 0x33, 0x32, 0x36, 0x35, 0x34,
  0x27, 0x27, 0x33, 0x32, 0x35, 0x34, 0x26, 0x23, 0x23, 0x75, 0x01, 0xc2, 0xe4, 0xed, 0x62, 0x55,
  0x62, 0x6a, 0xe9, 0xdd, 0xbc, 0xbc, 0x4f, 0x52, 0x8e, 0xcf, 0x99, 0xad, 0x50, 0x5a, 0x9c, 0x05,
  0xb0, 0xcb, 0xc4, 0x6f, 0xa0, 0x25, 0x1c, 0xa9, 0x7c, 0xd4, 0xd8, 0x02, 0x79, 0xfe, 0x7b, 0x62,
  0x5a, 0xc4, 0x05, 0xd6, 0xb3, 0x63, 0x56, 0x00, 0x00, 0x01, 0x00, 0x5a, 0xff, 0xec, 0x04, 0x52,
  0x05, 0xc4, 0x00, 0x1b, 0x00, 0x00, 0x01, 0x06, 0x00, 0x23, 0x22, 0x00, 0x11, 0x35, 0x10, 0x00,
  0x33, 0x32, 0x12, 0x17, 0x21, 0x26, 0x26, 0x23, 0x22, 0x06, 0x07, 0x11, 0x14, 0x16, 0x33, 0x32,
  0x36, 0x37, 0x04, 0x50, 0x0b, 0xfe, 0xfe, 0xeb, 0xf7, 0xfe, 0xf9, 0x01, 0x10, 0xf2, 0xee, 0xf7,
  0x11, 0xfe, 0xd9, 0x04, 0x57, 0x74, 0x76, 0x62, 0x03, 0x61, 0x76, 0x74, 0x58, 0x06, 0x01, 0xe5,
  0xf9, 0xff, 0x00, 0x01, 0x45, 0x01, 0x2d, 0xf5, 0x01, 0x2c, 0x01, 0x45, 0xfe, 0xf6, 0xf9, 0x9a,
  0x75, 0xa5, 0xbd, 0xfe, 0xed, 0xd9, 0xa2, 0x71, 0x94, 0x00, 0x00, 0x02, 0x00, 0x75, 0x00, 0x00,
  0x04, 0x27, 0x05, 0xb0, 0x00, 0x09, 0x00, 0x13, 0x00, 0x00, 0x33, 0x11, 0x21, 0x32, 0x00, 0x13,
  0x15, 0x10, 0x00, 0x21, 0x03, 0x11, 0x33, 0x32, 0x36, 0x37, 0x35, 0x34, 0x26, 0x27, 0x75, 0x01,
  0x81, 0xff, 0x01, 0x2f, 0x03, 0xfe, 0xd1, 0xfe, 0xf6, 0x53, 0x58, 0x93, 0x78, 0x03, 0x72, 0x89,
  0x05, 0xb0, 0xfe, 0xbc, 0xfe, 0xe6, 0xec, 0xfe, 0xe1, 0xfe, 0xb9, 0x04, 0xbb, 0xfc, 0x39, 0x9b,
  0xbe, 0xfd, 0xcc, 0xa1, 0x04, 0x00, 0x00, 0x01, 0x00, 0x75, 0x00, 0x00, 0x03, 0xb9, 0x05, 0xb0,
  0x00, 0x0b, 0x00, 0x00, 0x01, 0x21, 0x11, 0x21, 0x15, 0x21, 0x11, 0x21, 0x15, 0x21, 0x11, 0x21,
  0x03, 0x65, 0xfe, 0x36, 0x02, 0x1e, 0xfc, 0xbc, 0x03, 0x42, 0xfd, 0xe4, 0x01, 0xca, 0x02, 0x76,
  0xfe, 0x7e, 0xf4, 0x05, 0xb0, 0xf5, 0xfe, 0xa8, 0x00, 0x01, 0x00, 0x75, 0x00, 0x00, 0x03, 0x9b,
  0x05, 0xb0, 0x00, 0x09, 0x00, 0x00, 0x01, 0x21, 0x11, 0x21, 0x11, 0x21, 0x15, 0x21, 0x11, 0x21,
  0x03, 0x64, 0xfe, 0x37, 0xfe, 0xda, 0x03, 0x26, 0xfe, 0x00, 0x01, 0xc9, 0x02, 0x52, 0xfd, 0xae,
  0x05, 0xb0, 0xf5, 0xfe, 0x8b, 0x00, 0x00, 0x01, 0x00, 0x5f, 0xff, 0xec, 0x04, 0x53, 0x05, 0xc4,
  0x00, 0x1f, 0x00, 0x00, 0x25, 0x06, 0x06, 0x23, 0x22, 0x00, 0x03, 0x11, 0x10, 0x00, 0x33, 0x32,
  0x16, 0x17, 0x21, 0x26, 0x26, 0x23, 0x22, 0x06, 0x07, 0x11, 0x14, 0x16, 0x33, 0x32, 0x37, 0x37,
  0x11, 0x23, 0x35, 0x21, 0x04, 0x53, 0x55, 0xf7, 0x93, 0xfb, 0xfe, 0xea, 0x04, 0x01, 0x07, 0xfc,
  0xed, 0xf1, 0x13, 0xfe, 0xe2, 0x0c, 0x5c, 0x62, 0x77, 0x6c, 0x02, 0x77, 0x88, 0x57, 0x36, 0x1a,
  0xce, 0x01, 0xf5, 0xa5, 0x5c, 0x5d, 0x01, 0x37, 0x01, 0x29, 0x01, 0x06, 0x01, 0x2d, 0x01, 0x45,
  0xea, 0xfa, 0x8b, 0x65, 0xae, 0xbe, 0xfe, 0xf8, 0xc7, 0xb5, 0x23, 0x12, 0x01, 0x0b, 0xde, 0x00,
  0x00, 0x01, 0x00, 0x75, 0x00, 0x00, 0x04, 0x72, 0x05, 0xb0, 0x00, 0x0b, 0x00, 0x00, 0x21, 0x21,
  0x11, 0x21, 0x11, 0x21, 0x11, 0x21, 0x11, 0x21, 0x11, 0x21, 0x04, 0x72, 0xfe, 0xdb, 0xfe, 0x4e,
  0xfe, 0xda, 0x01, 0x26, 0x01, 0xb2, 0x01, 0x25, 0x02, 0x6f, 0xfd, 0x91, 0x05, 0xb0, 0xfd, 0xb3,
  0x02, 0x4d, 0x00, 0x01, 0x00, 0x82, 0x00, 0x00, 0x01, 0xa8, 0x05, 0xb0, 0x00, 0x03, 0x00, 0x00,
  0x21, 0x21, 0x11, 0x21, 0x01, 0xa8, 0xfe, 0xda, 0x01, 0x26, 0x05, 0xb0, 0x00, 0x01, 0x00, 0x2e,
  0xff, 0xec, 0x03, 0x7a, 0x05, 0xb0, 0x00, 0x0d, 0x00, 0x00, 0x01, 0x21, 0x11, 0x14, 0x02, 0x23,
  0x22, 0x26, 0x35, 0x21, 0x14, 0x33, 0x32, 0x35, 0x02, 0x54, 0x01, 0x26, 0xec, 0xba, 0xc8, 0xde,
  0x01, 0x27, 0x7f, 0x80, 0x05, 0xb0, 0xfc, 0x10, 0xd4, 0xff, 0x00, 0xee, 0xd4, 0xce, 0xee, 0x00,
  0x00, 0x01, 0x00, 0x75, 0x00, 0x00, 0x04, 0x76, 0x05, 0xb0, 0x00, 0x0c, 0x00, 0x00, 0x01, 0x07,
  0x11, 0x21, 0x11, 0x21, 0x11, 0x37, 0x01, 0x21, 0x01, 0x01, 0x21, 0x02, 0x0f, 0x74, 0xfe, 0xda,
  0x01, 0x26, 0x5d, 0x01, 0x0f, 0x01, 0x68, 0xfe, 0x5f, 0x01, 0xa8, 0xfe, 0xa3, 0x02, 0x32, 0x92,
  0xfe, 0x60, 0x05, 0xb0, 0xfd, 0x85, 0x9d, 0x01, 0xde, 0xfd, 0x80, 0xfc, 0xd0, 0x00, 0x00, 0x01,
  0x00, 0x75, 0x00, 0x00, 0x03, 0x9f, 0x05, 0xb0, 0x00, 0x05, 0x00, 0x00, 0x25, 0x21, 0x15, 0x21,
  0x11, 0x21, 0x01, 0x9b, 0x02, 0x04, 0xfc, 0xd6, 0x01, 0x26, 0xf4, 0xf4, 0x05, 0xb0, 0x00, 0x01,
  0x00, 0x75, 0x00, 0x00, 0x05, 0x9a, 0x05, 0xb0, 0x00, 0x0e, 0x00, 0x00, 0x09, 0x02, 0x21, 0x11,
  0x21, 0x11, 0x13, 0x01, 0x23, 0x01, 0x13, 0x11, 0x21, 0x11, 0x01, 0xf5, 0x01, 0x13, 0x01, 0x12,
  0x01, 0x80, 0xfe, 0xd9, 0x1b, 0xfe, 0xdd, 0xc8, 0xfe, 0xdd, 0x1b, 0xfe, 0xda, 0x05, 0xb0, 0xfb,
  0xe3, 0x04, 0x1d, 0xfa, 0x50, 0x01, 0x8a, 0x02, 0x5f, 0xfc, 0x17, 0x03, 0xe9, 0xfd, 0xa1, 0xfe,
  0x76, 0x05, 0xb0, 0x00, 0x00, 0x01, 0x00, 0x75, 0x00, 0x00, 0x04, 0x6f, 0x05, 0xb0, 0x00, 0x09,
  0x00, 0x00, 0x21, 0x21, 0x01, 0x11, 0x21, 0x11, 0x21, 0x01, 0x11, 0x21, 0x04, 0x6f, 0xfe, 0xda,
  0xfe, 0x52, 0xfe, 0xda, 0x01, 0x26, 0x01, 0xaf, 0x01, 0x25, 0x03, 0xbb, 0xfc, 0x45, 0x05, 0xb0,
  0xfc, 0x44, 0x03, 0xbc, 0x00, 0x02, 0x00, 0x5c, 0xff, 0xec, 0x04, 0x76, 0x05, 0xc4, 0x00, 0x0d,
  0x00, 0x1b, 0x00, 0x00, 0x01, 0x10, 0x00, 0x23, 0x22, 0x00, 0x03, 0x35, 0x10, 0x00, 0x33, 0x32,
  0x00, 0x13, 0x05, 0x34, 0x26, 0x23, 0x22, 0x06, 0x07, 0x11, 0x14, 0x16, 0x33, 0x32, 0x36, 0x37,
  0x04, 0x76, 0xfe, 0xeb, 0xf6, 0xf5, 0xfe, 0xe8, 0x02, 0x01, 0x16, 0xf7, 0xf3, 0x01, 0x18, 0x02,
  0xfe, 0xd9, 0x70, 0x76, 0x75, 0x70, 0x02, 0x72, 0x77, 0x73, 0x70, 0x01, 0x02, 0x55, 0xfe, 0xdb,
  0xfe, 0xbc, 0x01, 0x41, 0x01, 0x21, 0xf9, 0x01, 0x2c, 0x01, 0x51, 0xfe, 0xb5, 0xfe, 0xd5, 0x05,
  0xc5, 0xc0, 0xb9, 0xbd, 0xfe, 0xfd, 0xbf, 0xb5, 0xb1, 0xba, 0x00, 0x02, 0x00, 0x75, 0x00, 0x00,
  0x04, 0x3e, 0x05, 0xb0, 0x00, 0x09, 0x00, 0x12, 0x00, 0x00, 0x01, 0x11, 0x21, 0x11, 0x21, 0x32,
  0x00, 0x10, 0x06, 0x23, 0x27, 0x33, 0x32, 0x36, 0x35, 0x34, 0x26, 0x27, 0x23, 0x01, 0x9b, 0xfe,
  0xda, 0x01, 0xf0, 0xd8, 0x01, 0x01, 0xfe, 0xe1, 0xc4, 0xca, 0x54, 0x5c, 0x5e, 0x4f, 0xcd, 0x02,
  0x00, 0xfe, 0x00, 0x05, 0xb0, 0xfe, 0xf4, 0xfe, 0x54, 0xf8, 0xf5, 0x6e, 0x69, 0x6d, 0x81, 0x01,
  0x00, 0x02, 0x00, 0x5a, 0xfe, 0xfc, 0x04, 0x7b, 0x05, 0xc4, 0x00, 0x10, 0x00, 0x1d, 0x00, 0x00,
  0x01, 0x10, 0x07, 0x17, 0x07, 0x25, 0x07, 0x22, 0x00, 0x03, 0x35, 0x10, 0x00, 0x33, 0x32, 0x00,
  0x13, 0x05, 0x34, 0x26, 0x22, 0x06, 0x07, 0x15, 0x14, 0x16, 0x33, 0x32, 0x36, 0x37, 0x04, 0x75,
  0xc3, 0xc9, 0xb9, 0xfe, 0xf4, 0x4d, 0xf7, 0xfe, 0xe9, 0x01, 0x01, 0x16, 0xf7, 0xf1, 0x01, 0x18,
  0x05, 0xfe, 0xd9, 0x72, 0xea, 0x70, 0x02, 0x73, 0x76, 0x73, 0x71, 0x01, 0x02, 0x67, 0xfe, 0x97,
  0xa4, 0xb4, 0xaa, 0xf5, 0x05, 0x01, 0x4f, 0x01, 0x28, 0xe4, 0x01, 0x2c, 0x01, 0x51, 0xfe, 0xbc,
  0xfe, 0xdb, 0x12, 0xc7, 0xbe, 0xb9, 0xbd, 0xf1, 0xc8, 0xbe, 0xbd, 0xc2, 0x00, 0x02, 0x00, 0x76,
  0x00, 0x00, 0x04, 0x45, 0x05, 0xb0, 0x00, 0x0d, 0x00, 0x15, 0x00, 0x00, 0x01, 0x23, 0x11, 0x21,
  0x11, 0x21, 0x32, 0x16, 0x15, 0x10, 0x07, 0x13, 0x15, 0x21, 0x01, 0x33, 0x32, 0x36, 0x35, 0x34,
  0x23, 0x23, 0x02, 0x2e, 0x92, 0xfe, 0xda, 0x01, 0xd5, 0xdd, 0xf1, 0xd3, 0xff, 0xfe, 0xc4, 0xfe,
  0x93, 0xa7, 0x58, 0x58, 0xab, 0xac, 0x02, 0x14, 0xfd, 0xec, 0x05, 0xb0, 0xe5, 0xd3, 0xfe, 0xde,
  0x74, 0xfd, 0xac, 0x0e, 0x03, 0x09, 0x75, 0x62, 0xdb, 0x00, 0x00, 0x01, 0x00, 0x4a, 0xff, 0xec,
  0x04, 0x05, 0x05, 0xc4, 0x00, 0x26, 0x00, 0x00, 0x01, 0x34, 0x26, 0x27, 0x26, 0x26, 0x35, 0x34,
  0x24, 0x33, 0x32, 0x16, 0x16, 0x15, 0x21, 0x34, 0x26, 0x23, 0x22, 0x06, 0x15, 0x14, 0x16, 0x17,
  0x16, 0x16, 0x15, 0x14, 0x06, 0x23, 0x22, 0x26, 0x26, 0x35, 0x21, 0x14, 0x16, 0x33, 0x32, 0x02,
  0xdc, 0x5b, 0x78, 0xdb, 0xc0, 0x01, 0x05, 0xc9, 0x86, 0xd2, 0x71, 0xfe, 0xdb, 0x57, 0x52, 0x4d,
  0x56, 0x60, 0x7a, 0xd5, 0xc1, 0xf2, 0xd0, 0x8d, 0xe8, 0x83, 0x01, 0x27, 0x62, 0x6f, 0x9a, 0x01,
  0x7e, 0x59, 0x5b, 0x31, 0x53, 0xdf, 0x98, 0xb8, 0xdf, 0x71, 0xce, 0x83, 0x66, 0x6b, 0x5b, 0x4d,
  0x3c, 0x61, 0x34, 0x4d, 0xe0, 0xad, 0xbe, 0xd6, 0x74, 0xd8, 0x93, 0x7e, 0x72, 0x00, 0x00, 0x01,
  0x00, 0x33, 0x00, 0x00, 0x04, 0x24, 0x05, 0xb0, 0x00, 0x07, 0x00, 0x00, 0x01, 0x21, 0x11, 0x21,
  0x11, 0x21, 0x35, 0x21, 0x04, 0x24, 0xfe, 0x98, 0xfe, 0xd9, 0xfe, 0x9e, 0x03, 0xf1, 0x04, 0xbb,
  0xfb, 0x45, 0x04, 0xbb, 0xf5, 0x00, 0x00, 0x01, 0x00, 0x69, 0xff, 0xec, 0x04, 0x28, 0x05, 0xb0,
  0x00, 0x10, 0x00, 0x00, 0x01, 0x11, 0x06, 0x06, 0x23, 0x22, 0x26, 0x35, 0x11, 0x21, 0x11, 0x14,
  0x16, 0x32, 0x36, 0x37, 0x11, 0x04, 0x28, 0x02, 0xf6, 0xe6, 0xea, 0xf7, 0x01, 0x28, 0x50, 0xd2,
  0x4e, 0x01, 0x05, 0xb0, 0xfc, 0x10, 0xe3, 0xf1, 0xf4, 0xe7, 0x03, 0xe9, 0xfc, 0x16, 0x7c, 0x6a,
  0x69, 0x78, 0x03, 0xef, 0x00, 0x01, 0x00, 0x15, 0x00, 0x00, 0x04, 0x8c, 0x05, 0xb0, 0x00, 0x06,
  0x00, 0x00, 0x01, 0x13, 0x21, 0x01, 0x21, 0x01, 0x21, 0x02, 0x4f, 0xf5, 0x01, 0x48, 0xfe, 0x5c,
  0xfe, 0xce, 0xfe, 0x5f, 0x01, 0x46, 0x01, 0x90, 0x04, 0x20, 0xfa, 0x50, 0x05, 0xb0, 0x00, 0x01,
  0x00, 0x2c, 0x00, 0x00, 0x05, 0xd4, 0x05, 0xb0, 0x00, 0x0c, 0x00, 0x00, 0x01, 0x13, 0x21, 0x01,
  0x21, 0x03, 0x03, 0x21, 0x01, 0x21, 0x13, 0x13, 0x33, 0x04, 0x27, 0x8a, 0x01, 0x23, 0xfe, 0xfd,
  0xfe, 0xd9, 0xaa, 0xa8, 0xfe, 0xd8, 0xfe, 0xfc, 0x01, 0x25, 0x89, 0xab, 0xf7, 0x02, 0x1d, 0x03,
  0x93, 0xfa, 0x50, 0x03, 0x5a, 0xfc, 0xa6, 0x05, 0xb0, 0xfc, 0x6e, 0x03, 0x92, 0x00, 0x00, 0x01,
  0x00, 0x21, 0x00, 0x00, 0x04, 0x5a, 0x05, 0xb0, 0x00, 0x0b, 0x00, 0x00, 0x01, 0x13, 0x21, 0x01,
  0x01, 0x21, 0x03, 0x03, 0x21, 0x01, 0x01, 0x21, 0x02, 0x3d, 0xc4, 0x01, 0x51, 0xfe, 0xaa, 0x01,
  0x5e, 0xfe, 0xab, 0xc8, 0xc7, 0xfe, 0xab, 0x01, 0x5e, 0xfe, 0xa9, 0x01, 0x51, 0x03, 0xbc, 0x01,
  0xf4, 0xfd, 0x2e, 0xfd, 0x22, 0x01, 0xfd, 0xfe, 0x03, 0x02, 0xde, 0x02, 0xd2, 0x00, 0x00, 0x01,
  0x00, 0x10, 0x00, 0x00, 0x04, 0x47, 0x05, 0xb0, 0x00, 0x08, 0x00, 0x00, 0x01, 0x13, 0x21, 0x01,
  0x11, 0x21, 0x11, 0x01, 0x21, 0x02, 0x2c, 0xdb, 0x01, 0x40, 0xfe, 0x7a, 0xfe, 0xd6, 0xfe, 0x79,
  0x01, 0x40, 0x03, 0x22, 0x02, 0x8e, 0xfc, 0x60, 0xfd, 0xf0, 0x02, 0x10, 0x03, 0xa0, 0x00, 0x01,
  0x00, 0x48, 0x00, 0x00, 0x03, 0xfe, 0x05, 0xb0, 0x00, 0x09, 0x00, 0x00, 0x25, 0x21, 0x15, 0x21,
  0x35, 0x01, 0x21, 0x35, 0x21, 0x15, 0x01, 0xa6, 0x02, 0x58, 0xfc, 0x50, 0x02, 0x52, 0xfd, 0xa8,
  0x03, 0xab, 0xf4, 0xf4, 0xb1, 0x04, 0x0a, 0xf5, 0xad, 0x00, 0x00, 0x01, 0x00, 0x6e, 0xfe, 0xad,
  0x01, 0xf3, 0x06, 0x9f, 0x00, 0x07, 0x00, 0x00, 0x01, 0x23, 0x11, 0x33, 0x15, 0x21, 0x11, 0x21,
  0x01, 0xf3, 0x69, 0x69, 0xfe, 0x7b, 0x01, 0x85, 0x05, 0xbf, 0xf9, 0xcd, 0xdf, 0x07, 0xf2, 0x00,
  0x00, 0x01, 0x00, 0x0a, 0xff, 0x83, 0x03, 0x29, 0x05, 0xb0, 0x00, 0x03, 0x00, 0x00, 0x13, 0x21,
  0x01, 0x21, 0x0a, 0x01, 0x21, 0x01, 0xfe, 0xfe, 0xdf, 0x05, 0xb0, 0xf9, 0xd3, 0x00, 0x00, 0x01,
  0x00, 0x22, 0xfe, 0xad, 0x01, 0xa7, 0x06, 0x9f, 0x00, 0x07, 0x00, 0x00, 0x13, 0x21, 0x11, 0x21,
  0x35, 0x33, 0x11, 0x23, 0x22, 0x01, 0x85, 0xfe, 0x7b, 0x6a, 0x6a, 0x06, 0x9f, 0xf8, 0x0e, 0xdf,
  0x06, 0x33, 0x00, 0x01, 0x00, 0x31, 0x02, 0xd9, 0x02, 0xf3, 0x05, 0xb0, 0x00, 0x06, 0x00, 0x00,
  0x01, 0x03, 0x23, 0x13, 0x33, 0x13, 0x23, 0x01, 0x92, 0x83, 0xde, 0xfc, 0xcb, 0xfb, 0xdd, 0x04,
  0xa0, 0xfe, 0x39, 0x02, 0xd7, 0xfd, 0x29, 0x00, 0x00, 0x01, 0x00, 0x15, 0xff, 0x1c, 0x03, 0x1c,
  0x00, 0x00, 0x00, 0x03, 0x00, 0x00, 0x05, 0x21, 0x35, 0x21, 0x03, 0x1c, 0xfc, 0xf9, 0x03, 0x07,
  0xe4, 0xe4, 0x00, 0x01, 0x00, 0x34, 0x04, 0xca, 0x02, 0x37, 0x06, 0x00, 0x00, 0x03, 0x00, 0x00,
  0x01, 0x23, 0x01, 0x21, 0x02, 0x37, 0xef, 0xfe, 0xec, 0x01, 0x3d, 0x04, 0xca, 0x01, 0x36, 0x00,
  0x00, 0x02, 0x00, 0x48, 0xff, 0xec, 0x03, 0x86, 0x04, 0x4e, 0x00, 0x1c, 0x00, 0x26, 0x00, 0x00,
  0x21, 0x26, 0x27, 0x06, 0x23, 0x22, 0x26, 0x35, 0x34, 0x36, 0x37, 0x33, 0x35, 0x34, 0x26, 0x23,
  0x22, 0x15, 0x21, 0x34, 0x36, 0x33, 0x32, 0x16, 0x15, 0x11, 0x16, 0x17, 0x15, 0x25, 0x32, 0x36,
  0x37, 0x35, 0x23, 0x22, 0x06, 0x15, 0x14, 0x02, 0x69, 0x0c, 0x0c, 0x4c, 0x82, 0x88, 0xb3, 0xd9,
  0xcc, 0x56, 0x32, 0x30, 0x6a, 0xfe, 0xe5, 0xe1, 0xac, 0xb2, 0xc3, 0x02, 0x26, 0xfe, 0x3c, 0x2f,
  0x42, 0x10, 0x44, 0x48, 0x53, 0x19, 0x3b, 0x68, 0xb4, 0x8f, 0xaa, 0xba, 0x02, 0x57, 0x49, 0x3c,
  0x7c, 0x96, 0xc3, 0xb9, 0xac, 0xfe, 0x03, 0x8c, 0x4f, 0x11, 0xca, 0x26, 0x1a, 0xe1, 0x5c, 0x4d,
  0x78, 0x00, 0x00, 0x02, 0x00, 0x67, 0xff, 0xec, 0x03, 0xb3, 0x06, 0x00, 0x00, 0x0f, 0x00, 0x1b,
  0x00, 0x00, 0x01, 0x10, 0x02, 0x23, 0x22, 0x27, 0x07, 0x21, 0x11, 0x21, 0x11, 0x36, 0x33, 0x32,
  0x12, 0x17, 0x05, 0x34, 0x26, 0x23, 0x22, 0x07, 0x11, 0x16, 0x33, 0x32, 0x36, 0x37, 0x03, 0xb3,
  0xa8, 0xb4, 0x8d, 0x55, 0x09, 0xfe, 0xfb, 0x01, 0x1b, 0x50, 0x83, 0xb4, 0xa8, 0x02, 0xfe, 0xe5,
  0x42, 0x52, 0x59, 0x29, 0x26, 0x5e, 0x51, 0x3f, 0x02, 0x01, 0xfa, 0xfe, 0xf9, 0xfe, 0xf9, 0x7f,
  0x6b, 0x06, 0x00, 0xfd, 0xe2, 0x6c, 0xfe, 0xfb, 0xfc, 0x0c, 0xab, 0x75, 0x51, 0xfe, 0x13, 0x4c,
  0x6a, 0x99, 0x00, 0x01, 0x00, 0x45, 0xff, 0xec, 0x03, 0x75, 0x04, 0x4e, 0x00, 0x1b, 0x00, 0x00,
  0x25, 0x32, 0x37, 0x21, 0x06, 0x06, 0x23, 0x22, 0x02, 0x27, 0x35, 0x34, 0x12, 0x33, 0x32, 0x16,
  0x17, 0x21, 0x26, 0x26, 0x23, 0x22, 0x06, 0x07, 0x15, 0x14, 0x16, 0x16, 0x01, 0xee, 0x7b, 0x02,
  0x01, 0x0a, 0x02, 0xd6, 0xa9, 0xd1, 0xdc, 0x02, 0xd9, 0xd4, 0xb3, 0xce, 0x02, 0xfe, 0xf6, 0x01,
  0x3a, 0x43, 0x4a, 0x40, 0x02, 0x1a, 0x3c, 0xd7, 0xa0, 0xb1, 0xda, 0x01, 0x04, 0xfd, 0x56, 0xff,
  0x01, 0x0c, 0xdd, 0xcb, 0x5b, 0x62, 0x69, 0x97, 0x6e, 0x84, 0x69, 0x31, 0x00, 0x02, 0x00, 0x41,
  0xff, 0xec, 0x03, 0x8e, 0x06, 0x00, 0x00, 0x0f, 0x00, 0x1b, 0x00, 0x00, 0x13, 0x10, 0x12, 0x33,
  0x32, 0x17, 0x11, 0x21, 0x11, 0x21, 0x27, 0x06, 0x23, 0x22, 0x02, 0x27, 0x25, 0x14, 0x16, 0x33,
  0x32, 0x37, 0x11, 0x26, 0x23, 0x22, 0x06, 0x15, 0x41, 0xb4, 0xac, 0x7d, 0x53, 0x01, 0x1d, 0xfe,
  0xff, 0x0d, 0x57, 0x89, 0xaa, 0xb3, 0x02, 0x01, 0x1c, 0x44, 0x51, 0x54, 0x2b, 0x2a, 0x54, 0x4e,
  0x48, 0x02, 0x3e, 0x01, 0x0a, 0x01, 0x06, 0x6c, 0x02, 0x1e, 0xfa, 0x00, 0x6e, 0x82, 0x01, 0x04,
  0xfc, 0x0b, 0xa0, 0x7f, 0x4b, 0x01, 0xee, 0x50, 0x7e, 0xa1, 0x00, 0x02, 0x00, 0x4e, 0xff, 0xec,
  0x03, 0x9b, 0x04, 0x4e, 0x00, 0x14, 0x00, 0x1b, 0x00, 0x00, 0x05, 0x22, 0x02, 0x35, 0x35, 0x10,
  0x12, 0x33, 0x32, 0x12, 0x13, 0x15, 0x21, 0x16, 0x16, 0x33, 0x32, 0x37, 0x17, 0x06, 0x06, 0x01,
  0x21, 0x35, 0x26, 0x26, 0x22, 0x06, 0x02, 0x1c, 0xda, 0xf4, 0xe0, 0xd1, 0xcc, 0xce, 0x02, 0xfd,
  0xcd, 0x06, 0x5e, 0x62, 0x8e, 0x5f, 0x6f, 0x34, 0xc6, 0xfe, 0xda, 0x01, 0x1b, 0x02, 0x3c, 0x94,
  0x43, 0x14, 0x01, 0x04, 0xf2, 0x56, 0x01, 0x00, 0x01, 0x16, 0xfe, 0xfb, 0xff, 0x00, 0x8b, 0x78,
  0x6f, 0x61, 0xab, 0x48, 0x59, 0x02, 0x98, 0x1a, 0x61, 0x64, 0x6a, 0x00, 0x00, 0x01, 0x00, 0x25,
  0x00, 0x00, 0x02, 0x89, 0x06, 0x15, 0x00, 0x14, 0x00, 0x00, 0x33, 0x11, 0x23, 0x35, 0x33, 0x35,
  0x36, 0x36, 0x33, 0x32, 0x17, 0x07, 0x26, 0x23, 0x22, 0x15, 0x15, 0x33, 0x15, 0x23, 0x11, 0xa8,
  0x83, 0x83, 0x01, 0xbb, 0xa5, 0x32, 0x4e, 0x02, 0x1d, 0x28, 0x7e, 0xa9, 0xa9, 0x03, 0x65, 0xd5,
  0x61, 0xb3, 0xc7, 0x14, 0xe2, 0x09, 0x96, 0x58, 0xd5, 0xfc, 0x9b, 0x00, 0x00, 0x02, 0x00, 0x45,
  0xfe, 0x56, 0x03, 0x9f, 0x04, 0x4e, 0x00, 0x1b, 0x00, 0x27, 0x00, 0x00, 0x13, 0x10, 0x12, 0x33,
  0x32, 0x17, 0x37, 0x33, 0x11, 0x14, 0x06, 0x23, 0x22, 0x26, 0x27, 0x37, 0x16, 0x16, 0x33, 0x32,
  0x36, 0x37, 0x35, 0x06, 0x23, 0x22, 0x02, 0x27, 0x25, 0x14, 0x16, 0x33, 0x32, 0x37, 0x11, 0x26,
  0x23, 0x22, 0x06, 0x15, 0x45, 0xc0, 0xad, 0x93, 0x50, 0x0b, 0xff, 0xe8, 0xd9, 0x59, 0xc4, 0x30,
  0x5f, 0x28, 0x80, 0x39, 0x5f, 0x53, 0x01, 0x51, 0x82, 0xad, 0xbd, 0x02, 0x01, 0x1b, 0x4e, 0x55,
  0x57, 0x2a, 0x2c, 0x53, 0x54, 0x51, 0x02, 0x3e, 0x01, 0x0a, 0x01, 0x06, 0x74, 0x60, 0xfb, 0xc6,
  0xcf, 0xdb, 0x47, 0x37, 0xc4, 0x2a, 0x35, 0x5b, 0x65, 0x5d, 0x6a, 0x01, 0x0d, 0xf5, 0x09, 0x96,
  0x89, 0x3f, 0x02, 0x05, 0x45, 0x8a, 0x99, 0x00, 0x00, 0x01, 0x00, 0x60, 0x00, 0x00, 0x03, 0x8c,
  0x06, 0x00, 0x00, 0x11, 0x00, 0x00, 0x01, 0x36, 0x33, 0x32, 0x16, 0x17, 0x11, 0x21, 0x11, 0x34,
  0x26, 0x23, 0x22, 0x07, 0x11, 0x21, 0x11, 0x21, 0x01, 0x7b, 0x5c, 0x86, 0x94, 0x9a, 0x01, 0xfe,
  0xe4, 0x3b, 0x42, 0x4d, 0x2b, 0xfe, 0xe5, 0x01, 0x1b, 0x03, 0xdb, 0x73, 0xd0, 0xce, 0xfd, 0x50,
  0x02, 0xad, 0x5f, 0x55, 0x47, 0xfc, 0xe6, 0x06, 0x00, 0x00, 0x00, 0x02, 0x00, 0x67, 0x00, 0x00,
  0x01, 0x9b, 0x05, 0xe8, 0x00, 0x03, 0x00, 0x0d, 0x00, 0x00, 0x21, 0x21, 0x11, 0x21, 0x01, 0x34,
  0x36, 0x32, 0x16, 0x15, 0x14, 0x06, 0x22, 0x26, 0x01, 0x90, 0xfe, 0xe4, 0x01, 0x1c, 0xfe, 0xd7,
  0x54, 0x8c, 0x54, 0x53, 0x8e, 0x53, 0x04, 0x3a, 0x01, 0x18, 0x42, 0x54, 0x54, 0x42, 0x41, 0x56,
  0x56, 0x00, 0x00, 0x02, 0xff, 0xca, 0xfe, 0x4b, 0x01, 0x96, 0x05, 0xe8, 0x00, 0x0c, 0x00, 0x16,
  0x00, 0x00, 0x01, 0x11, 0x14, 0x06, 0x23, 0x22, 0x27, 0x27, 0x16, 0x33, 0x32, 0x37, 0x11, 0x03,
  0x34, 0x36, 0x32, 0x16, 0x15, 0x14, 0x06, 0x22, 0x26, 0x01, 0x91, 0xaa, 0x9c, 0x42, 0x3e, 0x01,
  0x2f, 0x1c, 0x5e, 0x02, 0x13, 0x54, 0x8c, 0x54, 0x53, 0x8e, 0x53, 0x04, 0x3a, 0xfb, 0x8c, 0xb9,
  0xc2, 0x11, 0xe7, 0x09, 0x84, 0x04, 0x7c, 0x01, 0x18, 0x42, 0x54, 0x54, 0x42, 0x41, 0x56, 0x56,
  0x00, 0x01, 0x00, 0x67, 0x00, 0x00, 0x03, 0xd8, 0x06, 0x00, 0x00, 0x0c, 0x00, 0x00, 0x01, 0x07,
  0x11, 0x21, 0x11, 0x21, 0x11, 0x37, 0x13, 0x21, 0x01, 0x01, 0x21, 0x01, 0xce, 0x4c, 0xfe, 0xe5,
  0x01, 0x1b, 0x23, 0xc4, 0x01, 0x51, 0xfe, 0xc6, 0x01, 0x58, 0xfe, 0xbc, 0x01, 0xa1, 0x55, 0xfe,
  0xb4, 0x06, 0x00, 0xfc, 0xc2, 0x34, 0x01, 0x44, 0xfe, 0x42, 0xfd, 0x84, 0x00, 0x01, 0x00, 0x74,
  0x00, 0x00, 0x01, 0x90, 0x06, 0x00, 0x00, 0x03, 0x00, 0x00, 0x21, 0x21, 0x11, 0x21, 0x01, 0x90,
  0xfe, 0xe4, 0x01, 0x1c, 0x06, 0x00, 0x00, 0x01, 0x00, 0x68, 0x00, 0x00, 0x05, 0x85, 0x04, 0x4e,
  0x00, 0x1d, 0x00, 0x00, 0x01, 0x17, 0x36, 0x33, 0x32, 0x17, 0x36, 0x33, 0x20, 0x13, 0x11, 0x21,
  0x11, 0x34, 0x26, 0x23, 0x22, 0x07, 0x17, 0x11, 0x21, 0x11, 0x34, 0x26, 0x23, 0x22, 0x07, 0x11,
  0x21, 0x11, 0x01, 0x71, 0x08, 0x5f, 0x9c, 0xa2, 0x43, 0x5d, 0xac, 0x01, 0x1c, 0x07, 0xfe, 0xe5,
  0x34, 0x3e, 0x4f, 0x27, 0x02, 0xfe, 0xe5, 0x32, 0x40, 0x49, 0x2b, 0xfe, 0xe5, 0x04, 0x3a, 0x64,
  0x78, 0x92, 0x92, 0xfe, 0x77, 0xfd, 0x3b, 0x02, 0xb3, 0x5e, 0x50, 0x61, 0x22, 0xfd, 0x22, 0x02,
  0xb1, 0x5d, 0x53, 0x4f, 0xfc, 0xee, 0x04, 0x3a, 0x00, 0x01, 0x00, 0x60, 0x00, 0x00, 0x03, 0x8c,
  0x04, 0x4e, 0x00, 0x10, 0x00, 0x00, 0x01, 0x17, 0x36, 0x33, 0x20, 0x13, 0x11, 0x21, 0x11, 0x34,
  0x26, 0x23, 0x22, 0x07, 0x11, 0x21, 0x11, 0x01, 0x6a, 0x08, 0x60, 0x9b, 0x01, 0x17, 0x08, 0xfe,
  0xe4, 0x37, 0x45, 0x4d, 0x2b, 0xfe, 0xe4, 0x04, 0x3a, 0x6b, 0x7f, 0xfe, 0x79, 0xfd, 0x39, 0x02,
  0xb2, 0x5c, 0x53, 0x4f, 0xfc, 0xee, 0x04, 0x3a, 0x00, 0x02, 0x00, 0x46, 0xff, 0xec, 0x03, 0xb2,
  0x04, 0x4e, 0x00, 0x0d, 0x00, 0x19, 0x00, 0x00, 0x13, 0x34, 0x12, 0x33, 0x32, 0x12, 0x15, 0x15,
  0x14, 0x02, 0x23, 0x22, 0x02, 0x35, 0x05, 0x10, 0x33, 0x32, 0x37, 0x37, 0x34, 0x26, 0x23, 0x22,
  0x06, 0x15, 0x46, 0xe8, 0xcd, 0xcf, 0xe8, 0xe6, 0xcf, 0xd0, 0xe7, 0x01, 0x1c, 0x9b, 0x8f, 0x0b,
  0x01, 0x52, 0x4b, 0x48, 0x51, 0x02, 0x40, 0xf6, 0x01, 0x18, 0xfe, 0xe8, 0xf8, 0x45, 0xf7, 0xfe,
  0xea, 0x01, 0x17, 0xf8, 0x02, 0xfe, 0xde, 0xf2, 0x77, 0x94, 0x8f, 0x8f, 0x94, 0x00, 0x00, 0x02,
  0x00, 0x67, 0xfe, 0x60, 0x03, 0xb2, 0x04, 0x4e, 0x00, 0x0f, 0x00, 0x1b, 0x00, 0x00, 0x01, 0x14,
  0x02, 0x23, 0x22, 0x27, 0x11, 0x21, 0x11, 0x21, 0x17, 0x36, 0x33, 0x32, 0x16, 0x13, 0x05, 0x34,
  0x26, 0x23, 0x22, 0x07, 0x11, 0x16, 0x33, 0x32, 0x36, 0x35, 0x03, 0xb2, 0xaf, 0xad, 0x84, 0x50,
  0xfe, 0xe5, 0x01, 0x06, 0x0a, 0x51, 0x8c, 0xad, 0xaf, 0x02, 0xfe, 0xe6, 0x45, 0x52, 0x57, 0x28,
  0x26, 0x5b, 0x54, 0x41, 0x01, 0xfb, 0xff, 0xfe, 0xf0, 0x6b, 0xfe, 0x09, 0x05, 0xda, 0x63, 0x77,
  0xfc, 0xfe, 0xfc, 0x0c, 0x9d, 0x82, 0x49, 0xfe, 0x05, 0x46, 0x8e, 0x96, 0x00, 0x02, 0x00, 0x41,
  0xfe, 0x60, 0x03, 0x8d, 0x04, 0x4e, 0x00, 0x0f, 0x00, 0x1b, 0x00, 0x00, 0x13, 0x10, 0x12, 0x33,
  0x32, 0x17, 0x37, 0x33, 0x11, 0x21, 0x11, 0x06, 0x23, 0x22, 0x02, 0x27, 0x25, 0x14, 0x16, 0x33,
  0x32, 0x37, 0x11, 0x26, 0x23, 0x22, 0x06, 0x07, 0x41, 0xb2, 0xaf, 0x8e, 0x54, 0x12, 0xf7, 0xfe,
  0xe4, 0x4f, 0x81, 0xab, 0xb3, 0x02, 0x01, 0x1c, 0x44, 0x52, 0x56, 0x28, 0x28, 0x55, 0x51, 0x45,
  0x01, 0x02, 0x40, 0x01, 0x0a, 0x01, 0x04, 0x80, 0x6c, 0xfa, 0x26, 0x01, 0xf4, 0x68, 0x01, 0x09,
  0xf9, 0x0b, 0x9d, 0x85, 0x43, 0x02, 0x03, 0x46, 0x82, 0x98, 0x00, 0x01, 0x00, 0x66, 0x00, 0x00,
  0x02, 0x80, 0x04, 0x4e, 0x00, 0x0c, 0x00, 0x00, 0x01, 0x27, 0x22, 0x07, 0x11, 0x21, 0x11, 0x21,
  0x17, 0x36, 0x33, 0x32, 0x17, 0x02, 0x7d, 0x5e, 0x74, 0x29, 0xfe, 0xe4, 0x01, 0x0b, 0x08, 0x43,
  0x76, 0x30, 0x1e, 0x03, 0x29, 0x08, 0x66, 0xfd, 0x35, 0x04, 0x3a, 0x75, 0x89, 0x0d, 0x00, 0x01,
  0x00, 0x3a, 0xff, 0xec, 0x03, 0x59, 0x04, 0x4e, 0x00, 0x24, 0x00, 0x00, 0x01, 0x34, 0x26, 0x27,
  0x26, 0x26, 0x35, 0x34, 0x36, 0x33, 0x32, 0x16, 0x15, 0x21, 0x34, 0x23, 0x22, 0x06, 0x15, 0x14,
  0x16, 0x17, 0x16, 0x16, 0x15, 0x14, 0x06, 0x23, 0x22, 0x26, 0x26, 0x35, 0x21, 0x16, 0x16, 0x33,
  0x32, 0x02, 0x46, 0x45, 0x77, 0xaf, 0x83, 0xcd, 0xa9, 0xb2, 0xd6, 0xfe, 0xe5, 0x6e, 0x2d, 0x3a,
  0x40, 0x77, 0xad, 0x8f, 0xda, 0xb1, 0x77, 0xb6, 0x67, 0x01, 0x0d, 0x02, 0x41, 0x4a, 0x72, 0x01,
  0x22, 0x24, 0x3d, 0x34, 0x47, 0x98, 0x71, 0x8e, 0xb9, 0xb8, 0x9b, 0x84, 0x38, 0x32, 0x24, 0x37,
  0x33, 0x40, 0x9d, 0x7d, 0x91, 0xb0, 0x5d, 0xa6, 0x60, 0x4a, 0x4a, 0x00, 0x00, 0x01, 0x00, 0x18,
  0xff, 0xec, 0x02, 0x48, 0x05, 0x44, 0x00, 0x14, 0x00, 0x00, 0x01, 0x11, 0x33, 0x15, 0x23, 0x11,
  0x14, 0x16, 0x33, 0x32, 0x37, 0x07, 0x06, 0x23, 0x20, 0x03, 0x11, 0x23, 0x35, 0x33, 0x11, 0x01,
  0xb0, 0x91, 0x91, 0x23, 0x32, 0x29, 0x1a, 0x02, 0x48, 0x54, 0xfe, 0xee, 0x03, 0x7d, 0x7d, 0x05,
  0x44, 0xfe, 0xf6, 0xd5, 0xfd, 0xe7, 0x40, 0x30, 0x07, 0xdc, 0x1b, 0x01, 0x3a, 0x02, 0x3f, 0xd5,
  0x01, 0x0a, 0x00, 0x01, 0x00, 0x60, 0xff, 0xec, 0x03, 0x8d, 0x04, 0x3a, 0x00, 0x10, 0x00, 0x00,
  0x25, 0x06, 0x23, 0x22, 0x26, 0x35, 0x11, 0x21, 0x11, 0x16, 0x33, 0x32, 0x37, 0x11, 0x21, 0x11,
  0x21, 0x02, 0x7b, 0x58, 0x94, 0x95, 0x9a, 0x01, 0x1b, 0x02, 0x67, 0x61, 0x2b, 0x01, 0x1d, 0xfe,
  0xf6, 0x63, 0x77, 0xcd, 0xc4, 0x02, 0xbd, 0xfd, 0x3c, 0x9e, 0x54, 0x03, 0x0e, 0xfb, 0xc6, 0x00,
  0x00, 0x01, 0x00, 0x19, 0x00, 0x00, 0x03, 0x7a, 0x04, 0x3a, 0x00, 0x06, 0x00, 0x00, 0x01, 0x13,
  0x21, 0x01, 0x21, 0x01, 0x21, 0x01, 0xca, 0x89, 0x01, 0x27, 0xfe, 0xd7, 0xfe, 0xf2, 0xfe, 0xd6,
  0x01, 0x28, 0x01, 0x90, 0x02, 0xaa, 0xfb, 0xc6, 0x04, 0x3a, 0x00, 0x01, 0x00, 0x22, 0x00, 0x00,
  0x04, 0xeb, 0x04, 0x3a, 0x00, 0x0c, 0x00, 0x00, 0x01, 0x13, 0x21, 0x03, 0x23, 0x03, 0x03, 0x23,
  0x03, 0x21, 0x13, 0x13, 0x33, 0x03, 0x7b, 0x61, 0x01, 0x0f, 0xe0, 0xeb, 0x99, 0x99, 0xec, 0xe0,
  0x01, 0x10, 0x60, 0x90, 0xc9, 0x01, 0xdb, 0x02, 0x5f, 0xfb, 0xc6, 0x02, 0x72, 0xfd, 0x8e, 0x04,
  0x3a, 0xfd, 0xa0, 0x02, 0x60, 0x00, 0x00, 0x01, 0x00, 0x20, 0x00, 0x00, 0x03, 0x84, 0x04, 0x3a,
  0x00, 0x0b, 0x00, 0x00, 0x01, 0x13, 0x21, 0x03, 0x01, 0x21, 0x03, 0x03, 0x21, 0x01, 0x03, 0x21,
  0x01, 0xd1, 0x7e, 0x01, 0x2c, 0xf7, 0x01, 0x00, 0xfe, 0xd3, 0x85, 0x84, 0xfe, 0xd2, 0x01, 0x00,
  0xf5, 0x01, 0x2d, 0x02, 0xf9, 0x01, 0x41, 0xfd, 0xef, 0xfd, 0xd7, 0x01, 0x53, 0xfe, 0xad, 0x02,
  0x29, 0x02, 0x11, 0x00, 0x00, 0x01, 0x00, 0x10, 0xfe, 0x4b, 0x03, 0x80, 0x04, 0x3a, 0x00, 0x0f,
  0x00, 0x00, 0x01, 0x13, 0x21, 0x01, 0x02, 0x23, 0x22, 0x27, 0x35, 0x17, 0x32, 0x36, 0x37, 0x37,
  0x01, 0x21, 0x01, 0xc2, 0x90, 0x01, 0x2e, 0xfe, 0x9c, 0x50, 0xdd, 0x33, 0x41, 0x21, 0x42, 0x43,
  0x11, 0x16, 0xfe, 0xc8, 0x01, 0x30, 0x01, 0xd7, 0x02, 0x63, 0xfb, 0x24, 0xfe, 0xed, 0x13, 0xdd,
  0x01, 0x33, 0x3f, 0x49, 0x04, 0x45, 0x00, 0x01, 0x00, 0x50, 0x00, 0x00, 0x03, 0x4c, 0x04, 0x3a,
  0x00, 0x09, 0x00, 0x00, 0x25, 0x21, 0x15, 0x21, 0x35, 0x01, 0x21, 0x35, 0x21, 0x15, 0x01, 0xa0,
  0x01, 0xac, 0xfd, 0x04, 0x01, 0xa2, 0xfe, 0x68, 0x02, 0xec, 0xeb, 0xeb, 0xb1, 0x02, 0x9d, 0xec,
  0xab, 0x00, 0x00, 0x01, 0x00, 0x38, 0xfe, 0x98, 0x02, 0x2c, 0x06, 0x3d, 0x00, 0x16, 0x00, 0x00,
  0x01, 0x24, 0x03, 0x35, 0x34, 0x23, 0x35, 0x32, 0x35, 0x35, 0x12, 0x25, 0x17, 0x06, 0x07, 0x07,
  0x14, 0x07, 0x16, 0x10, 0x17, 0x16, 0x17, 0x01, 0xf6, 0xfe, 0xd2, 0x07, 0x89, 0x89, 0x08, 0x01,
  0x2d, 0x36, 0x64, 0x09, 0x01, 0x9f, 0x9f, 0x02, 0x0b, 0x60, 0xfe, 0x98, 0x62, 0x01, 0x5f, 0xd8,
  0xd1, 0xd0, 0xd4, 0xda, 0x01, 0x5b, 0x62, 0xa2, 0x30, 0xc9, 0xfa, 0xe1, 0x5c, 0x5d, 0xfe, 0x38,
  0x21, 0xbc, 0x2e, 0x00, 0x00, 0x01, 0x00, 0xad, 0xfe, 0xf2, 0x01, 0x5d, 0x05, 0xb0, 0x00, 0x03,
  0x00, 0x00, 0x01, 0x23, 0x11, 0x33, 0x01, 0x5d, 0xb0, 0xb0, 0xfe, 0xf2, 0x06, 0xbe, 0x00, 0x01,
  0x00, 0x35, 0xfe, 0x98, 0x02, 0x2a, 0x06, 0x3d, 0x00, 0x18, 0x00, 0x00, 0x17, 0x36, 0x36, 0x35,
  0x35, 0x34, 0x37, 0x26, 0x10, 0x27, 0x26, 0x27, 0x37, 0x16, 0x16, 0x17, 0x15, 0x14, 0x33, 0x15,
  0x22, 0x15, 0x15, 0x02, 0x05, 0x36, 0x38, 0x36, 0xa3, 0xa3, 0x01, 0x09, 0x65, 0x36, 0x9a, 0x99,
  0x02, 0x8a, 0x8a, 0x08, 0xfe, 0xd3, 0xc5, 0x1a, 0x8d, 0x87, 0xc4, 0xe5, 0x58, 0x59, 0x01, 0xca,
  0x15, 0xca, 0x2f, 0xa2, 0x32, 0xe0, 0xb6, 0xd0, 0xd3, 0xd0, 0xd3, 0xd9, 0xfe, 0xa4, 0x62, 0x00,
  0x00, 0x01, 0x00, 0x63, 0x01, 0x77, 0x04, 0x11, 0x03, 0x3c, 0x00, 0x17, 0x00, 0x00, 0x01, 0x14,
  0x06, 0x23, 0x22, 0x26, 0x27, 0x26, 0x23, 0x22, 0x06, 0x15, 0x27, 0x34, 0x36, 0x33, 0x32, 0x16,
  0x17, 0x16, 0x33, 0x32, 0x36, 0x35, 0x04, 0x11, 0xa2, 0x80, 0x3c, 0x68, 0x44, 0x3d, 0x37, 0x2a,
  0x35, 0xd1, 0xa0, 0x81, 0x42, 0x6f, 0x38, 0x3a, 0x39, 0x29, 0x3a, 0x03, 0x1a, 0xb9, 0xea, 0x37,
  0x4d, 0x53, 0x67, 0x4b, 0x03, 0xb9, 0xe4, 0x41, 0x42, 0x54, 0x68, 0x4d, 0x00, 0x02, 0x00, 0x7d,
  0xfe, 0x8f, 0x01, 0xb2, 0x04, 0x4d, 0x00, 0x03, 0x00, 0x0f, 0x00, 0x00, 0x13, 0x33, 0x13, 0x21,
  0x01, 0x14, 0x06, 0x23, 0x22, 0x26, 0x35, 0x34, 0x36, 0x33, 0x32, 0x16, 0xa1, 0xeb, 0x21, 0xfe,
  0xd3, 0x01, 0x32, 0x56, 0x45, 0x43, 0x57, 0x54, 0x46, 0x47, 0x54, 0x02, 0x7e, 0xfc, 0x11, 0x05,
  0x24, 0x43, 0x57, 0x56, 0x44, 0x42, 0x58, 0x58, 0x00, 0x01, 0x00, 0x62, 0xff, 0x0b, 0x03, 0x91,
  0x05, 0x26, 0x00, 0x21, 0x00, 0x00, 0x25, 0x32, 0x36, 0x37, 0x21, 0x06, 0x06, 0x07, 0x15, 0x23,
  0x35, 0x26, 0x02, 0x35, 0x35, 0x34, 0x12, 0x37, 0x35, 0x33, 0x15, 0x16, 0x16, 0x17, 0x21, 0x34,
  0x26, 0x23, 0x22, 0x07, 0x06, 0x15, 0x14, 0x16, 0x02, 0x0a, 0x3c, 0x40, 0x01, 0x01, 0x0a, 0x02,
  0x9f, 0x82, 0xbf, 0x9f, 0xae, 0xae, 0x9f, 0xbf, 0x87, 0x9a, 0x02, 0xfe, 0xf6, 0x42, 0x3c, 0x70,
  0x15, 0x07, 0x45, 0xd7, 0x56, 0x4a, 0x8f, 0xd2, 0x1f, 0xec, 0xeb, 0x22, 0x01, 0x1d, 0xdf, 0x16,
  0xda, 0x01, 0x1e, 0x22, 0xe2, 0xe3, 0x1e, 0xd9, 0xa6, 0x57, 0x66, 0xab, 0x38, 0x72, 0xb1, 0x86,
  0x00, 0x01, 0x00, 0x68, 0x00, 0x00, 0x03, 0xf4, 0x05, 0xc3, 0x00, 0x20, 0x00, 0x00, 0x01, 0x17,
  0x06, 0x07, 0x21, 0x15, 0x21, 0x35, 0x33, 0x36, 0x37, 0x37, 0x27, 0x23, 0x35, 0x33, 0x27, 0x34,
  0x36, 0x33, 0x32, 0x16, 0x15, 0x21, 0x34, 0x26, 0x23, 0x22, 0x06, 0x15, 0x17, 0x33, 0x15, 0x02,
  0x11, 0x05, 0x02, 0x36, 0x02, 0x16, 0xfc, 0x76, 0x4a, 0x31, 0x05, 0x01, 0x04, 0x7f, 0x79, 0x06,
  0xd8, 0xb3, 0xb8, 0xd3, 0xfe, 0xe9, 0x3d, 0x37, 0x2a, 0x3b, 0x08, 0xfa, 0x02, 0x3f, 0x89, 0x7b,
  0x47, 0xf4, 0xf4, 0x0f, 0x6e, 0x34, 0x9a, 0xed, 0xe3, 0xca, 0xea, 0xe0, 0xc2, 0x54, 0x5a, 0x60,
  0x60, 0xe3, 0xed, 0x00, 0x00, 0x02, 0x00, 0x50, 0xff, 0xe5, 0x05, 0x42, 0x04, 0xf1, 0x00, 0x1b,
  0x00, 0x2b, 0x00, 0x00, 0x25, 0x06, 0x23, 0x22, 0x27, 0x07, 0x27, 0x37, 0x26, 0x35, 0x34, 0x37,
  0x27, 0x37, 0x17, 0x36, 0x33, 0x32, 0x17, 0x37, 0x17, 0x07, 0x16, 0x15, 0x14, 0x07, 0x17, 0x07,
  0x01, 0x14, 0x16, 0x16, 0x33, 0x32, 0x36, 0x36, 0x35, 0x34, 0x26, 0x26, 0x23, 0x22, 0x06, 0x06,
  0x04, 0x30, 0x9f, 0xca, 0xcb, 0x9e, 0x81, 0x8d, 0x87, 0x64, 0x6d, 0x90, 0x8d, 0x8e, 0x9b, 0xc1,
  0xc2, 0x9b, 0x90, 0x8e, 0x94, 0x6b, 0x62, 0x8b, 0x8e, 0xfc, 0x79, 0x6c, 0xbf, 0x6f, 0x6e, 0xbf,
  0x6c, 0x6c, 0xbe, 0x6f, 0x70, 0xbe, 0x6c, 0x6b, 0x7f, 0x7e, 0x84, 0x90, 0x89, 0x9c, 0xc5, 0xcc,
  0xa1, 0x93, 0x90, 0x91, 0x73, 0x75, 0x94, 0x91, 0x97, 0x9f, 0xca, 0xc1, 0x9c, 0x8d, 0x91, 0x02,
  0x7b, 0x76, 0xcb, 0x75, 0x75, 0xcb, 0x76, 0x77, 0xc9, 0x74, 0x74, 0xc9, 0x00, 0x01, 0x00, 0x19,
  0x00, 0x00, 0x03, 0xb4, 0x05, 0xb0, 0x00, 0x16, 0x00, 0x00, 0x01, 0x13, 0x21, 0x01, 0x33, 0x15,
  0x23, 0x15, 0x33, 0x15, 0x23, 0x11, 0x21, 0x11, 0x23, 0x35, 0x33, 0x35, 0x23, 0x35, 0x33, 0x01,
  0x21, 0x01, 0xe7, 0x9c, 0x01, 0x31, 0xfe, 0xf9, 0xa9, 0xe0, 0xe0, 0xe0, 0xfe, 0xda, 0xf3, 0xf3,
  0xf3, 0xc4, 0xfe, 0xf8, 0x01, 0x33, 0x03, 0xbf, 0x01, 0xf1, 0xfd, 0x36, 0xb0, 0x72, 0xaf, 0xfe,
  0xeb, 0x01, 0x15, 0xaf, 0x72, 0xb0, 0x02, 0xca, 0x00, 0x02, 0x00, 0x7f, 0xfe, 0xf2, 0x01, 0x85,
  0x05, 0xb0, 0x00, 0x03, 0x00, 0x07, 0x00, 0x00, 0x13, 0x11, 0x21, 0x11, 0x11, 0x21, 0x11, 0x21,
  0x7f, 0x01, 0x06, 0xfe, 0xfa, 0x01, 0x06, 0xfe, 0xf2, 0x03, 0x1b, 0xfc, 0xe5, 0x03, 0xc8, 0x02,
  0xf6, 0x00, 0x00, 0x02, 0x00, 0x5e, 0xfe, 0x3d, 0x04, 0x02, 0x05, 0xc4, 0x00, 0x2f, 0x00, 0x3b,
  0x00, 0x00, 0x01, 0x14, 0x07, 0x16, 0x16, 0x15, 0x14, 0x06, 0x23, 0x22, 0x26, 0x35, 0x21, 0x14,
  0x33, 0x32, 0x36, 0x35, 0x34, 0x26, 0x27, 0x26, 0x26, 0x35, 0x34, 0x37, 0x26, 0x26, 0x35, 0x34,
  0x36, 0x33, 0x32, 0x16, 0x15, 0x21, 0x34, 0x26, 0x23, 0x22, 0x06, 0x15, 0x14, 0x16, 0x17, 0x1e,
  0x02, 0x25, 0x27, 0x06, 0x15, 0x14, 0x16, 0x17, 0x17, 0x36, 0x35, 0x34, 0x26, 0x04, 0x02, 0x8a,
  0x3a, 0x3c, 0xef, 0xce, 0xe0, 0xf3, 0x01, 0x1b, 0xb8, 0x51, 0x52, 0x59, 0x8c, 0xe1, 0xaf, 0x89,
  0x3a, 0x3d, 0xf3, 0xcd, 0xd6, 0xe9, 0xfe, 0xe5, 0x58, 0x4c, 0x4f, 0x55, 0x55, 0x8b, 0x9d, 0xa7,
  0x51, 0xfe, 0x0b, 0x67, 0x2d, 0x57, 0x81, 0x66, 0x34, 0x56, 0x01, 0xe2, 0xb1, 0x5c, 0x33, 0x8a,
  0x65, 0xb1, 0xc5, 0xd8, 0xc9, 0xb5, 0x4a, 0x3f, 0x3d, 0x4e, 0x33, 0x47, 0xc2, 0x9c, 0xb2, 0x5d,
  0x33, 0x8a, 0x65, 0xae, 0xd0, 0xe3, 0xc8, 0x58, 0x68, 0x4e, 0x43, 0x46, 0x4b, 0x2f, 0x2f, 0x6f,
  0x9b, 0x45, 0x24, 0x2d, 0x57, 0x4e, 0x51, 0x31, 0x23, 0x30, 0x54, 0x42, 0x56, 0x00, 0x00, 0x02,
  0x00, 0x5e, 0x04, 0xd6, 0x03, 0x5d, 0x05, 0xd5, 0x00, 0x09, 0x00, 0x13, 0x00, 0x00, 0x13, 0x34,
  0x36, 0x32, 0x16, 0x15, 0x14, 0x06, 0x22, 0x26, 0x25, 0x34, 0x36, 0x32, 0x16, 0x15, 0x14, 0x06,
  0x22, 0x26, 0x5e, 0x51, 0x74, 0x51, 0x51, 0x74, 0x51, 0x01, 0xe9, 0x51, 0x74, 0x51, 0x4d, 0x7c,
  0x4d, 0x05, 0x55, 0x37, 0x49, 0x49, 0x37, 0x36, 0x49, 0x49, 0x36, 0x36, 0x49, 0x49, 0x36, 0x34,
  0x4b, 0x4b, 0x00, 0x03, 0x00, 0x56, 0xff, 0xec, 0x05, 0xe2, 0x05, 0xc4, 0x00, 0x1a, 0x00, 0x28,
  0x00, 0x37, 0x00, 0x00, 0x01, 0x14, 0x06, 0x20, 0x26, 0x35, 0x35, 0x34, 0x36, 0x33, 0x32, 0x16,
  0x15, 0x23, 0x34, 0x26, 0x23, 0x22, 0x06, 0x07, 0x15, 0x14, 0x16, 0x33, 0x32, 0x36, 0x35, 0x25,
  0x34, 0x02, 0x24, 0x23, 0x22, 0x04, 0x02, 0x10, 0x12, 0x04, 0x20, 0x24, 0x12, 0x25, 0x34, 0x12,
  0x24, 0x20, 0x04, 0x12, 0x15, 0x14, 0x02, 0x04, 0x23, 0x22, 0x24, 0x02, 0x04, 0x5d, 0xaf, 0xfe,
  0xc0, 0xbd, 0xbf, 0x9e, 0xa3, 0xad, 0x9c, 0x5c, 0x58, 0x5c, 0x65, 0x01, 0x66, 0x5c, 0x59, 0x5a,
  0x01, 0xa6, 0x96, 0xfe, 0xee, 0xa3, 0x9f, 0xfe, 0xef, 0x9c, 0x9b, 0x01, 0x11, 0x01, 0x40, 0x01,
  0x13, 0x98, 0xfa, 0xef, 0xbb, 0x01, 0x4b, 0x01, 0x80, 0x01, 0x4b, 0xbb, 0xbe, 0xfe, 0xb7, 0xbf,
  0xc1, 0xfe, 0xb7, 0xbc, 0x02, 0x54, 0x98, 0xa2, 0xd5, 0xb4, 0x71, 0xae, 0xd5, 0xa5, 0x95, 0x60,
  0x53, 0x87, 0x71, 0x7b, 0x75, 0x87, 0x51, 0x62, 0x85, 0xa6, 0x01, 0x1d, 0xab, 0xa4, 0xfe, 0xe0,
  0xfe, 0xac, 0xfe, 0xe0, 0xa7, 0xaa, 0x01, 0x20, 0xa7, 0xca, 0x01, 0x5a, 0xc7, 0xc7, 0xfe, 0xa6,
  0xca, 0xcc, 0xfe, 0xa5, 0xc6, 0xc8, 0x01, 0x5a, 0x00, 0x02, 0x00, 0x82, 0x02, 0xb3, 0x02, 0xab,
  0x05, 0xc4, 0x00, 0x18, 0x00, 0x20, 0x00, 0x00, 0x01, 0x27, 0x06, 0x23, 0x22, 0x26, 0x35, 0x34,
  0x25, 0x33, 0x35, 0x34, 0x23, 0x22, 0x15, 0x27, 0x34, 0x36, 0x33, 0x32, 0x16, 0x15, 0x11, 0x14,
  0x17, 0x25, 0x32, 0x37, 0x35, 0x23, 0x22, 0x15, 0x14, 0x02, 0x03, 0x0e, 0x3c, 0x66, 0x63, 0x6e,
  0x01, 0x19, 0x54, 0x54, 0x64, 0xa5, 0x93, 0x76, 0x74, 0x86, 0x16, 0xfe, 0xd3, 0x3b, 0x36, 0x3f,
  0x88, 0x02, 0xc1, 0x3f, 0x4d, 0x7b, 0x69, 0xe3, 0x04, 0x33, 0x7f, 0x63, 0x0e, 0x66, 0x83, 0x90,
  0x84, 0xfe, 0xc2, 0x62, 0x4f, 0x82, 0x38, 0x8e, 0x6e, 0x58, 0xff, 0xff, 0x00, 0x49, 0x00, 0x7c,
  0x03, 0x36, 0x03, 0x9b, 0x00, 0x26, 0x00, 0xa3, 0xda, 0x00, 0x00, 0x07, 0x00, 0xa3, 0x01, 0x2f,
  0x00, 0x00, 0x00, 0x01, 0x00, 0x7e, 0x01, 0x76, 0x03, 0x43, 0x03, 0x25, 0x00, 0x05, 0x00, 0x00,
  0x01, 0x23, 0x11, 0x21, 0x35, 0x21, 0x03, 0x43, 0xc0, 0xfd, 0xfb, 0x02, 0xc5, 0x01, 0x76, 0x01,
  0x04, 0xab, 0x00, 0x04, 0x00, 0x56, 0xff, 0xec, 0x05, 0xe2, 0x05, 0xc4, 0x00, 0x0e, 0x00, 0x1c,
  0x00, 0x32, 0x00, 0x3b, 0x00, 0x00, 0x13, 0x34, 0x12, 0x24, 0x20, 0x04, 0x12, 0x15, 0x14, 0x02,
  0x04, 0x23, 0x22, 0x24, 0x02, 0x25, 0x34, 0x02, 0x24, 0x23, 0x22, 0x04, 0x02, 0x10, 0x12, 0x04,
  0x20, 0x24, 0x12, 0x25, 0x11, 0x23, 0x11, 0x21, 0x32, 0x16, 0x15, 0x14, 0x07, 0x16, 0x16, 0x14,
  0x16, 0x17, 0x15, 0x23, 0x26, 0x35, 0x34, 0x26, 0x23, 0x27, 0x33, 0x32, 0x36, 0x35, 0x34, 0x26,
  0x27, 0x23, 0x56, 0xbb, 0x01, 0x4b, 0x01, 0x80, 0x01, 0x4b, 0xbb, 0xbe, 0xfe, 0xb7, 0xbf, 0xc1,
  0xfe, 0xb7, 0xbc, 0x05, 0x11, 0x96, 0xfe, 0xee, 0xa3, 0x9f, 0xfe, 0xef, 0x9c, 0x9b, 0x01, 0x11,
  0x01, 0x40, 0x01, 0x13, 0x98, 0xfd, 0x25, 0x97, 0x01, 0x19, 0x97, 0xae, 0x70, 0x3c, 0x31, 0x07,
  0x0a, 0x9b, 0x0d, 0x42, 0x4d, 0x9e, 0x87, 0x49, 0x61, 0x47, 0x5d, 0x8d, 0x02, 0xd9, 0xca, 0x01,
  0x5a, 0xc7, 0xc7, 0xfe, 0xa6, 0xca, 0xcc, 0xfe, 0xa5, 0xc6, 0xc8, 0x01, 0x5a, 0xcb, 0xa6, 0x01,
  0x1d, 0xab, 0xa4, 0xfe, 0xe0, 0xfe, 0xac, 0xfe, 0xe0, 0xa7, 0xaa, 0x01, 0x20, 0x5b, 0xfe, 0xaf,
  0x03, 0x52, 0x89, 0x7e, 0x70, 0x3e, 0x1f, 0x6e, 0xa5, 0x44, 0x17, 0x10, 0x22, 0xa0, 0x4c, 0x43,
  0x86, 0x3f, 0x35, 0x46, 0x3b, 0x01, 0x00, 0x01, 0x00, 0xa7, 0x05, 0x07, 0x02, 0xff, 0x05, 0xaf,
  0x00, 0x03, 0x00, 0x00, 0x01, 0x21, 0x35, 0x21, 0x02, 0xff, 0xfd, 0xa8, 0x02, 0x58, 0x05, 0x07,
  0xa8, 0x00, 0x00, 0x02, 0x00, 0x7e, 0x03, 0x9f, 0x02, 0x9b, 0x05, 0xc4, 0x00, 0x0a, 0x00, 0x13,
  0x00, 0x00, 0x13, 0x34, 0x36, 0x33, 0x32, 0x16, 0x15, 0x14, 0x06, 0x22, 0x26, 0x05, 0x32, 0x36,
  0x34, 0x26, 0x22, 0x06, 0x14, 0x16, 0x7e, 0xa3, 0x6e, 0x6d, 0x9f, 0x9f, 0xda, 0xa4, 0x01, 0x11,
  0x35, 0x44, 0x44, 0x6a, 0x49, 0x4b, 0x04, 0xb0, 0x73, 0xa1, 0xa1, 0x73, 0x74, 0x9d, 0x9d, 0x08,
  0x48, 0x68, 0x4c, 0x4b, 0x6a, 0x47, 0x00, 0x02, 0x00, 0x61, 0x00, 0x01, 0x03, 0x63, 0x05, 0x06,
  0x00, 0x0b, 0x00, 0x0f, 0x00, 0x00, 0x01, 0x21, 0x15, 0x21, 0x11, 0x23, 0x11, 0x21, 0x35, 0x21,
  0x11, 0x33, 0x13, 0x21, 0x35, 0x21, 0x02, 0x5f, 0x01, 0x04, 0xfe, 0xfc, 0xf7, 0xfe, 0xf9, 0x01,
  0x07, 0xf7, 0xed, 0xfd, 0x25, 0x02, 0xdb, 0x03, 0xb1, 0xf3, 0xfe, 0x94, 0x01, 0x6c, 0xf3, 0x01,
  0x55, 0xfa, 0xfb, 0xee, 0x00, 0x01, 0x00, 0x3d, 0x02, 0x9b, 0x02, 0x61, 0x05, 0xbb, 0x00, 0x17,
  0x00, 0x00, 0x01, 0x21, 0x35, 0x13, 0x36, 0x36, 0x35, 0x34, 0x23, 0x22, 0x06, 0x15, 0x23, 0x34,
  0x36, 0x33, 0x32, 0x16, 0x15, 0x14, 0x06, 0x07, 0x07, 0x21, 0x02, 0x61, 0xfd, 0xeb, 0xf0, 0x2b,
  0x26, 0x40, 0x22, 0x27, 0xc7, 0x94, 0x73, 0x83, 0x8b, 0x47, 0x76, 0x45, 0x01, 0x11, 0x02, 0x9b,
  0x8a, 0x01, 0x01, 0x31, 0x54, 0x17, 0x54, 0x3d, 0x31, 0x76, 0x9d, 0x81, 0x77, 0x4d, 0x79, 0x68,
  0x55, 0x00, 0x00, 0x01, 0x00, 0x37, 0x02, 0x90, 0x02, 0x64, 0x05, 0xbb, 0x00, 0x24, 0x00, 0x00,
  0x13, 0x33, 0x32, 0x35, 0x34, 0x26, 0x23, 0x22, 0x06, 0x15, 0x23, 0x34, 0x36, 0x33, 0x32, 0x16,
  0x15, 0x14, 0x07, 0x16, 0x15, 0x14, 0x06, 0x23, 0x22, 0x26, 0x35, 0x33, 0x14, 0x16, 0x33, 0x32,
  0x36, 0x35, 0x34, 0x27, 0x23, 0xfa, 0x4b, 0x4e, 0x27, 0x22, 0x1b, 0x28, 0xc5, 0x91, 0x71, 0x81,
  0x93, 0x74, 0x80, 0xa0, 0x81, 0x79, 0x93, 0xc7, 0x2b, 0x27, 0x2b, 0x23, 0x52, 0x52, 0x04, 0x72,
  0x57, 0x24, 0x29, 0x1f, 0x1d, 0x65, 0x7c, 0x78, 0x6a, 0x77, 0x32, 0x29, 0x8f, 0x6a, 0x7e, 0x85,
  0x72, 0x20, 0x32, 0x35, 0x23, 0x5a, 0x02, 0x00, 0x00, 0x01, 0x00, 0x65, 0x04, 0xca, 0x02, 0x67,
  0x06, 0x00, 0x00, 0x03, 0x00, 0x00, 0x01, 0x21, 0x01, 0x23, 0x01, 0x29, 0x01, 0x3e, 0xfe, 0xea,
  0xec, 0x06, 0x00, 0xfe, 0xca, 0x00, 0x00, 0x01, 0x00, 0x84, 0xfe, 0x60, 0x03, 0xcd, 0x04, 0x3a,
  0x00, 0x12, 0x00, 0x00, 0x01, 0x11, 0x14, 0x16, 0x33, 0x32, 0x37, 0x11, 0x21, 0x11, 0x21, 0x27,
  0x06, 0x23, 0x22, 0x27, 0x11, 0x21, 0x11, 0x01, 0x9e, 0x39, 0x4a, 0x64, 0x2c, 0x01, 0x1c, 0xfe,
  0xf8, 0x04, 0x46, 0x62, 0x47, 0x34, 0xfe, 0xe6, 0x04, 0x3a, 0xfd, 0x91, 0x7f, 0x73, 0x56, 0x03,
  0x0b, 0xfb, 0xc6, 0x33, 0x48, 0x22, 0xfe, 0x53, 0x05, 0xda, 0x00, 0x01, 0x00, 0x50, 0x00, 0x00,
  0x02, 0xff, 0x05, 0xb0, 0x00, 0x0b, 0x00, 0x00, 0x21, 0x11, 0x23, 0x22, 0x26, 0x26, 0x35, 0x34,
  0x36, 0x33, 0x21, 0x11, 0x02, 0x2c, 0x41, 0x7d, 0xbb, 0x63, 0xe0, 0xbf, 0x01, 0x10, 0x02, 0x08,
  0x74, 0xd6, 0x8a, 0xd5, 0xff, 0xfa, 0x50, 0x00, 0x00, 0x01, 0x00, 0x83, 0x02, 0x1d, 0x01, 0xbb,
  0x03, 0x54, 0x00, 0x0b, 0x00, 0x00, 0x13, 0x34, 0x36, 0x33, 0x32, 0x16, 0x15, 0x14, 0x06, 0x23,
  0x22, 0x26, 0x83, 0x57, 0x45, 0x46, 0x56, 0x57, 0x45, 0x44, 0x58, 0x02, 0xb8, 0x44, 0x58, 0x58,
  0x44, 0x45, 0x56, 0x56, 0x00, 0x01, 0x00, 0x60, 0xfe, 0x32, 0x01, 0xbe, 0x00, 0x07, 0x00, 0x0e,
  0x00, 0x00, 0x25, 0x07, 0x16, 0x16, 0x15, 0x14, 0x06, 0x23, 0x27, 0x32, 0x35, 0x34, 0x26, 0x27,
  0x37, 0x01, 0x4e, 0x09, 0x3a, 0x3f, 0x9e, 0x93, 0x06, 0x49, 0x33, 0x3d, 0x1b, 0x07, 0x3a, 0x0d,
  0x59, 0x47, 0x6e, 0x80, 0xa7, 0x52, 0x28, 0x20, 0x05, 0x8f, 0x00, 0x01, 0x00, 0x87, 0x02, 0x9b,
  0x01, 0xe0, 0x05, 0xad, 0x00, 0x06, 0x00, 0x00, 0x01, 0x23, 0x11, 0x07, 0x35, 0x25, 0x33, 0x01,
  0xe0, 0xc5, 0x94, 0x01, 0x47, 0x12, 0x02, 0x9b, 0x02, 0x23, 0x29, 0x9f, 0x79, 0x00, 0x00, 0x02,
  0x00, 0x72, 0x02, 0xb2, 0x02, 0xc6, 0x05, 0xc4, 0x00, 0x0c, 0x00, 0x1a, 0x00, 0x00, 0x13, 0x34,
  0x36, 0x20, 0x16, 0x15, 0x15, 0x14, 0x06, 0x23, 0x22, 0x26, 0x35, 0x17, 0x14, 0x16, 0x33, 0x32,
  0x36, 0x35, 0x35, 0x34, 0x26, 0x23, 0x22, 0x06, 0x07, 0x72, 0xa6, 0x01, 0x08, 0xa6, 0xa2, 0x87,
  0x86, 0xa5, 0xa7, 0x47, 0x3d, 0x3b, 0x47, 0x47, 0x3c, 0x3b, 0x47, 0x01, 0x04, 0x61, 0x9f, 0xc4,
  0xc1, 0xa7, 0x48, 0x9f, 0xc3, 0xc3, 0xa4, 0x05, 0x62, 0x6e, 0x6d, 0x66, 0x4a, 0x61, 0x6e, 0x6b,
  0x61, 0x00, 0xff, 0xff, 0x00, 0x54, 0x00, 0x7c, 0x03, 0x4a, 0x03, 0x9b, 0x00, 0x26, 0x00, 0xa4,
  0x01, 0x00, 0x00, 0x07, 0x00, 0xa4, 0x01, 0x5d, 0x00, 0x00, 0xff, 0xff, 0x00, 0x63, 0x00, 0x00,
  0x04, 0xa6, 0x05, 0xaa, 0x00, 0x27, 0x00, 0xa9, 0xff, 0xdc, 0x02, 0x98, 0x00, 0x27, 0x00, 0xa5,
  0x00, 0xf3, 0x00, 0x08, 0x00, 0x07, 0x00, 0xab, 0x02, 0x40, 0x00, 0x00, 0xff, 0xff, 0x00, 0x56,
  0x00, 0x00, 0x04, 0xf9, 0x05, 0xb0, 0x00, 0x27, 0x00, 0xa5, 0x00, 0xd0, 0x00, 0x08, 0x00, 0x27,
  0x00, 0xa9, 0xff, 0xcf, 0x02, 0x9e, 0x00, 0x07, 0x00, 0xa8, 0x02, 0x98, 0x00, 0x00, 0xff, 0xff,
  0x00, 0x5e, 0x00, 0x00, 0x05, 0x2f, 0x05, 0xbb, 0x00, 0x27, 0x00, 0xa5, 0x01, 0x7b, 0x00, 0x08,
  0x00, 0x27, 0x00, 0xab, 0x02, 0xc9, 0x00, 0x00, 0x00, 0x07, 0x00, 0xaa, 0x00, 0x27, 0x02, 0x9b,
  0x00, 0x02, 0x00, 0x49, 0xfe, 0x7f, 0x03, 0x60, 0x04, 0x4e, 0x00, 0x19, 0x00, 0x25, 0x00, 0x00,
  0x01, 0x14, 0x06, 0x07, 0x06, 0x06, 0x15, 0x14, 0x16, 0x33, 0x32, 0x36, 0x35, 0x21, 0x06, 0x06,
  0x23, 0x22, 0x26, 0x35, 0x34, 0x37, 0x37, 0x36, 0x36, 0x37, 0x01, 0x14, 0x06, 0x23, 0x22, 0x26,
  0x35, 0x34, 0x36, 0x33, 0x32, 0x16, 0x02, 0x5e, 0x36, 0x49, 0x4e, 0x2d, 0x39, 0x2f, 0x34, 0x44,
  0x01, 0x1c, 0x02, 0xd4, 0xb9, 0xbb, 0xcd, 0x80, 0x57, 0x21, 0x21, 0x02, 0x01, 0x1b, 0x57, 0x43,
  0x45, 0x56, 0x54, 0x47, 0x46, 0x54, 0x02, 0x82, 0x80, 0xa8, 0x51, 0x5c, 0x69, 0x3c, 0x50, 0x4b,
  0x5c, 0x4e, 0xc0, 0xd8, 0xcb, 0xbd, 0x9e, 0x98, 0x65, 0x28, 0x5c, 0x5c, 0x01, 0x32, 0x44, 0x56,
  0x57, 0x43, 0x42, 0x58, 0x58, 0x00, 0x00, 0x02, 0x00, 0x0f, 0x00, 0x00, 0x06, 0x42, 0x05, 0xb0,
  0x00, 0x0f, 0x00, 0x12, 0x00, 0x00, 0x21, 0x21, 0x03, 0x21, 0x03, 0x21, 0x01, 0x21, 0x15, 0x21,
  0x13, 0x21, 0x15, 0x21, 0x13, 0x21, 0x01, 0x33, 0x03, 0x06, 0x42, 0xfc, 0xf6, 0x0c, 0xfe, 0xb3,
  0x84, 0xfe, 0xb4, 0x02, 0x83, 0x03, 0x7c, 0xfe, 0x1b, 0x0d, 0x01, 0x94, 0xfe, 0x74, 0x0d, 0x01,
  0xf7, 0xfb, 0xff, 0xe2, 0x12, 0x01, 0x4d, 0xfe, 0xb3, 0x05, 0xb0, 0xee, 0xfe, 0xa0, 0xee, 0xfe,
  0x7a, 0x01, 0x58, 0x02, 0x0c, 0x00, 0x00, 0x01, 0x00, 0x40, 0x00, 0xcc, 0x03, 0x78, 0x04, 0x90,
  0x00, 0x0b, 0x00, 0x00, 0x13, 0x13, 0x01, 0x37, 0x13, 0x13, 0x17, 0x01, 0x13, 0x07, 0x03, 0x03,
  0x44, 0xff, 0xfe, 0xfd, 0xa6, 0xf6, 0xf7, 0xa5, 0xfe, 0xfd, 0xff, 0xa6, 0xf2, 0xf2, 0x01, 0x76,
  0x01, 0x35, 0x01, 0x3b, 0xaa, 0xfe, 0xd5, 0x01, 0x2b, 0xaa, 0xfe, 0xc5, 0xfe, 0xcb, 0xaa, 0x01,
  0x26, 0xfe, 0xda, 0x00, 0x00, 0x03, 0x00, 0x5c, 0xff, 0xa1, 0x04, 0x86, 0x05, 0xee, 0x00, 0x17,
  0x00, 0x20, 0x00, 0x29, 0x00, 0x00, 0x01, 0x14, 0x02, 0x06, 0x23, 0x22, 0x27, 0x07, 0x23, 0x37,
  0x26, 0x11, 0x35, 0x34, 0x12, 0x36, 0x33, 0x32, 0x17, 0x37, 0x33, 0x07, 0x16, 0x13, 0x05, 0x14,
  0x17, 0x01, 0x26, 0x23, 0x22, 0x06, 0x07, 0x05, 0x34, 0x27, 0x01, 0x16, 0x33, 0x32, 0x36, 0x37,
  0x04, 0x86, 0x83, 0xf4, 0x9d, 0x86, 0x6c, 0x44, 0xb1, 0x78, 0xa7, 0x85, 0xf3, 0x9c, 0x8b, 0x71,
  0x37, 0xb2, 0x6e, 0x9e, 0x01, 0xfc, 0xff, 0x16, 0x01, 0x5b, 0x37, 0x4f, 0x71, 0x79, 0x01, 0x01,
  0xd7, 0x13, 0xfe, 0xab, 0x33, 0x4b, 0x70, 0x79, 0x01, 0x02, 0xb7, 0xd6, 0xfe, 0xbc, 0xb1, 0x40,
  0x8b, 0xf5, 0xc5, 0x01, 0x64, 0x38, 0xd7, 0x01, 0x47, 0xaf, 0x46, 0x70, 0xdf, 0xc7, 0xfe, 0xb0,
  0x41, 0x8b, 0x5f, 0x02, 0xc1, 0x3c, 0xe8, 0xe2, 0x07, 0x76, 0x5f, 0xfd, 0x49, 0x33, 0xec, 0xe0,
  0x00, 0x02, 0x00, 0x78, 0x00, 0x00, 0x04, 0x07, 0x05, 0xb0, 0x00, 0x0b, 0x00, 0x15, 0x00, 0x00,
  0x01, 0x11, 0x33, 0x32, 0x16, 0x10, 0x06, 0x23, 0x23, 0x11, 0x21, 0x11, 0x01, 0x11, 0x33, 0x32,
  0x36, 0x35, 0x34, 0x26, 0x23, 0x23, 0x01, 0x93, 0x9f, 0xdb, 0xfa, 0xfa, 0xda, 0xa0, 0xfe, 0xe5,
  0x01, 0x1b, 0xa2, 0x55, 0x62, 0x60, 0x57, 0x9e, 0x05, 0xb0, 0xfe, 0xf5, 0xf4, 0xfe, 0x62, 0xf5,
  0xfe, 0xe2, 0x05, 0xb0, 0xfe, 0x0f, 0xfe, 0x4a, 0x72, 0x65, 0x64, 0x76, 0x00, 0x01, 0x00, 0x81,
  0xff, 0xec, 0x04, 0x35, 0x06, 0x17, 0x00, 0x28, 0x00, 0x00, 0x21, 0x21, 0x11, 0x34, 0x36, 0x33,
  0x32, 0x16, 0x15, 0x14, 0x06, 0x15, 0x14, 0x1e, 0x02, 0x15, 0x14, 0x06, 0x23, 0x22, 0x26, 0x27,
  0x37, 0x16, 0x33, 0x32, 0x35, 0x34, 0x2e, 0x02, 0x35, 0x34, 0x36, 0x35, 0x34, 0x26, 0x23, 0x22,
  0x07, 0x01, 0x9b, 0xfe, 0xe6, 0xde, 0xc9, 0xac, 0xc9, 0x58, 0x2d, 0x86, 0x3d, 0xc0, 0xc4, 0x43,
  0x80, 0x22, 0x33, 0x4b, 0x62, 0x6f, 0x32, 0x82, 0x3c, 0x5b, 0x3f, 0x36, 0x72, 0x04, 0x04, 0x4d,
  0xda, 0xf0, 0xc8, 0xaa, 0x6b, 0xb0, 0x4b, 0x24, 0x49, 0x98, 0x8c, 0x4b, 0xb2, 0xc5, 0x20, 0x18,
  0xe6, 0x33, 0x87, 0x2d, 0x52, 0x85, 0x83, 0x4d, 0x60, 0xb6, 0x4e, 0x45, 0x52, 0xd1, 0x00, 0x03,
  0x00, 0x47, 0xff, 0xec, 0x05, 0x98, 0x04, 0x50, 0x00, 0x29, 0x00, 0x32, 0x00, 0x39, 0x00, 0x00,
  0x05, 0x22, 0x27, 0x06, 0x06, 0x23, 0x22, 0x26, 0x35, 0x34, 0x36, 0x37, 0x33, 0x35, 0x34, 0x26,
  0x23, 0x22, 0x06, 0x15, 0x25, 0x34, 0x36, 0x33, 0x32, 0x17, 0x36, 0x17, 0x32, 0x12, 0x17, 0x15,
  0x21, 0x16, 0x16, 0x33, 0x32, 0x36, 0x37, 0x17, 0x06, 0x06, 0x25, 0x32, 0x37, 0x35, 0x23, 0x22,
  0x06, 0x15, 0x14, 0x01, 0x22, 0x07, 0x21, 0x35, 0x34, 0x26, 0x04, 0x27, 0xcd, 0x77, 0x38, 0xa8,
  0x64, 0xa2, 0xb6, 0xd3, 0xd0, 0x7d, 0x3a, 0x34, 0x39, 0x40, 0xfe, 0xe6, 0xe2, 0xb4, 0xaa, 0x64,
  0x6a, 0x9f, 0xb5, 0xce, 0x02, 0xfd, 0xe4, 0x09, 0x67, 0x5a, 0x3f, 0x6a, 0x48, 0x48, 0x30, 0xc2,
  0xfd, 0x4a, 0x48, 0x48, 0x73, 0x3f, 0x53, 0x02, 0xb1, 0x84, 0x12, 0x01, 0x06, 0x35, 0x14, 0x88,
  0x42, 0x46, 0xb3, 0xa0, 0x9d, 0xac, 0x02, 0x37, 0x4c, 0x56, 0x48, 0x33, 0x13, 0x96, 0xbd, 0x5e,
  0x60, 0x02, 0xfe, 0xfc, 0xdf, 0xaa, 0x73, 0x78, 0x20, 0x2d, 0xbf, 0x30, 0x48, 0xd5, 0x43, 0xc8,
  0x51, 0x40, 0x7a, 0x02, 0xa2, 0xdf, 0x1c, 0x57, 0x6c, 0x00, 0x00, 0x02, 0x00, 0x4b, 0xff, 0xec,
  0x03, 0xbf, 0x06, 0x2b, 0x00, 0x1d, 0x00, 0x2a, 0x00, 0x00, 0x01, 0x16, 0x12, 0x15, 0x15, 0x14,
  0x02, 0x06, 0x23, 0x22, 0x26, 0x26, 0x35, 0x34, 0x12, 0x33, 0x32, 0x17, 0x26, 0x27, 0x07, 0x27,
  0x37, 0x26, 0x27, 0x37, 0x16, 0x17, 0x37, 0x17, 0x03, 0x27, 0x26, 0x23, 0x22, 0x06, 0x15, 0x14,
  0x16, 0x33, 0x32, 0x36, 0x35, 0x02, 0xdd, 0x6a, 0x78, 0x74, 0xd0, 0x81, 0x7b, 0xc6, 0x6e, 0xce,
  0xb2, 0x66, 0x51, 0x2b, 0x55, 0x9a, 0x49, 0x80, 0x5f, 0x79, 0x59, 0xc6, 0x96, 0x8d, 0x48, 0xad,
  0x01, 0x32, 0x64, 0x50, 0x56, 0x54, 0x43, 0x4e, 0x58, 0x05, 0x1b, 0x7b, 0xfe, 0xb5, 0xcb, 0x48,
  0xac, 0xfe, 0xee, 0x98, 0x7f, 0xe1, 0x88, 0xe3, 0x01, 0x0e, 0x3c, 0x8f, 0x63, 0x72, 0x72, 0x5e,
  0x49, 0x28, 0xe1, 0x31, 0x7e, 0x68, 0x73, 0xfd, 0x1b, 0x13, 0x4a, 0x91, 0x84, 0x70, 0x8d, 0xb5,
  0x9d, 0x00, 0x00, 0x03, 0x00, 0x47, 0x00, 0x7e, 0x03, 0xad, 0x04, 0xd9, 0x00, 0x03, 0x00, 0x0e,
  0x00, 0x1a, 0x00, 0x00, 0x01, 0x21, 0x35, 0x21, 0x01, 0x34, 0x36, 0x33, 0x32, 0x16, 0x14, 0x06,
  0x23, 0x22, 0x26, 0x11, 0x34, 0x36, 0x33, 0x32, 0x16, 0x15, 0x14, 0x06, 0x23, 0x22, 0x26, 0x03,
  0xad, 0xfc, 0x9a, 0x03, 0x66, 0xfd, 0xb0, 0x55, 0x47, 0x49, 0x53, 0x54, 0x48, 0x47, 0x55, 0x58,
  0x44, 0x45, 0x57, 0x54, 0x48, 0x47, 0x55, 0x02, 0x3a, 0xe8, 0x01, 0x1f, 0x43, 0x55, 0x56, 0x84,
  0x55, 0x55, 0xfd, 0x16, 0x45, 0x54, 0x54, 0x45, 0x42, 0x55, 0x55, 0x00, 0x00, 0x03, 0x00, 0x47,
  0xff, 0x72, 0x03, 0xb2, 0x04, 0xc0, 0x00, 0x13, 0x00, 0x1b, 0x00, 0x23, 0x00, 0x00, 0x13, 0x34,
  0x12, 0x33, 0x32, 0x17, 0x37, 0x33, 0x07, 0x16, 0x11, 0x14, 0x02, 0x23, 0x22, 0x27, 0x07, 0x23,
  0x37, 0x26, 0x01, 0x14, 0x17, 0x13, 0x26, 0x23, 0x22, 0x03, 0x05, 0x34, 0x27, 0x03, 0x16, 0x33,
  0x32, 0x13, 0x47, 0xee, 0xc6, 0x4f, 0x46, 0x39, 0x98, 0x57, 0xa8, 0xec, 0xc9, 0x4e, 0x40, 0x3b,
  0x98, 0x58, 0xad, 0x01, 0x1b, 0x0d, 0xc5, 0x1a, 0x1f, 0x8b, 0x0d, 0x01, 0x34, 0x0c, 0xc1, 0x15,
  0x1e, 0x8c, 0x0d, 0x02, 0x27, 0xfc, 0x01, 0x2b, 0x19, 0x8b, 0xd4, 0x94, 0xfe, 0xba, 0xfb, 0xfe,
  0xd5, 0x16, 0x90, 0xd6, 0x95, 0x01, 0x35, 0x64, 0x39, 0x01, 0xe0, 0x0e, 0xfe, 0xf4, 0x30, 0x4f,
  0x42, 0xfe, 0x29, 0x0a, 0x01, 0x08, 0x00, 0x02, 0x00, 0x69, 0xfe, 0x60, 0x03, 0xb4, 0x06, 0x00,
  0x00, 0x0e, 0x00, 0x18, 0x00, 0x00, 0x01, 0x14, 0x02, 0x23, 0x22, 0x27, 0x11, 0x21, 0x11, 0x21,
  0x11, 0x36, 0x33, 0x32, 0x12, 0x01, 0x10, 0x23, 0x22, 0x07, 0x11, 0x16, 0x33, 0x32, 0x36, 0x03,
  0xb4, 0xc0, 0xa3, 0x7e, 0x4f, 0xfe, 0xe5, 0x01, 0x1b, 0x4f, 0x7b, 0xa9, 0xbd, 0xfe, 0xe5, 0x97,
  0x57, 0x27, 0x26, 0x5a, 0x4a, 0x4b, 0x02, 0x14, 0xfb, 0xfe, 0xd3, 0x5c, 0xfe, 0x18, 0x07, 0xa0,
  0xfd, 0xf5, 0x59, 0xfe, 0xdd, 0xfe, 0xfe, 0x01, 0x38, 0x54, 0xfe, 0x1b, 0x51, 0xa0, 0x00, 0x02,
  0x00, 0x41, 0xff, 0xec, 0x04, 0x11, 0x06, 0x00, 0x00, 0x16, 0x00, 0x20, 0x00, 0x00, 0x01, 0x23,
  0x11, 0x21, 0x27, 0x06, 0x23, 0x22, 0x02, 0x11, 0x34, 0x12, 0x33, 0x32, 0x17, 0x35, 0x23, 0x35,
  0x33, 0x35, 0x21, 0x15, 0x33, 0x01, 0x10, 0x33, 0x32, 0x37, 0x11, 0x26, 0x23, 0x22, 0x06, 0x04,
  0x11, 0x83, 0xff, 0x00, 0x0c, 0x56, 0x85, 0xa2, 0xc4, 0xbf, 0xa8, 0x78, 0x51, 0xbf, 0xbf, 0x01,
  0x1d, 0x83, 0xfd, 0x4c, 0x95, 0x56, 0x29, 0x29, 0x55, 0x48, 0x4e, 0x04, 0xc2, 0xfb, 0x3e, 0x60,
  0x74, 0x01, 0x2c, 0x01, 0x0d, 0xfd, 0x01, 0x2c, 0x5e, 0xd2, 0xb7, 0x87, 0x87, 0xfc, 0x97, 0xfe,
  0xc8, 0x57, 0x01, 0xd5, 0x5d, 0x9c, 0x00, 0x02, 0x00, 0x31, 0x00, 0x00, 0x04, 0xea, 0x05, 0xb0,
  0x00, 0x13, 0x00, 0x17, 0x00, 0x00, 0x01, 0x33, 0x15, 0x23, 0x11, 0x21, 0x11, 0x21, 0x11, 0x21,
  0x11, 0x23, 0x35, 0x33, 0x35, 0x21, 0x15, 0x21, 0x35, 0x21, 0x01, 0x21, 0x35, 0x21, 0x04, 0x88,
  0x62, 0x62, 0xfe, 0xdb, 0xfe, 0x4f, 0xfe, 0xda, 0x5b, 0x5b, 0x01, 0x26, 0x01, 0xb1, 0x01, 0x25,
  0xfd, 0x2a, 0x01, 0xb1, 0xfe, 0x4f, 0x04, 0xc9, 0xae, 0xfb, 0xe5, 0x02, 0x6f, 0xfd, 0x91, 0x04,
  0x1b, 0xae, 0xe7, 0xe7, 0xe7, 0xfd, 0xb3, 0xb8, 0x00, 0x01, 0x00, 0x7c, 0x00, 0x00, 0x01, 0x97,
  0x04, 0x3a, 0x00, 0x03, 0x00, 0x00, 0x21, 0x21, 0x11, 0x21, 0x01, 0x97, 0xfe, 0xe5, 0x01, 0x1b,
  0x04, 0x3a, 0x00, 0x01, 0x00, 0x7a, 0x00, 0x00, 0x04, 0x04, 0x04, 0x3a, 0x00, 0x0c, 0x00, 0x00,
  0x01, 0x23, 0x11, 0x21, 0x11, 0x21, 0x11, 0x33, 0x13, 0x21, 0x01, 0x01, 0x21, 0x01, 0xe6, 0x51,
  0xfe, 0xe5, 0x01, 0x1b, 0x3a, 0xc9, 0x01, 0x65, 0xfe, 0xd0, 0x01, 0x37, 0xfe, 0x95, 0x01, 0x8d,
  0xfe, 0x73, 0x04, 0x3a, 0xfe, 0x6a, 0x01, 0x96, 0xfe, 0x06, 0xfd, 0xc0, 0x00, 0x01, 0x00, 0x30,
  0x00, 0x00, 0x03, 0xc2, 0x05, 0xb0, 0x00, 0x0d, 0x00, 0x00, 0x01, 0x37, 0x15, 0x07, 0x11, 0x21,
  0x15, 0x21, 0x11, 0x07, 0x35, 0x37, 0x11, 0x21, 0x01, 0xbe, 0x9e, 0x9e, 0x02, 0x04, 0xfc, 0xd6,
  0x68, 0x68, 0x01, 0x26, 0x03, 0x88, 0x35, 0xa6, 0x35, 0xfe, 0x12, 0xf4, 0x02, 0x7f, 0x23, 0xa6,
  0x23, 0x02, 0x8b, 0x00, 0x00, 0x01, 0x00, 0x2f, 0x00, 0x00, 0x02, 0x19, 0x06, 0x00, 0x00, 0x0b,
  0x00, 0x00, 0x01, 0x37, 0x15, 0x07, 0x11, 0x21, 0x11, 0x07, 0x35, 0x37, 0x11, 0x21, 0x01, 0xac,
  0x6d, 0x6d, 0xfe, 0xe4, 0x61, 0x61, 0x01, 0x1c, 0x03, 0x93, 0x2a, 0xa7, 0x2a, 0xfd, 0x14, 0x02,
  0x80, 0x25, 0xa7, 0x25, 0x02, 0xd9, 0x00, 0x01, 0x00, 0x74, 0xfe, 0x4b, 0x04, 0x6e, 0x05, 0xb0,
  0x00, 0x13, 0x00, 0x00, 0x01, 0x11, 0x14, 0x06, 0x23, 0x22, 0x27, 0x37, 0x16, 0x33, 0x32, 0x35,
  0x35, 0x01, 0x11, 0x21, 0x11, 0x21, 0x01, 0x11, 0x04, 0x6e, 0xb6, 0xa1, 0x46, 0x3c, 0x0b, 0x2a,
  0x2a, 0x53, 0xfe, 0x53, 0xfe, 0xda, 0x01, 0x26, 0x01, 0xad, 0x05, 0xb0, 0xfa, 0x39, 0xc8, 0xd6,
  0x11, 0xf0, 0x0c, 0xae, 0x12, 0x03, 0x86, 0xfc, 0x7a, 0x05, 0xb0, 0xfc, 0x7d, 0x03, 0x83, 0x00,
  0x00, 0x01, 0x00, 0x64, 0xfe, 0x4b, 0x03, 0x93, 0x04, 0x4e, 0x00, 0x1a, 0x00, 0x00, 0x01, 0x17,
  0x36, 0x33, 0x32, 0x16, 0x17, 0x11, 0x14, 0x06, 0x23, 0x22, 0x27, 0x37, 0x16, 0x33, 0x32, 0x35,
  0x11, 0x34, 0x26, 0x23, 0x22, 0x07, 0x11, 0x21, 0x11, 0x01, 0x6c, 0x0c, 0x5f, 0x99, 0x8e, 0x92,
  0x03, 0xb2, 0x9e, 0x43, 0x38, 0x0c, 0x27, 0x29, 0x53, 0x34, 0x3e, 0x52, 0x34, 0xfe, 0xe5, 0x04,
  0x3a, 0x8f, 0xa3, 0xda, 0xcf, 0xfd, 0x3a, 0xc2, 0xd2, 0x11, 0xe9, 0x0c, 0xab, 0x02, 0xaf, 0x6d,
  0x61, 0x47, 0xfc, 0xe6, 0x04, 0x3a, 0x00, 0x02, 0x00, 0x62, 0xff, 0xec, 0x06, 0x4b, 0x05, 0xc4,
  0x00, 0x17, 0x00, 0x23, 0x00, 0x00, 0x21, 0x21, 0x06, 0x23, 0x22, 0x26, 0x02, 0x27, 0x11, 0x34,
  0x12, 0x36, 0x33, 0x32, 0x17, 0x21, 0x15, 0x21, 0x11, 0x21, 0x15, 0x21, 0x11, 0x21, 0x05, 0x32,
  0x37, 0x11, 0x26, 0x23, 0x22, 0x06, 0x15, 0x11, 0x14, 0x16, 0x06, 0x4b, 0xfd, 0x0e, 0x89, 0x62,
  0x97, 0xee, 0x84, 0x03, 0x84, 0xee, 0x98, 0x64, 0x89, 0x02, 0xf0, 0xfd, 0xe4, 0x01, 0xc9, 0xfe,
  0x37, 0x02, 0x1e, 0xfc, 0x23, 0x51, 0x48, 0x59, 0x42, 0x6f, 0x80, 0x82, 0x14, 0x93, 0x01, 0x0a,
  0xa7, 0x01, 0x40, 0xad, 0x01, 0x12, 0x95, 0x14, 0xf5, 0xfe, 0xa8, 0xed, 0xfe, 0x7e, 0x1e, 0x0c,
  0x03, 0xeb, 0x0c, 0xb4, 0xb3, 0xfe, 0xce, 0xb5, 0xb5, 0x00, 0x00, 0x03, 0x00, 0x58, 0xff, 0xec,
  0x05, 0xd6, 0x04, 0x50, 0x00, 0x1d, 0x00, 0x28, 0x00, 0x2e, 0x00, 0x00, 0x13, 0x34, 0x12, 0x33,
  0x32, 0x17, 0x36, 0x17, 0x32, 0x16, 0x15, 0x15, 0x21, 0x16, 0x16, 0x33, 0x32, 0x37, 0x37, 0x17,
  0x07, 0x06, 0x23, 0x22, 0x27, 0x06, 0x23, 0x22, 0x02, 0x11, 0x05, 0x14, 0x16, 0x33, 0x32, 0x13,
  0x37, 0x10, 0x23, 0x22, 0x03, 0x01, 0x22, 0x07, 0x33, 0x35, 0x34, 0x58, 0xeb, 0xc7, 0xb7, 0x72,
  0x6e, 0xaa, 0xb9, 0xd2, 0xfd, 0xf3, 0x0c, 0x61, 0x4e, 0x6a, 0x54, 0x38, 0x4b, 0x1e, 0x83, 0xbf,
  0xba, 0x76, 0x71, 0xb9, 0xc9, 0xea, 0x01, 0x1b, 0x4c, 0x4c, 0x8a, 0x0c, 0x01, 0x98, 0x8a, 0x0c,
  0x02, 0xd7, 0x6d, 0x13, 0xf6, 0x02, 0x27, 0xfc, 0x01, 0x2b, 0x7d, 0x7f, 0x02, 0xff, 0xee, 0xa0,
  0x74, 0x77, 0x2d, 0x20, 0xbc, 0x19, 0x62, 0x7e, 0x7e, 0x01, 0x2a, 0x01, 0x03, 0x07, 0xa2, 0x9a,
  0x01, 0x06, 0x4b, 0x01, 0x3c, 0xfe, 0xf7, 0x01, 0x09, 0xdc, 0x1a, 0xc2, 0x00, 0x01, 0x00, 0x6c,
  0x00, 0x00, 0x02, 0x5b, 0x06, 0x15, 0x00, 0x0c, 0x00, 0x00, 0x33, 0x11, 0x36, 0x36, 0x33, 0x32,
  0x17, 0x07, 0x26, 0x23, 0x22, 0x15, 0x11, 0x6c, 0x01, 0xbb, 0xa7, 0x36, 0x56, 0x18, 0x25, 0x29,
  0x6e, 0x04, 0x9a, 0xb7, 0xc4, 0x15, 0xe1, 0x0b, 0x99, 0xfb, 0x6f, 0x00, 0x00, 0x01, 0xff, 0xd9,
  0xfe, 0x4b, 0x01, 0xa7, 0x04, 0x3a, 0x00, 0x0c, 0x00, 0x00, 0x01, 0x11, 0x06, 0x06, 0x23, 0x22,
  0x27, 0x37, 0x16, 0x33, 0x32, 0x35, 0x11, 0x01, 0xa7, 0x02, 0xb1, 0x9d, 0x46, 0x38, 0x0d, 0x2b,
  0x27, 0x54, 0x04, 0x3a, 0xfb, 0x9e, 0xbf, 0xce, 0x11, 0xe7, 0x0d, 0xaf, 0x04, 0x55, 0x00, 0x01,
  0x00, 0x76, 0x04, 0xdc, 0x03, 0x25, 0x06, 0x00, 0x00, 0x08, 0x00, 0x00, 0x01, 0x15, 0x23, 0x27,
  0x07, 0x23, 0x35, 0x01, 0x33, 0x03, 0x25, 0xdd, 0x7d, 0x7d, 0xd8, 0x01, 0x04, 0xa2, 0x04, 0xe8,
  0x0c, 0x90, 0x90, 0x10, 0x01, 0x14, 0x00, 0x01, 0x00, 0x51, 0x04, 0xdd, 0x03, 0x18, 0x06, 0x01,
  0x00, 0x08, 0x00, 0x00, 0x01, 0x37, 0x33, 0x15, 0x01, 0x23, 0x01, 0x35, 0x33, 0x01, 0xb4, 0x74,
  0xf0, 0xfe, 0xf4, 0xb0, 0xfe, 0xf5, 0xf0, 0x05, 0x73, 0x8e, 0x0b, 0xfe, 0xe7, 0x01, 0x1b, 0x09,
  0x00, 0x01, 0x00, 0x69, 0x04, 0xce, 0x03, 0x20, 0x05, 0xf7, 0x00, 0x0d, 0x00, 0x00, 0x01, 0x14,
  0x06, 0x23, 0x22, 0x26, 0x35, 0x33, 0x14, 0x16, 0x33, 0x32, 0x36, 0x35, 0x03, 0x20, 0xbf, 0x9c,
  0x9d, 0xbf, 0xcf, 0x4b, 0x42, 0x41, 0x4a, 0x05, 0xf7, 0x85, 0xa4, 0xa4, 0x85, 0x3e, 0x45, 0x45,
  0x3e, 0x00, 0x00, 0x01, 0x00, 0x76, 0x04, 0xd6, 0x01, 0xa0, 0x05, 0xe8, 0x00, 0x09, 0x00, 0x00,
  0x13, 0x34, 0x36, 0x32, 0x16, 0x15, 0x14, 0x06, 0x22, 0x26, 0x76, 0x54, 0x82, 0x54, 0x50, 0x8a,
  0x50, 0x05, 0x5e, 0x3e, 0x4c, 0x4c, 0x3e, 0x3c, 0x4c, 0x4c, 0x00, 0x02, 0x00, 0x77, 0x04, 0x62,
  0x02, 0x35, 0x05, 0xf8, 0x00, 0x0b, 0x00, 0x16, 0x00, 0x00, 0x13, 0x34, 0x36, 0x33, 0x32, 0x16,
  0x15, 0x14, 0x06, 0x23, 0x22, 0x26, 0x17, 0x32, 0x36, 0x35, 0x34, 0x26, 0x23, 0x22, 0x06, 0x14,
  0x16, 0x77, 0x82, 0x5d, 0x5c, 0x83, 0x80, 0x5f, 0x61, 0x7e, 0xdf, 0x32, 0x3a, 0x3b, 0x31, 0x2f,
  0x3c, 0x3d, 0x05, 0x2b, 0x56, 0x77, 0x75, 0x58, 0x55, 0x74, 0x76, 0x18, 0x3e, 0x2d, 0x2e, 0x3f,
  0x3e, 0x5e, 0x3c, 0x00, 0x00, 0x01, 0x00, 0x2a, 0xfe, 0x5a, 0x01, 0x87, 0x00, 0x3c, 0x00, 0x0f,
  0x00, 0x00, 0x21, 0x06, 0x06, 0x15, 0x14, 0x33, 0x32, 0x37, 0x17, 0x06, 0x23, 0x22, 0x26, 0x34,
  0x36, 0x37, 0x01, 0x77, 0x40, 0x3c, 0x33, 0x19, 0x25, 0x1b, 0x41, 0x51, 0x5b, 0x70, 0x5c, 0x62,
  0x2a, 0x50, 0x35, 0x41, 0x14, 0x9e, 0x2c, 0x72, 0xbe, 0x81, 0x31, 0x00, 0x00, 0x01, 0x00, 0x7b,
  0x04, 0xe1, 0x03, 0x06, 0x06, 0x00, 0x00, 0x17, 0x00, 0x00, 0x01, 0x14, 0x06, 0x23, 0x22, 0x2e,
  0x02, 0x23, 0x22, 0x06, 0x15, 0x27, 0x34, 0x36, 0x33, 0x32, 0x1e, 0x02, 0x33, 0x32, 0x36, 0x35,
  0x03, 0x06, 0x71, 0x56, 0x20, 0x31, 0x59, 0x25, 0x16, 0x1b, 0x24, 0xa0, 0x72, 0x53, 0x16, 0x29,
  0x65, 0x2c, 0x16, 0x1a, 0x27, 0x05, 0xf4, 0x6f, 0x9b, 0x12, 0x38, 0x0c, 0x31, 0x2e, 0x09, 0x6f,
  0x9d, 0x0d, 0x39, 0x0f, 0x31, 0x2e, 0x00, 0x02, 0x00, 0x35, 0x04, 0xd2, 0x03, 0x1c, 0x05, 0xff,
  0x00, 0x03, 0x00, 0x07, 0x00, 0x00, 0x01, 0x33, 0x03, 0x23, 0x03, 0x33, 0x03, 0x23, 0x02, 0x25,
  0xf7, 0xdc, 0xcf, 0xa7, 0xf4, 0xbf, 0xca, 0x05, 0xff, 0xfe, 0xd3, 0x01, 0x2d, 0xfe, 0xd3, 0x00,
  0xff, 0xff, 0x00, 0x97, 0x02, 0x52, 0x04, 0x03, 0x03, 0x40, 0x00, 0x46, 0x00, 0xa6, 0xef, 0x00,
  0x4c, 0xcd, 0x40, 0x00, 0xff, 0xff, 0x00, 0x7a, 0x02, 0x52, 0x05, 0x0a, 0x03, 0x40, 0x00, 0x46,
  0x00, 0xa6, 0x9a, 0x00, 0x66, 0x66, 0x40, 0x00, 0x00, 0x01, 0x00, 0x6c, 0x04, 0x17, 0x01, 0x94,
  0x06, 0x23, 0x00, 0x09, 0x00, 0x00, 0x01, 0x17, 0x06, 0x07, 0x15, 0x23, 0x35, 0x36, 0x37, 0x36,
  0x01, 0x12, 0x82, 0x48, 0x03, 0xdd, 0x01, 0x2a, 0x2e, 0x06, 0x23, 0x4f, 0x8f, 0x83, 0xab, 0x9b,
  0x58, 0x63, 0x6b, 0x00, 0x00, 0x01, 0x00, 0x43, 0x03, 0xf1, 0x01, 0x6b, 0x06, 0x00, 0x00, 0x08,
  0x00, 0x00, 0x13, 0x27, 0x36, 0x37, 0x35, 0x33, 0x15, 0x06, 0x06, 0xc5, 0x82, 0x47, 0x03, 0xde,
  0x01, 0x5d, 0x03, 0xf1, 0x4f, 0x8d, 0x85, 0xae, 0x9e, 0x5b, 0xd3, 0x00, 0xff, 0xff, 0x00, 0x75,
  0x04, 0x17, 0x02, 0xd7, 0x06, 0x23, 0x00, 0x26, 0x00, 0x9e, 0x09, 0x00, 0x00, 0x07, 0x00, 0x9e,
  0x01, 0x43, 0x00, 0x00, 0xff, 0xff, 0x00, 0x51, 0x03, 0xf1, 0x02, 0xb8, 0x06, 0x00, 0x00, 0x26,
  0x00, 0x9f, 0x0e, 0x00, 0x00, 0x07, 0x00, 0x9f, 0x01, 0x4d, 0x00, 0x00, 0xff, 0xff, 0x00, 0x80,
  0xff, 0xf5, 0x04, 0xfa, 0x01, 0x2c, 0x00, 0x26, 0x00, 0x0f, 0x02, 0x00, 0x00, 0x27, 0x00, 0x0f,
  0x01, 0x9d, 0x00, 0x00, 0x00, 0x07, 0x00, 0x0f, 0x03, 0x33, 0x00, 0x00, 0x00, 0x01, 0x00, 0x6f,
  0x00, 0x7c, 0x02, 0x07, 0x03, 0x9b, 0x00, 0x06, 0x00, 0x00, 0x01, 0x13, 0x23, 0x03, 0x35, 0x13,
  0x33, 0x01, 0x47, 0xc0, 0xaf, 0xe9, 0xe9, 0xaf, 0x02, 0x0b, 0xfe, 0x71, 0x01, 0x86, 0x13, 0x01,
  0x86, 0x00, 0x00, 0x01, 0x00, 0x53, 0x00, 0x7c, 0x01, 0xed, 0x03, 0x9b, 0x00, 0x06, 0x00, 0x00,
  0x01, 0x13, 0x15, 0x03, 0x23, 0x13, 0x03, 0x01, 0x04, 0xe9, 0xe9, 0xb1, 0xc1, 0xc1, 0x03, 0x9b,
  0xfe, 0x7a, 0x13, 0xfe, 0x7a, 0x01, 0x8f, 0x01, 0x90, 0x00, 0x00, 0x01, 0x00, 0x27, 0x00, 0x6d,
  0x03, 0x03, 0x05, 0x2b, 0x00, 0x03, 0x00, 0x00, 0x37, 0x27, 0x01, 0x17, 0xad, 0x86, 0x02, 0x55,
  0x87, 0x6d, 0x4c, 0x04, 0x72, 0x4c, 0x00, 0x01, 0x00, 0x8c, 0x02, 0x52, 0x03, 0x66, 0x03, 0x40,
  0x00, 0x03, 0x00, 0x00, 0x01, 0x21, 0x35, 0x21, 0x03, 0x66, 0xfd, 0x26, 0x02, 0xda, 0x02, 0x52,
  0xee, 0x00, 0x00, 0x01, 0x00, 0x2f, 0xff, 0x6b, 0x01, 0x3c, 0x01, 0x14, 0x00, 0x08, 0x00, 0x00,
  0x17, 0x27, 0x36, 0x37, 0x35, 0x33, 0x15, 0x06, 0x06, 0xb9, 0x8a, 0x3e, 0x03, 0xcc, 0x01, 0x49,
  0x95, 0x4f, 0x77, 0x79, 0x6a, 0x4c, 0x5b, 0xc3, 0x00, 0x01, 0x00, 0x3d, 0x00, 0x00, 0x02, 0x61,
  0x03, 0x20, 0x00, 0x17, 0x00, 0x00, 0x21, 0x21, 0x35, 0x13, 0x36, 0x36, 0x35, 0x34, 0x23, 0x22,
  0x06, 0x15, 0x23, 0x34, 0x36, 0x33, 0x32, 0x16, 0x15, 0x14, 0x06, 0x07, 0x07, 0x21, 0x02, 0x61,
  0xfd, 0xeb, 0xf0, 0x2b, 0x26, 0x40, 0x22, 0x27, 0xc7, 0x94, 0x73, 0x83, 0x8b, 0x47, 0x76, 0x45,
  0x01, 0x11, 0x8a, 0x01, 0x01, 0x31, 0x54, 0x17, 0x54, 0x3d, 0x31, 0x76, 0x9d, 0x81, 0x77, 0x4d,
  0x79, 0x68, 0x55, 0x00, 0x00, 0x01, 0x00, 0x87, 0x00, 0x00, 0x01, 0xe0, 0x03, 0x12, 0x00, 0x06,
  0x00, 0x00, 0x21, 0x23, 0x11, 0x07, 0x35, 0x25, 0x33, 0x01, 0xe0, 0xc5, 0x94, 0x01, 0x47, 0x12,
  0x02, 0x23, 0x29, 0x9f, 0x79, 0x00, 0x00, 0x01, 0x00, 0x37, 0xff, 0xf5, 0x02, 0x64, 0x03, 0x20,
  0x00, 0x24, 0x00, 0x00, 0x13, 0x33, 0x32, 0x35, 0x34, 0x26, 0x23, 0x22, 0x06, 0x15, 0x23, 0x34,
  0x36, 0x33, 0x32, 0x16, 0x15, 0x14, 0x07, 0x16, 0x15, 0x14, 0x06, 0x23, 0x22, 0x26, 0x35, 0x33,
  0x14, 0x16, 0x33, 0x32, 0x36, 0x35, 0x34, 0x27, 0x23, 0xfa, 0x4b, 0x4e, 0x27, 0x22, 0x1b, 0x28,
  0xc5, 0x91, 0x71, 0x81, 0x93, 0x74, 0x80, 0xa0, 0x81, 0x79, 0x93, 0xc7, 0x2b, 0x27, 0x2b, 0x23,
  0x52, 0x52, 0x01, 0xd7, 0x57, 0x24, 0x29, 0x1f, 0x1d, 0x65, 0x7c, 0x78, 0x6a, 0x77, 0x32, 0x29,
  0x8f, 0x6a, 0x7e, 0x85, 0x72, 0x20, 0x32, 0x35, 0x23, 0x5a, 0x02, 0x00, 0x00, 0x02, 0x00, 0x3f,
  0x00, 0x00, 0x02, 0x66, 0x03, 0x15, 0x00, 0x0a, 0x00, 0x0e, 0x00, 0x00, 0x01, 0x33, 0x15, 0x23,
  0x15, 0x23, 0x35, 0x21, 0x27, 0x01, 0x33, 0x01, 0x33, 0x35, 0x07, 0x02, 0x26, 0x40, 0x40, 0xc5,
  0xfe, 0xea, 0x0c, 0x01, 0x22, 0xc5, 0xfe, 0xd2, 0x69, 0x08, 0x01, 0x47, 0xa8, 0x9f, 0x9f, 0x88,
  0x01, 0xee, 0xfe, 0x32, 0xc9, 0x0d, 0x00, 0x01, 0x00, 0x82, 0x04, 0x47, 0x01, 0x98, 0x06, 0x15,
  0x00, 0x08, 0x00, 0x00, 0x01, 0x17, 0x06, 0x07, 0x07, 0x23, 0x35, 0x36, 0x36, 0x01, 0x09, 0x8f,
  0x3a, 0x03, 0x01, 0xd8, 0x01, 0x4c, 0x06, 0x15, 0x4d, 0x77, 0x7f, 0x8b, 0x8c, 0x69, 0xb1, 0x00,
  0xff, 0xff, 0x00, 0x7b, 0x01, 0xfa, 0x02, 0x64, 0x02, 0xe6, 0x02, 0x06, 0x00, 0x0e, 0x00, 0x00,
  0x00, 0x02, 0xff, 0xf7, 0x00, 0x00, 0x04, 0x45, 0x05, 0xb0, 0x00, 0x0d, 0x00, 0x1b, 0x00, 0x00,
  0x33, 0x11, 0x23, 0x35, 0x33, 0x11, 0x21, 0x32, 0x00, 0x13, 0x15, 0x10, 0x00, 0x21, 0x13, 0x23,
  0x11, 0x33, 0x36, 0x36, 0x37, 0x35, 0x34, 0x26, 0x27, 0x23, 0x11, 0x33, 0x93, 0x9c, 0x9c, 0x01,
  0x81, 0xff, 0x01, 0x2f, 0x03, 0xfe, 0xd1, 0xfe, 0xf6, 0x4a, 0x9d, 0x66, 0x8b, 0x72, 0x03, 0x72,
  0x89, 0x6b, 0x9d, 0x02, 0x81, 0xb7, 0x02, 0x78, 0xfe, 0xbc, 0xfe, 0xe6, 0xec, 0xfe, 0xe1, 0xfe,
  0xb9, 0x02, 0x81, 0xfe, 0x73, 0x03, 0x9d, 0xbc, 0xfa, 0xcc, 0xa1, 0x04, 0xfe, 0x7d, 0x00, 0x02,
  0xff, 0xf7, 0x00, 0x00, 0x04, 0x45, 0x05, 0xb0, 0x00, 0x0d, 0x00, 0x1b, 0x00, 0x00, 0x33, 0x11,
  0x23, 0x35, 0x33, 0x11, 0x21, 0x32, 0x00, 0x13, 0x15, 0x10, 0x00, 0x21, 0x13, 0x23, 0x11, 0x33,
  0x36, 0x36, 0x37, 0x35, 0x34, 0x26, 0x27, 0x23, 0x11, 0x33, 0x93, 0x9c, 0x9c, 0x01, 0x81, 0xff,
  0x01, 0x2f, 0x03, 0xfe, 0xd1, 0xfe, 0xf6, 0x4a, 0x9d, 0x66, 0x8b, 0x72, 0x03, 0x72, 0x89, 0x6b,
  0x9d, 0x02, 0x81, 0xb7, 0x02, 0x78, 0xfe, 0xbc, 0xfe, 0xe6, 0xec, 0xfe, 0xe1, 0xfe, 0xb9, 0x02,
  0x81, 0xfe, 0x73, 0x03, 0x9d, 0xbc, 0xfa, 0xcc, 0xa1, 0x04, 0xfe, 0x7d, 0x00, 0x01, 0xff, 0xdb,
  0x00, 0x00, 0x03, 0xaa, 0x06, 0x00, 0x00, 0x19, 0x00, 0x00, 0x01, 0x23, 0x15, 0x36, 0x33, 0x32,
  0x16, 0x17, 0x11, 0x21, 0x11, 0x34, 0x26, 0x23, 0x22, 0x07, 0x11, 0x21, 0x11, 0x23, 0x35, 0x33,
  0x35, 0x21, 0x15, 0x33, 0x02, 0x3a, 0xa1, 0x5c, 0x86, 0x94, 0x9a, 0x01, 0xfe, 0xe4, 0x3b, 0x42,
  0x4d, 0x2b, 0xfe, 0xe5, 0xa3, 0xa3, 0x01, 0x1b, 0xa1, 0x04, 0xbf, 0xe4, 0x73, 0xd0, 0xce, 0xfd,
  0x50, 0x02, 0xad, 0x5f, 0x55, 0x47, 0xfc, 0xe6, 0x04, 0xbf, 0xb7, 0x8a, 0x8a, 0x00, 0x00, 0x01,
  0x00, 0x33, 0x00, 0x00, 0x04, 0x24, 0x05, 0xb0, 0x00, 0x0f, 0x00, 0x00, 0x01, 0x23, 0x11, 0x21,
  0x11, 0x23, 0x35, 0x33, 0x11, 0x21, 0x35, 0x21, 0x15, 0x21, 0x11, 0x33, 0x03, 0x4c, 0x90, 0xfe,
  0xd9, 0xa8, 0xa8, 0xfe, 0x9e, 0x03, 0xf1, 0xfe, 0x98, 0x90, 0x02, 0xea, 0xfd, 0x16, 0x02, 0xea,
  0xb7, 0x01, 0x1a, 0xf5, 0xf5, 0xfe, 0xe6, 0x00, 0x00, 0x01, 0xff, 0xf0, 0xff, 0xec, 0x02, 0x4f,
  0x05, 0x44, 0x00, 0x1c, 0x00, 0x00, 0x01, 0x11, 0x33, 0x15, 0x23, 0x15, 0x33, 0x15, 0x23, 0x15,
  0x14, 0x16, 0x33, 0x32, 0x37, 0x07, 0x06, 0x23, 0x20, 0x03, 0x35, 0x23, 0x35, 0x33, 0x35, 0x23,
  0x35, 0x33, 0x11, 0x01, 0xb0, 0x91, 0x91, 0x9f, 0x9f, 0x23, 0x32, 0x29, 0x1a, 0x02, 0x48, 0x54,
  0xfe, 0xf0, 0x05, 0xa5, 0xa5, 0x7d, 0x7d, 0x05, 0x44, 0xfe, 0xf6, 0xd5, 0x9d, 0xb7, 0xc5, 0x40,
  0x30, 0x07, 0xdc, 0x1b, 0x01, 0x35, 0xf0, 0xb7, 0x9d, 0xd5, 0x01, 0x0a, 0xff, 0xff, 0x00, 0x16,
  0x00, 0x00, 0x04, 0xb4, 0x07, 0x36, 0x02, 0x26, 0x00, 0x22, 0x00, 0x00, 0x00, 0x07, 0x00, 0x41,
  0x00, 0xbf, 0x01, 0x36, 0xff, 0xff, 0x00, 0x16, 0x00, 0x00, 0x04, 0xb4, 0x07, 0x36, 0x02, 0x26,
  0x00, 0x22, 0x00, 0x00, 0x00, 0x07, 0x00, 0x72, 0x01, 0x76, 0x01, 0x36, 0xff, 0xff, 0x00, 0x16,
  0x00, 0x00, 0x04, 0xb4, 0x07, 0x36, 0x02, 0x26, 0x00, 0x22, 0x00, 0x00, 0x00, 0x07, 0x00, 0x94,
  0x00, 0x9b, 0x01, 0x36, 0xff, 0xff, 0x00, 0x16, 0x00, 0x00, 0x04, 0xb4, 0x07, 0x33, 0x02, 0x26,
  0x00, 0x22, 0x00, 0x00, 0x00, 0x07, 0x00, 0x9a, 0x00, 0xa4, 0x01, 0x33, 0xff, 0xff, 0x00, 0x16,
  0x00, 0x00, 0x04, 0xb4, 0x07, 0x0b, 0x02, 0x26, 0x00, 0x22, 0x00, 0x00, 0x00, 0x07, 0x00, 0x67,
  0x00, 0x88, 0x01, 0x36, 0xff, 0xff, 0x00, 0x16, 0x00, 0x00, 0x04, 0xb4, 0x07, 0x8f, 0x02, 0x26,
  0x00, 0x22, 0x00, 0x00, 0x00, 0x07, 0x00, 0x98, 0x01, 0x11, 0x01, 0x97, 0xff, 0xff, 0x00, 0x5a,
  0xfe, 0x31, 0x04, 0x52, 0x05, 0xc4, 0x02, 0x26, 0x00, 0x24, 0x00, 0x00, 0x00, 0x07, 0x00, 0x76,
  0x01, 0x74, 0xff, 0xff, 0xff, 0xff, 0x00, 0x75, 0x00, 0x00, 0x03, 0xb9, 0x07, 0x39, 0x02, 0x26,
  0x00, 0x26, 0x00, 0x00, 0x00, 0x07, 0x00, 0x41, 0x00, 0x85, 0x01, 0x39, 0xff, 0xff, 0x00, 0x75,
  0x00, 0x00, 0x03, 0xb9, 0x07, 0x39, 0x02, 0x26, 0x00, 0x26, 0x00, 0x00, 0x00, 0x07, 0x00, 0x72,
  0x01, 0x3c, 0x01, 0x39, 0xff, 0xff, 0x00, 0x75, 0x00, 0x00, 0x03, 0xb9, 0x07, 0x39, 0x02, 0x26,
  0x00, 0x26, 0x00, 0x00, 0x00, 0x07, 0x00, 0x94, 0x00, 0x61, 0x01, 0x39, 0xff, 0xff, 0x00, 0x75,
  0x00, 0x00, 0x03, 0xb9, 0x07, 0x0e, 0x02, 0x26, 0x00, 0x26, 0x00, 0x00, 0x00, 0x07, 0x00, 0x67,
  0x00, 0x4e, 0x01, 0x39, 0xff, 0xff, 0xff, 0xa1, 0x00, 0x00, 0x01, 0xa8, 0x07, 0x39, 0x02, 0x26,
  0x00, 0x2a, 0x00, 0x00, 0x00, 0x07, 0x00, 0x41, 0xff, 0x6d, 0x01, 0x39, 0xff, 0xff, 0x00, 0x82,
  0x00, 0x00, 0x02, 0x8a, 0x07, 0x39, 0x02, 0x26, 0x00, 0x2a, 0x00, 0x00, 0x00, 0x07, 0x00, 0x72,
  0x00, 0x23, 0x01, 0x39, 0xff, 0xff, 0xff, 0xbf, 0x00, 0x00, 0x02, 0x6e, 0x07, 0x39, 0x02, 0x26,
  0x00, 0x2a, 0x00, 0x00, 0x00, 0x07, 0x00, 0x94, 0xff, 0x49, 0x01, 0x39, 0xff, 0xff, 0xff, 0x94,
  0x00, 0x00, 0x02, 0x93, 0x07, 0x0e, 0x02, 0x26, 0x00, 0x2a, 0x00, 0x00, 0x00, 0x07, 0x00, 0x67,
  0xff, 0x36, 0x01, 0x39, 0xff, 0xff, 0x00, 0x75, 0x00, 0x00, 0x04, 0x6f, 0x07, 0x33, 0x02, 0x26,
  0x00, 0x2f, 0x00, 0x00, 0x00, 0x07, 0x00, 0x9a, 0x00, 0xb4, 0x01, 0x33, 0xff, 0xff, 0x00, 0x5c,
  0xff, 0xec, 0x04, 0x76, 0x07, 0x36, 0x02, 0x26, 0x00, 0x30, 0x00, 0x00, 0x00, 0x07, 0x00, 0x41,
  0x00, 0xc3, 0x01, 0x36, 0xff, 0xff, 0x00, 0x5c, 0xff, 0xec, 0x04, 0x76, 0x07, 0x36, 0x02, 0x26,
  0x00, 0x30, 0x00, 0x00, 0x00, 0x07, 0x00, 0x72, 0x01, 0x7a, 0x01, 0x36, 0xff, 0xff, 0x00, 0x5c,
  0xff, 0xec, 0x04, 0x76, 0x07, 0x36, 0x02, 0x26, 0x00, 0x30, 0x00, 0x00, 0x00, 0x07, 0x00, 0x94,
  0x00, 0x9f, 0x01, 0x36, 0xff, 0xff, 0x00, 0x5c, 0xff, 0xec, 0x04, 0x76, 0x07, 0x33, 0x02, 0x26,
  0x00, 0x30, 0x00, 0x00, 0x00, 0x07, 0x00, 0x9a, 0x00, 0xa8, 0x01, 0x33, 0xff, 0xff, 0x00, 0x5c,
  0xff, 0xec, 0x04, 0x76, 0x07, 0x0b, 0x02, 0x26, 0x00, 0x30, 0x00, 0x00, 0x00, 0x07, 0x00, 0x67,
  0x00, 0x8c, 0x01, 0x36, 0xff, 0xff, 0x00, 0x69, 0xff, 0xec, 0x04, 0x28, 0x07, 0x36, 0x02, 0x26,
  0x00, 0x36, 0x00, 0x00, 0x00, 0x07, 0x00, 0x41, 0x00, 0x9b, 0x01, 0x36, 0xff, 0xff, 0x00, 0x69,
  0xff, 0xec, 0x04, 0x28, 0x07, 0x36, 0x02, 0x26, 0x00, 0x36, 0x00, 0x00, 0x00, 0x07, 0x00, 0x72,
  0x01, 0x52, 0x01, 0x36, 0xff, 0xff, 0x00, 0x69, 0xff, 0xec, 0x04, 0x28, 0x07, 0x36, 0x02, 0x26,
  0x00, 0x36, 0x00, 0x00, 0x00, 0x07, 0x00, 0x94, 0x00, 0x77, 0x01, 0x36, 0xff, 0xff, 0x00, 0x69,
  0xff, 0xec, 0x04, 0x28, 0x07, 0x0b, 0x02, 0x26, 0x00, 0x36, 0x00, 0x00, 0x00, 0x07, 0x00, 0x67,
  0x00, 0x64, 0x01, 0x36, 0xff, 0xff, 0x00, 0x10, 0x00, 0x00, 0x04, 0x47, 0x07, 0x36, 0x02, 0x26,
  0x00, 0x3a, 0x00, 0x00, 0x00, 0x07, 0x00, 0x72, 0x01, 0x3e, 0x01, 0x36, 0xff, 0xff, 0x00, 0x48,
  0xff, 0xec, 0x03, 0x86, 0x06, 0x00, 0x02, 0x26, 0x00, 0x42, 0x00, 0x00, 0x00, 0x06, 0x00, 0x41,
  0x37, 0x00, 0xff, 0xff, 0x00, 0x48, 0xff, 0xec, 0x03, 0x86, 0x06, 0x00, 0x02, 0x26, 0x00, 0x42,
  0x00, 0x00, 0x00, 0x07, 0x00, 0x72, 0x00, 0xee, 0x00, 0x00, 0xff, 0xff, 0x00, 0x48, 0xff, 0xec,
  0x03, 0x86, 0x06, 0x00, 0x02, 0x26, 0x00, 0x42, 0x00, 0x00, 0x00, 0x06, 0x00, 0x94, 0x13, 0x00,
  0xff, 0xff, 0x00, 0x48, 0xff, 0xec, 0x03, 0x86, 0x05, 0xfe, 0x02, 0x26, 0x00, 0x42, 0x00, 0x00,
  0x00, 0x06, 0x00, 0x9a, 0x1c, 0xfe, 0xff, 0xff, 0x00, 0x48, 0xff, 0xec, 0x03, 0x86, 0x05, 0xd5,
  0x02, 0x26, 0x00, 0x42, 0x00, 0x00, 0x00, 0x06, 0x00, 0x67, 0x00, 0x00, 0xff, 0xff, 0x00, 0x48,
  0xff, 0xec, 0x03, 0x86, 0x06, 0x59, 0x02, 0x26, 0x00, 0x42, 0x00, 0x00, 0x00, 0x07, 0x00, 0x98,
  0x00, 0x89, 0x00, 0x61, 0xff, 0xff, 0x00, 0x45, 0xfe, 0x31, 0x03, 0x75, 0x04, 0x4e, 0x02, 0x26,
  0x00, 0x44, 0x00, 0x00, 0x00, 0x07, 0x00, 0x76, 0x01, 0x06, 0xff, 0xff, 0xff, 0xff, 0x00, 0x4e,
  0xff, 0xec, 0x03, 0x9b, 0x06, 0x00, 0x02, 0x26, 0x00, 0x46, 0x00, 0x00, 0x00, 0x06, 0x00, 0x41,
  0x32, 0x00, 0xff, 0xff, 0x00, 0x4e, 0xff, 0xec, 0x03, 0x9b, 0x06, 0x00, 0x02, 0x26, 0x00, 0x46,
  0x00, 0x00, 0x00, 0x07, 0x00, 0x72, 0x00, 0xe9, 0x00, 0x00, 0xff, 0xff, 0x00, 0x4e, 0xff, 0xec,
  0x03, 0x9b, 0x06, 0x00, 0x02, 0x26, 0x00, 0x46, 0x00, 0x00, 0x00, 0x06, 0x00, 0x94, 0x0e, 0x00,
  0xff, 0xff, 0x00, 0x4e, 0xff, 0xec, 0x03, 0x9b, 0x05, 0xd5, 0x02, 0x26, 0x00, 0x46, 0x00, 0x00,
  0x00, 0x06, 0x00, 0x67, 0xfc, 0x00, 0xff, 0xff, 0xff, 0x9a, 0x00, 0x00, 0x01, 0x9d, 0x05, 0xf1,
  0x02, 0x26, 0x00, 0x8a, 0x00, 0x00, 0x00, 0x07, 0x00, 0x41, 0xff, 0x66, 0xff, 0xf1, 0xff, 0xff,
  0x00, 0x7c, 0x00, 0x00, 0x02, 0x83, 0x05, 0xf1, 0x02, 0x26, 0x00, 0x8a, 0x00, 0x00, 0x00, 0x06,
  0x00, 0x72, 0x1c, 0xf1, 0xff, 0xff, 0xff, 0xb8, 0x00, 0x00, 0x02, 0x67, 0x05, 0xf1, 0x02, 0x26,
  0x00, 0x8a, 0x00, 0x00, 0x00, 0x07, 0x00, 0x94, 0xff, 0x42, 0xff, 0xf1, 0xff, 0xff, 0xff, 0x8d,
  0x00, 0x00, 0x02, 0x8c, 0x05, 0xc6, 0x02, 0x26, 0x00, 0x8a, 0x00, 0x00, 0x00, 0x07, 0x00, 0x67,
  0xff, 0x2f, 0xff, 0xf1, 0xff, 0xff, 0x00, 0x60, 0x00, 0x00, 0x03, 0x8c, 0x05, 0xfe, 0x02, 0x26,
  0x00, 0x4f, 0x00, 0x00, 0x00, 0x06, 0x00, 0x9a, 0x35, 0xfe, 0xff, 0xff, 0x00, 0x46, 0xff, 0xec,
  0x03, 0xb2, 0x06, 0x00, 0x02, 0x26, 0x00, 0x50, 0x00, 0x00, 0x00, 0x06, 0x00, 0x41, 0x52, 0x00,
  0xff, 0xff, 0x00, 0x46, 0xff, 0xec, 0x03, 0xb2, 0x06, 0x00, 0x02, 0x26, 0x00, 0x50, 0x00, 0x00,
  0x00, 0x07, 0x00, 0x72, 0x01, 0x09, 0x00, 0x00, 0xff, 0xff, 0x00, 0x46, 0xff, 0xec, 0x03, 0xb2,
  0x06, 0x00, 0x02, 0x26, 0x00, 0x50, 0x00, 0x00, 0x00, 0x06, 0x00, 0x94, 0x2e, 0x00, 0xff, 0xff,
  0x00, 0x46, 0xff, 0xec, 0x03, 0xb2, 0x05, 0xfe, 0x02, 0x26, 0x00, 0x50, 0x00, 0x00, 0x00, 0x06,
  0x00, 0x9a, 0x37, 0xfe, 0xff, 0xff, 0x00, 0x46, 0xff, 0xec, 0x03, 0xb2, 0x05, 0xd5, 0x02, 0x26,
  0x00, 0x50, 0x00, 0x00, 0x00, 0x06, 0x00, 0x67, 0x1b, 0x00, 0xff, 0xff, 0x00, 0x60, 0xff, 0xec,
  0x03, 0x8d, 0x06, 0x00, 0x02, 0x26, 0x00, 0x56, 0x00, 0x00, 0x00, 0x06, 0x00, 0x41, 0x4c, 0x00,
  0xff, 0xff, 0x00, 0x60, 0xff, 0xec, 0x03, 0x8d, 0x06, 0x00, 0x02, 0x26, 0x00, 0x56, 0x00, 0x00,
  0x00, 0x07, 0x00, 0x72, 0x01, 0x03, 0x00, 0x00, 0xff, 0xff, 0x00, 0x60, 0xff, 0xec, 0x03, 0x8d,
  0x06, 0x00, 0x02, 0x26, 0x00, 0x56, 0x00, 0x00, 0x00, 0x06, 0x00, 0x94, 0x28, 0x00, 0xff, 0xff,
  0x00, 0x60, 0xff, 0xec, 0x03, 0x8d, 0x05, 0xd5, 0x02, 0x26, 0x00, 0x56, 0x00, 0x00, 0x00, 0x06,
  0x00, 0x67, 0x15, 0x00, 0xff, 0xff, 0x00, 0x10, 0xfe, 0x4b, 0x03, 0x80, 0x06, 0x00, 0x02, 0x26,
  0x00, 0x5a, 0x00, 0x00, 0x00, 0x07, 0x00, 0x72, 0x00, 0xda, 0x00, 0x00, 0xff, 0xff, 0x00, 0x10,
  0xfe, 0x4b, 0x03, 0x80, 0x05, 0xd5, 0x02, 0x26, 0x00, 0x5a, 0x00, 0x00, 0x00, 0x06, 0x00, 0x67,
  0xed, 0x00, 0xff, 0xff, 0x00, 0x16, 0x00, 0x00, 0x04, 0xb4, 0x06, 0xe3, 0x02, 0x26, 0x00, 0x22,
  0x00, 0x00, 0x00, 0x07, 0x00, 0x6d, 0x00, 0x94, 0x01, 0x34, 0xff, 0xff, 0x00, 0x48, 0xff, 0xec,
  0x03, 0x86, 0x05, 0xae, 0x02, 0x26, 0x00, 0x42, 0x00, 0x00, 0x00, 0x06, 0x00, 0x6d, 0x0c, 0xff,
  0xff, 0xff, 0x00, 0x16, 0x00, 0x00, 0x04, 0xb4, 0x07, 0x2d, 0x02, 0x26, 0x00, 0x22, 0x00, 0x00,
  0x00, 0x07, 0x00, 0x96, 0x00, 0xa2, 0x01, 0x36, 0xff, 0xff, 0x00, 0x48, 0xff, 0xec, 0x03, 0x86,
  0x05, 0xf7, 0x02, 0x26, 0x00, 0x42, 0x00, 0x00, 0x00, 0x06, 0x00, 0x96, 0x1a, 0x00, 0x00, 0x02,
  0x00, 0x16, 0xfe, 0x5a, 0x04, 0xb4, 0x05, 0xb0, 0x00, 0x16, 0x00, 0x19, 0x00, 0x00, 0x01, 0x01,
  0x23, 0x06, 0x06, 0x15, 0x14, 0x33, 0x32, 0x37, 0x17, 0x06, 0x23, 0x22, 0x26, 0x35, 0x34, 0x37,
  0x03, 0x21, 0x03, 0x21, 0x01, 0x03, 0x21, 0x03, 0x02, 0xea, 0x01, 0xca, 0x56, 0x40, 0x3c, 0x33,
  0x19, 0x25, 0x1b, 0x41, 0x51, 0x5b, 0x70, 0x67, 0x4c, 0xfe, 0x6f, 0x4e, 0xfe, 0xc9, 0x01, 0xc7,
  0x02, 0x01, 0x10, 0x88, 0x05, 0xb0, 0xfa, 0x50, 0x2a, 0x50, 0x35, 0x41, 0x14, 0x9e, 0x2c, 0x72,
  0x5f, 0x8b, 0x50, 0x01, 0x24, 0xfe, 0xd6, 0x05, 0xb0, 0xfc, 0x6f, 0x02, 0x07, 0x00, 0x00, 0x02,
  0x00, 0x48, 0xfe, 0x5a, 0x03, 0x86, 0x04, 0x4e, 0x00, 0x2b, 0x00, 0x35, 0x00, 0x00, 0x25, 0x26,
  0x27, 0x06, 0x23, 0x22, 0x26, 0x35, 0x34, 0x36, 0x37, 0x33, 0x35, 0x34, 0x26, 0x23, 0x22, 0x15,
  0x21, 0x34, 0x36, 0x33, 0x32, 0x16, 0x15, 0x11, 0x16, 0x17, 0x15, 0x23, 0x06, 0x06, 0x15, 0x14,
  0x33, 0x32, 0x37, 0x17, 0x06, 0x23, 0x22, 0x26, 0x35, 0x34, 0x03, 0x32, 0x36, 0x37, 0x35, 0x23,
  0x22, 0x06, 0x15, 0x14, 0x02, 0x68, 0x0a, 0x0d, 0x4c, 0x82, 0x88, 0xb3, 0xd9, 0xcc, 0x56, 0x32,
  0x30, 0x6a, 0xfe, 0xe5, 0xe1, 0xac, 0xb2, 0xc3, 0x02, 0x26, 0x31, 0x40, 0x3c, 0x33, 0x19, 0x25,
  0x1b, 0x41, 0x51, 0x5b, 0x70, 0x46, 0x2f, 0x42, 0x10, 0x44, 0x48, 0x53, 0x01, 0x16, 0x3d, 0x68,
  0xb4, 0x8f, 0xaa, 0xba, 0x02, 0x57, 0x49, 0x3c, 0x7c, 0x96, 0xc3, 0xb9, 0xac, 0xfe, 0x03, 0x8c,
  0x4f, 0x11, 0x2a, 0x50, 0x35, 0x41, 0x14, 0x9e, 0x2c, 0x72, 0x5f, 0x85, 0x01, 0x1a, 0x26, 0x1a,
  0xe1, 0x5c, 0x4d, 0x78, 0xff, 0xff, 0x00, 0x5a, 0xff, 0xec, 0x04, 0x52, 0x07, 0x3e, 0x02, 0x26,
  0x00, 0x24, 0x00, 0x00, 0x00, 0x07, 0x00, 0x72, 0x01, 0x68, 0x01, 0x3e, 0xff, 0xff, 0x00, 0x45,
  0xff, 0xec, 0x03, 0x75, 0x06, 0x00, 0x02, 0x26, 0x00, 0x44, 0x00, 0x00, 0x00, 0x07, 0x00, 0x72,
  0x00, 0xe2, 0x00, 0x00, 0xff, 0xff, 0x00, 0x5a, 0xff, 0xec, 0x04, 0x52, 0x07, 0x3e, 0x02, 0x26,
  0x00, 0x24, 0x00, 0x00, 0x00, 0x07, 0x00, 0x94, 0x00, 0x8d, 0x01, 0x3e, 0xff, 0xff, 0x00, 0x45,
  0xff, 0xec, 0x03, 0x75, 0x06, 0x00, 0x02, 0x26, 0x00, 0x44, 0x00, 0x00, 0x00, 0x06, 0x00, 0x94,
  0x07, 0x00, 0xff, 0xff, 0x00, 0x5a, 0xff, 0xec, 0x04, 0x52, 0x07, 0x38, 0x02, 0x26, 0x00, 0x24,
  0x00, 0x00, 0x00, 0x07, 0x00, 0x97, 0x01, 0x4d, 0x01, 0x50, 0xff, 0xff, 0x00, 0x45, 0xff, 0xec,
  0x03, 0x75, 0x05, 0xfa, 0x02, 0x26, 0x00, 0x44, 0x00, 0x00, 0x00, 0x07, 0x00, 0x97, 0x00, 0xc7,
  0x00, 0x12, 0xff, 0xff, 0x00, 0x5a, 0xff, 0xec, 0x04, 0x52, 0x07, 0x3f, 0x02, 0x26, 0x00, 0x24,
  0x00, 0x00, 0x00, 0x07, 0x00, 0x95, 0x00, 0xa4, 0x01, 0x3e, 0xff, 0xff, 0x00, 0x45, 0xff, 0xec,
  0x03, 0x75, 0x06, 0x01, 0x02, 0x26, 0x00, 0x44, 0x00, 0x00, 0x00, 0x06, 0x00, 0x95, 0x1e, 0x00,
  0xff, 0xff, 0x00, 0x5f, 0x00, 0x00, 0x04, 0x27, 0x07, 0x3a, 0x02, 0x26, 0x00, 0x25, 0x00, 0x00,
  0x00, 0x07, 0x00, 0x95, 0x00, 0x0e, 0x01, 0x39, 0xff, 0xff, 0x00, 0x41, 0xff, 0xec, 0x04, 0xd6,
  0x06, 0x01, 0x00, 0x26, 0x00, 0x45, 0x00, 0x00, 0x00, 0x07, 0x00, 0xa7, 0x03, 0x9a, 0x04, 0xed,
  0xff, 0xff, 0x00, 0x75, 0x00, 0x00, 0x03, 0xb9, 0x06, 0xe6, 0x02, 0x26, 0x00, 0x26, 0x00, 0x00,
  0x00, 0x07, 0x00, 0x6d, 0x00, 0x5a, 0x01, 0x37, 0xff, 0xff, 0x00, 0x4e, 0xff, 0xec, 0x03, 0x9b,
  0x05, 0xae, 0x02, 0x26, 0x00, 0x46, 0x00, 0x00, 0x00, 0x06, 0x00, 0x6d, 0x07, 0xff, 0xff, 0xff,
  0x00, 0x75, 0x00, 0x00, 0x03, 0xb9, 0x07, 0x30, 0x02, 0x26, 0x00, 0x26, 0x00, 0x00, 0x00, 0x07,
  0x00, 0x96, 0x00, 0x68, 0x01, 0x39, 0xff, 0xff, 0x00, 0x4e, 0xff, 0xec, 0x03, 0x9b, 0x05, 0xf7,
  0x02, 0x26, 0x00, 0x46, 0x00, 0x00, 0x00, 0x06, 0x00, 0x96, 0x15, 0x00, 0xff, 0xff, 0x00, 0x75,
  0x00, 0x00, 0x03, 0xb9, 0x07, 0x33, 0x02, 0x26, 0x00, 0x26, 0x00, 0x00, 0x00, 0x07, 0x00, 0x97,
  0x01, 0x21, 0x01, 0x4b, 0xff, 0xff, 0x00, 0x4e, 0xff, 0xec, 0x03, 0x9b, 0x05, 0xfa, 0x02, 0x26,
  0x00, 0x46, 0x00, 0x00, 0x00, 0x07, 0x00, 0x97, 0x00, 0xce, 0x00, 0x12, 0x00, 0x01, 0x00, 0x75,
  0xfe, 0x5a, 0x03, 0xb9, 0x05, 0xb0, 0x00, 0x1b, 0x00, 0x00, 0x01, 0x21, 0x11, 0x21, 0x15, 0x23,
  0x06, 0x06, 0x15, 0x14, 0x33, 0x32, 0x37, 0x17, 0x06, 0x23, 0x22, 0x26, 0x35, 0x34, 0x37, 0x21,
  0x11, 0x21, 0x15, 0x21, 0x11, 0x21, 0x03, 0x65, 0xfe, 0x36, 0x02, 0x1e, 0x91, 0x40, 0x3c, 0x33,
  0x19, 0x25, 0x1b, 0x41, 0x51, 0x5b, 0x70, 0x5f, 0xfe, 0x3b, 0x03, 0x42, 0xfd, 0xe4, 0x01, 0xca,
  0x02, 0x76, 0xfe, 0x7e, 0xf4, 0x2a, 0x50, 0x35, 0x41, 0x14, 0x9e, 0x2c, 0x72, 0x5f, 0x84, 0x51,
  0x05, 0xb0, 0xf5, 0xfe, 0xa8, 0x00, 0x00, 0x02, 0x00, 0x4e, 0xfe, 0x7a, 0x03, 0x9b, 0x04, 0x4e,
  0x00, 0x21, 0x00, 0x28, 0x00, 0x00, 0x25, 0x06, 0x07, 0x06, 0x15, 0x14, 0x33, 0x32, 0x37, 0x17,
  0x06, 0x23, 0x22, 0x26, 0x35, 0x34, 0x37, 0x26, 0x02, 0x35, 0x35, 0x10, 0x12, 0x33, 0x32, 0x12,
  0x13, 0x15, 0x21, 0x16, 0x16, 0x33, 0x32, 0x37, 0x01, 0x21, 0x35, 0x26, 0x26, 0x22, 0x06, 0x03,
  0x8a, 0x49, 0x7e, 0x57, 0x33, 0x19, 0x25, 0x1b, 0x41, 0x51, 0x5b, 0x70, 0x32, 0xba, 0xc5, 0xe0,
  0xd1, 0xcc, 0xce, 0x02, 0xfd, 0xcd, 0x06, 0x5e, 0x62, 0x8e, 0x5f, 0xfe, 0x4f, 0x01, 0x1b, 0x02,
  0x3c, 0x94, 0x43, 0x8d, 0x5f, 0x29, 0x42, 0x52, 0x41, 0x14, 0x9e, 0x2c, 0x72, 0x5f, 0x63, 0x43,
  0x17, 0x01, 0x00, 0xd7, 0x59, 0x01, 0x00, 0x01, 0x16, 0xfe, 0xfb, 0xff, 0x00, 0x8b, 0x78, 0x6f,
  0x61, 0x01, 0x4c, 0x1a, 0x61, 0x64, 0x6a, 0x00, 0xff, 0xff, 0x00, 0x75, 0x00, 0x00, 0x03, 0xb9,
  0x07, 0x3a, 0x02, 0x26, 0x00, 0x26, 0x00, 0x00, 0x00, 0x07, 0x00, 0x95, 0x00, 0x78, 0x01, 0x39,
  0xff, 0xff, 0x00, 0x4e, 0xff, 0xec, 0x03, 0x9b, 0x06, 0x01, 0x02, 0x26, 0x00, 0x46, 0x00, 0x00,
  0x00, 0x06, 0x00, 0x95, 0x25, 0x00, 0xff, 0xff, 0x00, 0x5f, 0xff, 0xec, 0x04, 0x53, 0x07, 0x3e,
  0x02, 0x26, 0x00, 0x28, 0x00, 0x00, 0x00, 0x07, 0x00, 0x94, 0x00, 0x90, 0x01, 0x3e, 0xff, 0xff,
  0x00, 0x45, 0xfe, 0x56, 0x03, 0x9f, 0x06, 0x00, 0x02, 0x26, 0x00, 0x48, 0x00, 0x00, 0x00, 0x06,
  0x00, 0x94, 0x18, 0x00, 0xff, 0xff, 0x00, 0x5f, 0xff, 0xec, 0x04, 0x53, 0x07, 0x35, 0x02, 0x26,
  0x00, 0x28, 0x00, 0x00, 0x00, 0x07, 0x00, 0x96, 0x00, 0x97, 0x01, 0x3e, 0xff, 0xff, 0x00, 0x45,
  0xfe, 0x56, 0x03, 0x9f, 0x05, 0xf7, 0x02, 0x26, 0x00, 0x48, 0x00, 0x00, 0x00, 0x06, 0x00, 0x96,
  0x1f, 0x00, 0xff, 0xff, 0x00, 0x5f, 0xff, 0xec, 0x04, 0x53, 0x07, 0x38, 0x02, 0x26, 0x00, 0x28,
  0x00, 0x00, 0x00, 0x07, 0x00, 0x97, 0x01, 0x50, 0x01, 0x50, 0xff, 0xff, 0x00, 0x45, 0xfe, 0x56,
  0x03, 0x9f, 0x05, 0xfa, 0x02, 0x26, 0x00, 0x48, 0x00, 0x00, 0x00, 0x07, 0x00, 0x97, 0x00, 0xd8,
  0x00, 0x12, 0xff, 0xff, 0x00, 0x5f, 0xfd, 0xf9, 0x04, 0x53, 0x05, 0xc4, 0x02, 0x26, 0x00, 0x28,
  0x00, 0x00, 0x00, 0x07, 0x00, 0xa7, 0x01, 0xa1, 0xfe, 0x8e, 0xff, 0xff, 0x00, 0x45, 0xfe, 0x56,
  0x03, 0x9f, 0x06, 0xb9, 0x02, 0x26, 0x00, 0x48, 0x00, 0x00, 0x00, 0x07, 0x00, 0xac, 0x00, 0xf0,
  0x00, 0xa4, 0xff, 0xff, 0x00, 0x75, 0x00, 0x00, 0x04, 0x72, 0x07, 0x39, 0x02, 0x26, 0x00, 0x29,
  0x00, 0x00, 0x00, 0x07, 0x00, 0x94, 0x00, 0xa8, 0x01, 0x39, 0xff, 0xff, 0x00, 0x60, 0x00, 0x00,
  0x03, 0x8c, 0x07, 0x7e, 0x02, 0x26, 0x00, 0x49, 0x00, 0x00, 0x00, 0x07, 0x00, 0x94, 0x00, 0x0a,
  0x01, 0x7e, 0xff, 0xff, 0xff, 0xcd, 0x00, 0x00, 0x02, 0x58, 0x07, 0x36, 0x02, 0x26, 0x00, 0x2a,
  0x00, 0x00, 0x00, 0x07, 0x00, 0x9a, 0xff, 0x52, 0x01, 0x36, 0xff, 0xff, 0xff, 0xc6, 0x00, 0x00,
  0x02, 0x51, 0x05, 0xee, 0x02, 0x26, 0x00, 0x8a, 0x00, 0x00, 0x00, 0x07, 0x00, 0x9a, 0xff, 0x4b,
  0xff, 0xee, 0xff, 0xff, 0xff, 0xe9, 0x00, 0x00, 0x02, 0x41, 0x06, 0xe6, 0x02, 0x26, 0x00, 0x2a,
  0x00, 0x00, 0x00, 0x07, 0x00, 0x6d, 0xff, 0x42, 0x01, 0x37, 0xff, 0xff, 0xff, 0xe2, 0x00, 0x00,
  0x02, 0x3a, 0x05, 0x9e, 0x02, 0x26, 0x00, 0x8a, 0x00, 0x00, 0x00, 0x07, 0x00, 0x6d, 0xff, 0x3b,
  0xff, 0xef, 0xff, 0xff, 0xff, 0xb9, 0x00, 0x00, 0x02, 0x70, 0x07, 0x30, 0x02, 0x26, 0x00, 0x2a,
  0x00, 0x00, 0x00, 0x07, 0x00, 0x96, 0xff, 0x50, 0x01, 0x39, 0xff, 0xff, 0xff, 0xb2, 0x00, 0x00,
  0x02, 0x69, 0x05, 0xe8, 0x02, 0x26, 0x00, 0x8a, 0x00, 0x00, 0x00, 0x07, 0x00, 0x96, 0xff, 0x49,
  0xff, 0xf1, 0xff, 0xff, 0x00, 0x24, 0xfe, 0x5c, 0x01, 0xa8, 0x05, 0xb0, 0x02, 0x26, 0x00, 0x2a,
  0x00, 0x00, 0x00, 0x06, 0x00, 0x99, 0xfa, 0x02, 0xff, 0xff, 0x00, 0x19, 0xfe, 0x5a, 0x01, 0x9b,
  0x05, 0xe8, 0x02, 0x26, 0x00, 0x4a, 0x00, 0x00, 0x00, 0x06, 0x00, 0x99, 0xef, 0x00, 0xff, 0xff,
  0x00, 0x7e, 0x00, 0x00, 0x01, 0xa8, 0x07, 0x33, 0x02, 0x26, 0x00, 0x2a, 0x00, 0x00, 0x00, 0x07,
  0x00, 0x97, 0x00, 0x08, 0x01, 0x4b, 0xff, 0xff, 0x00, 0x82, 0xff, 0xec, 0x05, 0xa4, 0x05, 0xb0,
  0x00, 0x26, 0x00, 0x2a, 0x00, 0x00, 0x00, 0x07, 0x00, 0x2b, 0x02, 0x2a, 0x00, 0x00, 0xff, 0xff,
  0x00, 0x67, 0xfe, 0x4b, 0x03, 0x9a, 0x05, 0xe8, 0x00, 0x26, 0x00, 0x4a, 0x00, 0x00, 0x00, 0x07,
  0x00, 0x4b, 0x02, 0x04, 0x00, 0x00, 0xff, 0xff, 0x00, 0x2e, 0xff, 0xec, 0x04, 0x35, 0x07, 0x36,
  0x02, 0x26, 0x00, 0x2b, 0x00, 0x00, 0x00, 0x07, 0x00, 0x94, 0x01, 0x10, 0x01, 0x36, 0xff, 0xff,
  0xff, 0xb1, 0xfe, 0x4b, 0x02, 0x60, 0x05, 0xe7, 0x02, 0x26, 0x00, 0x93, 0x00, 0x00, 0x00, 0x07,
  0x00, 0x94, 0xff, 0x3b, 0xff, 0xe7, 0xff, 0xff, 0x00, 0x75, 0xfe, 0x38, 0x04, 0x76, 0x05, 0xb0,
  0x02, 0x26, 0x00, 0x2c, 0x00, 0x00, 0x00, 0x07, 0x00, 0xa7, 0x01, 0x67, 0xfe, 0xcd, 0xff, 0xff,
  0x00, 0x67, 0xfe, 0x23, 0x03, 0xd8, 0x06, 0x00, 0x02, 0x26, 0x00, 0x4c, 0x00, 0x00, 0x00, 0x07,
  0x00, 0xa7, 0x01, 0x20, 0xfe, 0xb8, 0xff, 0xff, 0x00, 0x75, 0x00, 0x00, 0x03, 0x9f, 0x07, 0x36,
  0x02, 0x26, 0x00, 0x2d, 0x00, 0x00, 0x00, 0x07, 0x00, 0x72, 0x00, 0x1e, 0x01, 0x36, 0xff, 0xff,
  0x00, 0x74, 0x00, 0x00, 0x02, 0x78, 0x07, 0x88, 0x02, 0x26, 0x00, 0x4d, 0x00, 0x00, 0x00, 0x07,
  0x00, 0x72, 0x00, 0x11, 0x01, 0x88, 0xff, 0xff, 0x00, 0x75, 0xfe, 0x05, 0x03, 0x9f, 0x05, 0xb0,
  0x02, 0x26, 0x00, 0x2d, 0x00, 0x00, 0x00, 0x07, 0x00, 0xa7, 0x01, 0x34, 0xfe, 0x9a, 0xff, 0xff,
  0x00, 0x5b, 0xfe, 0x05, 0x01, 0x90, 0x06, 0x00, 0x02, 0x26, 0x00, 0x4d, 0x00, 0x00, 0x00, 0x07,
  0x00, 0xa7, 0x00, 0x2c, 0xfe, 0x9a, 0xff, 0xff, 0x00, 0x75, 0x00, 0x00, 0x03, 0x9f, 0x05, 0xb0,
  0x02, 0x26, 0x00, 0x2d, 0x00, 0x00, 0x00, 0x07, 0x00, 0xa7, 0x01, 0xfc, 0x04, 0x9c, 0xff, 0xff,
  0x00, 0x74, 0x00, 0x00, 0x02, 0xd3, 0x06, 0x01, 0x00, 0x26, 0x00, 0x4d, 0x00, 0x00, 0x00, 0x07,
  0x00, 0xa7, 0x01, 0x97, 0x04, 0xed, 0xff, 0xff, 0x00, 0x75, 0x00, 0x00, 0x03, 0x9f, 0x05, 0xb0,
  0x02, 0x26, 0x00, 0x2d, 0x00, 0x00, 0x00, 0x07, 0x00, 0x97, 0x01, 0x8f, 0xfd, 0xdf, 0xff, 0xff,
  0x00, 0x74, 0x00, 0x00, 0x03, 0x01, 0x06, 0x00, 0x00, 0x26, 0x00, 0x4d, 0x00, 0x00, 0x00, 0x07,
  0x00, 0x97, 0x01, 0x61, 0xfd, 0xa6, 0xff, 0xff, 0x00, 0x75, 0x00, 0x00, 0x04, 0x6f, 0x07, 0x36,
  0x02, 0x26, 0x00, 0x2f, 0x00, 0x00, 0x00, 0x07, 0x00, 0x72, 0x01, 0x86, 0x01, 0x36, 0xff, 0xff,
  0x00, 0x60, 0x00, 0x00, 0x03, 0x8c, 0x06, 0x00, 0x02, 0x26, 0x00, 0x4f, 0x00, 0x00, 0x00, 0x07,
  0x00, 0x72, 0x01, 0x07, 0x00, 0x00, 0xff, 0xff, 0x00, 0x75, 0xfd, 0xfd, 0x04, 0x6f, 0x05, 0xb0,
  0x02, 0x26, 0x00, 0x2f, 0x00, 0x00, 0x00, 0x07, 0x00, 0xa7, 0x01, 0x9f, 0xfe, 0x92, 0xff, 0xff,
  0x00, 0x60, 0xfe, 0x05, 0x03, 0x8c, 0x04, 0x4e, 0x02, 0x26, 0x00, 0x4f, 0x00, 0x00, 0x00, 0x07,
  0x00, 0xa7, 0x01, 0x20, 0xfe, 0x9a, 0xff, 0xff, 0x00, 0x75, 0x00, 0x00, 0x04, 0x6f, 0x07, 0x37,
  0x02, 0x26, 0x00, 0x2f, 0x00, 0x00, 0x00, 0x07, 0x00, 0x95, 0x00, 0xc2, 0x01, 0x36, 0xff, 0xff,
  0x00, 0x60, 0x00, 0x00, 0x03, 0x8c, 0x06, 0x01, 0x02, 0x26, 0x00, 0x4f, 0x00, 0x00, 0x00, 0x06,
  0x00, 0x95, 0x43, 0x00, 0xff, 0xff, 0xff, 0xaa, 0x00, 0x00, 0x03, 0x8c, 0x06, 0x00, 0x02, 0x26,
  0x00, 0x4f, 0x00, 0x00, 0x00, 0x07, 0x00, 0xa7, 0xff, 0x7b, 0x04, 0xec, 0xff, 0xff, 0x00, 0x5c,
  0xff, 0xec, 0x04, 0x76, 0x06, 0xe3, 0x02, 0x26, 0x00, 0x30, 0x00, 0x00, 0x00, 0x07, 0x00, 0x6d,
  0x00, 0x98, 0x01, 0x34, 0xff, 0xff, 0x00, 0x46, 0xff, 0xec, 0x03, 0xb2, 0x05, 0xae, 0x02, 0x26,
  0x00, 0x50, 0x00, 0x00, 0x00, 0x06, 0x00, 0x6d, 0x27, 0xff, 0xff, 0xff, 0x00, 0x5c, 0xff, 0xec,
  0x04, 0x76, 0x07, 0x2d, 0x02, 0x26, 0x00, 0x30, 0x00, 0x00, 0x00, 0x07, 0x00, 0x96, 0x00, 0xa6,
  0x01, 0x36, 0xff, 0xff, 0x00, 0x46, 0xff, 0xec, 0x03, 0xb2, 0x05, 0xf7, 0x02, 0x26, 0x00, 0x50,
  0x00, 0x00, 0x00, 0x06, 0x00, 0x96, 0x35, 0x00, 0xff, 0xff, 0x00, 0x5c, 0xff, 0xec, 0x04, 0x76,
  0x07, 0x35, 0x02, 0x26, 0x00, 0x30, 0x00, 0x00, 0x00, 0x07, 0x00, 0x9b, 0x01, 0x20, 0x01, 0x36,
  0xff, 0xff, 0x00, 0x46, 0xff, 0xec, 0x03, 0xcb, 0x05, 0xff, 0x02, 0x26, 0x00, 0x50, 0x00, 0x00,
  0x00, 0x07, 0x00, 0x9b, 0x00, 0xaf, 0x00, 0x00, 0xff, 0xff, 0x00, 0x76, 0x00, 0x00, 0x04, 0x45,
  0x07, 0x36, 0x02, 0x26, 0x00, 0x33, 0x00, 0x00, 0x00, 0x07, 0x00, 0x72, 0x01, 0x19, 0x01, 0x36,
  0xff, 0xff, 0x00, 0x66, 0x00, 0x00, 0x02, 0xe3, 0x06, 0x00, 0x02, 0x26, 0x00, 0x53, 0x00, 0x00,
  0x00, 0x06, 0x00, 0x72, 0x7c, 0x00, 0xff, 0xff, 0x00, 0x76, 0xfe, 0x05, 0x04, 0x45, 0x05, 0xb0,
  0x02, 0x26, 0x00, 0x33, 0x00, 0x00, 0x00, 0x07, 0x00, 0xa7, 0x01, 0x42, 0xfe, 0x9a, 0xff, 0xff,
  0x00, 0x52, 0xfe, 0x05, 0x02, 0x80, 0x04, 0x4e, 0x02, 0x26, 0x00, 0x53, 0x00, 0x00, 0x00, 0x07,
  0x00, 0xa7, 0x00, 0x23, 0xfe, 0x9a, 0xff, 0xff, 0x00, 0x76, 0x00, 0x00, 0x04, 0x45, 0x07, 0x37,
  0x02, 0x26, 0x00, 0x33, 0x00, 0x00, 0x00, 0x07, 0x00, 0x95, 0x00, 0x55, 0x01, 0x36, 0xff, 0xff,
  0x00, 0x0a, 0x00, 0x00, 0x02, 0xd1, 0x06, 0x01, 0x02, 0x26, 0x00, 0x53, 0x00, 0x00, 0x00, 0x06,
  0x00, 0x95, 0xb9, 0x00, 0xff, 0xff, 0x00, 0x4a, 0xff, 0xec, 0x04, 0x05, 0x07, 0x36, 0x02, 0x26,
  0x00, 0x34, 0x00, 0x00, 0x00, 0x07, 0x00, 0x72, 0x01, 0x47, 0x01, 0x36, 0xff, 0xff, 0x00, 0x3a,
  0xff, 0xec, 0x03, 0x59, 0x06, 0x00, 0x02, 0x26, 0x00, 0x54, 0x00, 0x00, 0x00, 0x07, 0x00, 0x72,
  0x00, 0xe2, 0x00, 0x00, 0xff, 0xff, 0x00, 0x4a, 0xff, 0xec, 0x04, 0x05, 0x07, 0x36, 0x02, 0x26,
  0x00, 0x34, 0x00, 0x00, 0x00, 0x07, 0x00, 0x94, 0x00, 0x6c, 0x01, 0x36, 0xff, 0xff, 0x00, 0x3a,
  0xff, 0xec, 0x03, 0x59, 0x06, 0x00, 0x02, 0x26, 0x00, 0x54, 0x00, 0x00, 0x00, 0x06, 0x00, 0x94,
  0x07, 0x00, 0xff, 0xff, 0x00, 0x4a, 0xfe, 0x32, 0x04, 0x05, 0x05, 0xc4, 0x02, 0x26, 0x00, 0x34,
  0x00, 0x00, 0x00, 0x07, 0x00, 0x76, 0x01, 0x58, 0x00, 0x00, 0xff, 0xff, 0x00, 0x3a, 0xfe, 0x29,
  0x03, 0x59, 0x04, 0x4e, 0x02, 0x26, 0x00, 0x54, 0x00, 0x00, 0x00, 0x07, 0x00, 0x76, 0x00, 0xf1,
  0xff, 0xf7, 0xff, 0xff, 0x00, 0x4a, 0xff, 0xec, 0x04, 0x05, 0x07, 0x37, 0x02, 0x26, 0x00, 0x34,
  0x00, 0x00, 0x00, 0x07, 0x00, 0x95, 0x00, 0x83, 0x01, 0x36, 0xff, 0xff, 0x00, 0x3a, 0xff, 0xec,
  0x03, 0x59, 0x06, 0x01, 0x02, 0x26, 0x00, 0x54, 0x00, 0x00, 0x00, 0x06, 0x00, 0x95, 0x1e, 0x00,
  0xff, 0xff, 0x00, 0x33, 0xfe, 0x39, 0x04, 0x24, 0x05, 0xb0, 0x02, 0x26, 0x00, 0x35, 0x00, 0x00,
  0x00, 0x07, 0x00, 0x76, 0x01, 0x46, 0x00, 0x07, 0xff, 0xff, 0x00, 0x18, 0xfe, 0x32, 0x02, 0x60,
  0x05, 0x44, 0x02, 0x26, 0x00, 0x55, 0x00, 0x00, 0x00, 0x07, 0x00, 0x76, 0x00, 0xa2, 0x00, 0x00,
  0xff, 0xff, 0x00, 0x33, 0x00, 0x00, 0x04, 0x24, 0x07, 0x37, 0x02, 0x26, 0x00, 0x35, 0x00, 0x00,
  0x00, 0x07, 0x00, 0x95, 0x00, 0x73, 0x01, 0x36, 0xff, 0xff, 0x00, 0x18, 0xff, 0xec, 0x03, 0x0c,
  0x06, 0x84, 0x00, 0x26, 0x00, 0x55, 0x00, 0x00, 0x00, 0x07, 0x00, 0xa7, 0x01, 0xd0, 0x05, 0x70,
  0xff, 0xff, 0x00, 0x69, 0xff, 0xec, 0x04, 0x28, 0x07, 0x33, 0x02, 0x26, 0x00, 0x36, 0x00, 0x00,
  0x00, 0x07, 0x00, 0x9a, 0x00, 0x80, 0x01, 0x33, 0xff, 0xff, 0x00, 0x60, 0xff, 0xec, 0x03, 0x8d,
  0x05, 0xfe, 0x02, 0x26, 0x00, 0x56, 0x00, 0x00, 0x00, 0x06, 0x00, 0x9a, 0x31, 0xfe, 0xff, 0xff,
  0x00, 0x69, 0xff, 0xec, 0x04, 0x28, 0x06, 0xe3, 0x02, 0x26, 0x00, 0x36, 0x00, 0x00, 0x00, 0x07,
  0x00, 0x6d, 0x00, 0x70, 0x01, 0x34, 0xff, 0xff, 0x00, 0x60, 0xff, 0xec, 0x03, 0x8d, 0x05, 0xae,
  0x02, 0x26, 0x00, 0x56, 0x00, 0x00, 0x00, 0x06, 0x00, 0x6d, 0x21, 0xff, 0xff, 0xff, 0x00, 0x69,
  0xff, 0xec, 0x04, 0x28, 0x07, 0x2d, 0x02, 0x26, 0x00, 0x36, 0x00, 0x00, 0x00, 0x07, 0x00, 0x96,
  0x00, 0x7e, 0x01, 0x36, 0xff, 0xff, 0x00, 0x60, 0xff, 0xec, 0x03, 0x8d, 0x05, 0xf7, 0x02, 0x26,
  0x00, 0x56, 0x00, 0x00, 0x00, 0x06, 0x00, 0x96, 0x2f, 0x00, 0xff, 0xff, 0x00, 0x69, 0xff, 0xec,
  0x04, 0x28, 0x07, 0x8f, 0x02, 0x26, 0x00, 0x36, 0x00, 0x00, 0x00, 0x07, 0x00, 0x98, 0x00, 0xed,
  0x01, 0x97, 0xff, 0xff, 0x00, 0x60, 0xff, 0xec, 0x03, 0x8d, 0x06, 0x59, 0x02, 0x26, 0x00, 0x56,
  0x00, 0x00, 0x00, 0x07, 0x00, 0x98, 0x00, 0x9e, 0x00, 0x61, 0xff, 0xff, 0x00, 0x69, 0xff, 0xec,
  0x04, 0x28, 0x07, 0x35, 0x02, 0x26, 0x00, 0x36, 0x00, 0x00, 0x00, 0x07, 0x00, 0x9b, 0x00, 0xf8,
  0x01, 0x36, 0xff, 0xff, 0x00, 0x60, 0xff, 0xec, 0x03, 0xc5, 0x05, 0xff, 0x02, 0x26, 0x00, 0x56,
  0x00, 0x00, 0x00, 0x07, 0x00, 0x9b, 0x00, 0xa9, 0x00, 0x00, 0x00, 0x01, 0x00, 0x69, 0xfe, 0x9e,
  0x04, 0x28, 0x05, 0xb0, 0x00, 0x1d, 0x00, 0x00, 0x01, 0x11, 0x10, 0x07, 0x06, 0x15, 0x14, 0x33,
  0x32, 0x37, 0x17, 0x06, 0x23, 0x22, 0x26, 0x35, 0x34, 0x37, 0x26, 0x26, 0x27, 0x11, 0x21, 0x11,
  0x14, 0x16, 0x32, 0x36, 0x37, 0x11, 0x04, 0x28, 0xed, 0x43, 0x33, 0x19, 0x25, 0x1b, 0x41, 0x51,
  0x5b, 0x70, 0x1a, 0xe3, 0xf3, 0x02, 0x01, 0x28, 0x50, 0xd2, 0x4e, 0x01, 0x05, 0xb0, 0xfc, 0x1e,
  0xfe, 0xb4, 0x69, 0x38, 0x4c, 0x41, 0x14, 0x9e, 0x2c, 0x72, 0x5f, 0x49, 0x34, 0x02, 0xf1, 0xe0,
  0x03, 0xf1, 0xfc, 0x16, 0x7c, 0x6a, 0x69, 0x78, 0x03, 0xef, 0x00, 0x01, 0x00, 0x60, 0xfe, 0x5a,
  0x03, 0x8d, 0x04, 0x3a, 0x00, 0x20, 0x00, 0x00, 0x21, 0x06, 0x06, 0x15, 0x14, 0x33, 0x32, 0x37,
  0x17, 0x06, 0x23, 0x22, 0x26, 0x35, 0x34, 0x36, 0x37, 0x27, 0x06, 0x23, 0x22, 0x26, 0x35, 0x11,
  0x21, 0x11, 0x16, 0x33, 0x32, 0x37, 0x11, 0x21, 0x11, 0x03, 0x6d, 0x40, 0x3c, 0x33, 0x19, 0x25,
  0x1b, 0x41, 0x51, 0x5b, 0x70, 0x28, 0x3b, 0x08, 0x58, 0x94, 0x95, 0x9a, 0x01, 0x1b, 0x02, 0x67,
  0x61, 0x2b, 0x01, 0x1d, 0x2a, 0x50, 0x35, 0x41, 0x14, 0x9e, 0x2c, 0x72, 0x5f, 0x3a, 0x6d, 0x30,
  0x61, 0x77, 0xcd, 0xc4, 0x02, 0xbd, 0xfd, 0x3c, 0x9e, 0x54, 0x03, 0x0e, 0xfb, 0xc6, 0xff, 0xff,
  0x00, 0x2c, 0x00, 0x00, 0x05, 0xd4, 0x07, 0x36, 0x02, 0x26, 0x00, 0x38, 0x00, 0x00, 0x00, 0x07,
  0x00, 0x94, 0x01, 0x3c, 0x01, 0x36, 0xff, 0xff, 0x00, 0x22, 0x00, 0x00, 0x04, 0xeb, 0x06, 0x00,
  0x02, 0x26, 0x00, 0x58, 0x00, 0x00, 0x00, 0x07, 0x00, 0x94, 0x00, 0xbb, 0x00, 0x00, 0xff, 0xff,
  0x00, 0x10, 0x00, 0x00, 0x04, 0x47, 0x07, 0x36, 0x02, 0x26, 0x00, 0x3a, 0x00, 0x00, 0x00, 0x07,
  0x00, 0x94, 0x00, 0x63, 0x01, 0x36, 0xff, 0xff, 0x00, 0x10, 0xfe, 0x4b, 0x03, 0x80, 0x06, 0x00,
  0x02, 0x26, 0x00, 0x5a, 0x00, 0x00, 0x00, 0x06, 0x00, 0x94, 0x00, 0x00, 0xff, 0xff, 0x00, 0x10,
  0x00, 0x00, 0x04, 0x47, 0x07, 0x0b, 0x02, 0x26, 0x00, 0x3a, 0x00, 0x00, 0x00, 0x07, 0x00, 0x67,
  0x00, 0x50, 0x01, 0x36, 0xff, 0xff, 0x00, 0x48, 0x00, 0x00, 0x03, 0xfe, 0x07, 0x36, 0x02, 0x26,
  0x00, 0x3b, 0x00, 0x00, 0x00, 0x07, 0x00, 0x72, 0x01, 0x38, 0x01, 0x36, 0xff, 0xff, 0x00, 0x50,
  0x00, 0x00, 0x03, 0x4c, 0x06, 0x00, 0x02, 0x26, 0x00, 0x5b, 0x00, 0x00, 0x00, 0x07, 0x00, 0x72,
  0x00, 0xdc, 0x00, 0x00, 0xff, 0xff, 0x00, 0x48, 0x00, 0x00, 0x03, 0xfe, 0x07, 0x30, 0x02, 0x26,
  0x00, 0x3b, 0x00, 0x00, 0x00, 0x07, 0x00, 0x97, 0x01, 0x1d, 0x01, 0x48, 0xff, 0xff, 0x00, 0x50,
  0x00, 0x00, 0x03, 0x4c, 0x05, 0xfa, 0x02, 0x26, 0x00, 0x5b, 0x00, 0x00, 0x00, 0x07, 0x00, 0x97,
  0x00, 0xc1, 0x00, 0x12, 0xff, 0xff, 0x00, 0x48, 0x00, 0x00, 0x03, 0xfe, 0x07, 0x37, 0x02, 0x26,
  0x00, 0x3b, 0x00, 0x00, 0x00, 0x07, 0x00, 0x95, 0x00, 0x74, 0x01, 0x36, 0xff, 0xff, 0x00, 0x50,
  0x00, 0x00, 0x03, 0x4c, 0x06, 0x01, 0x02, 0x26, 0x00, 0x5b, 0x00, 0x00, 0x00, 0x06, 0x00, 0x95,
  0x18, 0x00, 0x00, 0x00, 0x00, 0x01, 0x00, 0x00, 0x01, 0x5a, 0x00, 0xcb, 0x00, 0x16, 0x00, 0x53,
  0x00, 0x07, 0x00, 0x01, 0x00, 0x00, 0x00, 0x00, 0x00, 0x00, 0x00, 0x00, 0x00, 0x00, 0x00, 0x00,
  0x00, 0x06, 0x00, 0x01, 0x00, 0x00, 0x00, 0x00, 0x00, 0x00, 0x00, 0x1f, 0x00, 0x37, 0x00, 0x6c,
  0x00, 0xae, 0x01, 0x01, 0x01, 0x4f, 0x01, 0x5e, 0x01, 0x83, 0x01, 0xa9, 0x01, 0xcc, 0x01, 0xe6,
  0x01, 0xfc, 0x02, 0x0a, 0x02, 0x20, 0x02, 0x2d, 0x02, 0x5d, 0x02, 0x6f, 0x02, 0x99, 0x02, 0xd3,
  0x02, 0xf3, 0x03, 0x25, 0x03, 0x5e, 0x03, 0x72, 0x03, 0xb5, 0x03, 0xed, 0x03, 0xf9, 0x04, 0x05,
  0x04, 0x1a, 0x04, 0x2e, 0x04, 0x43, 0x04, 0x7d, 0x04, 0xe8, 0x05, 0x06, 0x05, 0x36, 0x05, 0x67,
  0x05, 0x8d, 0x05, 0xa6, 0x05, 0xbd, 0x05, 0xf2, 0x06, 0x0b, 0x06, 0x18, 0x06, 0x32, 0x06, 0x51,
  0x06, 0x61, 0x06, 0x84, 0x06, 0x9c, 0x06, 0xcf, 0x06, 0xf2, 0x07, 0x28, 0x07, 0x4f, 0x07, 0x89,
  0x07, 0x9d, 0x07, 0xbc, 0x07, 0xd1, 0x07, 0xf1, 0x08, 0x11, 0x08, 0x29, 0x08, 0x3f, 0x08, 0x52,
  0x08, 0x61, 0x08, 0x73, 0x08, 0x86, 0x08, 0x93, 0x08, 0xa2, 0x08, 0xdb, 0x09, 0x0b, 0x09, 0x38,
  0x09, 0x67, 0x09, 0x98, 0x09, 0xb8, 0x09, 0xf6, 0x0a, 0x17, 0x0a, 0x33, 0x0a, 0x5a, 0x0a, 0x78,
  0x0a, 0x85, 0x0a, 0xb6, 0x0a, 0xd6, 0x0b, 0x01, 0x0b, 0x30, 0x0b, 0x5f, 0x0b, 0x79, 0x0b, 0xb0,
  0x0b, 0xd3, 0x0b, 0xf2, 0x0c, 0x07, 0x0c, 0x25, 0x0c, 0x44, 0x0c, 0x65, 0x0c, 0x7b, 0x0c, 0xa4,
  0x0c, 0xb1, 0x0c, 0xda, 0x0d, 0x00, 0x0d, 0x1e, 0x0d, 0x52, 0x0d, 0x84, 0x0d, 0xc8, 0x0d, 0xee,
  0x0e, 0x03, 0x0e, 0x59, 0x0e, 0x7b, 0x0e, 0xd6, 0x0f, 0x07, 0x0f, 0x13, 0x0f, 0x23, 0x0f, 0x85,
  0x0f, 0x93, 0x0f, 0xb5, 0x0f, 0xd4, 0x0f, 0xfb, 0x10, 0x2e, 0x10, 0x3d, 0x10, 0x5f, 0x10, 0x76,
  0x10, 0x8c, 0x10, 0xa7, 0x10, 0xb9, 0x10, 0xe3, 0x10, 0xef, 0x11, 0x00, 0x11, 0x11, 0x11, 0x22,
  0x11, 0x5d, 0x11, 0x85, 0x11, 0xa4, 0x11, 0xea, 0x12, 0x10, 0x12, 0x49, 0x12, 0x9f, 0x12, 0xe3,
  0x13, 0x10, 0x13, 0x4d, 0x13, 0x79, 0x13, 0xad, 0x13, 0xd6, 0x13, 0xe3, 0x14, 0x00, 0x14, 0x1c,
  0x14, 0x35, 0x14, 0x5a, 0x14, 0x85, 0x14, 0xbf, 0x15, 0x08, 0x15, 0x20, 0x15, 0x39, 0x15, 0x4d,
  0x15, 0x62, 0x15, 0x7b, 0x15, 0x8f, 0x15, 0xb4, 0x15, 0xd0, 0x15, 0xf5, 0x16, 0x0a, 0x16, 0x14,
  0x16, 0x1e, 0x16, 0x34, 0x16, 0x48, 0x16, 0x54, 0x16, 0x60, 0x16, 0x70, 0x16, 0x83, 0x16, 0x97,
  0x16, 0xa5, 0x16, 0xb3, 0x16, 0xc6, 0x16, 0xec, 0x16, 0xfd, 0x17, 0x30, 0x17, 0x4d, 0x17, 0x62,
  0x17, 0x62, 0x17, 0x6a, 0x17, 0x99, 0x17, 0xc8, 0x17, 0xf1, 0x18, 0x0e, 0x18, 0x38, 0x18, 0x44,
  0x18, 0x50, 0x18, 0x5c, 0x18, 0x68, 0x18, 0x74, 0x18, 0x80, 0x18, 0x8c, 0x18, 0x98, 0x18, 0xa4,
  0x18, 0xb0, 0x18, 0xbc, 0x18, 0xc8, 0x18, 0xd4, 0x18, 0xe0, 0x18, 0xec, 0x18, 0xf8, 0x19, 0x04,
  0x19, 0x10, 0x19, 0x1c, 0x19, 0x28, 0x19, 0x34, 0x19, 0x40, 0x19, 0x4c, 0x19, 0x58, 0x19, 0x64,
  0x19, 0x70, 0x19, 0x7b, 0x19, 0x87, 0x19, 0x92, 0x19, 0x9d, 0x19, 0xa8, 0x19, 0xb4, 0x19, 0xc0,
  0x19, 0xcb, 0x19, 0xd7, 0x19, 0xe2, 0x19, 0xed, 0x19, 0xf9, 0x1a, 0x04, 0x1a, 0x10, 0x1a, 0x1c,
  0x1a, 0x27, 0x1a, 0x32, 0x1a, 0x3e, 0x1a, 0x49, 0x1a, 0x54, 0x1a, 0x5f, 0x1a, 0x6a, 0x1a, 0x76,
  0x1a, 0x81, 0x1a, 0x8c, 0x1a, 0x98, 0x1a, 0xa3, 0x1a, 0xaf, 0x1a, 0xba, 0x1a, 0xc6, 0x1a, 0xd1,
  0x1b, 0x01, 0x1b, 0x4c, 0x1b, 0x58, 0x1b, 0x64, 0x1b, 0x70, 0x1b, 0x7b, 0x1b, 0x87, 0x1b, 0x93,
  0x1b, 0x9f, 0x1b, 0xaa, 0x1b, 0xb6, 0x1b, 0xc2, 0x1b, 0xce, 0x1b, 0xd9, 0x1b, 0xe5, 0x1b, 0xf0,
  0x1b, 0xfc, 0x1c, 0x08, 0x1c, 0x35, 0x1c, 0x76, 0x1c, 0x82, 0x1c, 0x8d, 0x1c, 0x99, 0x1c, 0xa4,
  0x1c, 0xb0, 0x1c, 0xbb, 0x1c, 0xc7, 0x1c, 0xd3, 0x1c, 0xdf, 0x1c, 0xeb, 0x1c, 0xf7, 0x1d, 0x03,
  0x1d, 0x0f, 0x1d, 0x1b, 0x1d, 0x27, 0x1d, 0x33, 0x1d, 0x3f, 0x1d, 0x4b, 0x1d, 0x56, 0x1d, 0x61,
  0x1d, 0x6d, 0x1d, 0x79, 0x1d, 0x85, 0x1d, 0x91, 0x1d, 0x9d, 0x1d, 0xa9, 0x1d, 0xb5, 0x1d, 0xc1,
  0x1d, 0xcd, 0x1d, 0xd9, 0x1d, 0xe5, 0x1d, 0xf1, 0x1d, 0xfd, 0x1e, 0x09, 0x1e, 0x15, 0x1e, 0x21,
  0x1e, 0x2d, 0x1e, 0x39, 0x1e, 0x45, 0x1e, 0x51, 0x1e, 0x5c, 0x1e, 0x68, 0x1e, 0x74, 0x1e, 0x7f,
  0x1e, 0x8b, 0x1e, 0x96, 0x1e, 0xa2, 0x1e, 0xae, 0x1e, 0xba, 0x1e, 0xc5, 0x1e, 0xd1, 0x1e, 0xdd,
  0x1e, 0xe9, 0x1e, 0xf4, 0x1f, 0x00, 0x1f, 0x0c, 0x1f, 0x18, 0x1f, 0x23, 0x1f, 0x2f, 0x1f, 0x3b,
  0x1f, 0x47, 0x1f, 0x52, 0x1f, 0x5e, 0x1f, 0x6a, 0x1f, 0x76, 0x1f, 0x82, 0x1f, 0x8e, 0x1f, 0x99,
  0x1f, 0xa5, 0x1f, 0xb0, 0x1f, 0xbc, 0x1f, 0xc7, 0x1f, 0xd3, 0x1f, 0xdf, 0x1f, 0xeb, 0x1f, 0xf7,
  0x20, 0x27, 0x20, 0x59, 0x20, 0x65, 0x20, 0x71, 0x20, 0x7d, 0x20, 0x88, 0x20, 0x94, 0x20, 0xa0,
  0x20, 0xac, 0x20, 0xb8, 0x20, 0xc4, 0x20, 0xd0, 0x20, 0xdb, 0x00, 0x00, 0x00, 0x01, 0x00, 0x00,
  0x00, 0x02, 0x00, 0x00, 0x2f, 0xb3, 0xe9, 0x65, 0x5f, 0x0f, 0x3c, 0xf5, 0x00, 0x19, 0x08, 0x00,
  0x00, 0x00, 0x00, 0x00, 0xc4, 0xf0, 0x11, 0x2e, 0x00, 0x00, 0x00, 0x00, 0xd1, 0xf7, 0xd3, 0xcc,
  0xf9, 0xcc, 0xfd, 0xd5, 0x0d, 0xfc, 0x08, 0x73, 0x00, 0x01, 0x00, 0x09, 0x00, 0x02, 0x00, 0x00,
  0x00, 0x00, 0x00, 0x00, 0x03, 0x23, 0x00, 0x68, 0x01, 0xd8, 0x00, 0x00, 0x02, 0x15, 0x00, 0x77,
  0x02, 0x90, 0x00, 0x3e, 0x04, 0x38, 0x00, 0x4a, 0x04, 0x0c, 0x00, 0x5c, 0x05, 0x1c, 0x00, 0x61,
  0x04, 0xa2, 0x00, 0x48, 0x01, 0x4a, 0x00, 0x3e, 0x02, 0x96, 0x00, 0x78, 0x02, 0x96, 0x00, 0x38,
  0x03, 0xa2, 0x00, 0x1b, 0x03, 0xcd, 0x00, 0x40, 0x01, 0xf7, 0x00, 0x24, 0x02, 0xe8, 0x00, 0x7b,
  0x02, 0x54, 0x00, 0x7e, 0x02, 0xa6, 0xff, 0xff, 0x04, 0x0c, 0x00, 0x5f, 0x04, 0x0c, 0x00, 0x9d,
  0x04, 0x0c, 0x00, 0x47, 0x04, 0x0c, 0x00, 0x43, 0x04, 0x0c, 0x00, 0x3f, 0x04, 0x0c, 0x00, 0x5f,
  0x04, 0x0c, 0x00, 0x64, 0x04, 0x0c, 0x00, 0x44, 0x04, 0x0c, 0x00, 0x62, 0x04, 0x0c, 0x00, 0x5a,
  0x02, 0x32, 0x00, 0x80, 0x02, 0x0a, 0x00, 0x3c, 0x03, 0x93, 0x00, 0x3d, 0x04, 0x06, 0x00, 0x84,
  0x03, 0xa2, 0x00, 0x79, 0x03, 0x96, 0x00, 0x32, 0x06, 0x21, 0x00, 0x4b, 0x04, 0xc7, 0x00, 0x16,
  0x04, 0x7d, 0x00, 0x75, 0x04, 0x90, 0x00, 0x5a, 0x04, 0x85, 0x00, 0x75, 0x03, 0xed, 0x00, 0x75,
  0x03, 0xce, 0x00, 0x75, 0x04, 0xae, 0x00, 0x5f, 0x04, 0xe9, 0x00, 0x75, 0x02, 0x2a, 0x00, 0x82,
  0x03, 0xec, 0x00, 0x2e, 0x04, 0x6d, 0x00, 0x75, 0x03, 0xd4, 0x00, 0x75, 0x06, 0x11, 0x00, 0x75,
  0x04, 0xe6, 0x00, 0x75, 0x04, 0xd4, 0x00, 0x5c, 0x04, 0x8d, 0x00, 0x75, 0x04, 0xd4, 0x00, 0x5a,
  0x04, 0x6e, 0x00, 0x76, 0x04, 0x52, 0x00, 0x4a, 0x04, 0x58, 0x00, 0x33, 0x04, 0x92, 0x00, 0x69,
  0x04, 0xa0, 0x00, 0x15, 0x05, 0xfe, 0x00, 0x2c, 0x04, 0x7a, 0x00, 0x21, 0x04, 0x57, 0x00, 0x10,
  0x04, 0x3e, 0x00, 0x48, 0x02, 0x1c, 0x00, 0x6e, 0x03, 0x0d, 0x00, 0x0a, 0x02, 0x1c, 0x00, 0x22,
  0x03, 0x20, 0x00, 0x31, 0x03, 0x33, 0x00, 0x15, 0x02, 0xa6, 0x00, 0x34, 0x03, 0xc4, 0x00, 0x48,
  0x03, 0xf6, 0x00, 0x67, 0x03, 0xae, 0x00, 0x45, 0x03, 0xf7, 0x00, 0x41, 0x03, 0xd4, 0x00, 0x4e,
  0x02, 0x9f, 0x00, 0x25, 0x04, 0x06, 0x00, 0x45, 0x03, 0xf0, 0x00, 0x60, 0x02, 0x04, 0x00, 0x67,
  0x01, 0xf7, 0xff, 0xca, 0x03, 0xd4, 0x00, 0x67, 0x02, 0x04, 0x00, 0x74, 0x05, 0xef, 0x00, 0x68,
  0x03, 0xf0, 0x00, 0x60, 0x03, 0xfb, 0x00, 0x46, 0x03, 0xf6, 0x00, 0x67, 0x03, 0xfa, 0x00, 0x41,
  0x02, 0xa7, 0x00, 0x66, 0x03, 0xa2, 0x00, 0x3a, 0x02, 0x75, 0x00, 0x18, 0x03, 0xf0, 0x00, 0x60,
  0x03, 0x98, 0x00, 0x19, 0x05, 0x10, 0x00, 0x22, 0x03, 0x9f, 0x00, 0x20, 0x03, 0x92, 0x00, 0x10,
  0x03, 0x9f, 0x00, 0x50, 0x02, 0x62, 0x00, 0x38, 0x02, 0x07, 0x00, 0xad, 0x02, 0x62, 0x00, 0x35,
  0x04, 0x75, 0x00, 0x63, 0x02, 0x2b, 0x00, 0x7d, 0x04, 0x12, 0x00, 0x62, 0x04, 0x32, 0x00, 0x68,
  0x05, 0x89, 0x00, 0x50, 0x03, 0xcc, 0x00, 0x19, 0x02, 0x05, 0x00, 0x7f, 0x04, 0x6b, 0x00, 0x5e,
  0x03, 0xbf, 0x00, 0x5e, 0x06, 0x46, 0x00, 0x56, 0x03, 0x25, 0x00, 0x82, 0x03, 0x98, 0x00, 0x49,
  0x03, 0xe1, 0x00, 0x7e, 0x06, 0x46, 0x00, 0x56, 0x03, 0xaa, 0x00, 0xa7, 0x03, 0x1c, 0x00, 0x7e,
  0x03, 0xc8, 0x00, 0x61, 0x02, 0xaf, 0x00, 0x3d, 0x02, 0xaf, 0x00, 0x37, 0x02, 0xa8, 0x00, 0x65,
  0x04, 0x65, 0x00, 0x84, 0x03, 0x7c, 0x00, 0x50, 0x02, 0x47, 0x00, 0x83, 0x01, 0xff, 0x00, 0x60,
  0x02, 0xaf, 0x00, 0x87, 0x03, 0x3f, 0x00, 0x72, 0x03, 0x99, 0x00, 0x54, 0x04, 0xfb, 0x00, 0x63,
  0x05, 0x4d, 0x00, 0x56, 0x05, 0xa3, 0x00, 0x5e, 0x03, 0x93, 0x00, 0x49, 0x06, 0x8a, 0x00, 0x0f,
  0x03, 0xc0, 0x00, 0x40, 0x04, 0xd1, 0x00, 0x5c, 0x04, 0x44, 0x00, 0x78, 0x04, 0x79, 0x00, 0x81,
  0x05, 0xd3, 0x00, 0x47, 0x04, 0x05, 0x00, 0x4b, 0x03, 0xff, 0x00, 0x47, 0x03, 0xf9, 0x00, 0x47,
  0x03, 0xfe, 0x00, 0x69, 0x04, 0x81, 0x00, 0x41, 0x05, 0x0d, 0x00, 0x31, 0x02, 0x19, 0x00, 0x7c,
  0x04, 0x35, 0x00, 0x7a, 0x03, 0xf5, 0x00, 0x30, 0x02, 0x4b, 0x00, 0x2f, 0x04, 0xe0, 0x00, 0x74,
  0x03, 0xf9, 0x00, 0x64, 0x06, 0xbb, 0x00, 0x62, 0x06, 0x2b, 0x00, 0x58, 0x01, 0xf8, 0x00, 0x6c,
  0x02, 0x26, 0xff, 0xd9, 0x03, 0xa1, 0x00, 0x76, 0x03, 0x73, 0x00, 0x51, 0x03, 0x8e, 0x00, 0x69,
  0x02, 0x20, 0x00, 0x76, 0x02, 0xaa, 0x00, 0x77, 0x02, 0x47, 0x00, 0x2a, 0x03, 0x7f, 0x00, 0x7b,
  0x02, 0xf6, 0x00, 0x35, 0x04, 0x61, 0x00, 0x97, 0x05, 0x48, 0x00, 0x79, 0x01, 0xd5, 0x00, 0x6c,
  0x01, 0xcc, 0x00, 0x43, 0x03, 0x19, 0x00, 0x75, 0x03, 0x20, 0x00, 0x51, 0x05, 0x4e, 0x00, 0x80,
  0x02, 0x46, 0x00, 0x6f, 0x02, 0x32, 0x00, 0x53, 0x03, 0x28, 0x00, 0x27, 0x03, 0xde, 0x00, 0x8c,
  0x01, 0xb3, 0x00, 0x2f, 0x02, 0xaf, 0x00, 0x3d, 0x02, 0xaf, 0x00, 0x87, 0x02, 0xaf, 0x00, 0x37,
  0x02, 0xaf, 0x00, 0x3f, 0x01, 0xe9, 0x00, 0x82, 0x01, 0xd8, 0x00, 0x00, 0x02, 0xe8, 0x00, 0x7b,
  0x04, 0xa3, 0xff, 0xf7, 0x04, 0xa3, 0xff, 0xf7, 0x04, 0x0e, 0xff, 0xdb, 0x04, 0x58, 0x00, 0x33,
  0x02, 0x75, 0xff, 0xf0, 0x04, 0xc7, 0x00, 0x16, 0x04, 0xc7, 0x00, 0x16, 0x04, 0xc7, 0x00, 0x16,
  0x04, 0xc7, 0x00, 0x16, 0x04, 0xc7, 0x00, 0x16, 0x04, 0xc7, 0x00, 0x16, 0x04, 0x90, 0x00, 0x5a,
  0x03, 0xed, 0x00, 0x75, 0x03, 0xed, 0x00, 0x75, 0x03, 0xed, 0x00, 0x75, 0x03, 0xed, 0x00, 0x75,
  0x02, 0x2a, 0xff, 0xa1, 0x02, 0x2a, 0x00, 0x82, 0x02, 0x2a, 0xff, 0xbf, 0x02, 0x2a, 0xff, 0x94,
  0x04, 0xe6, 0x00, 0x75, 0x04, 0xd4, 0x00, 0x5c, 0x04, 0xd4, 0x00, 0x5c, 0x04, 0xd4, 0x00, 0x5c,
  0x04, 0xd4, 0x00, 0x5c, 0x04, 0xd4, 0x00, 0x5c, 0x04, 0x92, 0x00, 0x69, 0x04, 0x92, 0x00, 0x69,
  0x04, 0x92, 0x00, 0x69, 0x04, 0x92, 0x00, 0x69, 0x04, 0x57, 0x00, 0x10, 0x03, 0xc4, 0x00, 0x48,
  0x03, 0xc4, 0x00, 0x48, 0x03, 0xc4, 0x00, 0x48, 0x03, 0xc4, 0x00, 0x48, 0x03, 0xc4, 0x00, 0x48,
  0x03, 0xc4, 0x00, 0x48, 0x03, 0xae, 0x00, 0x45, 0x03, 0xd4, 0x00, 0x4e, 0x03, 0xd4, 0x00, 0x4e,
  0x03, 0xd4, 0x00, 0x4e, 0x03, 0xd4, 0x00, 0x4e, 0x02, 0x19, 0xff, 0x9a, 0x02, 0x19, 0x00, 0x7c,
  0x02, 0x19, 0xff, 0xb8, 0x02, 0x19, 0xff, 0x8d, 0x03, 0xf0, 0x00, 0x60, 0x03, 0xfb, 0x00, 0x46,
  0x03, 0xfb, 0x00, 0x46, 0x03, 0xfb, 0x00, 0x46, 0x03, 0xfb, 0x00, 0x46, 0x03, 0xfb, 0x00, 0x46,
  0x03, 0xf0, 0x00, 0x60, 0x03, 0xf0, 0x00, 0x60, 0x03, 0xf0, 0x00, 0x60, 0x03, 0xf0, 0x00, 0x60,
  0x03, 0x92, 0x00, 0x10, 0x03, 0x92, 0x00, 0x10, 0x04, 0xc7, 0x00, 0x16, 0x03, 0xc4, 0x00, 0x48,
  0x04, 0xc7, 0x00, 0x16, 0x03, 0xc4, 0x00, 0x48, 0x04, 0xc7, 0x00, 0x16, 0x03, 0xc4, 0x00, 0x48,
  0x04, 0x90, 0x00, 0x5a, 0x03, 0xae, 0x00, 0x45, 0x04, 0x90, 0x00, 0x5a, 0x03, 0xae, 0x00, 0x45,
  0x04, 0x90, 0x00, 0x5a, 0x03, 0xae, 0x00, 0x45, 0x04, 0x90, 0x00, 0x5a, 0x03, 0xae, 0x00, 0x45,
  0x04, 0x85, 0x00, 0x5f, 0x04, 0x8d, 0x00, 0x41, 0x03, 0xed, 0x00, 0x75, 0x03, 0xd4, 0x00, 0x4e,
  0x03, 0xed, 0x00, 0x75, 0x03, 0xd4, 0x00, 0x4e, 0x03, 0xed, 0x00, 0x75, 0x03, 0xd4, 0x00, 0x4e,
  0x03, 0xed, 0x00, 0x75, 0x03, 0xd4, 0x00, 0x4e, 0x03, 0xed, 0x00, 0x75, 0x03, 0xd4, 0x00, 0x4e,
  0x04, 0xae, 0x00, 0x5f, 0x04, 0x06, 0x00, 0x45, 0x04, 0xae, 0x00, 0x5f, 0x04, 0x06, 0x00, 0x45,
  0x04, 0xae, 0x00, 0x5f, 0x04, 0x06, 0x00, 0x45, 0x04, 0xae, 0x00, 0x5f, 0x04, 0x06, 0x00, 0x45,
  0x04, 0xe9, 0x00, 0x75, 0x03, 0xf0, 0x00, 0x60, 0x02, 0x2a, 0xff, 0xcd, 0x02, 0x19, 0xff, 0xc6,
  0x02, 0x2a, 0xff, 0xe9, 0x02, 0x19, 0xff, 0xe2, 0x02, 0x2a, 0xff, 0xb9, 0x02, 0x19, 0xff, 0xb2,
  0x02, 0x2a, 0x00, 0x24, 0x02, 0x04, 0x00, 0x19, 0x02, 0x2a, 0x00, 0x7e, 0x06, 0x16, 0x00, 0x82,
  0x03, 0xfb, 0x00, 0x67, 0x03, 0xec, 0x00, 0x2e, 0x02, 0x26, 0xff, 0xb1, 0x04, 0x6d, 0x00, 0x75,
  0x03, 0xd4, 0x00, 0x67, 0x03, 0xd4, 0x00, 0x75, 0x02, 0x04, 0x00, 0x74, 0x03, 0xd4, 0x00, 0x75,
  0x02, 0x04, 0x00, 0x5b, 0x03, 0xd4, 0x00, 0x75, 0x02, 0x9a, 0x00, 0x74, 0x03, 0xd4, 0x00, 0x75,
  0x02, 0xe0, 0x00, 0x74, 0x04, 0xe6, 0x00, 0x75, 0x03, 0xf0, 0x00, 0x60, 0x04, 0xe6, 0x00, 0x75,
  0x03, 0xf0, 0x00, 0x60, 0x04, 0xe6, 0x00, 0x75, 0x03, 0xf0, 0x00, 0x60, 0x03, 0xf0, 0xff, 0xaa,
  0x04, 0xd4, 0x00, 0x5c, 0x03, 0xfb, 0x00, 0x46, 0x04, 0xd4, 0x00, 0x5c, 0x03, 0xfb, 0x00, 0x46,
  0x04, 0xd4, 0x00, 0x5c, 0x03, 0xfb, 0x00, 0x46, 0x04, 0x6e, 0x00, 0x76, 0x02, 0xa7, 0x00, 0x66,
  0x04, 0x6e, 0x00, 0x76, 0x02, 0xa7, 0x00, 0x52, 0x04, 0x6e, 0x00, 0x76, 0x02, 0xa7, 0x00, 0x0a,
  0x04, 0x52, 0x00, 0x4a, 0x03, 0xa2, 0x00, 0x3a, 0x04, 0x52, 0x00, 0x4a, 0x03, 0xa2, 0x00, 0x3a,
  0x04, 0x52, 0x00, 0x4a, 0x03, 0xa2, 0x00, 0x3a, 0x04, 0x52, 0x00, 0x4a, 0x03, 0xa2, 0x00, 0x3a,
  0x04, 0x58, 0x00, 0x33, 0x02, 0x75, 0x00, 0x18, 0x04, 0x58, 0x00, 0x33, 0x02, 0x9d, 0x00, 0x18,
  0x04, 0x92, 0x00, 0x69, 0x03, 0xf0, 0x00, 0x60, 0x04, 0x92, 0x00, 0x69, 0x03, 0xf0, 0x00, 0x60,
  0x04, 0x92, 0x00, 0x69, 0x03, 0xf0, 0x00, 0x60, 0x04, 0x92, 0x00, 0x69, 0x03, 0xf0, 0x00, 0x60,
  0x04, 0x92, 0x00, 0x69, 0x03, 0xf0, 0x00, 0x60, 0x04, 0x92, 0x00, 0x69, 0x03, 0xf0, 0x00, 0x60,
  0x05, 0xfe, 0x00, 0x2c, 0x05, 0x10, 0x00, 0x22, 0x04, 0x57, 0x00, 0x10, 0x03, 0x92, 0x00, 0x10,
  0x04, 0x57, 0x00, 0x10, 0x04, 0x3e, 0x00, 0x48, 0x03, 0x9f, 0x00, 0x50, 0x04, 0x3e, 0x00, 0x48,
  0x03, 0x9f, 0x00, 0x50, 0x04, 0x3e, 0x00, 0x48, 0x03, 0x9f, 0x00, 0x50, 0x00, 0x01, 0x00, 0x00,
  0x08, 0x62, 0xfd, 0xd5, 0x00, 0x00, 0x09, 0x6f, 0xf9, 0xcc, 0xfc, 0x17, 0x09, 0x78, 0x00, 0x01,
  0x00, 0x00, 0x00, 0x00, 0x00, 0x00, 0x00, 0x00, 0x00, 0x00, 0x00, 0x00, 0x00, 0x00, 0x01, 0x5a,
  0x00, 0x03, 0x04, 0x1e, 0x02, 0xbc, 0x00, 0x05, 0x00, 0x00, 0x05, 0x9a, 0x05, 0x33, 0x00, 0x00,
  0x01, 0x1f, 0x05, 0x9a, 0x05, 0x33, 0x00, 0x00, 0x03, 0xd1, 0x00, 0x66, 0x02, 0x00, 0x00, 0x00,
  0x02, 0x00, 0x00, 0x00, 0x00, 0x00, 0x00, 0x00, 0x00, 0x00, 0x80, 0x00, 0x00, 0x07, 0x00, 0x00,
  0x00, 0x00, 0x00, 0x00, 0x00, 0x00, 0x00, 0x00, 0x00, 0x00, 0x47, 0x4f, 0x4f, 0x47, 0x00, 0x20,
  0x00, 0x20, 0x20, 0x3a, 0x08, 0x62, 0xfd, 0xd5, 0x00, 0x00, 0x08, 0x62, 0x02, 0x2b, 0x00, 0x00,
  0x00, 0x93, 0x00, 0x00, 0x00, 0x00, 0x04, 0x3a, 0x05, 0xb0, 0x00, 0x20, 0x00, 0x20, 0x00, 0x03,
  0x00, 0x00, 0x00, 0x02, 0x00, 0x00, 0x00, 0x03, 0x00, 0x00, 0x00, 0x14, 0x00, 0x03, 0x00, 0x01,
  0x00, 0x00, 0x00, 0x14, 0x00, 0x04, 0x01, 0x88, 0x00, 0x00, 0x00, 0x34, 0x00, 0x20, 0x00, 0x04,
  0x00, 0x14, 0x00, 0x7e, 0x00, 0xa0, 0x00, 0xac, 0x00, 0xad, 0x00, 0xbf, 0x00, 0xc6, 0x00, 0xcf,
  0x00, 0xe6, 0x00, 0xef, 0x00, 0xfe, 0x01, 0x0f, 0x01, 0x11, 0x01, 0x25, 0x01, 0x27, 0x01, 0x30,
  0x01, 0x53, 0x01, 0x65, 0x01, 0x67, 0x01, 0x7e, 0x01, 0x7f, 0x20, 0x14, 0x20, 0x19, 0x20, 0x1d,
  0x20, 0x26, 0x20, 0x3a, 0xff, 0xff, 0x00, 0x00, 0x00, 0x20, 0x00, 0xa0, 0x00, 0xa1, 0x00, 0xad,
  0x00, 0xae, 0x00, 0xc0, 0x00, 0xc7, 0x00, 0xd0, 0x00, 0xe7, 0x00, 0xf0, 0x00, 0xff, 0x01, 0x10,
  0x01, 0x12, 0x01, 0x26, 0x01, 0x28, 0x01, 0x31, 0x01, 0x54, 0x01, 0x66, 0x01, 0x68, 0x01, 0x7f,
  0x20, 0x13, 0x20, 0x18, 0x20, 0x1c, 0x20, 0x26, 0x20, 0x39, 0xff, 0xff, 0xff, 0xe1, 0x00, 0x0d,
  0xff, 0xbf, 0x00, 0x01, 0xff, 0xbe, 0x00, 0x00, 0xff, 0xf3, 0x00, 0x00, 0xff, 0xed, 0x00, 0x00,
  0xff, 0xe9, 0x00, 0x00, 0xff, 0xe7, 0x00, 0x00, 0xff, 0xe5, 0x00, 0x00, 0xff, 0xdd, 0xff, 0x4c,
  0xff, 0xdb, 0xff, 0x13, 0xe0, 0x89, 0xe0, 0x86, 0xe0, 0x84, 0xe0, 0x7c, 0xe0, 0x6a, 0x00, 0x01,
  0x00, 0x00, 0x00, 0x00, 0x00, 0x00, 0x00, 0x00, 0x00, 0x00, 0x00, 0x2a, 0x00, 0x00, 0x00, 0x34,
  0x00, 0x00, 0x00, 0x5e, 0x00, 0x00, 0x00, 0x78, 0x00, 0x00, 0x00, 0x78, 0x00, 0x00, 0x00, 0x78,
  0x00, 0x00, 0x00, 0x00, 0x00, 0x00, 0x00, 0x00, 0x00, 0x00, 0x00, 0x00, 0x00, 0x00, 0x00, 0x00,
  0x00, 0x00, 0x00, 0x00, 0x00, 0xb4, 0x00, 0xb5, 0x00, 0xb6, 0x00, 0xb7, 0x00, 0xb8, 0x00, 0xb9,
  0x00, 0x7e, 0x00, 0xb0, 0x00, 0xc3, 0x00, 0xc4, 0x00, 0xc5, 0x00, 0xc6, 0x00, 0xc7, 0x00, 0xc8,
  0x00, 0x7f, 0x00, 0x80, 0x00, 0xc9, 0x00, 0xca, 0x00, 0xcb, 0x00, 0xcc, 0x00, 0xcd, 0x00, 0x81,
  0x00, 0x82, 0x00, 0xce, 0x00, 0xcf, 0x00, 0xd0, 0x00, 0xd1, 0x00, 0xd2, 0x00, 0xd3, 0x00, 0x83,
  0x00, 0x84, 0x00, 0xdd, 0x00, 0xde, 0x00, 0xdf, 0x00, 0xe0, 0x00, 0xe1, 0x00, 0xe2, 0x00, 0x85,
  0x00, 0x86, 0x00, 0xe3, 0x00, 0xe4, 0x00, 0xe5, 0x00, 0xe6, 0x00, 0xe7, 0x00, 0x87, 0x00, 0xaf,
  0x00, 0x88, 0x00, 0x89, 0x00, 0xb1, 0x00, 0x8a, 0x01, 0x16, 0x01, 0x17, 0x01, 0x18, 0x01, 0x19,
  0x01, 0x1a, 0x01, 0x1b, 0x00, 0x8b, 0x01, 0x1c, 0x01, 0x1d, 0x01, 0x1e, 0x01, 0x1f, 0x01, 0x20,
  0x01, 0x21, 0x01, 0x22, 0x01, 0x23, 0x00, 0x8c, 0x00, 0x8d, 0x01, 0x24, 0x01, 0x25, 0x01, 0x26,
  0x01, 0x27, 0x01, 0x28, 0x01, 0x29, 0x01, 0x2a, 0x00, 0x8e, 0x00, 0x8f, 0x01, 0x2b, 0x01, 0x2c,
  0x01, 0x2d, 0x01, 0x2e, 0x01, 0x2f, 0x01, 0x30, 0x00, 0x90, 0x00, 0x91, 0x00, 0x00, 0x00, 0x07,
  0x00, 0x5a, 0x00, 0x03, 0x00, 0x01, 0x04, 0x09, 0x00, 0x00, 0x00, 0x5e, 0x00, 0x00, 0x00, 0x03,
  0x00, 0x01, 0x04, 0x09, 0x00, 0x01, 0x00, 0x20, 0x00, 0x5e, 0x00, 0x03, 0x00, 0x01, 0x04, 0x09,
  0x00, 0x02, 0x00, 0x08, 0x00, 0x7e, 0x00, 0x03, 0x00, 0x01, 0x04, 0x09, 0x00, 0x03, 0x00, 0x42,
  0x00, 0x86, 0x00, 0x03, 0x00, 0x01, 0x04, 0x09, 0x00, 0x04, 0x00, 0x2a, 0x00, 0xc8, 0x00, 0x03,
  0x00, 0x01, 0x04, 0x09, 0x00, 0x05, 0x00, 0x2c, 0x00, 0xf2, 0x00, 0x03, 0x00, 0x01, 0x04, 0x09,
  0x00, 0x06, 0x00, 0x28, 0x01, 0x1e, 0x00, 0x43, 0x00, 0x6f, 0x00, 0x70, 0x00, 0x79, 0x00, 0x72,
  0x00, 0x69, 0x00, 0x67, 0x00, 0x68, 0x00, 0x74, 0x00, 0x20, 0x00, 0x32, 0x00, 0x30, 0x00, 0x31,
  0x00, 0x35, 0x00, 0x20, 0x00, 0x47, 0x00, 0x6f, 0x00, 0x6f, 0x00, 0x67, 0x00, 0x6c, 0x00, 0x65,
  0x00, 0x20, 0x00, 0x49, 0x00, 0x6e, 0x00, 0x63, 0x00, 0x2e, 0x00, 0x20, 0x00, 0x41, 0x00, 0x6c,
  0x00, 0x6c, 0x00, 0x20, 0x00, 0x52, 0x00, 0x69, 0x00, 0x67, 0x00, 0x68, 0x00, 0x74, 0x00, 0x73,
  0x00, 0x20, 0x00, 0x52, 0x00, 0x65, 0x00, 0x73, 0x00, 0x65, 0x00, 0x72, 0x00, 0x76, 0x00, 0x65,
  0x00, 0x64, 0x00, 0x2e, 0x00, 0x52, 0x00, 0x6f, 0x00, 0x62, 0x00, 0x6f, 0x00, 0x74, 0x00, 0x6f,
  0x00, 0x20, 0x00, 0x43, 0x00, 0x6f, 0x00, 0x6e, 0x00, 0x64, 0x00, 0x65, 0x00, 0x6e, 0x00, 0x73,
  0x00, 0x65, 0x00, 0x64, 0x00, 0x42, 0x00, 0x6f, 0x00, 0x6c, 0x00, 0x64, 0x00, 0x47, 0x00, 0x6f,
  0x00, 0x6f, 0x00, 0x67, 0x00, 0x6c, 0x00, 0x65, 0x00, 0x3a, 0x00, 0x52, 0x00, 0x6f, 0x00, 0x62,
  0x00, 0x6f, 0x00, 0x74, 0x00, 0x6f, 0x00, 0x20, 0x00, 0x43, 0x00, 0x6f, 0x00, 0x6e, 0x00, 0x64,
  0x00, 0x65, 0x00, 0x6e, 0x00, 0x73, 0x00, 0x65, 0x00, 0x64, 0x00, 0x20, 0x00, 0x42, 0x00, 0x6f,
  0x00, 0x6c, 0x00, 0x64, 0x00, 0x3a, 0x00, 0x32, 0x00, 0x30, 0x00, 0x31, 0x00, 0x35, 0x00, 0x52,
  0x00, 0x6f, 0x00, 0x62, 0x00, 0x6f, 0x00, 0x74, 0x00, 0x6f, 0x00, 0x20, 0x00, 0x43, 0x00, 0x6f,
  0x00, 0x6e, 0x00, 0x64, 0x00, 0x65, 0x00, 0x6e, 0x00, 0x73, 0x00, 0x65, 0x00, 0x64, 0x00, 0x20,
  0x00, 0x42, 0x00, 0x6f, 0x00, 0x6c, 0x00, 0x64, 0x00, 0x56, 0x00, 0x65, 0x00, 0x72, 0x00, 0x73,
  0x00, 0x69, 0x00, 0x6f, 0x00, 0x6e, 0x00, 0x20, 0x00, 0x32, 0x00, 0x2e, 0x00, 0x30, 0x00, 0x30,
  0x00, 0x31, 0x00, 0x30, 0x00, 0x34, 0x00, 0x37, 0x00, 0x3b, 0x00, 0x20, 0x00, 0x32, 0x00, 0x30,
  0x00, 0x31, 0x00, 0x35, 0x00, 0x52, 0x00, 0x6f, 0x00, 0x62, 0x00, 0x6f, 0x00, 0x74, 0x00, 0x6f,
  0x00, 0x43, 0x00, 0x6f, 0x00, 0x6e, 0x00, 0x64, 0x00, 0x65, 0x00, 0x6e, 0x00, 0x73, 0x00, 0x65,
  0x00, 0x64, 0x00, 0x2d, 0x00, 0x42, 0x00, 0x6f, 0x00, 0x6c, 0x00, 0x64, 0x00, 0x03, 0x00, 0x00,
  0x00, 0x00, 0x00, 0x00, 0xff, 0x6a, 0x00, 0x64, 0x00, 0x00, 0x00, 0x00, 0x00, 0x00, 0x00, 0x00,
  0x00, 0x00, 0x00, 0x00, 0x00, 0x00, 0x00, 0x00, 0x00, 0x00, 0x00, 0x00, 0x00, 0x01, 0x00, 0x02,
  0x00, 0x08, 0x00, 0x02, 0xff, 0xff, 0x00, 0x0f,
};
unsigned int RobotoCondensed_Bold_ttf_len = 20184;
