unsigned char Satoshi_Regular_otf[] = {
  0x4f, 0x54, 0x54, 0x4f, 0x00, 0x0c, 0x00, 0x80, 0x00, 0x03, 0x00, 0x40,
  0x43, 0x46, 0x46, 0x20, 0x33, 0x88, 0x86, 0xc7, 0x00, 0x00, 0x0c, 0xf4,
  0x00, 0x00, 0x63, 0x54, 0x47, 0x44, 0x45, 0x46, 0x1d, 0x7d, 0x1d, 0xa3,
  0x00, 0x00, 0x70, 0x48, 0x00, 0x00, 0x01, 0x36, 0x47, 0x50, 0x4f, 0x53,
  0x26, 0x8f, 0x7e, 0x22, 0x00, 0x00, 0x71, 0x80, 0x00, 0x00, 0x3c, 0x74,
  0x47, 0x53, 0x55, 0x42, 0xed, 0x51, 0x29, 0xe5, 0x00, 0x00, 0xad, 0xf4,
  0x00, 0x00, 0x0b, 0xc2, 0x4f, 0x53, 0x2f, 0x32, 0x58, 0x97, 0xf1, 0x6c,
  0x00, 0x00, 0x01, 0x30, 0x00, 0x00, 0x00, 0x60, 0x63, 0x6d, 0x61, 0x70,
  0x23, 0x7e, 0x28, 0x70, 0x00, 0x00, 0x07, 0xb0, 0x00, 0x00, 0x05, 0x24,
  0x68, 0x65, 0x61, 0x64, 0x1e, 0xd0, 0x6c, 0xe3, 0x00, 0x00, 0x00, 0xcc,
  0x00, 0x00, 0x00, 0x36, 0x68, 0x68, 0x65, 0x61, 0x09, 0xe1, 0x07, 0x09,
  0x00, 0x00, 0x01, 0x04, 0x00, 0x00, 0x00, 0x24, 0x68, 0x6d, 0x74, 0x78,
  0x1d, 0xc1, 0x55, 0x9b, 0x00, 0x00, 0xb9, 0xb8, 0x00, 0x00, 0x07, 0xe0,
  0x6d, 0x61, 0x78, 0x70, 0x01, 0xf8, 0x50, 0x00, 0x00, 0x00, 0x01, 0x28,
  0x00, 0x00, 0x00, 0x06, 0x6e, 0x61, 0x6d, 0x65, 0x36, 0xb7, 0xcb, 0xe1,
  0x00, 0x00, 0x01, 0x90, 0x00, 0x00, 0x06, 0x1e, 0x70, 0x6f, 0x73, 0x74,
  0xff, 0x40, 0x00, 0x50, 0x00, 0x00, 0x0c, 0xd4, 0x00, 0x00, 0x00, 0x20,
  0x00, 0x01, 0x00, 0x00, 0x00, 0x02, 0x00, 0x00, 0x52, 0x2f, 0x3c, 0x18,
  0x5f, 0x0f, 0x3c, 0xf5, 0x00, 0x03, 0x03, 0xe8, 0x00, 0x00, 0x00, 0x00,
  0xdd, 0x17, 0xe1, 0x7b, 0x00, 0x00, 0x00, 0x00, 0xdd, 0x18, 0x47, 0x63,
  0xff, 0x35, 0xff, 0x20, 0x06, 0x53, 0x04, 0x02, 0x00, 0x00, 0x00, 0x06,
  0x00, 0x02, 0x00, 0x00, 0x00, 0x00, 0x00, 0x00, 0x00, 0x01, 0x00, 0x00,
  0x03, 0xf2, 0xff, 0x10, 0x00, 0x64, 0x06, 0xcb, 0xff, 0x35, 0xff, 0x35,
  0x06, 0x53, 0x00, 0x01, 0x00, 0x00, 0x00, 0x00, 0x00, 0x00, 0x00, 0x00,
  0x00, 0x00, 0x00, 0x00, 0x00, 0x00, 0x01, 0xf8, 0x00, 0x00, 0x50, 0x00,
  0x01, 0xf8, 0x00, 0x00, 0x00, 0x04, 0x02, 0x17, 0x01, 0x90, 0x00, 0x05,
  0x00, 0x00, 0x02, 0x8a, 0x02, 0x58, 0x00, 0x00, 0x00, 0x4b, 0x02, 0x8a,
  0x02, 0x58, 0x00, 0x00, 0x01, 0x5e, 0x00, 0x32, 0x01, 0x2c, 0x00, 0x00,
  0x00, 0x00, 0x00, 0x00, 0x00, 0x00, 0x00, 0x00, 0x00, 0x00, 0x80, 0x00,
  0x00, 0x47, 0x00, 0x00, 0x00, 0x01, 0x00, 0x00, 0x00, 0x00, 0x00, 0x00,
  0x00, 0x00, 0x49, 0x54, 0x46, 0x4f, 0x00, 0xc0, 0x00, 0x20, 0xfb, 0x04,
  0x03, 0xf2, 0xff, 0x10, 0x00, 0x64, 0x03, 0xf2, 0x00, 0xf0, 0x20, 0x00,
  0x00, 0x93, 0x00, 0x00, 0x00, 0x00, 0x01, 0xe4, 0x02, 0xcc, 0x00, 0x00,
  0x00, 0x20, 0x00, 0x0c, 0x00, 0x00, 0x00, 0x16, 0x01, 0x0e, 0x00, 0x01,
  0x00, 0x00, 0x00, 0x00, 0x01, 0x00, 0x00, 0x1f, 0x00, 0x00, 0x00, 0x01,
  0x00, 0x00, 0x00, 0x00, 0x01, 0x01, 0x00, 0x0b, 0x00, 0x1f, 0x00, 0x01,
  0x00, 0x00, 0x00, 0x00, 0x01, 0x02, 0x00, 0x0b, 0x00, 0x2a, 0x00, 0x01,
  0x00, 0x00, 0x00, 0x00, 0x01, 0x03, 0x00, 0x0b, 0x00, 0x35, 0x00, 0x03,
  0x00, 0x01, 0x04, 0x09, 0x00, 0x00, 0x00, 0x7a, 0x00, 0x40, 0x00, 0x03,
  0x00, 0x01, 0x04, 0x09, 0x00, 0x01, 0x00, 0x0e, 0x00, 0xba, 0x00, 0x03,
  0x00, 0x01, 0x04, 0x09, 0x00, 0x02, 0x00, 0x0e, 0x00, 0xc8, 0x00, 0x03,
  0x00, 0x01, 0x04, 0x09, 0x00, 0x03, 0x00, 0x34, 0x00, 0xd6, 0x00, 0x03,
  0x00, 0x01, 0x04, 0x09, 0x00, 0x04, 0x00, 0x1e, 0x01, 0x0a, 0x00, 0x03,
  0x00, 0x01, 0x04, 0x09, 0x00, 0x05, 0x00, 0x1a, 0x01, 0x28, 0x00, 0x03,
  0x00, 0x01, 0x04, 0x09, 0x00, 0x06, 0x00, 0x1e, 0x01, 0x42, 0x00, 0x03,
  0x00, 0x01, 0x04, 0x09, 0x00, 0x07, 0x00, 0x64, 0x01, 0x60, 0x00, 0x03,
  0x00, 0x01, 0x04, 0x09, 0x00, 0x08, 0x00, 0x26, 0x01, 0xc4, 0x00, 0x03,
  0x00, 0x01, 0x04, 0x09, 0x00, 0x09, 0x00, 0x18, 0x01, 0xea, 0x00, 0x03,
  0x00, 0x01, 0x04, 0x09, 0x00, 0x0b, 0x00, 0x3a, 0x02, 0x02, 0x00, 0x03,
  0x00, 0x01, 0x04, 0x09, 0x00, 0x0c, 0x00, 0x42, 0x02, 0x3c, 0x00, 0x03,
  0x00, 0x01, 0x04, 0x09, 0x00, 0x0d, 0x01, 0xdc, 0x02, 0x7e, 0x00, 0x03,
  0x00, 0x01, 0x04, 0x09, 0x00, 0x0e, 0x00, 0x36, 0x04, 0x5a, 0x00, 0x03,
  0x00, 0x01, 0x04, 0x09, 0x01, 0x00, 0x00, 0x3e, 0x04, 0x90, 0x00, 0x03,
  0x00, 0x01, 0x04, 0x09, 0x01, 0x01, 0x00, 0x16, 0x04, 0xce, 0x00, 0x03,
  0x00, 0x01, 0x04, 0x09, 0x01, 0x02, 0x00, 0x16, 0x04, 0xe4, 0x00, 0x03,
  0x00, 0x01, 0x04, 0x09, 0x01, 0x03, 0x00, 0x16, 0x04, 0xfa, 0x41, 0x6c,
  0x74, 0x65, 0x72, 0x6e, 0x61, 0x74, 0x65, 0x20, 0x47, 0x2c, 0x20, 0x61,
  0x2c, 0x20, 0x72, 0x65, 0x67, 0x69, 0x73, 0x74, 0x65, 0x72, 0x65, 0x64,
  0x20, 0x73, 0x69, 0x67, 0x6e, 0x41, 0x6c, 0x74, 0x65, 0x72, 0x6e, 0x61,
  0x74, 0x65, 0x20, 0x67, 0x41, 0x6c, 0x74, 0x65, 0x72, 0x6e, 0x61, 0x74,
  0x65, 0x20, 0x74, 0x41, 0x6c, 0x74, 0x65, 0x72, 0x6e, 0x61, 0x74, 0x65,
  0x20, 0x51, 0x00, 0x43, 0x00, 0x6f, 0x00, 0x70, 0x00, 0x79, 0x00, 0x72,
  0x00, 0x69, 0x00, 0x67, 0x00, 0x68, 0x00, 0x74, 0x00, 0x20, 0x00, 0x32,
  0x00, 0x30, 0x00, 0x31, 0x00, 0x37, 0x00, 0x2d, 0x00, 0x32, 0x00, 0x30,
  0x00, 0x32, 0x00, 0x31, 0x00, 0x20, 0x00, 0x49, 0x00, 0x6e, 0x00, 0x64,
  0x00, 0x69, 0x00, 0x61, 0x00, 0x6e, 0x00, 0x20, 0x00, 0x54, 0x00, 0x79,
  0x00, 0x70, 0x00, 0x65, 0x00, 0x20, 0x00, 0x46, 0x00, 0x6f, 0x00, 0x75,
  0x00, 0x6e, 0x00, 0x64, 0x00, 0x72, 0x00, 0x79, 0x00, 0x2e, 0x00, 0x20,
  0x00, 0x41, 0x00, 0x6c, 0x00, 0x6c, 0x00, 0x20, 0x00, 0x72, 0x00, 0x69,
  0x00, 0x67, 0x00, 0x68, 0x00, 0x74, 0x00, 0x73, 0x00, 0x20, 0x00, 0x72,
  0x00, 0x65, 0x00, 0x73, 0x00, 0x65, 0x00, 0x72, 0x00, 0x76, 0x00, 0x65,
  0x00, 0x64, 0x00, 0x2e, 0x00, 0x53, 0x00, 0x61, 0x00, 0x74, 0x00, 0x6f,
  0x00, 0x73, 0x00, 0x68, 0x00, 0x69, 0x00, 0x52, 0x00, 0x65, 0x00, 0x67,
  0x00, 0x75, 0x00, 0x6c, 0x00, 0x61, 0x00, 0x72, 0x00, 0x32, 0x00, 0x2e,
  0x00, 0x30, 0x00, 0x30, 0x00, 0x30, 0x00, 0x3b, 0x00, 0x49, 0x00, 0x54,
  0x00, 0x46, 0x00, 0x4f, 0x00, 0x3b, 0x00, 0x53, 0x00, 0x61, 0x00, 0x74,
  0x00, 0x6f, 0x00, 0x73, 0x00, 0x68, 0x00, 0x69, 0x00, 0x2d, 0x00, 0x52,
  0x00, 0x65, 0x00, 0x67, 0x00, 0x75, 0x00, 0x6c, 0x00, 0x61, 0x00, 0x72,
  0x00, 0x53, 0x00, 0x61, 0x00, 0x74, 0x00, 0x6f, 0x00, 0x73, 0x00, 0x68,
  0x00, 0x69, 0x00, 0x20, 0x00, 0x52, 0x00, 0x65, 0x00, 0x67, 0x00, 0x75,
  0x00, 0x6c, 0x00, 0x61, 0x00, 0x72, 0x00, 0x56, 0x00, 0x65, 0x00, 0x72,
  0x00, 0x73, 0x00, 0x69, 0x00, 0x6f, 0x00, 0x6e, 0x00, 0x20, 0x00, 0x32,
  0x00, 0x2e, 0x00, 0x30, 0x00, 0x30, 0x00, 0x30, 0x00, 0x53, 0x00, 0x61,
  0x00, 0x74, 0x00, 0x6f, 0x00, 0x73, 0x00, 0x68, 0x00, 0x69, 0x00, 0x2d,
  0x00, 0x52, 0x00, 0x65, 0x00, 0x67, 0x00, 0x75, 0x00, 0x6c, 0x00, 0x61,
  0x00, 0x72, 0x00, 0x53, 0x00, 0x61, 0x00, 0x74, 0x00, 0x6f, 0x00, 0x73,
  0x00, 0x68, 0x00, 0x69, 0x00, 0x20, 0x00, 0x69, 0x00, 0x73, 0x00, 0x20,
  0x00, 0x61, 0x00, 0x20, 0x00, 0x74, 0x00, 0x72, 0x00, 0x61, 0x00, 0x64,
  0x00, 0x65, 0x00, 0x6d, 0x00, 0x61, 0x00, 0x72, 0x00, 0x6b, 0x00, 0x20,
  0x00, 0x6f, 0x00, 0x66, 0x00, 0x20, 0x00, 0x74, 0x00, 0x68, 0x00, 0x65,
  0x00, 0x20, 0x00, 0x49, 0x00, 0x6e, 0x00, 0x64, 0x00, 0x69, 0x00, 0x61,
  0x00, 0x6e, 0x00, 0x20, 0x00, 0x54, 0x00, 0x79, 0x00, 0x70, 0x00, 0x65,
  0x00, 0x20, 0x00, 0x46, 0x00, 0x6f, 0x00, 0x75, 0x00, 0x6e, 0x00, 0x64,
  0x00, 0x72, 0x00, 0x79, 0x00, 0x2e, 0x00, 0x49, 0x00, 0x6e, 0x00, 0x64,
  0x00, 0x69, 0x00, 0x61, 0x00, 0x6e, 0x00, 0x20, 0x00, 0x54, 0x00, 0x79,
  0x00, 0x70, 0x00, 0x65, 0x00, 0x20, 0x00, 0x46, 0x00, 0x6f, 0x00, 0x75,
  0x00, 0x6e, 0x00, 0x64, 0x00, 0x72, 0x00, 0x79, 0x00, 0x44, 0x00, 0x65,
  0x00, 0x6e, 0x00, 0x69, 0x00, 0x20, 0x00, 0x41, 0x00, 0x6e, 0x00, 0x67,
  0x00, 0x67, 0x00, 0x61, 0x00, 0x72, 0x00, 0x61, 0x00, 0x68, 0x00, 0x74,
  0x00, 0x74, 0x00, 0x70, 0x00, 0x73, 0x00, 0x3a, 0x00, 0x2f, 0x00, 0x2f,
  0x00, 0x69, 0x00, 0x6e, 0x00, 0x64, 0x00, 0x69, 0x00, 0x61, 0x00, 0x6e,
  0x00, 0x74, 0x00, 0x79, 0x00, 0x70, 0x00, 0x65, 0x00, 0x66, 0x00, 0x6f,
  0x00, 0x75, 0x00, 0x6e, 0x00, 0x64, 0x00, 0x72, 0x00, 0x79, 0x00, 0x2e,
  0x00, 0x63, 0x00, 0x6f, 0x00, 0x6d, 0x00, 0x68, 0x00, 0x74, 0x00, 0x74,
  0x00, 0x70, 0x00, 0x73, 0x00, 0x3a, 0x00, 0x2f, 0x00, 0x2f, 0x00, 0x77,
  0x00, 0x77, 0x00, 0x77, 0x00, 0x2e, 0x00, 0x69, 0x00, 0x6e, 0x00, 0x64,
  0x00, 0x69, 0x00, 0x61, 0x00, 0x6e, 0x00, 0x74, 0x00, 0x79, 0x00, 0x70,
  0x00, 0x65, 0x00, 0x66, 0x00, 0x6f, 0x00, 0x75, 0x00, 0x6e, 0x00, 0x64,
  0x00, 0x72, 0x00, 0x79, 0x00, 0x2e, 0x00, 0x63, 0x00, 0x6f, 0x00, 0x6d,
  0x00, 0x54, 0x00, 0x68, 0x00, 0x69, 0x00, 0x73, 0x00, 0x20, 0x00, 0x46,
  0x00, 0x6f, 0x00, 0x6e, 0x00, 0x74, 0x00, 0x20, 0x00, 0x53, 0x00, 0x6f,
  0x00, 0x66, 0x00, 0x74, 0x00, 0x77, 0x00, 0x61, 0x00, 0x72, 0x00, 0x65,
  0x00, 0x20, 0x00, 0x69, 0x00, 0x73, 0x00, 0x20, 0x00, 0x70, 0x00, 0x72,
  0x00, 0x6f, 0x00, 0x74, 0x00, 0x65, 0x00, 0x63, 0x00, 0x74, 0x00, 0x65,
  0x00, 0x64, 0x00, 0x20, 0x00, 0x75, 0x00, 0x6e, 0x00, 0x64, 0x00, 0x65,
  0x00, 0x72, 0x00, 0x20, 0x00, 0x64, 0x00, 0x6f, 0x00, 0x6d, 0x00, 0x65,
  0x00, 0x73, 0x00, 0x74, 0x00, 0x69, 0x00, 0x63, 0x00, 0x20, 0x00, 0x61,
  0x00, 0x6e, 0x00, 0x64, 0x00, 0x20, 0x00, 0x69, 0x00, 0x6e, 0x00, 0x74,
  0x00, 0x65, 0x00, 0x72, 0x00, 0x6e, 0x00, 0x61, 0x00, 0x74, 0x00, 0x69,
  0x00, 0x6f, 0x00, 0x6e, 0x00, 0x61, 0x00, 0x6c, 0x00, 0x20, 0x00, 0x74,
  0x00, 0x72, 0x00, 0x61, 0x00, 0x64, 0x00, 0x65, 0x00, 0x6d, 0x00, 0x61,
  0x00, 0x72, 0x00, 0x6b, 0x00, 0x20, 0x00, 0x61, 0x00, 0x6e, 0x00, 0x64,
  0x00, 0x20, 0x00, 0x63, 0x00, 0x6f, 0x00, 0x70, 0x00, 0x79, 0x00, 0x72,
  0x00, 0x69, 0x00, 0x67, 0x00, 0x68, 0x00, 0x74, 0x00, 0x20, 0x00, 0x6c,
  0x00, 0x61, 0x00, 0x77, 0x00, 0x2e, 0x00, 0x20, 0x00, 0x59, 0x00, 0x6f,
  0x00, 0x75, 0x00, 0x20, 0x00, 0x61, 0x00, 0x67, 0x00, 0x72, 0x00, 0x65,
  0x00, 0x65, 0x00, 0x20, 0x00, 0x74, 0x00, 0x6f, 0x00, 0x20, 0x00, 0x69,
  0x00, 0x64, 0x00, 0x65, 0x00, 0x6e, 0x00, 0x74, 0x00, 0x69, 0x00, 0x66,
  0x00, 0x79, 0x00, 0x20, 0x00, 0x74, 0x00, 0x68, 0x00, 0x65, 0x00, 0x20,
  0x00, 0x49, 0x00, 0x54, 0x00, 0x46, 0x00, 0x20, 0x00, 0x66, 0x00, 0x6f,
  0x00, 0x6e, 0x00, 0x74, 0x00, 0x73, 0x00, 0x20, 0x00, 0x62, 0x00, 0x79,
  0x00, 0x20, 0x00, 0x6e, 0x00, 0x61, 0x00, 0x6d, 0x00, 0x65, 0x00, 0x20,
  0x00, 0x61, 0x00, 0x6e, 0x00, 0x64, 0x00, 0x20, 0x00, 0x63, 0x00, 0x72,
  0x00, 0x65, 0x00, 0x64, 0x00, 0x69, 0x00, 0x74, 0x00, 0x20, 0x00, 0x74,
  0x00, 0x68, 0x00, 0x65, 0x00, 0x20, 0x00, 0x49, 0x00, 0x54, 0x00, 0x46,
  0x00, 0x27, 0x00, 0x73, 0x00, 0x20, 0x00, 0x6f, 0x00, 0x77, 0x00, 0x6e,
  0x00, 0x65, 0x00, 0x72, 0x00, 0x73, 0x00, 0x68, 0x00, 0x69, 0x00, 0x70,
  0x00, 0x20, 0x00, 0x6f, 0x00, 0x66, 0x00, 0x20, 0x00, 0x74, 0x00, 0x68,
  0x00, 0x65, 0x00, 0x20, 0x00, 0x74, 0x00, 0x72, 0x00, 0x61, 0x00, 0x64,
  0x00, 0x65, 0x00, 0x6d, 0x00, 0x61, 0x00, 0x72, 0x00, 0x6b, 0x00, 0x73,
  0x00, 0x20, 0x00, 0x61, 0x00, 0x6e, 0x00, 0x64, 0x00, 0x20, 0x00, 0x63,
  0x00, 0x6f, 0x00, 0x70, 0x00, 0x79, 0x00, 0x72, 0x00, 0x69, 0x00, 0x67,
  0x00, 0x68, 0x00, 0x74, 0x00, 0x73, 0x00, 0x20, 0x00, 0x69, 0x00, 0x6e,
  0x00, 0x20, 0x00, 0x61, 0x00, 0x6e, 0x00, 0x79, 0x00, 0x20, 0x00, 0x64,
  0x00, 0x65, 0x00, 0x73, 0x00, 0x69, 0x00, 0x67, 0x00, 0x6e, 0x00, 0x20,
  0x00, 0x6f, 0x00, 0x72, 0x00, 0x20, 0x00, 0x70, 0x00, 0x72, 0x00, 0x6f,
  0x00, 0x64, 0x00, 0x75, 0x00, 0x63, 0x00, 0x74, 0x00, 0x69, 0x00, 0x6f,
  0x00, 0x6e, 0x00, 0x20, 0x00, 0x63, 0x00, 0x72, 0x00, 0x65, 0x00, 0x64,
  0x00, 0x69, 0x00, 0x74, 0x00, 0x73, 0x00, 0x2e, 0x00, 0x68, 0x00, 0x74,
  0x00, 0x74, 0x00, 0x70, 0x00, 0x73, 0x00, 0x3a, 0x00, 0x2f, 0x00, 0x2f,
  0x00, 0x66, 0x00, 0x6f, 0x00, 0x6e, 0x00, 0x74, 0x00, 0x73, 0x00, 0x68,
  0x00, 0x61, 0x00, 0x72, 0x00, 0x65, 0x00, 0x2e, 0x00, 0x63, 0x00, 0x6f,
  0x00, 0x6d, 0x00, 0x2f, 0x00, 0x74, 0x00, 0x65, 0x00, 0x72, 0x00, 0x6d,
  0x00, 0x73, 0x00, 0x41, 0x00, 0x6c, 0x00, 0x74, 0x00, 0x65, 0x00, 0x72,
  0x00, 0x6e, 0x00, 0x61, 0x00, 0x74, 0x00, 0x65, 0x00, 0x20, 0x00, 0x47,
  0x00, 0x2c, 0x00, 0x20, 0x00, 0x61, 0x00, 0x2c, 0x00, 0x20, 0x00, 0x72,
  0x00, 0x65, 0x00, 0x67, 0x00, 0x69, 0x00, 0x73, 0x00, 0x74, 0x00, 0x65,
  0x00, 0x72, 0x00, 0x65, 0x00, 0x64, 0x00, 0x20, 0x00, 0x73, 0x00, 0x69,
  0x00, 0x67, 0x00, 0x6e, 0x00, 0x41, 0x00, 0x6c, 0x00, 0x74, 0x00, 0x65,
  0x00, 0x72, 0x00, 0x6e, 0x00, 0x61, 0x00, 0x74, 0x00, 0x65, 0x00, 0x20,
  0x00, 0x67, 0x00, 0x41, 0x00, 0x6c, 0x00, 0x74, 0x00, 0x65, 0x00, 0x72,
  0x00, 0x6e, 0x00, 0x61, 0x00, 0x74, 0x00, 0x65, 0x00, 0x20, 0x00, 0x74,
  0x00, 0x41, 0x00, 0x6c, 0x00, 0x74, 0x00, 0x65, 0x00, 0x72, 0x00, 0x6e,
  0x00, 0x61, 0x00, 0x74, 0x00, 0x65, 0x00, 0x20, 0x00, 0x51, 0x00, 0x00,
  0x00, 0x00, 0x00, 0x02, 0x00, 0x00, 0x00, 0x03, 0x00, 0x00, 0x00, 0x14,
  0x00, 0x03, 0x00, 0x01, 0x00, 0x00, 0x00, 0x14, 0x00, 0x04, 0x05, 0x10,
  0x00, 0x00, 0x00, 0x8a, 0x00, 0x80, 0x00, 0x06, 0x00, 0x0a, 0x00, 0x2f,
  0x00, 0x39, 0x00, 0x7e, 0x00, 0xa9, 0x00, 0xac, 0x00, 0xb9, 0x01, 0x23,
  0x01, 0x2b, 0x01, 0x31, 0x01, 0x37, 0x01, 0x48, 0x01, 0x4d, 0x01, 0x6b,
  0x01, 0x7e, 0x01, 0x92, 0x01, 0xff, 0x02, 0x1b, 0x02, 0x37, 0x02, 0xc7,
  0x02, 0xdd, 0x03, 0x04, 0x03, 0x08, 0x03, 0x0c, 0x03, 0x12, 0x03, 0x27,
  0x03, 0x35, 0x03, 0x38, 0x03, 0xa9, 0x03, 0xc0, 0x1e, 0x85, 0x1e, 0xf3,
  0x20, 0x14, 0x20, 0x1a, 0x20, 0x1e, 0x20, 0x22, 0x20, 0x26, 0x20, 0x30,
  0x20, 0x32, 0x20, 0x3a, 0x20, 0x42, 0x20, 0x44, 0x20, 0x70, 0x20, 0x79,
  0x20, 0x89, 0x20, 0xac, 0x21, 0x17, 0x21, 0x22, 0x21, 0x2e, 0x21, 0x5e,
  0x21, 0x99, 0x22, 0x02, 0x22, 0x06, 0x22, 0x0f, 0x22, 0x12, 0x22, 0x1a,
  0x22, 0x1e, 0x22, 0x2b, 0x22, 0x48, 0x22, 0x60, 0x22, 0x65, 0x25, 0xa1,
  0x25, 0xb3, 0x25, 0xcb, 0x25, 0xcf, 0x26, 0x2e, 0x27, 0x13, 0xf8, 0xff,
  0xfb, 0x04, 0xff, 0xff, 0x00, 0x00, 0x00, 0x20, 0x00, 0x30, 0x00, 0x3a,
  0x00, 0xa1, 0x00, 0xab, 0x00, 0xae, 0x00, 0xbb, 0x01, 0x26, 0x01, 0x2e,
  0x01, 0x34, 0x01, 0x39, 0x01, 0x4a, 0x01, 0x50, 0x01, 0x6e, 0x01, 0x92,
  0x01, 0xfa, 0x02, 0x18, 0x02, 0x37, 0x02, 0xc6, 0x02, 0xd8, 0x03, 0x00,
  0x03, 0x06, 0x03, 0x0a, 0x03, 0x12, 0x03, 0x26, 0x03, 0x35, 0x03, 0x37,
  0x03, 0xa9, 0x03, 0xc0, 0x1e, 0x80, 0x1e, 0xf2, 0x20, 0x13, 0x20, 0x18,
  0x20, 0x1c, 0x20, 0x20, 0x20, 0x26, 0x20, 0x30, 0x20, 0x32, 0x20, 0x39,
  0x20, 0x42, 0x20, 0x44, 0x20, 0x70, 0x20, 0x74, 0x20, 0x80, 0x20, 0xac,
  0x21, 0x16, 0x21, 0x22, 0x21, 0x2e, 0x21, 0x5b, 0x21, 0x90, 0x22, 0x02,
  0x22, 0x05, 0x22, 0x0f, 0x22, 0x11, 0x22, 0x1a, 0x22, 0x1e, 0x22, 0x2b,
  0x22, 0x48, 0x22, 0x60, 0x22, 0x64, 0x25, 0xa0, 0x25, 0xb2, 0x25, 0xca,
  0x25, 0xcf, 0x26, 0x2e, 0x27, 0x13, 0xf8, 0xff, 0xfb, 0x00, 0xff, 0xff,
  0x00, 0x00, 0x00, 0xd8, 0x00, 0x00, 0x00, 0x00, 0x00, 0x00, 0x00, 0x00,
  0x00, 0x00, 0x00, 0x00, 0x00, 0x00, 0x00, 0x00, 0x00, 0x00, 0x00, 0x00,
  0x00, 0x00, 0x00, 0x00, 0xff, 0xe5, 0x00, 0x00, 0x00, 0x00, 0xff, 0xa6,
  0x00, 0x00, 0x00, 0x00, 0x00, 0x00, 0x00, 0x00, 0x00, 0x00, 0xfe, 0xb1,
  0xfe, 0x9e, 0xfe, 0xbc, 0x00, 0x00, 0xfd, 0x5d, 0xfd, 0x47, 0x00, 0x00,
  0x00, 0x00, 0x00, 0x00, 0xe1, 0x57, 0x00, 0x00, 0x00, 0x00, 0xe1, 0x2d,
  0xe1, 0x62, 0xe1, 0x84, 0xe1, 0x31, 0xe1, 0x0b, 0xe1, 0x00, 0xe0, 0xca,
  0xe0, 0xca, 0xe0, 0x9c, 0xe0, 0xca, 0x00, 0x00, 0xe0, 0x8b, 0xe0, 0x85,
  0xdf, 0xed, 0x00, 0x00, 0xdf, 0x8e, 0x00, 0x00, 0xdf, 0x7d, 0x00, 0x00,
  0xdf, 0x74, 0xdf, 0x6b, 0xdf, 0x5f, 0xdf, 0x3d, 0xdf, 0x1f, 0x00, 0x00,
  0xdc, 0x00, 0xdb, 0xf0, 0x00, 0x00, 0xdb, 0xce, 0xdb, 0x76, 0xda, 0x92,
  0x08, 0xd7, 0x00, 0x00, 0x00, 0x01, 0x00, 0x8a, 0x00, 0x00, 0x00, 0xa6,
  0x01, 0x2e, 0x01, 0x3e, 0x01, 0x40, 0x01, 0x56, 0x02, 0x26, 0x02, 0x30,
  0x02, 0x36, 0x02, 0x3c, 0x02, 0x5a, 0x02, 0x60, 0x02, 0x96, 0x00, 0x00,
  0x02, 0xb4, 0x02, 0xbe, 0x00, 0x00, 0x02, 0xc2, 0x02, 0xc4, 0x02, 0xce,
  0x02, 0xd6, 0x02, 0xda, 0x00, 0x00, 0x00, 0x00, 0x00, 0x00, 0x02, 0xd8,
  0x00, 0x00, 0x00, 0x00, 0x02, 0xd6, 0x02, 0xe0, 0x02, 0xe2, 0x00, 0x00,
  0x02, 0xe2, 0x02, 0xe6, 0x00, 0x00, 0x00, 0x00, 0x00, 0x00, 0x00, 0x00,
  0x00, 0x00, 0x00, 0x00, 0x00, 0x00, 0x00, 0x00, 0x00, 0x00, 0x00, 0x00,
  0x02, 0xd6, 0x00, 0x00, 0x00, 0x00, 0x00, 0x00, 0x02, 0xd2, 0x00, 0x00,
  0x02, 0xe2, 0x00, 0x00, 0x02, 0xe2, 0x00, 0x00, 0x00, 0x00, 0x00, 0x00,
  0x00, 0x00, 0x00, 0x00, 0x02, 0xda, 0x00, 0x00, 0x00, 0x00, 0x02, 0xd8,
  0x00, 0x00, 0x00, 0x00, 0x00, 0x00, 0x00, 0x00, 0x02, 0xd2, 0x00, 0x00,
  0x01, 0x72, 0x01, 0x54, 0x01, 0x5a, 0x01, 0x56, 0x01, 0x75, 0x01, 0x91,
  0x01, 0xa7, 0x01, 0x5b, 0x01, 0x63, 0x01, 0x64, 0x01, 0x4c, 0x01, 0x7a,
  0x01, 0x52, 0x01, 0x67, 0x01, 0x57, 0x01, 0x5d, 0x01, 0x51, 0x01, 0x5c,
  0x01, 0x81, 0x01, 0x7e, 0x01, 0x80, 0x01, 0x58, 0x01, 0xa6, 0x00, 0x01,
  0x00, 0x0e, 0x00, 0x0f, 0x00, 0x15, 0x00, 0x19, 0x00, 0x23, 0x00, 0x24,
  0x00, 0x29, 0x00, 0x2b, 0x00, 0x34, 0x00, 0x36, 0x00, 0x38, 0x00, 0x3e,
  0x00, 0x3f, 0x00, 0x45, 0x00, 0x50, 0x00, 0x52, 0x00, 0x53, 0x00, 0x57,
  0x00, 0x5d, 0x00, 0x62, 0x00, 0x6c, 0x00, 0x6d, 0x00, 0x72, 0x00, 0x73,
  0x00, 0x78, 0x01, 0x61, 0x01, 0x4e, 0x01, 0x62, 0x01, 0xb5, 0x01, 0x5e,
  0x01, 0xce, 0x00, 0x7d, 0x00, 0x8a, 0x00, 0x8b, 0x00, 0x91, 0x00, 0x95,
  0x00, 0x9f, 0x00, 0xa0, 0x00, 0xa5, 0x00, 0xa7, 0x00, 0xb0, 0x00, 0xb2,
  0x00, 0xb4, 0x00, 0xba, 0x00, 0xbb, 0x00, 0xc1, 0x00, 0xcc, 0x00, 0xce,
  0x00, 0xcf, 0x00, 0xd3, 0x00, 0xda, 0x00, 0xdf, 0x00, 0xe9, 0x00, 0xea,
  0x00, 0xef, 0x00, 0xf0, 0x00, 0xf5, 0x01, 0x5f, 0x01, 0xaf, 0x01, 0x60,
  0x01, 0x86, 0x01, 0x55, 0x01, 0x73, 0x01, 0x78, 0x01, 0x74, 0x01, 0x79,
  0x01, 0xb0, 0x01, 0xa9, 0x01, 0xcc, 0x01, 0xaa, 0x01, 0x68, 0x01, 0x87,
  0x01, 0xab, 0x01, 0xd0, 0x01, 0xae, 0x01, 0x84, 0x01, 0x3c, 0x01, 0x3d,
  0x01, 0xc7, 0x01, 0x8f, 0x01, 0xa8, 0x01, 0x4f, 0x01, 0xca, 0x01, 0x3b,
  0x01, 0x69, 0x01, 0x46, 0x01, 0x45, 0x01, 0x47, 0x01, 0x59, 0x00, 0x06,
  0x00, 0x02, 0x00, 0x04, 0x00, 0x0b, 0x00, 0x05, 0x00, 0x09, 0x00, 0x0c,
  0x00, 0x12, 0x00, 0x20, 0x00, 0x1a, 0x00, 0x1d, 0x00, 0x1e, 0x00, 0x30,
  0x00, 0x2c, 0x00, 0x2d, 0x00, 0x2e, 0x00, 0x16, 0x00, 0x44, 0x00, 0x49,
  0x00, 0x46, 0x00, 0x47, 0x00, 0x4e, 0x00, 0x48, 0x01, 0x7c, 0x00, 0x4c,
  0x00, 0x66, 0x00, 0x63, 0x00, 0x64, 0x00, 0x65, 0x00, 0x74, 0x00, 0x51,
  0x00, 0xd9, 0x00, 0x82, 0x00, 0x7e, 0x00, 0x80, 0x00, 0x87, 0x00, 0x81,
  0x00, 0x85, 0x00, 0x88, 0x00, 0x8e, 0x00, 0x9c, 0x00, 0x96, 0x00, 0x99,
  0x00, 0x9a, 0x00, 0xac, 0x00, 0xa8, 0x00, 0xa9, 0x00, 0xaa, 0x00, 0x92,
  0x00, 0xc0, 0x00, 0xc5, 0x00, 0xc2, 0x00, 0xc3, 0x00, 0xca, 0x00, 0xc4,
  0x01, 0x7d, 0x00, 0xc8, 0x00, 0xe3, 0x00, 0xe0, 0x00, 0xe1, 0x00, 0xe2,
  0x00, 0xf1, 0x00, 0xcd, 0x00, 0xf3, 0x00, 0x07, 0x00, 0x83, 0x00, 0x03,
  0x00, 0x7f, 0x00, 0x08, 0x00, 0x84, 0x00, 0x10, 0x00, 0x8c, 0x00, 0x13,
  0x00, 0x8f, 0x00, 0x14, 0x00, 0x90, 0x00, 0x11, 0x00, 0x8d, 0x00, 0x17,
  0x00, 0x93, 0x00, 0x18, 0x00, 0x94, 0x00, 0x21, 0x00, 0x9d, 0x00, 0x1b,
  0x00, 0x97, 0x00, 0x1f, 0x00, 0x9b, 0x00, 0x22, 0x00, 0x9e, 0x00, 0x1c,
  0x00, 0x98, 0x00, 0x26, 0x00, 0xa2, 0x00, 0x25, 0x00, 0xa1, 0x00, 0x28,
  0x00, 0xa4, 0x00, 0x27, 0x00, 0xa3, 0x00, 0x2a, 0x00, 0xa6, 0x00, 0x33,
  0x00, 0xaf, 0x00, 0x31, 0x00, 0xad, 0x00, 0x32, 0x00, 0xae, 0x00, 0x2f,
  0x01, 0xdc, 0x00, 0x35, 0x00, 0xb1, 0x00, 0x37, 0x00, 0xb3, 0x00, 0x39,
  0x00, 0xb5, 0x00, 0x3b, 0x00, 0xb7, 0x00, 0x3a, 0x00, 0xb6, 0x00, 0x3c,
  0x00, 0xb8, 0x00, 0x3d, 0x00, 0xb9, 0x00, 0x40, 0x00, 0xbc, 0x00, 0x42,
  0x00, 0xbe, 0x00, 0x41, 0x00, 0xbd, 0x00, 0x43, 0x00, 0xbf, 0x00, 0x4b,
  0x00, 0xc7, 0x00, 0x4a, 0x00, 0xc6, 0x00, 0x4f, 0x00, 0xcb, 0x00, 0x54,
  0x00, 0xd0, 0x00, 0x56, 0x00, 0xd2, 0x00, 0x55, 0x00, 0xd1, 0x00, 0x58,
  0x00, 0xd4, 0x00, 0x5b, 0x00, 0xd7, 0x00, 0x5a, 0x00, 0xd6, 0x00, 0x59,
  0x00, 0xd5, 0x00, 0x60, 0x00, 0xdd, 0x00, 0x5f, 0x00, 0xdc, 0x00, 0x5e,
  0x00, 0xdb, 0x00, 0x6b, 0x00, 0xe8, 0x00, 0x68, 0x00, 0xe5, 0x00, 0x6a,
  0x00, 0xe7, 0x00, 0x67, 0x00, 0xe4, 0x00, 0x69, 0x00, 0xe6, 0x00, 0x6f,
  0x00, 0xec, 0x00, 0x75, 0x00, 0xf2, 0x00, 0x76, 0x00, 0x79, 0x00, 0xf6,
  0x00, 0x7b, 0x00, 0xf8, 0x00, 0x7a, 0x00, 0xf7, 0x00, 0x0a, 0x00, 0x86,
  0x00, 0x0d, 0x00, 0x89, 0x00, 0x4d, 0x00, 0xc9, 0x00, 0x5c, 0x00, 0xd8,
  0x00, 0x61, 0x00, 0xde, 0x01, 0xcb, 0x01, 0xc9, 0x01, 0xc8, 0x01, 0xcd,
  0x01, 0xd2, 0x01, 0xd1, 0x01, 0xd3, 0x01, 0xcf, 0x01, 0xba, 0x01, 0xbb,
  0x01, 0xbd, 0x01, 0xc1, 0x01, 0xc2, 0x01, 0xbf, 0x01, 0xb9, 0x01, 0xb8,
  0x01, 0xc0, 0x01, 0xbc, 0x01, 0xbe, 0x01, 0xf2, 0x01, 0xc6, 0x00, 0x71,
  0x00, 0xee, 0x00, 0x6e, 0x00, 0xeb, 0x00, 0x70, 0x00, 0xed, 0x00, 0x77,
  0x00, 0xf4, 0x01, 0x66, 0x01, 0x65, 0x01, 0x6d, 0x01, 0x6e, 0x01, 0x6c,
  0x01, 0xb1, 0x01, 0xb2, 0x01, 0x50, 0x01, 0xb4, 0x01, 0xac, 0x01, 0x99,
  0x01, 0x93, 0x01, 0x95, 0x01, 0x97, 0x01, 0x9b, 0x01, 0x9c, 0x01, 0x9a,
  0x01, 0x94, 0x01, 0x96, 0x01, 0x98, 0x01, 0x88, 0x01, 0x8b, 0x01, 0x8d,
  0x01, 0x7b, 0x01, 0x83, 0x01, 0x82, 0x01, 0x9f, 0x01, 0x9e, 0x00, 0xfc,
  0x01, 0x01, 0x01, 0x02, 0x00, 0xfd, 0x00, 0xfe, 0x00, 0x03, 0x00, 0x00,
  0x00, 0x00, 0x00, 0x00, 0xff, 0x3d, 0x00, 0x50, 0x00, 0x00, 0x00, 0x00,
  0x00, 0x00, 0x00, 0x00, 0x00, 0x00, 0x00, 0x00, 0x00, 0x00, 0x00, 0x00,
  0x00, 0x00, 0x00, 0x00, 0x01, 0x00, 0x04, 0x02, 0x00, 0x01, 0x01, 0x01,
  0x10, 0x53, 0x61, 0x74, 0x6f, 0x73, 0x68, 0x69, 0x2d, 0x52, 0x65, 0x67,
  0x75, 0x6c, 0x61, 0x72, 0x00, 0x01, 0x01, 0x01, 0x40, 0xf9, 0x2d, 0x00,
  0xf9, 0x2e, 0x01, 0xf9, 0x2f, 0x0c, 0x00, 0xf9, 0x30, 0x02, 0xf9, 0x31,
  0x03, 0xf9, 0x32, 0x04, 0xfb, 0x57, 0x0c, 0x03, 0xdb, 0x0c, 0x04, 0xfb,
  0x5f, 0xfb, 0x74, 0x1d, 0x00, 0x00, 0x06, 0x53, 0xfa, 0x96, 0x05, 0x1d,
  0x00, 0x00, 0x1c, 0xdf, 0x0f, 0x1d, 0x00, 0x00, 0x1f, 0xda, 0x10, 0xb1,
  0x1d, 0x00, 0x00, 0x59, 0xf3, 0x12, 0x1d, 0x00, 0x00, 0x1f, 0xdc, 0x11,
  0x01, 0x18, 0x02, 0x00, 0x01, 0x00, 0x07, 0x00, 0x0e, 0x00, 0x15, 0x00,
  0x1f, 0x00, 0x26, 0x00, 0x2c, 0x00, 0x32, 0x00, 0x3d, 0x00, 0x47, 0x00,
  0x4d, 0x00, 0x53, 0x00, 0x59, 0x00, 0x5f, 0x00, 0x69, 0x00, 0x70, 0x00,
  0x77, 0x00, 0x7d, 0x00, 0x88, 0x00, 0x94, 0x00, 0x9e, 0x00, 0xa2, 0x00,
  0xac, 0x00, 0xb3, 0x00, 0xba, 0x00, 0xc0, 0x00, 0xcb, 0x00, 0xd7, 0x00,
  0xdd, 0x00, 0xe3, 0x00, 0xef, 0x00, 0xf3, 0x00, 0xf9, 0x00, 0xff, 0x01,
  0x0b, 0x01, 0x0e, 0x01, 0x1b, 0x01, 0x22, 0x01, 0x2d, 0x01, 0x33, 0x01,
  0x39, 0x01, 0x45, 0x01, 0x4b, 0x01, 0x53, 0x01, 0x5e, 0x01, 0x6a, 0x01,
  0x6e, 0x01, 0x74, 0x01, 0x7c, 0x01, 0x88, 0x01, 0x95, 0x01, 0x9c, 0x01,
  0xa3, 0x01, 0xa8, 0x01, 0xae, 0x01, 0xb4, 0x01, 0xbf, 0x01, 0xc8, 0x01,
  0xce, 0x01, 0xd9, 0x01, 0xdf, 0x01, 0xe5, 0x01, 0xef, 0x01, 0xf5, 0x01,
  0xfb, 0x02, 0x02, 0x02, 0x09, 0x02, 0x13, 0x02, 0x1a, 0x02, 0x20, 0x02,
  0x26, 0x02, 0x31, 0x02, 0x3b, 0x02, 0x41, 0x02, 0x47, 0x02, 0x4d, 0x02,
  0x53, 0x02, 0x5d, 0x02, 0x64, 0x02, 0x6b, 0x02, 0x71, 0x02, 0x7c, 0x02,
  0x88, 0x02, 0x92, 0x02, 0x96, 0x02, 0xa0, 0x02, 0xa7, 0x02, 0xae, 0x02,
  0xb4, 0x02, 0xbf, 0x02, 0xcb, 0x02, 0xd1, 0x02, 0xd7, 0x02, 0xe3, 0x02,
  0xe7, 0x02, 0xed, 0x02, 0xf3, 0x02, 0xff, 0x03, 0x02, 0x03, 0x0f, 0x03,
  0x16, 0x03, 0x21, 0x03, 0x27, 0x03, 0x2d, 0x03, 0x39, 0x03, 0x3f, 0x03,
  0x47, 0x03, 0x52, 0x03, 0x5e, 0x03, 0x62, 0x03, 0x68, 0x03, 0x70, 0x03,
  0x7c, 0x03, 0x89, 0x03, 0x90, 0x03, 0x97, 0x03, 0x9c, 0x03, 0xa2, 0x03,
  0xa8, 0x03, 0xb3, 0x03, 0xbc, 0x03, 0xc2, 0x03, 0xcd, 0x03, 0xd3, 0x03,
  0xd9, 0x03, 0xe3, 0x03, 0xe9, 0x03, 0xef, 0x03, 0xf5, 0x03, 0xf8, 0x03,
  0xfd, 0x04, 0x02, 0x04, 0x05, 0x04, 0x08, 0x04, 0x0b, 0x04, 0x0e, 0x04,
  0x11, 0x04, 0x16, 0x04, 0x18, 0x04, 0x1f, 0x04, 0x25, 0x04, 0x2b, 0x04,
  0x33, 0x04, 0x3a, 0x04, 0x41, 0x04, 0x47, 0x04, 0x4f, 0x04, 0x57, 0x04,
  0x5e, 0x04, 0x6b, 0x04, 0x77, 0x04, 0x83, 0x04, 0x91, 0x04, 0x9e, 0x04,
  0xab, 0x04, 0xb7, 0x04, 0xc5, 0x04, 0xd3, 0x04, 0xe0, 0x04, 0xe9, 0x04,
  0xf1, 0x04, 0xf9, 0x05, 0x03, 0x05, 0x0c, 0x05, 0x15, 0x05, 0x1d, 0x05,
  0x27, 0x05, 0x31, 0x05, 0x3a, 0x05, 0x43, 0x05, 0x4b, 0x05, 0x53, 0x05,
  0x5d, 0x05, 0x66, 0x05, 0x6f, 0x05, 0x77, 0x05, 0x81, 0x05, 0x8b, 0x05,
  0x94, 0x05, 0xa1, 0x05, 0xae, 0x05, 0xbb, 0x05, 0xc7, 0x05, 0xd5, 0x05,
  0xe3, 0x05, 0xf0, 0x05, 0xf8, 0x05, 0xfc, 0x06, 0x04, 0x06, 0x10, 0x06,
  0x19, 0x06, 0x24, 0x06, 0x2c, 0x06, 0x34, 0x06, 0x3c, 0x06, 0x45, 0x06,
  0x4c, 0x06, 0x55, 0x06, 0x5c, 0x06, 0x61, 0x06, 0x6c, 0x06, 0x73, 0x06,
  0x7a, 0x06, 0x84, 0x06, 0x8b, 0x06, 0x94, 0x06, 0x9b, 0x06, 0xa4, 0x06,
  0xab, 0x06, 0xb4, 0x06, 0xbd, 0x06, 0xc8, 0x06, 0xce, 0x06, 0xd5, 0x06,
  0xde, 0x06, 0xe9, 0x06, 0xf0, 0x06, 0xff, 0x07, 0x04, 0x07, 0x09, 0x07,
  0x17, 0x07, 0x20, 0x07, 0x26, 0x07, 0x2c, 0x07, 0x3b, 0x07, 0x47, 0x07,
  0x54, 0x07, 0x5d, 0x07, 0x66, 0x07, 0x76, 0x07, 0x84, 0x07, 0x8d, 0x07,
  0x96, 0x07, 0x9e, 0x07, 0xa7, 0x07, 0xb1, 0x07, 0xc5, 0x07, 0xd4, 0x07,
  0xdf, 0x07, 0xec, 0x07, 0xff, 0x08, 0x13, 0x08, 0x16, 0x08, 0x21, 0x08,
  0x31, 0x08, 0x42, 0x08, 0x51, 0x08, 0x57, 0x08, 0x5f, 0x08, 0x6a, 0x08,
  0x75, 0x08, 0x85, 0x08, 0x93, 0x08, 0x9e, 0x08, 0xaa, 0x08, 0xb6, 0x08,
  0xc0, 0x08, 0xcf, 0x08, 0xda, 0x08, 0xe5, 0x08, 0xf5, 0x09, 0x06, 0x09,
  0x15, 0x09, 0x1e, 0x09, 0x29, 0x09, 0x36, 0x09, 0x47, 0x09, 0x54, 0x09,
  0x63, 0x09, 0x71, 0x09, 0x85, 0x09, 0x98, 0x09, 0xab, 0x09, 0xbd, 0x09,
  0xcc, 0x09, 0xcf, 0x0a, 0x01, 0x0a, 0x3e, 0x0a, 0x4d, 0x0a, 0x54, 0x0a,
  0x5a, 0x41, 0x62, 0x72, 0x65, 0x76, 0x65, 0x41, 0x6d, 0x61, 0x63, 0x72,
  0x6f, 0x6e, 0x41, 0x6f, 0x67, 0x6f, 0x6e, 0x65, 0x6b, 0x41, 0x72, 0x69,
  0x6e, 0x67, 0x61, 0x63, 0x75, 0x74, 0x65, 0x41, 0x45, 0x61, 0x63, 0x75,
  0x74, 0x65, 0x43, 0x61, 0x63, 0x75, 0x74, 0x65, 0x43, 0x63, 0x61, 0x72,
  0x6f, 0x6e, 0x43, 0x63, 0x69, 0x72, 0x63, 0x75, 0x6d, 0x66, 0x6c, 0x65,
  0x78, 0x43, 0x64, 0x6f, 0x74, 0x61, 0x63, 0x63, 0x65, 0x6e, 0x74, 0x44,
  0x63, 0x61, 0x72, 0x6f, 0x6e, 0x44, 0x63, 0x72, 0x6f, 0x61, 0x74, 0x45,
  0x62, 0x72, 0x65, 0x76, 0x65, 0x45, 0x63, 0x61, 0x72, 0x6f, 0x6e, 0x45,
  0x64, 0x6f, 0x74, 0x61, 0x63, 0x63, 0x65, 0x6e, 0x74, 0x45, 0x6d, 0x61,
  0x63, 0x72, 0x6f, 0x6e, 0x45, 0x6f, 0x67, 0x6f, 0x6e, 0x65, 0x6b, 0x47,
  0x62, 0x72, 0x65, 0x76, 0x65, 0x47, 0x63, 0x69, 0x72, 0x63, 0x75, 0x6d,
  0x66, 0x6c, 0x65, 0x78, 0x47, 0x63, 0x6f, 0x6d, 0x6d, 0x61, 0x61, 0x63,
  0x63, 0x65, 0x6e, 0x74, 0x47, 0x64, 0x6f, 0x74, 0x61, 0x63, 0x63, 0x65,
  0x6e, 0x74, 0x48, 0x62, 0x61, 0x72, 0x49, 0x64, 0x6f, 0x74, 0x61, 0x63,
  0x63, 0x65, 0x6e, 0x74, 0x49, 0x6d, 0x61, 0x63, 0x72, 0x6f, 0x6e, 0x49,
  0x6f, 0x67, 0x6f, 0x6e, 0x65, 0x6b, 0x49, 0x74, 0x69, 0x6c, 0x64, 0x65,
  0x4a, 0x63, 0x69, 0x72, 0x63, 0x75, 0x6d, 0x66, 0x6c, 0x65, 0x78, 0x4b,
  0x63, 0x6f, 0x6d, 0x6d, 0x61, 0x61, 0x63, 0x63, 0x65, 0x6e, 0x74, 0x4c,
  0x61, 0x63, 0x75, 0x74, 0x65, 0x4c, 0x63, 0x61, 0x72, 0x6f, 0x6e, 0x4c,
  0x63, 0x6f, 0x6d, 0x6d, 0x61, 0x61, 0x63, 0x63, 0x65, 0x6e, 0x74, 0x4c,
  0x64, 0x6f, 0x74, 0x4e, 0x61, 0x63, 0x75, 0x74, 0x65, 0x4e, 0x63, 0x61,
  0x72, 0x6f, 0x6e, 0x4e, 0x63, 0x6f, 0x6d, 0x6d, 0x61, 0x61, 0x63, 0x63,
  0x65, 0x6e, 0x74, 0x45, 0x6e, 0x67, 0x4f, 0x68, 0x75, 0x6e, 0x67, 0x61,
  0x72, 0x75, 0x6d, 0x6c, 0x61, 0x75, 0x74, 0x4f, 0x6d, 0x61, 0x63, 0x72,
  0x6f, 0x6e, 0x4f, 0x73, 0x6c, 0x61, 0x73, 0x68, 0x61, 0x63, 0x75, 0x74,
  0x65, 0x52, 0x61, 0x63, 0x75, 0x74, 0x65, 0x52, 0x63, 0x61, 0x72, 0x6f,
  0x6e, 0x52, 0x63, 0x6f, 0x6d, 0x6d, 0x61, 0x61, 0x63, 0x63, 0x65, 0x6e,
  0x74, 0x53, 0x61, 0x63, 0x75, 0x74, 0x65, 0x53, 0x63, 0x65, 0x64, 0x69,
  0x6c, 0x6c, 0x61, 0x53, 0x63, 0x69, 0x72, 0x63, 0x75, 0x6d, 0x66, 0x6c,
  0x65, 0x78, 0x53, 0x63, 0x6f, 0x6d, 0x6d, 0x61, 0x61, 0x63, 0x63, 0x65,
  0x6e, 0x74, 0x54, 0x62, 0x61, 0x72, 0x54, 0x63, 0x61, 0x72, 0x6f, 0x6e,
  0x54, 0x63, 0x65, 0x64, 0x69, 0x6c, 0x6c, 0x61, 0x54, 0x63, 0x6f, 0x6d,
  0x6d, 0x61, 0x61, 0x63, 0x63, 0x65, 0x6e, 0x74, 0x55, 0x68, 0x75, 0x6e,
  0x67, 0x61, 0x72, 0x75, 0x6d, 0x6c, 0x61, 0x75, 0x74, 0x55, 0x6d, 0x61,
  0x63, 0x72, 0x6f, 0x6e, 0x55, 0x6f, 0x67, 0x6f, 0x6e, 0x65, 0x6b, 0x55,
  0x72, 0x69, 0x6e, 0x67, 0x55, 0x74, 0x69, 0x6c, 0x64, 0x65, 0x57, 0x61,
  0x63, 0x75, 0x74, 0x65, 0x57, 0x63, 0x69, 0x72, 0x63, 0x75, 0x6d, 0x66,
  0x6c, 0x65, 0x78, 0x57, 0x64, 0x69, 0x65, 0x72, 0x65, 0x73, 0x69, 0x73,
  0x57, 0x67, 0x72, 0x61, 0x76, 0x65, 0x59, 0x63, 0x69, 0x72, 0x63, 0x75,
  0x6d, 0x66, 0x6c, 0x65, 0x78, 0x59, 0x67, 0x72, 0x61, 0x76, 0x65, 0x5a,
  0x61, 0x63, 0x75, 0x74, 0x65, 0x5a, 0x64, 0x6f, 0x74, 0x61, 0x63, 0x63,
  0x65, 0x6e, 0x74, 0x47, 0x2e, 0x73, 0x73, 0x30, 0x31, 0x61, 0x62, 0x72,
  0x65, 0x76, 0x65, 0x61, 0x6d, 0x61, 0x63, 0x72, 0x6f, 0x6e, 0x61, 0x6f,
  0x67, 0x6f, 0x6e, 0x65, 0x6b, 0x61, 0x72, 0x69, 0x6e, 0x67, 0x61, 0x63,
  0x75, 0x74, 0x65, 0x61, 0x65, 0x61, 0x63, 0x75, 0x74, 0x65, 0x63, 0x61,
  0x63, 0x75, 0x74, 0x65, 0x63, 0x63, 0x61, 0x72, 0x6f, 0x6e, 0x63, 0x63,
  0x69, 0x72, 0x63, 0x75, 0x6d, 0x66, 0x6c, 0x65, 0x78, 0x63, 0x64, 0x6f,
  0x74, 0x61, 0x63, 0x63, 0x65, 0x6e, 0x74, 0x64, 0x63, 0x61, 0x72, 0x6f,
  0x6e, 0x64, 0x63, 0x72, 0x6f, 0x61, 0x74, 0x65, 0x62, 0x72, 0x65, 0x76,
  0x65, 0x65, 0x63, 0x61, 0x72, 0x6f, 0x6e, 0x65, 0x64, 0x6f, 0x74, 0x61,
  0x63, 0x63, 0x65, 0x6e, 0x74, 0x65, 0x6d, 0x61, 0x63, 0x72, 0x6f, 0x6e,
  0x65, 0x6f, 0x67, 0x6f, 0x6e, 0x65, 0x6b, 0x67, 0x62, 0x72, 0x65, 0x76,
  0x65, 0x67, 0x63, 0x69, 0x72, 0x63, 0x75, 0x6d, 0x66, 0x6c, 0x65, 0x78,
  0x67, 0x63, 0x6f, 0x6d, 0x6d, 0x61, 0x61, 0x63, 0x63, 0x65, 0x6e, 0x74,
  0x67, 0x64, 0x6f, 0x74, 0x61, 0x63, 0x63, 0x65, 0x6e, 0x74, 0x68, 0x62,
  0x61, 0x72, 0x69, 0x64, 0x6f, 0x74, 0x61, 0x63, 0x63, 0x65, 0x6e, 0x74,
  0x69, 0x6d, 0x61, 0x63, 0x72, 0x6f, 0x6e, 0x69, 0x6f, 0x67, 0x6f, 0x6e,
  0x65, 0x6b, 0x69, 0x74, 0x69, 0x6c, 0x64, 0x65, 0x6a, 0x63, 0x69, 0x72,
  0x63, 0x75, 0x6d, 0x66, 0x6c, 0x65, 0x78, 0x6b, 0x63, 0x6f, 0x6d, 0x6d,
  0x61, 0x61, 0x63, 0x63, 0x65, 0x6e, 0x74, 0x6c, 0x61, 0x63, 0x75, 0x74,
  0x65, 0x6c, 0x63, 0x61, 0x72, 0x6f, 0x6e, 0x6c, 0x63, 0x6f, 0x6d, 0x6d,
  0x61, 0x61, 0x63, 0x63, 0x65, 0x6e, 0x74, 0x6c, 0x64, 0x6f, 0x74, 0x6e,
  0x61, 0x63, 0x75, 0x74, 0x65, 0x6e, 0x63, 0x61, 0x72, 0x6f, 0x6e, 0x6e,
  0x63, 0x6f, 0x6d, 0x6d, 0x61, 0x61, 0x63, 0x63, 0x65, 0x6e, 0x74, 0x65,
  0x6e, 0x67, 0x6f, 0x68, 0x75, 0x6e, 0x67, 0x61, 0x72, 0x75, 0x6d, 0x6c,
  0x61, 0x75, 0x74, 0x6f, 0x6d, 0x61, 0x63, 0x72, 0x6f, 0x6e, 0x6f, 0x73,
  0x6c, 0x61, 0x73, 0x68, 0x61, 0x63, 0x75, 0x74, 0x65, 0x72, 0x61, 0x63,
  0x75, 0x74, 0x65, 0x72, 0x63, 0x61, 0x72, 0x6f, 0x6e, 0x72, 0x63, 0x6f,
  0x6d, 0x6d, 0x61, 0x61, 0x63, 0x63, 0x65, 0x6e, 0x74, 0x73, 0x61, 0x63,
  0x75, 0x74, 0x65, 0x73, 0x63, 0x65, 0x64, 0x69, 0x6c, 0x6c, 0x61, 0x73,
  0x63, 0x69, 0x72, 0x63, 0x75, 0x6d, 0x66, 0x6c, 0x65, 0x78, 0x73, 0x63,
  0x6f, 0x6d, 0x6d, 0x61, 0x61, 0x63, 0x63, 0x65, 0x6e, 0x74, 0x74, 0x62,
  0x61, 0x72, 0x74, 0x63, 0x61, 0x72, 0x6f, 0x6e, 0x74, 0x63, 0x65, 0x64,
  0x69, 0x6c, 0x6c, 0x61, 0x74, 0x63, 0x6f, 0x6d, 0x6d, 0x61, 0x61, 0x63,
  0x63, 0x65, 0x6e, 0x74, 0x75, 0x68, 0x75, 0x6e, 0x67, 0x61, 0x72, 0x75,
  0x6d, 0x6c, 0x61, 0x75, 0x74, 0x75, 0x6d, 0x61, 0x63, 0x72, 0x6f, 0x6e,
  0x75, 0x6f, 0x67, 0x6f, 0x6e, 0x65, 0x6b, 0x75, 0x72, 0x69, 0x6e, 0x67,
  0x75, 0x74, 0x69, 0x6c, 0x64, 0x65, 0x77, 0x61, 0x63, 0x75, 0x74, 0x65,
  0x77, 0x63, 0x69, 0x72, 0x63, 0x75, 0x6d, 0x66, 0x6c, 0x65, 0x78, 0x77,
  0x64, 0x69, 0x65, 0x72, 0x65, 0x73, 0x69, 0x73, 0x77, 0x67, 0x72, 0x61,
  0x76, 0x65, 0x79, 0x63, 0x69, 0x72, 0x63, 0x75, 0x6d, 0x66, 0x6c, 0x65,
  0x78, 0x79, 0x67, 0x72, 0x61, 0x76, 0x65, 0x7a, 0x61, 0x63, 0x75, 0x74,
  0x65, 0x7a, 0x64, 0x6f, 0x74, 0x61, 0x63, 0x63, 0x65, 0x6e, 0x74, 0x61,
  0x2e, 0x73, 0x73, 0x30, 0x31, 0x67, 0x2e, 0x73, 0x73, 0x30, 0x32, 0x74,
  0x2e, 0x73, 0x73, 0x30, 0x33, 0x66, 0x5f, 0x66, 0x66, 0x5f, 0x66, 0x5f,
  0x69, 0x66, 0x5f, 0x66, 0x5f, 0x6c, 0x66, 0x5f, 0x74, 0x66, 0x5f, 0x79,
  0x74, 0x5f, 0x69, 0x74, 0x5f, 0x74, 0x74, 0x5f, 0x79, 0x4f, 0x6d, 0x65,
  0x67, 0x61, 0x70, 0x69, 0x7a, 0x65, 0x72, 0x6f, 0x2e, 0x74, 0x66, 0x6f,
  0x6e, 0x65, 0x2e, 0x74, 0x66, 0x74, 0x77, 0x6f, 0x2e, 0x74, 0x66, 0x74,
  0x68, 0x72, 0x65, 0x65, 0x2e, 0x74, 0x66, 0x66, 0x6f, 0x75, 0x72, 0x2e,
  0x74, 0x66, 0x66, 0x69, 0x76, 0x65, 0x2e, 0x74, 0x66, 0x73, 0x69, 0x78,
  0x2e, 0x74, 0x66, 0x73, 0x65, 0x76, 0x65, 0x6e, 0x2e, 0x74, 0x66, 0x65,
  0x69, 0x67, 0x68, 0x74, 0x2e, 0x74, 0x66, 0x6e, 0x69, 0x6e, 0x65, 0x2e,
  0x74, 0x66, 0x7a, 0x65, 0x72, 0x6f, 0x2e, 0x69, 0x6e, 0x66, 0x65, 0x72,
  0x69, 0x6f, 0x72, 0x6f, 0x6e, 0x65, 0x2e, 0x69, 0x6e, 0x66, 0x65, 0x72,
  0x69, 0x6f, 0x72, 0x74, 0x77, 0x6f, 0x2e, 0x69, 0x6e, 0x66, 0x65, 0x72,
  0x69, 0x6f, 0x72, 0x74, 0x68, 0x72, 0x65, 0x65, 0x2e, 0x69, 0x6e, 0x66,
  0x65, 0x72, 0x69, 0x6f, 0x72, 0x66, 0x6f, 0x75, 0x72, 0x2e, 0x69, 0x6e,
  0x66, 0x65, 0x72, 0x69, 0x6f, 0x72, 0x66, 0x69, 0x76, 0x65, 0x2e, 0x69,
  0x6e, 0x66, 0x65, 0x72, 0x69, 0x6f, 0x72, 0x73, 0x69, 0x78, 0x2e, 0x69,
  0x6e, 0x66, 0x65, 0x72, 0x69, 0x6f, 0x72, 0x73, 0x65, 0x76, 0x65, 0x6e,
  0x2e, 0x69, 0x6e, 0x66, 0x65, 0x72, 0x69, 0x6f, 0x72, 0x65, 0x69, 0x67,
  0x68, 0x74, 0x2e, 0x69, 0x6e, 0x66, 0x65, 0x72, 0x69, 0x6f, 0x72, 0x6e,
  0x69, 0x6e, 0x65, 0x2e, 0x69, 0x6e, 0x66, 0x65, 0x72, 0x69, 0x6f, 0x72,
  0x7a, 0x65, 0x72, 0x6f, 0x2e, 0x64, 0x6e, 0x6f, 0x6d, 0x6f, 0x6e, 0x65,
  0x2e, 0x64, 0x6e, 0x6f, 0x6d, 0x74, 0x77, 0x6f, 0x2e, 0x64, 0x6e, 0x6f,
  0x6d, 0x74, 0x68, 0x72, 0x65, 0x65, 0x2e, 0x64, 0x6e, 0x6f, 0x6d, 0x66,
  0x6f, 0x75, 0x72, 0x2e, 0x64, 0x6e, 0x6f, 0x6d, 0x66, 0x69, 0x76, 0x65,
  0x2e, 0x64, 0x6e, 0x6f, 0x6d, 0x73, 0x69, 0x78, 0x2e, 0x64, 0x6e, 0x6f,
  0x6d, 0x73, 0x65, 0x76, 0x65, 0x6e, 0x2e, 0x64, 0x6e, 0x6f, 0x6d, 0x65,
  0x69, 0x67, 0x68, 0x74, 0x2e, 0x64, 0x6e, 0x6f, 0x6d, 0x6e, 0x69, 0x6e,
  0x65, 0x2e, 0x64, 0x6e, 0x6f, 0x6d, 0x7a, 0x65, 0x72, 0x6f, 0x2e, 0x6e,
  0x75, 0x6d, 0x72, 0x6f, 0x6e, 0x65, 0x2e, 0x6e, 0x75, 0x6d, 0x72, 0x74,
  0x77, 0x6f, 0x2e, 0x6e, 0x75, 0x6d, 0x72, 0x74, 0x68, 0x72, 0x65, 0x65,
  0x2e, 0x6e, 0x75, 0x6d, 0x72, 0x66, 0x6f, 0x75, 0x72, 0x2e, 0x6e, 0x75,
  0x6d, 0x72, 0x66, 0x69, 0x76, 0x65, 0x2e, 0x6e, 0x75, 0x6d, 0x72, 0x73,
  0x69, 0x78, 0x2e, 0x6e, 0x75, 0x6d, 0x72, 0x73, 0x65, 0x76, 0x65, 0x6e,
  0x2e, 0x6e, 0x75, 0x6d, 0x72, 0x65, 0x69, 0x67, 0x68, 0x74, 0x2e, 0x6e,
  0x75, 0x6d, 0x72, 0x6e, 0x69, 0x6e, 0x65, 0x2e, 0x6e, 0x75, 0x6d, 0x72,
  0x7a, 0x65, 0x72, 0x6f, 0x2e, 0x73, 0x75, 0x70, 0x65, 0x72, 0x69, 0x6f,
  0x72, 0x66, 0x6f, 0x75, 0x72, 0x2e, 0x73, 0x75, 0x70, 0x65, 0x72, 0x69,
  0x6f, 0x72, 0x66, 0x69, 0x76, 0x65, 0x2e, 0x73, 0x75, 0x70, 0x65, 0x72,
  0x69, 0x6f, 0x72, 0x73, 0x69, 0x78, 0x2e, 0x73, 0x75, 0x70, 0x65, 0x72,
  0x69, 0x6f, 0x72, 0x73, 0x65, 0x76, 0x65, 0x6e, 0x2e, 0x73, 0x75, 0x70,
  0x65, 0x72, 0x69, 0x6f, 0x72, 0x65, 0x69, 0x67, 0x68, 0x74, 0x2e, 0x73,
  0x75, 0x70, 0x65, 0x72, 0x69, 0x6f, 0x72, 0x6e, 0x69, 0x6e, 0x65, 0x2e,
  0x73, 0x75, 0x70, 0x65, 0x72, 0x69, 0x6f, 0x72, 0x61, 0x73, 0x74, 0x65,
  0x72, 0x69, 0x73, 0x6d, 0x45, 0x75, 0x72, 0x6f, 0x6e, 0x6f, 0x74, 0x65,
  0x71, 0x75, 0x61, 0x6c, 0x67, 0x72, 0x65, 0x61, 0x74, 0x65, 0x72, 0x65,
  0x71, 0x75, 0x61, 0x6c, 0x6c, 0x65, 0x73, 0x73, 0x65, 0x71, 0x75, 0x61,
  0x6c, 0x61, 0x70, 0x70, 0x72, 0x6f, 0x78, 0x65, 0x71, 0x75, 0x61, 0x6c,
  0x65, 0x6d, 0x70, 0x74, 0x79, 0x73, 0x65, 0x74, 0x69, 0x6e, 0x66, 0x69,
  0x6e, 0x69, 0x74, 0x79, 0x69, 0x6e, 0x74, 0x65, 0x67, 0x72, 0x61, 0x6c,
  0x69, 0x6e, 0x63, 0x72, 0x65, 0x6d, 0x65, 0x6e, 0x74, 0x70, 0x72, 0x6f,
  0x64, 0x75, 0x63, 0x74, 0x73, 0x75, 0x6d, 0x6d, 0x61, 0x74, 0x69, 0x6f,
  0x6e, 0x72, 0x61, 0x64, 0x69, 0x63, 0x61, 0x6c, 0x6d, 0x69, 0x63, 0x72,
  0x6f, 0x70, 0x61, 0x72, 0x74, 0x69, 0x61, 0x6c, 0x64, 0x69, 0x66, 0x66,
  0x61, 0x72, 0x72, 0x6f, 0x77, 0x75, 0x70, 0x61, 0x72, 0x72, 0x6f, 0x77,
  0x4e, 0x45, 0x61, 0x72, 0x72, 0x6f, 0x77, 0x72, 0x69, 0x67, 0x68, 0x74,
  0x61, 0x72, 0x72, 0x6f, 0x77, 0x53, 0x45, 0x61, 0x72, 0x72, 0x6f, 0x77,
  0x64, 0x6f, 0x77, 0x6e, 0x61, 0x72, 0x72, 0x6f, 0x77, 0x53, 0x57, 0x61,
  0x72, 0x72, 0x6f, 0x77, 0x6c, 0x65, 0x66, 0x74, 0x61, 0x72, 0x72, 0x6f,
  0x77, 0x4e, 0x57, 0x61, 0x72, 0x72, 0x6f, 0x77, 0x62, 0x6f, 0x74, 0x68,
  0x61, 0x72, 0x72, 0x6f, 0x77, 0x75, 0x70, 0x64, 0x6e, 0x63, 0x69, 0x72,
  0x63, 0x6c, 0x65, 0x62, 0x6c, 0x61, 0x63, 0x6b, 0x63, 0x69, 0x72, 0x63,
  0x6c, 0x65, 0x6c, 0x6f, 0x7a, 0x65, 0x6e, 0x67, 0x65, 0x66, 0x69, 0x6c,
  0x6c, 0x65, 0x64, 0x62, 0x6f, 0x78, 0x73, 0x71, 0x75, 0x61, 0x72, 0x65,
  0x77, 0x68, 0x69, 0x74, 0x65, 0x74, 0x72, 0x69, 0x61, 0x67, 0x75, 0x70,
  0x74, 0x72, 0x69, 0x61, 0x6e, 0x67, 0x6c, 0x65, 0x75, 0x70, 0x77, 0x68,
  0x69, 0x74, 0x65, 0x70, 0x65, 0x61, 0x63, 0x65, 0x63, 0x68, 0x65, 0x63,
  0x6b, 0x73, 0x6f, 0x75, 0x6e, 0x64, 0x63, 0x6f, 0x70, 0x79, 0x72, 0x69,
  0x67, 0x68, 0x74, 0x65, 0x73, 0x74, 0x69, 0x6d, 0x61, 0x74, 0x65, 0x64,
  0x6e, 0x75, 0x6d, 0x65, 0x72, 0x6f, 0x6d, 0x69, 0x6e, 0x75, 0x74, 0x65,
  0x72, 0x65, 0x67, 0x69, 0x73, 0x74, 0x65, 0x72, 0x65, 0x64, 0x2e, 0x73,
  0x73, 0x30, 0x31, 0x64, 0x69, 0x65, 0x72, 0x65, 0x73, 0x69, 0x73, 0x63,
  0x6f, 0x6d, 0x62, 0x64, 0x6f, 0x74, 0x61, 0x63, 0x63, 0x65, 0x6e, 0x74,
  0x63, 0x6f, 0x6d, 0x62, 0x67, 0x72, 0x61, 0x76, 0x65, 0x63, 0x6f, 0x6d,
  0x62, 0x61, 0x63, 0x75, 0x74, 0x65, 0x63, 0x6f, 0x6d, 0x62, 0x68, 0x75,
  0x6e, 0x67, 0x61, 0x72, 0x75, 0x6d, 0x6c, 0x61, 0x75, 0x74, 0x63, 0x6f,
  0x6d, 0x62, 0x63, 0x69, 0x72, 0x63, 0x75, 0x6d, 0x66, 0x6c, 0x65, 0x78,
  0x63, 0x6f, 0x6d, 0x62, 0x63, 0x61, 0x72, 0x6f, 0x6e, 0x63, 0x6f, 0x6d,
  0x62, 0x62, 0x72, 0x65, 0x76, 0x65, 0x63, 0x6f, 0x6d, 0x62, 0x72, 0x69,
  0x6e, 0x67, 0x63, 0x6f, 0x6d, 0x62, 0x74, 0x69, 0x6c, 0x64, 0x65, 0x63,
  0x6f, 0x6d, 0x62, 0x6d, 0x61, 0x63, 0x72, 0x6f, 0x6e, 0x63, 0x6f, 0x6d,
  0x62, 0x63, 0x6f, 0x6d, 0x6d, 0x61, 0x74, 0x75, 0x72, 0x6e, 0x65, 0x64,
  0x61, 0x62, 0x6f, 0x76, 0x65, 0x63, 0x6f, 0x6d, 0x62, 0x63, 0x6f, 0x6d,
  0x6d, 0x61, 0x61, 0x63, 0x63, 0x65, 0x6e, 0x74, 0x63, 0x6f, 0x6d, 0x62,
  0x63, 0x65, 0x64, 0x69, 0x6c, 0x6c, 0x61, 0x63, 0x6f, 0x6d, 0x62, 0x73,
  0x6c, 0x61, 0x73, 0x68, 0x6c, 0x6f, 0x6e, 0x67, 0x63, 0x6f, 0x6d, 0x62,
  0x62, 0x72, 0x61, 0x63, 0x6b, 0x65, 0x74, 0x6c, 0x65, 0x66, 0x74, 0x73,
  0x75, 0x70, 0x65, 0x72, 0x69, 0x6f, 0x72, 0x62, 0x72, 0x61, 0x63, 0x6b,
  0x65, 0x74, 0x72, 0x69, 0x67, 0x68, 0x74, 0x73, 0x75, 0x70, 0x65, 0x72,
  0x69, 0x6f, 0x72, 0x49, 0x54, 0x46, 0x47, 0x62, 0x72, 0x65, 0x76, 0x65,
  0x2e, 0x73, 0x73, 0x30, 0x31, 0x47, 0x63, 0x69, 0x72, 0x63, 0x75, 0x6d,
  0x66, 0x6c, 0x65, 0x78, 0x2e, 0x73, 0x73, 0x30, 0x31, 0x47, 0x63, 0x6f,
  0x6d, 0x6d, 0x61, 0x61, 0x63, 0x63, 0x65, 0x6e, 0x74, 0x2e, 0x73, 0x73,
  0x30, 0x31, 0x47, 0x64, 0x6f, 0x74, 0x61, 0x63, 0x63, 0x65, 0x6e, 0x74,
  0x2e, 0x73, 0x73, 0x30, 0x31, 0x51, 0x2e, 0x73, 0x73, 0x30, 0x34, 0x64,
  0x6f, 0x74, 0x6c, 0x65, 0x73, 0x73, 0x6a, 0x61, 0x61, 0x63, 0x75, 0x74,
  0x65, 0x2e, 0x73, 0x73, 0x30, 0x31, 0x61, 0x62, 0x72, 0x65, 0x76, 0x65,
  0x2e, 0x73, 0x73, 0x30, 0x31, 0x61, 0x63, 0x69, 0x72, 0x63, 0x75, 0x6d,
  0x66, 0x6c, 0x65, 0x78, 0x2e, 0x73, 0x73, 0x30, 0x31, 0x61, 0x64, 0x69,
  0x65, 0x72, 0x65, 0x73, 0x69, 0x73, 0x2e, 0x73, 0x73, 0x30, 0x31, 0x61,
  0x67, 0x72, 0x61, 0x76, 0x65, 0x2e, 0x73, 0x73, 0x30, 0x31, 0x61, 0x6d,
  0x61, 0x63, 0x72, 0x6f, 0x6e, 0x2e, 0x73, 0x73, 0x30, 0x31, 0x61, 0x6f,
  0x67, 0x6f, 0x6e, 0x65, 0x6b, 0x2e, 0x73, 0x73, 0x30, 0x31, 0x61, 0x72,
  0x69, 0x6e, 0x67, 0x2e, 0x73, 0x73, 0x30, 0x31, 0x61, 0x72, 0x69, 0x6e,
  0x67, 0x61, 0x63, 0x75, 0x74, 0x65, 0x2e, 0x73, 0x73, 0x30, 0x31, 0x61,
  0x74, 0x69, 0x6c, 0x64, 0x65, 0x2e, 0x73, 0x73, 0x30, 0x31, 0x67, 0x62,
  0x72, 0x65, 0x76, 0x65, 0x2e, 0x73, 0x73, 0x30, 0x32, 0x67, 0x63, 0x69,
  0x72, 0x63, 0x75, 0x6d, 0x66, 0x6c, 0x65, 0x78, 0x2e, 0x73, 0x73, 0x30,
  0x32, 0x67, 0x63, 0x6f, 0x6d, 0x6d, 0x61, 0x61, 0x63, 0x63, 0x65, 0x6e,
  0x74, 0x2e, 0x73, 0x73, 0x30, 0x32, 0x67, 0x64, 0x6f, 0x74, 0x61, 0x63,
  0x63, 0x65, 0x6e, 0x74, 0x2e, 0x73, 0x73, 0x30, 0x32, 0x74, 0x62, 0x61,
  0x72, 0x2e, 0x73, 0x73, 0x30, 0x33, 0x74, 0x63, 0x61, 0x72, 0x6f, 0x6e,
  0x2e, 0x73, 0x73, 0x30, 0x33, 0x74, 0x63, 0x65, 0x64, 0x69, 0x6c, 0x6c,
  0x61, 0x2e, 0x73, 0x73, 0x30, 0x33, 0x74, 0x63, 0x6f, 0x6d, 0x6d, 0x61,
  0x61, 0x63, 0x63, 0x65, 0x6e, 0x74, 0x2e, 0x73, 0x73, 0x30, 0x33, 0x63,
  0x61, 0x72, 0x6f, 0x6e, 0x63, 0x6f, 0x6d, 0x62, 0x2e, 0x61, 0x6c, 0x74,
  0x73, 0x74, 0x72, 0x6f, 0x6b, 0x65, 0x73, 0x68, 0x6f, 0x72, 0x74, 0x63,
  0x6f, 0x6d, 0x62, 0x73, 0x6c, 0x61, 0x73, 0x68, 0x73, 0x68, 0x6f, 0x72,
  0x74, 0x63, 0x6f, 0x6d, 0x62, 0x73, 0x74, 0x72, 0x6f, 0x6b, 0x65, 0x73,
  0x68, 0x6f, 0x72, 0x74, 0x63, 0x6f, 0x6d, 0x62, 0x2e, 0x63, 0x61, 0x73,
  0x65, 0x73, 0x74, 0x72, 0x6f, 0x6b, 0x65, 0x6c, 0x6f, 0x6e, 0x67, 0x63,
  0x6f, 0x6d, 0x62, 0x2e, 0x63, 0x61, 0x73, 0x65, 0x73, 0x6c, 0x61, 0x73,
  0x68, 0x73, 0x68, 0x6f, 0x72, 0x74, 0x63, 0x6f, 0x6d, 0x62, 0x2e, 0x63,
  0x61, 0x73, 0x65, 0x73, 0x6c, 0x61, 0x73, 0x68, 0x6c, 0x6f, 0x6e, 0x67,
  0x63, 0x6f, 0x6d, 0x62, 0x2e, 0x63, 0x61, 0x73, 0x65, 0x64, 0x6f, 0x74,
  0x61, 0x63, 0x63, 0x65, 0x6e, 0x74, 0x63, 0x6f, 0x6d, 0x62, 0x2e, 0x69,
  0x32, 0x2e, 0x30, 0x53, 0x61, 0x74, 0x6f, 0x73, 0x68, 0x69, 0x20, 0x69,
  0x73, 0x20, 0x61, 0x20, 0x74, 0x72, 0x61, 0x64, 0x65, 0x6d, 0x61, 0x72,
  0x6b, 0x20, 0x6f, 0x66, 0x20, 0x74, 0x68, 0x65, 0x20, 0x49, 0x6e, 0x64,
  0x69, 0x61, 0x6e, 0x20, 0x54, 0x79, 0x70, 0x65, 0x20, 0x46, 0x6f, 0x75,
  0x6e, 0x64, 0x72, 0x79, 0x2e, 0x43, 0x6f, 0x70, 0x79, 0x72, 0x69, 0x67,
  0x68, 0x74, 0x20, 0x32, 0x30, 0x31, 0x37, 0x2d, 0x32, 0x30, 0x32, 0x31,
  0x20, 0x49, 0x6e, 0x64, 0x69, 0x61, 0x6e, 0x20, 0x54, 0x79, 0x70, 0x65,
  0x20, 0x46, 0x6f, 0x75, 0x6e, 0x64, 0x72, 0x79, 0x2e, 0x20, 0x41, 0x6c,
  0x6c, 0x20, 0x72, 0x69, 0x67, 0x68, 0x74, 0x73, 0x20, 0x72, 0x65, 0x73,
  0x65, 0x72, 0x76, 0x65, 0x64, 0x2e, 0x53, 0x61, 0x74, 0x6f, 0x73, 0x68,
  0x69, 0x20, 0x52, 0x65, 0x67, 0x75, 0x6c, 0x61, 0x72, 0x53, 0x61, 0x74,
  0x6f, 0x73, 0x68, 0x69, 0x4e, 0x6f, 0x72, 0x6d, 0x61, 0x6c, 0x00, 0xa9,
  0x02, 0x00, 0x01, 0x00, 0x10, 0x00, 0x1a, 0x00, 0x22, 0x00, 0x43, 0x00,
  0x49, 0x00, 0x4c, 0x00, 0x72, 0x00, 0x7c, 0x00, 0x81, 0x01, 0x1e, 0x01,
  0x74, 0x01, 0x84, 0x01, 0x97, 0x01, 0xa9, 0x01, 0xb0, 0x01, 0xb8, 0x01,
  0xbc, 0x01, 0xc1, 0x01, 0xcc, 0x01, 0xd3, 0x01, 0xdf, 0x01, 0xf0, 0x01,
  0xfa, 0x02, 0x02, 0x02, 0x0e, 0x02, 0x16, 0x02, 0x20, 0x02, 0x26, 0x02,
  0x2a, 0x02, 0x30, 0x02, 0x35, 0x02, 0x3a, 0x02, 0x3f, 0x02, 0x8e, 0x02,
  0x91, 0x02, 0xc0, 0x02, 0xe9, 0x03, 0x32, 0x03, 0x4d, 0x03, 0x66, 0x03,
  0x79, 0x03, 0x90, 0x03, 0xb7, 0x03, 0xc7, 0x03, 0xd5, 0x03, 0xe3, 0x03,
  0xf4, 0x03, 0xfc, 0x04, 0x0b, 0x04, 0x19, 0x04, 0x20, 0x04, 0x25, 0x04,
  0x36, 0x04, 0x40, 0x04, 0x49, 0x04, 0x50, 0x04, 0x58, 0x04, 0x5e, 0x04,
  0x65, 0x04, 0x6c, 0x04, 0x76, 0x04, 0x80, 0x04, 0x86, 0x04, 0x8c, 0x04,
  0x92, 0x05, 0x14, 0x05, 0x7d, 0x05, 0xd9, 0x06, 0x2d, 0x06, 0x34, 0x06,
  0x37, 0x06, 0x86, 0x06, 0x8c, 0x06, 0x91, 0x06, 0xdc, 0x07, 0x1c, 0x07,
  0x4d, 0x07, 0x64, 0x07, 0x93, 0x07, 0xcd, 0x08, 0x06, 0x08, 0x3e, 0x08,
  0x74, 0x08, 0xa9, 0x08, 0xc0, 0x08, 0xf2, 0x09, 0x21, 0x09, 0x3e, 0x09,
  0x68, 0x09, 0x91, 0x09, 0xa5, 0x09, 0xc1, 0x09, 0xe8, 0x09, 0xf2, 0x09,
  0xf6, 0x0a, 0x1a, 0x0a, 0x38, 0x0a, 0x4b, 0x0a, 0x59, 0x0a, 0x7d, 0x0a,
  0xa0, 0x0a, 0xc1, 0x0a, 0xe0, 0x0b, 0x00, 0x0b, 0x09, 0x0b, 0x26, 0x0b,
  0x44, 0x0b, 0x56, 0x0b, 0x72, 0x0b, 0x8c, 0x0b, 0xa4, 0x0b, 0xbd, 0x0b,
  0xcf, 0x0b, 0xe6, 0x0b, 0xf4, 0x0c, 0x01, 0x0c, 0x18, 0x0c, 0x1f, 0x0c,
  0x2f, 0x0c, 0x3f, 0x0c, 0x55, 0x0c, 0x68, 0x0c, 0x7c, 0x0c, 0x90, 0x0c,
  0xa3, 0x0c, 0xa8, 0x0c, 0xbb, 0x0c, 0xce, 0x0c, 0xe1, 0x0c, 0xe7, 0x0c,
  0xf9, 0x0d, 0x09, 0x0d, 0x1a, 0x0d, 0x2b, 0x0d, 0x3b, 0x0d, 0x4b, 0x0d,
  0x59, 0x0d, 0x62, 0x0d, 0x71, 0x0d, 0x78, 0x0d, 0x87, 0x0d, 0x95, 0x0d,
  0xa3, 0x0d, 0xb1, 0x0d, 0xbd, 0x0d, 0xca, 0x0d, 0xd6, 0x0d, 0xe2, 0x0d,
  0xee, 0x0d, 0xfa, 0x0e, 0x00, 0x0e, 0x0b, 0x0e, 0x16, 0x0e, 0x21, 0x0e,
  0x2c, 0x0e, 0x30, 0x0e, 0x35, 0x0e, 0x3c, 0x0e, 0x46, 0x0e, 0x50, 0x0e,
  0x5a, 0x0e, 0x63, 0x0e, 0x6c, 0x0e, 0x75, 0x0e, 0x7e, 0x0e, 0x87, 0x0e,
  0x90, 0x0e, 0x99, 0x0e, 0x9f, 0x57, 0x1d, 0xc9, 0x06, 0x3f, 0xf7, 0x0e,
  0x05, 0x34, 0x06, 0x3f, 0xfb, 0x0e, 0x05, 0x0b, 0x15, 0x43, 0x06, 0x4e,
  0xfb, 0x0b, 0x05, 0xc4, 0x06, 0x0b, 0x15, 0x42, 0x06, 0x4f, 0xfb, 0x0b,
  0x05, 0x0b, 0x15, 0x87, 0x1d, 0xca, 0xf8, 0x78, 0x06, 0x42, 0xfb, 0x86,
  0x15, 0xfb, 0x04, 0x4d, 0x3b, 0x21, 0x22, 0x4e, 0xdb, 0xf7, 0x04, 0xf7,
  0x04, 0xc9, 0xdb, 0xf5, 0xf5, 0xc7, 0x3b, 0xfb, 0x04, 0x1e, 0x0e, 0x15,
  0x38, 0x1d, 0xd6, 0x4a, 0x1d, 0x15, 0x59, 0x1d, 0x15, 0xfb, 0x37, 0xef,
  0x29, 0xf7, 0x3a, 0xf7, 0x37, 0xef, 0xee, 0xf7, 0x36, 0x1e, 0xf8, 0x67,
  0x43, 0xfc, 0x64, 0x07, 0xfb, 0x10, 0x46, 0x45, 0xfb, 0x0e, 0xfb, 0x11,
  0x46, 0xcf, 0xf7, 0x12, 0x1e, 0xf8, 0x64, 0x43, 0x07, 0x0e, 0x15, 0xa6,
  0xa2, 0xa2, 0xa6, 0xa6, 0x74, 0xa3, 0x70, 0x0b, 0xa1, 0x75, 0xa7, 0x1f,
  0x0b, 0x15, 0x4f, 0xa4, 0x59, 0xb6, 0x6a, 0x1e, 0x5d, 0x7f, 0x71, 0x6b,
  0x61, 0x1a, 0x66, 0x9e, 0x72, 0xad, 0x7e, 0x1e, 0x5f, 0x7b, 0x6d, 0x66,
  0x5d, 0x1a, 0x35, 0xd2, 0x61, 0xf7, 0x2d, 0xf7, 0x31, 0xea, 0xc5, 0xeb,
  0xda, 0x51, 0xb7, 0x22, 0x1e, 0xfb, 0x39, 0x06, 0x5e, 0x75, 0x99, 0xa8,
  0xa5, 0x9f, 0x9b, 0xad, 0x8d, 0x1f, 0x7f, 0xa7, 0xab, 0x84, 0xaf, 0x1b,
  0xf7, 0x0c, 0xdf, 0xd7, 0xf7, 0x01, 0xbc, 0x74, 0xbd, 0x6a, 0xa9, 0x1f,
  0x9e, 0x9b, 0xa0, 0x95, 0xa7, 0x1b, 0x91, 0x91, 0x8b, 0x89, 0x95, 0x1f,
  0xc9, 0x07, 0x8c, 0x86, 0x84, 0x8b, 0x85, 0x1b, 0x5d, 0x67, 0x76, 0x65,
  0x77, 0x1f, 0x9e, 0x6f, 0x5e, 0x97, 0x5f, 0x1b, 0xfb, 0x0b, 0x36, 0x3c,
  0xfb, 0x03, 0x1f, 0xcd, 0x16, 0xd9, 0xc5, 0xc2, 0xdc, 0xdd, 0xc4, 0x55,
  0x3c, 0x3d, 0x53, 0x58, 0x39, 0x37, 0x53, 0xbf, 0xd8, 0x1e, 0x6b, 0xfc,
  0x18, 0x15, 0xbc, 0xae, 0xa6, 0xcb, 0x1e, 0xf7, 0x2e, 0x06, 0xcd, 0xa9,
  0x76, 0x5e, 0x4d, 0x4d, 0x6b, 0xfb, 0x0d, 0xfb, 0x09, 0x5a, 0xa4, 0xc6,
  0x1f, 0x0e, 0x15, 0xfb, 0x18, 0xdf, 0xfb, 0x01, 0xf7, 0x1e, 0xde, 0xce,
  0xb3, 0xcf, 0xac, 0x1e, 0xfb, 0x07, 0x07, 0x26, 0x49, 0x48, 0x28, 0x34,
  0x4f, 0xb9, 0xd9, 0x7c, 0x1e, 0x46, 0x06, 0xfb, 0x09, 0x9e, 0xe2, 0x45,
  0xf7, 0x10, 0x1b, 0xf7, 0x22, 0xe7, 0xe9, 0xf7, 0x24, 0x1f, 0xf8, 0x69,
  0x4f, 0x07, 0x84, 0x2a, 0x05, 0xd2, 0x6c, 0x4b, 0xb2, 0x37, 0x1b, 0xfb,
  0x22, 0x36, 0xfb, 0x01, 0xfb, 0x18, 0x1f, 0xd0, 0x8c, 0x15, 0xed, 0xc7,
  0xdc, 0xf3, 0xf5, 0xc7, 0x3f, 0x24, 0x23, 0x4d, 0x3f, 0x22, 0x25, 0x4e,
  0xdc, 0xee, 0x1e, 0x0e, 0x15, 0xfb, 0x2c, 0xe8, 0x26, 0xf7, 0x1d, 0xf7,
  0x02, 0xe1, 0xcc, 0xee, 0xa2, 0x1e, 0x79, 0x1d, 0x15, 0xb3, 0x76, 0xa2,
  0x6c, 0x71, 0x76, 0x76, 0x6f, 0x72, 0x9f, 0x79, 0xa4, 0x90, 0x54, 0x1d,
  0xb7, 0x30, 0x1d, 0x15, 0xa5, 0xa3, 0xa1, 0xa6, 0xa6, 0x73, 0x35, 0x1d,
  0x75, 0x74, 0x70, 0x70, 0xa1, 0x75, 0xa6, 0x1f, 0x0b, 0x55, 0x1d, 0x74,
  0x74, 0x70, 0x70, 0x0b, 0x51, 0xd5, 0xfc, 0x3e, 0xd0, 0xf8, 0x3e, 0x0b,
  0xaf, 0xc9, 0x1a, 0x0e, 0xf9, 0x96, 0x52, 0x1d, 0x0b, 0x15, 0x4b, 0x06,
  0xfc, 0x5f, 0xfd, 0x5a, 0x05, 0xca, 0x06, 0x0b, 0xf9, 0x27, 0x22, 0x1d,
  0xc3, 0x06, 0x0b, 0xfa, 0x0d, 0x15, 0x43, 0x06, 0x4f, 0xfb, 0x0b, 0x05,
  0xc3, 0x06, 0x0b, 0xa2, 0x71, 0x70, 0x75, 0x74, 0x70, 0x70, 0xa1, 0x75,
  0xa6, 0x1f, 0xf7, 0x26, 0x16, 0x55, 0x1d, 0x0b, 0xf8, 0xe8, 0x15, 0xf7,
  0x7c, 0xc2, 0xfb, 0x7c, 0x06, 0x0b, 0xf7, 0x24, 0x16, 0xf9, 0x6d, 0x3e,
  0x1d, 0x0b, 0xd1, 0xf7, 0x52, 0x05, 0xf7, 0xde, 0x06, 0xd1, 0xfb, 0x52,
  0x05, 0x0b, 0xf7, 0x96, 0xf7, 0xf8, 0xcd, 0xfc, 0x40, 0x0b, 0x97, 0x8d,
  0x8f, 0x96, 0x1e, 0xc0, 0x07, 0x88, 0x83, 0x0b, 0xf8, 0x80, 0x18, 0x40,
  0x06, 0x0b, 0xfd, 0x60, 0x07, 0x0e, 0x4d, 0xf8, 0x88, 0xc9, 0x07, 0x0b,
  0x46, 0xfd, 0x6d, 0x07, 0x0b, 0xa2, 0x75, 0xa6, 0x1f, 0x0b, 0x71, 0xc1,
  0x54, 0x1b, 0x0b, 0xfc, 0xb0, 0x15, 0xd0, 0x06, 0xef, 0xf7, 0xc4, 0x98,
  0xb3, 0x93, 0xa8, 0x92, 0xa5, 0x19, 0x91, 0x6e, 0x93, 0x6d, 0x97, 0x67,
  0xef, 0xfb, 0xc4, 0x18, 0xce, 0x06, 0xf7, 0x38, 0xf8, 0x78, 0x05, 0x43,
  0x06, 0x2b, 0xfb, 0xb8, 0x7a, 0x57, 0x89, 0x7f, 0x81, 0x63, 0x19, 0x82,
  0xaf, 0x7f, 0xb5, 0x82, 0xa5, 0x2c, 0xf7, 0xb8, 0x18, 0x44, 0x06, 0x2b,
  0xfb, 0xb8, 0x86, 0x7b, 0x7b, 0x5a, 0x83, 0x64, 0x19, 0x81, 0xb2, 0x82,
  0xac, 0x80, 0xab, 0x2c, 0xf7, 0xb8, 0x18, 0x44, 0x06, 0x0e, 0x6a, 0x1d,
  0x0e, 0x15, 0x86, 0xa1, 0xa1, 0x89, 0xa8, 0x1b, 0xd0, 0xba, 0xaa, 0xd7,
  0xa7, 0x1f, 0xf7, 0x72, 0xf8, 0xe7, 0x05, 0x44, 0x06, 0xfb, 0x2d, 0xfc,
  0x3a, 0xfb, 0x30, 0xf8, 0x3a, 0x05, 0x42, 0x06, 0xf7, 0x58, 0xfc, 0x95,
  0x76, 0x52, 0x05, 0x4a, 0x73, 0x61, 0x88, 0x61, 0x1b, 0x56, 0x06, 0x0e,
  0xfc, 0x6b, 0x15, 0xfb, 0xbf, 0xd3, 0xf7, 0xbf, 0x07, 0xf7, 0x84, 0xf8,
  0x35, 0x05, 0x3c, 0x06, 0xfb, 0x43, 0xfb, 0xc9, 0x7e, 0x72, 0x8b, 0x8b,
  0x82, 0x79, 0x19, 0x84, 0x9b, 0x85, 0x97, 0x83, 0x9a, 0xfb, 0x45, 0xf7,
  0xc9, 0x18, 0x3a, 0x06, 0x0e, 0x15, 0x31, 0xcf, 0x51, 0xf7, 0x01, 0xf7,
  0x02, 0xd5, 0xc4, 0xe2, 0xd1, 0x65, 0xb2, 0x37, 0xa0, 0x1e, 0x38, 0xa0,
  0x05, 0x56, 0x98, 0x71, 0xa5, 0xb0, 0x1a, 0xbf, 0xb1, 0xa8, 0xcf, 0xcc,
  0xb2, 0x6a, 0x53, 0x8d, 0x1e, 0xce, 0x06, 0xe5, 0x88, 0x49, 0xc3, 0x25,
  0x1b, 0x23, 0x44, 0x55, 0x36, 0x49, 0xb4, 0x5f, 0xdf, 0x76, 0x1f, 0xde,
  0x76, 0x05, 0xc4, 0x7d, 0x9f, 0x74, 0x63, 0x1a, 0x57, 0x5f, 0x6b, 0x40,
  0x47, 0x61, 0xae, 0xc3, 0x1e, 0x0b, 0x9b, 0x80, 0x75, 0x75, 0x76, 0x7f,
  0x71, 0x77, 0x79, 0x91, 0x95, 0x79, 0x1f, 0x61, 0x07, 0x80, 0x9c, 0x9e,
  0x87, 0xa5, 0x1b, 0xb9, 0xb6, 0xa4, 0xbf, 0xb6, 0x0b, 0x15, 0xcd, 0xfc,
  0x30, 0x07, 0xf8, 0x32, 0xf8, 0xde, 0x05, 0xcb, 0xfc, 0x85, 0x49, 0xf8,
  0x2d, 0x07, 0xfc, 0x30, 0xfc, 0xdc, 0x05, 0x49, 0x07, 0x0e, 0xf7, 0x6e,
  0xfb, 0x20, 0xf7, 0x2d, 0xfb, 0x5d, 0xc7, 0x1d, 0xfb, 0x6d, 0xf7, 0x20,
  0xfb, 0x2d, 0xf7, 0x5d, 0x0b, 0x15, 0x49, 0x5f, 0xa9, 0xc6, 0xc1, 0xb0,
  0xb3, 0xe6, 0x93, 0x1f, 0xf7, 0x23, 0x96, 0x05, 0x71, 0x07, 0x22, 0x50,
  0x44, 0x25, 0x1e, 0x0e, 0x06, 0xfb, 0x9e, 0xf9, 0x60, 0x05, 0x32, 0x06,
  0xfb, 0x9b, 0xfd, 0x60, 0x05, 0xf7, 0xbe, 0xf8, 0xfb, 0x15, 0x8f, 0x95,
  0x8f, 0x98, 0x8c, 0x91, 0x8c, 0x84, 0x90, 0x7f, 0x8e, 0x81, 0xf7, 0x1a,
  0xfb, 0xfe, 0x18, 0xfb, 0xb1, 0x06, 0x0e, 0xc4, 0x9b, 0xa9, 0xc7, 0x1e,
  0xb5, 0xc2, 0x1d, 0x40, 0x50, 0x61, 0xfb, 0x01, 0x1f, 0x2d, 0x0b, 0xf9,
  0xaa, 0x27, 0x1d, 0x70, 0x74, 0x73, 0x70, 0x70, 0xa1, 0x74, 0xa7, 0x1f,
  0x0b, 0x9d, 0xf8, 0x78, 0x15, 0x2f, 0x1d, 0xf7, 0x7a, 0xfc, 0x3e, 0xd0,
  0xf8, 0x3e, 0x0b, 0x15, 0xe2, 0x06, 0xd7, 0xf7, 0x0e, 0x05, 0x4d, 0x06,
  0x52, 0x32, 0x51, 0xe4, 0x05, 0x4d, 0x06, 0x0b, 0x92, 0x1d, 0xf8, 0xaa,
  0xb2, 0x32, 0x1d, 0x0b, 0xf7, 0x9a, 0x7f, 0x15, 0xdc, 0xcf, 0xaf, 0xd6,
  0xad, 0x1f, 0x92, 0x28, 0x05, 0xc7, 0x0b, 0x06, 0xf7, 0x99, 0xfb, 0x60,
  0x15, 0xf7, 0x6c, 0xf7, 0x60, 0xfb, 0x6c, 0x06, 0x0b, 0x58, 0x1d, 0xd5,
  0xfb, 0x0c, 0x05, 0x0b, 0x1e, 0xb4, 0xc2, 0x1d, 0x0b, 0x90, 0x8c, 0x8d,
  0x90, 0x1e, 0x88, 0x72, 0x7a, 0x7b, 0x6e, 0x8c, 0x08, 0x6d, 0x07, 0xb7,
  0x89, 0x0b, 0xa5, 0xa2, 0xa1, 0xa6, 0xa6, 0x74, 0xa2, 0x71, 0x70, 0x0b,
  0xf7, 0x47, 0xf7, 0x00, 0xf7, 0x0e, 0xf7, 0x32, 0x0b, 0x15, 0xc5, 0xe4,
  0xc4, 0x32, 0x05, 0x0b, 0x15, 0x50, 0xf7, 0x0c, 0x05, 0x43, 0x06, 0x0b,
  0xd0, 0xf8, 0x78, 0x46, 0x06, 0x0e, 0xa3, 0x71, 0x68, 0x67, 0x74, 0x72,
  0x0b, 0xf7, 0x22, 0xf3, 0xf6, 0xf7, 0x27, 0x0b, 0x05, 0xb8, 0xfb, 0x66,
  0x5d, 0xf7, 0x26, 0x07, 0x30, 0x0b, 0x15, 0xae, 0x96, 0x9e, 0xa0, 0x1e,
  0xad, 0xa5, 0x55, 0x0b, 0x15, 0xa6, 0xa3, 0xa2, 0xa6, 0x0b, 0xf7, 0x86,
  0x05, 0x3a, 0x06, 0x0b, 0xa1, 0xa3, 0x8f, 0x93, 0xa4, 0x0b, 0x15, 0x32,
  0xc8, 0x52, 0xf6, 0xed, 0xd6, 0xbd, 0xd5, 0xa8, 0x1e, 0x3d, 0xb0, 0xd4,
  0x5d, 0xea, 0x1b, 0xf7, 0x07, 0xd6, 0xc1, 0x1d, 0x58, 0x69, 0x3b, 0x1b,
  0x21, 0x4f, 0xd3, 0xf7, 0x06, 0x85, 0x1f, 0xf8, 0x16, 0xad, 0x06, 0xf7,
  0x1c, 0x34, 0xe9, 0xfb, 0x19, 0x39, 0x49, 0x66, 0x4c, 0x64, 0x1e, 0xc8,
  0x72, 0x4c, 0xb2, 0x39, 0x1b, 0xfb, 0x0a, 0x3c, 0x4c, 0x29, 0x1f, 0xca,
  0x06, 0xcb, 0xbc, 0xb2, 0xdf, 0xd9, 0xbe, 0x5f, 0x3a, 0x1e, 0x6a, 0x07,
  0xfb, 0x38, 0x87, 0x05, 0x21, 0x89, 0x44, 0x5c, 0x2d, 0x1a, 0xf8, 0xce,
  0xf7, 0xc4, 0x15, 0xe7, 0xc6, 0x4c, 0x2e, 0x1f, 0xfb, 0xcf, 0x06, 0xe9,
  0x96, 0xc9, 0xc9, 0xe6, 0x1b, 0xfc, 0x88, 0xfb, 0xc1, 0x15, 0xc6, 0xb0,
  0xa8, 0xdc, 0x8d, 0x1e, 0xf7, 0x2d, 0x8f, 0x05, 0x6a, 0x07, 0x2f, 0x4e,
  0x4d, 0x2c, 0x45, 0x5e, 0xa9, 0xca, 0x1e, 0x0e, 0x15, 0xf7, 0x03, 0x67,
  0xe9, 0x4d, 0xcd, 0x1e, 0xce, 0xe3, 0x05, 0x44, 0x06, 0x64, 0x58, 0x05,
  0xb3, 0x54, 0x47, 0xa2, 0x3e, 0x1b, 0xc7, 0x1d, 0xfb, 0x03, 0xaf, 0x2d,
  0xca, 0x4a, 0x1f, 0x48, 0x33, 0x05, 0xd3, 0x06, 0xb1, 0xbd, 0x05, 0x63,
  0xc2, 0xce, 0x75, 0xd8, 0x1b, 0xf7, 0x5c, 0xf7, 0x21, 0xf7, 0x2d, 0xf7,
  0x6d, 0x1f, 0xfc, 0xf3, 0x16, 0x56, 0x1d, 0xc7, 0xc1, 0x79, 0x6b, 0xb5,
  0x1e, 0xfb, 0xf5, 0xfc, 0x63, 0x05, 0x5f, 0xc0, 0x72, 0xd4, 0xe1, 0x1a,
  0xf8, 0xa9, 0x16, 0xfb, 0x46, 0xfb, 0x01, 0xfb, 0x0f, 0xfb, 0x32, 0x4f,
  0x56, 0x9d, 0xab, 0x60, 0x1e, 0xf7, 0xf6, 0xf8, 0x63, 0x05, 0xb7, 0x56,
  0xa4, 0x42, 0x35, 0x1a, 0x0e, 0xb7, 0xf8, 0xa6, 0x15, 0x29, 0xc6, 0x4b,
  0xf7, 0x04, 0x70, 0x1e, 0xf7, 0x0d, 0x6d, 0x05, 0xd8, 0x79, 0xaf, 0x61,
  0x4b, 0x1a, 0x39, 0x48, 0x58, 0x22, 0x29, 0x49, 0xbc, 0xd6, 0x87, 0x1e,
  0x41, 0x06, 0xfb, 0x09, 0x94, 0xe9, 0x42, 0xf7, 0x1f, 0x1b, 0xf7, 0x28,
  0xeb, 0xda, 0xf7, 0x10, 0xec, 0x51, 0xcb, 0xfb, 0x04, 0xa6, 0x1f, 0xfb,
  0x0f, 0xa9, 0x05, 0x40, 0x9e, 0x66, 0xb3, 0xca, 0x1a, 0xdc, 0xcd, 0xbf,
  0xf0, 0xe5, 0xc2, 0x5d, 0x3a, 0x93, 0x1e, 0xd4, 0x06, 0xf7, 0x0c, 0x80,
  0x36, 0xd3, 0xfb, 0x15, 0x1b, 0xfb, 0x24, 0x2b, 0x3c, 0xfb, 0x0c, 0x1f,
  0x0b, 0x15, 0x3f, 0xcc, 0x5b, 0xe6, 0xe6, 0xcc, 0xbb, 0xd7, 0xc0, 0x6c,
  0xb8, 0x57, 0x9a, 0x1e, 0xb4, 0x9b, 0xa3, 0xaf, 0xb8, 0x1a, 0xd2, 0x51,
  0xb6, 0x3c, 0x3a, 0x52, 0x5f, 0x46, 0x5e, 0xa2, 0x67, 0xb4, 0x7b, 0x1e,
  0x58, 0x7a, 0x6b, 0x5f, 0x56, 0x1a, 0xce, 0xf7, 0x63, 0x15, 0xb7, 0xb1,
  0xa3, 0xbe, 0xbe, 0xb0, 0x73, 0x5e, 0x62, 0x6a, 0x6d, 0x54, 0x52, 0x6b,
  0xaa, 0xb4, 0x1e, 0x80, 0xfb, 0x5c, 0x15, 0xc0, 0xb6, 0xa6, 0xc4, 0xc4,
  0xb7, 0x6e, 0x58, 0x57, 0x5f, 0x6e, 0x52, 0x53, 0x5f, 0xa8, 0xbf, 0x1e,
  0x0e, 0xf8, 0x17, 0xf9, 0x28, 0x67, 0x1d, 0x0b, 0x67, 0x1d, 0x0e, 0x15,
  0xf4, 0xdf, 0x59, 0x29, 0xa9, 0x1f, 0xd9, 0x06, 0xf7, 0x16, 0x6f, 0xfb,
  0x09, 0xe1, 0xfb, 0x2b, 0x1b, 0xfb, 0x61, 0xfb, 0x20, 0xfb, 0x2e, 0xfb,
  0x6f, 0xfb, 0x71, 0xf7, 0x20, 0xfb, 0x26, 0xf7, 0x5f, 0xf7, 0x08, 0xe5,
  0xc1, 0xd2, 0xb1, 0x1f, 0x92, 0xfb, 0x06, 0x05, 0xc4, 0xf8, 0x18, 0xfb,
  0xdb, 0x4b, 0xf7, 0x97, 0x66, 0x06, 0xfb, 0x40, 0xfb, 0x09, 0x51, 0xfb,
  0x0c, 0xfb, 0x35, 0xfb, 0x02, 0xf7, 0x05, 0xf7, 0x4e, 0xf7, 0x4b, 0xf3,
  0xf7, 0x0e, 0xf7, 0x39, 0x1e, 0x0b, 0xb6, 0xf7, 0xf6, 0x6a, 0x1d, 0x0b,
  0xfc, 0x40, 0x45, 0x1d, 0x0e, 0x15, 0xfb, 0x75, 0xf7, 0x21, 0xfb, 0x20,
  0xf7, 0x5e, 0xf7, 0x57, 0xf7, 0x14, 0xf7, 0x18, 0xf7, 0x5c, 0x1e, 0xc2,
  0xfb, 0xeb, 0x4a, 0xf7, 0xa0, 0x07, 0xfb, 0x39, 0x88, 0x27, 0x32, 0xfb,
  0x25, 0x1b, 0xfb, 0x35, 0x20, 0xf7, 0x03, 0xf7, 0x4e, 0xf7, 0x4f, 0xf6,
  0xf7, 0x0c, 0xf7, 0x38, 0xf7, 0x02, 0xe2, 0x59, 0x22, 0xb1, 0x1f, 0xd8,
  0x06, 0xf7, 0x27, 0x65, 0xfb, 0x0c, 0xd7, 0xfb, 0x2d, 0x1b, 0xfb, 0x64,
  0xfb, 0x1f, 0xfb, 0x2c, 0xfb, 0x73, 0x1f, 0x0b, 0x15, 0xd0, 0x06, 0xf7,
  0x54, 0xf8, 0xf4, 0xf7, 0x54, 0xfc, 0xf4, 0x05, 0xcf, 0x06, 0xf7, 0x6b,
  0xf9, 0x60, 0x05, 0x42, 0x06, 0xfb, 0x28, 0xfc, 0x81, 0x83, 0x70, 0x82,
  0x68, 0x80, 0x54, 0x19, 0x80, 0xb9, 0x81, 0xaf, 0x80, 0xaf, 0xfb, 0x30,
  0x3b, 0x1d, 0xfb, 0x30, 0xfc, 0x80, 0x80, 0x68, 0x81, 0x6c, 0x7f, 0x57,
  0x19, 0x82, 0xba, 0x82, 0xaf, 0x81, 0xae, 0xfb, 0x25, 0x3b, 0x1d, 0x0e,
  0xf7, 0xc5, 0x16, 0x9a, 0x1d, 0xfb, 0xdb, 0x46, 0x4d, 0xd0, 0xfb, 0xdb,
  0x06, 0xf7, 0x76, 0xf7, 0xdb, 0x15, 0xc9, 0xfb, 0x2e, 0xf7, 0x99, 0xf7,
  0x21, 0x07, 0xf7, 0x45, 0xf7, 0x04, 0xfb, 0x05, 0xfb, 0x47, 0xfb, 0x46,
  0xfb, 0x04, 0xfb, 0x06, 0xfb, 0x43, 0x1f, 0xfb, 0x23, 0xf7, 0x99, 0x06,
  0x0e, 0x15, 0xae, 0x97, 0x9e, 0x9f, 0x1e, 0xad, 0xa5, 0x55, 0xc5, 0x1b,
  0xc0, 0xa7, 0xb0, 0xd0, 0x89, 0x1f, 0x59, 0x06, 0x67, 0x81, 0x79, 0x0b,
  0xa0, 0xf8, 0x7b, 0x15, 0x47, 0xbc, 0x5f, 0xce, 0xd1, 0xba, 0xb6, 0xcf,
  0xc5, 0x63, 0xb2, 0x53, 0x91, 0x1e, 0xe4, 0xdd, 0x5c, 0x1d, 0x36, 0x05,
  0x69, 0xa6, 0x07, 0xc2, 0xa9, 0x71, 0x60, 0x66, 0x72, 0x73, 0x62, 0x62,
  0x72, 0xa5, 0xb3, 0x1f, 0xf8, 0xa0, 0xf7, 0x73, 0x32, 0x1d, 0x0b, 0x15,
  0x9f, 0x91, 0x8b, 0x8a, 0x96, 0x1f, 0xc3, 0x84, 0xa8, 0x69, 0x5c, 0x1a,
  0x52, 0x63, 0x68, 0x53, 0x53, 0x67, 0xae, 0xc3, 0x1e, 0x55, 0x06, 0x37,
  0xc6, 0x52, 0xe2, 0xe0, 0xce, 0xc1, 0xe2, 0xdc, 0x50, 0xbc, 0x43, 0x91,
  0x1e, 0xf7, 0x0d, 0xf7, 0x03, 0x05, 0xbf, 0xfb, 0x9f, 0x58, 0xf7, 0x5f,
  0x07, 0xfb, 0x18, 0xfb, 0x0b, 0x05, 0x64, 0x07, 0x0e, 0xb1, 0xfb, 0x3c,
  0x15, 0x80, 0x9c, 0x9e, 0x87, 0xa5, 0x1b, 0xb9, 0xb6, 0xa4, 0xbf, 0xb6,
  0x6c, 0xa2, 0x65, 0x81, 0x82, 0x89, 0x88, 0x81, 0x1f, 0xa1, 0xba, 0x05,
  0xa6, 0x07, 0x6f, 0x8c, 0x61, 0x2f, 0x94, 0x72, 0x05, 0x94, 0x9f, 0x95,
  0x8e, 0x9e, 0x1b, 0xa3, 0x9b, 0x80, 0x75, 0x75, 0x77, 0x7f, 0x70, 0x77,
  0x7a, 0x91, 0x95, 0x78, 0x1f, 0x0e, 0x15, 0xf7, 0xbd, 0xf7, 0x65, 0x07,
  0xf7, 0x26, 0xfb, 0xbd, 0x05, 0xdb, 0x06, 0xfb, 0x2d, 0xf7, 0xc9, 0x05,
  0xe7, 0xa4, 0xc1, 0xd3, 0xf2, 0x1a, 0xf7, 0x13, 0x33, 0xdb, 0xfb, 0x25,
  0x1e, 0xfb, 0x9f, 0xfd, 0x60, 0x06, 0xd3, 0xf9, 0x1f, 0x15, 0xf7, 0x57,
  0x06, 0xed, 0xc8, 0x58, 0x2e, 0x30, 0x51, 0x55, 0x28, 0x1f, 0xfb, 0x59,
  0x06, 0x0e, 0x15, 0x61, 0x53, 0x7b, 0x67, 0x58, 0x1a, 0x32, 0xd1, 0x46,
  0xe5, 0xe3, 0xd0, 0xcd, 0xe7, 0xe1, 0x4e, 0xcc, 0x2f, 0x7b, 0x7b, 0x88,
  0x84, 0x7b, 0x1e, 0xf7, 0x00, 0xf7, 0x23, 0x05, 0x4c, 0x06, 0x23, 0xfb,
  0xb2, 0x15, 0xc7, 0xb4, 0xb8, 0xc9, 0xc6, 0xb5, 0x5e, 0x4f, 0x4e, 0x61,
  0x5e, 0x50, 0x4d, 0x62, 0xb8, 0xc8, 0x1e, 0x0e, 0x15, 0xb5, 0xc3, 0x9a,
  0xb0, 0xbe, 0x1a, 0xe4, 0x45, 0xd0, 0x32, 0x32, 0x46, 0x48, 0x30, 0x34,
  0xc9, 0x4a, 0xe6, 0x9c, 0x9b, 0x8e, 0x92, 0x9a, 0x1e, 0x20, 0xfb, 0x23,
  0x05, 0xc9, 0x06, 0xf4, 0xf7, 0xb2, 0x15, 0x4f, 0x61, 0x5f, 0x4e, 0x4f,
  0x61, 0xb7, 0xc7, 0xc8, 0xb5, 0xb8, 0xc7, 0xc8, 0xb5, 0x5e, 0x4e, 0x1e,
  0x0e, 0xe9, 0x07, 0xc4, 0x9b, 0xa9, 0xc8, 0x53, 0x1d, 0x41, 0x4f, 0x61,
  0xfb, 0x01, 0x1f, 0x2d, 0xfb, 0x7a, 0xe9, 0x07, 0x4b, 0x1d, 0x07, 0x0e,
  0x3e, 0x06, 0x2b, 0x6c, 0x31, 0x4e, 0xfb, 0x05, 0x1b, 0xfb, 0x31, 0x22,
  0xf7, 0x0c, 0xf7, 0x48, 0xf7, 0x49, 0xf4, 0xf7, 0x0c, 0xf7, 0x31, 0xf7,
  0x04, 0xe3, 0x4c, 0x24, 0xa9, 0x1f, 0xd8, 0x06, 0xf7, 0x22, 0x6e, 0xfb,
  0x0d, 0xe8, 0xfb, 0x2e, 0x1b, 0xfb, 0x5e, 0xfb, 0x1e, 0xfb, 0x2a, 0xfb,
  0x70, 0x0b, 0x15, 0xbe, 0xfb, 0x62, 0x07, 0xf4, 0xe0, 0x05, 0xcb, 0xbf,
  0xab, 0xc0, 0xc6, 0x1a, 0xe2, 0x55, 0xc1, 0x34, 0x34, 0x52, 0x4f, 0x2e,
  0x1e, 0xc1, 0x06, 0xcb, 0xac, 0xb0, 0xc3, 0xc4, 0xa9, 0x6c, 0x4f, 0x5f,
  0x72, 0x61, 0x58, 0x62, 0x1e, 0xfb, 0x2e, 0xfb, 0x12, 0x05, 0x5e, 0x07,
  0x0e, 0xf7, 0x03, 0xf9, 0xa6, 0x15, 0xa5, 0xa2, 0xa1, 0xa6, 0xa5, 0x74,
  0xa3, 0xbc, 0x1d, 0xf7, 0x26, 0x16, 0xa5, 0xa2, 0xa1, 0xa6, 0xa5, 0x74,
  0xa3, 0xbd, 0x1d, 0x28, 0x1d, 0x0e, 0xf7, 0x27, 0xf9, 0x8f, 0x15, 0xc8,
  0xba, 0xbb, 0xc7, 0xc8, 0x5c, 0xba, 0x4e, 0x4e, 0x5c, 0x5d, 0x4d, 0x4d,
  0xb8, 0x5d, 0xca, 0x1f, 0xba, 0x04, 0x69, 0x74, 0xa4, 0xb0, 0xaf, 0xa3,
  0xa4, 0xac, 0xad, 0xa3, 0x71, 0x68, 0x66, 0x74, 0x72, 0x68, 0x1f, 0x0e,
  0x45, 0x06, 0x4d, 0x78, 0x51, 0x63, 0x43, 0x1b, 0x29, 0x4b, 0xd8, 0xf7,
  0x07, 0xf7, 0x0b, 0xd0, 0xd6, 0xed, 0xce, 0xc5, 0x66, 0x48, 0x9d, 0x1f,
  0xd0, 0x06, 0xef, 0x78, 0x39, 0xcc, 0xfb, 0x04, 0x1b, 0xfb, 0x21, 0x2e,
  0x23, 0xfb, 0x2c, 0x1f, 0x0e, 0xf9, 0xaa, 0x15, 0xa5, 0xa2, 0xa1, 0xa6,
  0xa6, 0x74, 0x35, 0x1d, 0x75, 0x74, 0x70, 0x70, 0xa1, 0x75, 0xa6, 0x1f,
  0x0b, 0xac, 0x1d, 0xfb, 0xad, 0xd0, 0xf7, 0xbc, 0x07, 0xf7, 0x0e, 0x54,
  0xda, 0xfb, 0x19, 0x45, 0x4b, 0x68, 0x4d, 0x6b, 0x1e, 0x81, 0xdf, 0x05,
  0x4f, 0xfc, 0x78, 0x06, 0x0b, 0x15, 0xa6, 0xa2, 0xa1, 0xa6, 0xa6, 0x74,
  0xa2, 0x70, 0x70, 0x75, 0x74, 0x70, 0x70, 0xa1, 0x75, 0xa6, 0x1f, 0xf7,
  0x26, 0x16, 0xa5, 0xa3, 0xa1, 0xa6, 0xa6, 0x73, 0xa2, 0x71, 0x70, 0x75,
  0x74, 0x70, 0x70, 0xa1, 0x75, 0xa6, 0x1f, 0x0b, 0xf9, 0xa7, 0x88, 0x1d,
  0x6e, 0x63, 0x49, 0x90, 0x1f, 0x0b, 0x16, 0x80, 0x1d, 0x0b, 0xf7, 0x24,
  0x16, 0xf7, 0x25, 0x07, 0xe9, 0xec, 0xf7, 0x2e, 0xfb, 0x86, 0x05, 0xdb,
  0x06, 0xfb, 0x4f, 0xf7, 0xb7, 0xf7, 0x4e, 0xf7, 0x55, 0x05, 0x34, 0x06,
  0xfb, 0x84, 0xfb, 0x8e, 0x05, 0xf8, 0x83, 0x3e, 0x1d, 0x0b, 0x63, 0x78,
  0x75, 0x6c, 0x6a, 0x1a, 0x63, 0xa8, 0x6e, 0xb7, 0x98, 0x3a, 0x1d, 0x85,
  0x8a, 0x84, 0x1b, 0x77, 0x7d, 0x94, 0xa1, 0xa1, 0x9c, 0xa6, 0xb3, 0x9c,
  0x1f, 0xf8, 0x78, 0x0b, 0x15, 0xb3, 0x77, 0xa2, 0x6c, 0x70, 0x77, 0x76,
  0x6f, 0x72, 0x9f, 0x79, 0xa3, 0x91, 0x54, 0x1d, 0xb6, 0x30, 0x1d, 0x6d,
  0x1d, 0x74, 0x1e, 0x62, 0x40, 0x1d, 0x5a, 0x6f, 0x63, 0x49, 0x8f, 0x1f,
  0x0b, 0xfb, 0x95, 0x07, 0xfb, 0x07, 0x54, 0x4d, 0x2e, 0x3e, 0x58, 0xb4,
  0xf7, 0x07, 0x1e, 0xf7, 0xab, 0x45, 0xfb, 0xc1, 0x07, 0xfb, 0x0a, 0xc9,
  0x3d, 0xf7, 0x06, 0xd7, 0xce, 0xb1, 0xc3, 0xa6, 0x1e, 0x94, 0x39, 0x05,
  0x0b, 0xf7, 0xd9, 0xf8, 0x7e, 0x15, 0x8f, 0x7a, 0x7e, 0x8c, 0x7c, 0x1b,
  0x47, 0x58, 0x69, 0x57, 0x78, 0x1f, 0x86, 0xd6, 0x05, 0x4a, 0xfc, 0x78,
  0xd0, 0xf7, 0xa8, 0x06, 0xe7, 0xc4, 0xc7, 0xe4, 0x1e, 0xb1, 0x06, 0x0b,
  0x43, 0x71, 0x78, 0x84, 0x7f, 0x7c, 0x1f, 0xa0, 0xdc, 0x05, 0xf7, 0x1d,
  0xb9, 0xfb, 0x41, 0x06, 0x60, 0xfb, 0x41, 0xba, 0x83, 0x05, 0x9e, 0x99,
  0xa2, 0x97, 0xa6, 0x1b, 0xb7, 0xa7, 0x6d, 0x61, 0x0b, 0x15, 0x8f, 0x7a,
  0x7e, 0x8c, 0x7c, 0x1b, 0x47, 0x58, 0x69, 0x57, 0x78, 0x1f, 0x86, 0xd6,
  0x05, 0x4a, 0xfc, 0x78, 0xd0, 0xf7, 0xa8, 0x06, 0xe7, 0xc4, 0xc7, 0xe4,
  0x1e, 0xb1, 0x06, 0x0e, 0x85, 0x26, 0x05, 0xdb, 0x69, 0x44, 0xad, 0x3d,
  0x1b, 0xfb, 0x20, 0x34, 0x20, 0xfb, 0x26, 0xfb, 0x26, 0xdc, 0xfb, 0x02,
  0xf7, 0x23, 0xdd, 0xcd, 0xb1, 0xd4, 0xae, 0x1f, 0x92, 0x28, 0x05, 0x0b,
  0x6d, 0x1d, 0x73, 0x1e, 0x63, 0x40, 0x1d, 0x5a, 0x0b, 0xc7, 0xa9, 0xcd,
  0x1b, 0xf7, 0x05, 0xcc, 0x3c, 0x27, 0x21, 0x45, 0x43, 0xfb, 0x00, 0x25,
  0x4c, 0xc9, 0xf2, 0x1f, 0x43, 0x06, 0xfb, 0x21, 0xe7, 0x31, 0xf7, 0x24,
  0x1e, 0x0e, 0xca, 0x06, 0xcc, 0xbd, 0xb1, 0xdf, 0xd2, 0xc4, 0x6d, 0x2c,
  0x1e, 0x7b, 0x07, 0xfb, 0x34, 0x7e, 0x05, 0xfb, 0x05, 0x82, 0x47, 0x53,
  0x32, 0x1a, 0x36, 0xc8, 0x51, 0xf2, 0x1e, 0x0b, 0x15, 0xc8, 0xba, 0xbb,
  0xc8, 0xc7, 0x5c, 0xaf, 0x1d, 0x69, 0x74, 0xa4, 0xaf, 0xaf, 0xa3, 0xa4,
  0xac, 0x0b, 0xf7, 0x11, 0xba, 0xd0, 0xf3, 0x1a, 0xf7, 0x17, 0x31, 0xe2,
  0xfb, 0x1b, 0xfb, 0x21, 0x2c, 0x28, 0xfb, 0x2a, 0x87, 0x1e, 0xd3, 0x06,
  0xf7, 0x03, 0x8e, 0xcc, 0xd3, 0x0b, 0xf5, 0xf8, 0xfd, 0x15, 0xa7, 0xa3,
  0xa2, 0xa7, 0xa7, 0x73, 0xa3, 0x6f, 0x6f, 0x74, 0x73, 0x6f, 0x6f, 0xa2,
  0x74, 0xa7, 0x1f, 0x69, 0xfc, 0xfd, 0x15, 0x0b, 0x94, 0x72, 0x05, 0x94,
  0x9f, 0x96, 0x8e, 0x9d, 0x1b, 0xa3, 0x9b, 0x80, 0x75, 0x75, 0x77, 0x7f,
  0x71, 0x76, 0x7a, 0x91, 0x95, 0x78, 0x1f, 0x0e, 0xfa, 0x0d, 0x15, 0x47,
  0x06, 0x4f, 0xfb, 0x0b, 0x05, 0xc1, 0x06, 0xf7, 0x55, 0xf7, 0x0b, 0x15,
  0x44, 0x06, 0x42, 0xfb, 0x0b, 0x05, 0xc2, 0x06, 0x0b, 0x5d, 0x1d, 0xc4,
  0x1b, 0xc0, 0xa8, 0xb0, 0xd0, 0x88, 0x1f, 0x5a, 0x06, 0x67, 0x81, 0x79,
  0x73, 0x1e, 0x0b, 0x15, 0x22, 0x4e, 0xdb, 0xf7, 0x04, 0xf7, 0x03, 0xc8,
  0xdc, 0xf4, 0xf5, 0xc9, 0x3a, 0xfb, 0x03, 0xfb, 0x04, 0x4d, 0x3b, 0x21,
  0x1f, 0x0e, 0xee, 0xf9, 0x33, 0x15, 0xfb, 0xb6, 0xbc, 0xf7, 0xe3, 0xfb,
  0x14, 0x5e, 0x07, 0x0b, 0xee, 0xf9, 0xa6, 0x27, 0x1d, 0x6f, 0x75, 0x73,
  0x70, 0x6f, 0x28, 0x1d, 0x0e, 0x06, 0xd1, 0x69, 0x4b, 0xae, 0x3b, 0x1b,
  0xfb, 0x24, 0x38, 0xfb, 0x02, 0xfb, 0x26, 0xfb, 0x25, 0xde, 0xfb, 0x00,
  0xf7, 0x21, 0x1f, 0x0b, 0xf7, 0x57, 0xf9, 0x31, 0x9e, 0x1d, 0x0b, 0xf7,
  0xa2, 0xf8, 0xc4, 0x27, 0x1d, 0x70, 0x74, 0x73, 0x70, 0x70, 0xa1, 0x74,
  0xa7, 0x1f, 0x0b, 0x16, 0xf7, 0x68, 0xf7, 0x86, 0xfb, 0x68, 0x5f, 0x1d,
  0xf7, 0x68, 0xfb, 0x86, 0xc8, 0x1d, 0x0b, 0xf7, 0x17, 0x80, 0x15, 0xad,
  0xa8, 0xa7, 0xac, 0xad, 0x6e, 0xa8, 0x69, 0x69, 0x6e, 0x6e, 0x69, 0x6a,
  0xa8, 0x6f, 0xad, 0x1f, 0x0b, 0xc5, 0x50, 0x2a, 0x36, 0x69, 0x59, 0xfb,
  0x18, 0xfb, 0x07, 0x1f, 0xfb, 0x79, 0xfb, 0x5c, 0x05, 0x52, 0x07, 0x0e,
  0xf7, 0x6b, 0xf7, 0x23, 0xf7, 0x24, 0xf7, 0x6a, 0xf7, 0x6a, 0xfb, 0x24,
  0xf7, 0x24, 0xfb, 0x6c, 0x1f, 0xfb, 0x6c, 0x0b, 0x15, 0xae, 0x8f, 0x73,
  0x9b, 0x76, 0x1b, 0x75, 0x72, 0x7b, 0x68, 0x8f, 0x1f, 0x9f, 0xfb, 0x5b,
  0x05, 0xb8, 0x06, 0x0b, 0x15, 0xf2, 0x42, 0xd6, 0x25, 0x25, 0x41, 0x40,
  0x24, 0x24, 0xd5, 0x41, 0xf1, 0xf1, 0xd4, 0xd5, 0xf2, 0x1e, 0x0b, 0xa4,
  0x1d, 0xd5, 0xbb, 0x0b, 0x15, 0xfb, 0x17, 0xfb, 0xb4, 0x05, 0xc0, 0x06,
  0xf7, 0x14, 0xf7, 0xb4, 0x05, 0xba, 0xfb, 0x7d, 0x5c, 0x07, 0x0b, 0x15,
  0xa6, 0xa0, 0x9f, 0xa7, 0xa7, 0x76, 0xa0, 0x70, 0x6f, 0x77, 0x76, 0x6f,
  0x6f, 0x9f, 0x77, 0xa7, 0x1f, 0x0b, 0xd0, 0x88, 0x1f, 0x5a, 0x06, 0x67,
  0x81, 0x79, 0x73, 0x1e, 0x63, 0x70, 0xc1, 0x55, 0x1b, 0x5a, 0x6e, 0x63,
  0x0b, 0x97, 0xf9, 0x1e, 0xaa, 0x1d, 0x0b, 0xa7, 0xae, 0x1a, 0xc1, 0x5e,
  0xac, 0x4d, 0x4d, 0x5e, 0x69, 0x56, 0x69, 0x9e, 0x6f, 0xa9, 0x7e, 0x1e,
  0x0b, 0x15, 0xbe, 0xfb, 0xb7, 0x58, 0xf7, 0x80, 0x07, 0xfb, 0x32, 0xfc,
  0x12, 0x05, 0xc3, 0x06, 0x0e, 0x15, 0x5f, 0x75, 0x71, 0x5f, 0x5f, 0x74,
  0xa5, 0xb7, 0x1e, 0x53, 0x06, 0x3e, 0xbb, 0x5c, 0xd6, 0x0b, 0x6a, 0x62,
  0x1a, 0xc6, 0xf7, 0x31, 0x15, 0xaa, 0xa5, 0x9c, 0xaf, 0xaf, 0xa5, 0x7a,
  0x6c, 0x6d, 0x0b, 0xf9, 0x32, 0x15, 0x5e, 0x75, 0x72, 0x5f, 0x5f, 0x74,
  0xa4, 0xb8, 0x1e, 0x53, 0x06, 0x3e, 0x0b, 0x16, 0xb8, 0xfb, 0x29, 0x07,
  0xc4, 0xb9, 0x05, 0xc9, 0xbe, 0xa2, 0xb1, 0xbd, 0x1a, 0xce, 0x0b, 0xf7,
  0x45, 0xfa, 0x09, 0x15, 0x43, 0x06, 0x4f, 0xfb, 0x0b, 0x05, 0xc3, 0x06,
  0x0e, 0x84, 0xc3, 0x1d, 0x9d, 0xa6, 0xb2, 0x9c, 0x1f, 0x0b, 0x15, 0xf7,
  0x70, 0xfd, 0x1e, 0xd3, 0xf9, 0x1e, 0xf7, 0x71, 0xcd, 0xfc, 0x95, 0x06,
  0x0b, 0xb9, 0x1d, 0xc5, 0xf7, 0xcd, 0x06, 0x0b, 0xf7, 0x91, 0x07, 0xf7,
  0x01, 0xc3, 0xd3, 0xee, 0xdb, 0xbe, 0x63, 0xfb, 0x05, 0x1e, 0x0b, 0x15,
  0xa5, 0xa3, 0xa2, 0xa6, 0xa6, 0x73, 0xa3, 0x71, 0x6f, 0x74, 0x73, 0x70,
  0x0b, 0xa3, 0x19, 0x94, 0x75, 0x97, 0x73, 0xa1, 0x6c, 0xb0, 0x57, 0x18,
  0xb2, 0xa5, 0x0b, 0xba, 0x4e, 0x4e, 0x5c, 0x5d, 0x4e, 0x4c, 0xb8, 0x5d,
  0xca, 0x1f, 0xbb, 0x04, 0x0b, 0x4b, 0xf7, 0xeb, 0x07, 0xfb, 0x71, 0xfb,
  0x6e, 0x05, 0x59, 0x07, 0x0e, 0x6e, 0x56, 0x45, 0x33, 0x1a, 0xe8, 0xf7,
  0xef, 0x15, 0xd6, 0xcb, 0xbb, 0x0b, 0xf8, 0xc5, 0x15, 0xba, 0x06, 0x9c,
  0xf7, 0x2f, 0x05, 0x4b, 0x06, 0x0b, 0x85, 0x7b, 0x7b, 0x88, 0x7d, 0x1b,
  0x65, 0x71, 0xa1, 0xbf, 0x1f, 0x0b, 0xcf, 0xf7, 0x0a, 0x86, 0x1f, 0xf8,
  0x15, 0xad, 0x06, 0xf7, 0x1d, 0x0b, 0x24, 0x1e, 0xbd, 0x8a, 0x15, 0xd9,
  0xad, 0xbd, 0xc6, 0xc7, 0xae, 0x0b, 0xc6, 0x1d, 0x2a, 0x51, 0xec, 0x0b,
  0x05, 0xf7, 0xba, 0xcd, 0xfb, 0xee, 0x06, 0x35, 0xfb, 0xfc, 0x0b, 0xf7,
  0x33, 0x16, 0xf7, 0xde, 0xf8, 0x17, 0xfb, 0xde, 0xd2, 0x0b, 0x15, 0xdd,
  0xcd, 0xaf, 0xc8, 0xa9, 0x1f, 0x94, 0x36, 0x05, 0x0b, 0xd1, 0xd2, 0xba,
  0xbc, 0xd0, 0xcf, 0xba, 0x5a, 0x44, 0x1e, 0x0b, 0xbf, 0x1d, 0x6e, 0x0b,
  0xbd, 0x1d, 0x3f, 0x1d, 0x0b, 0x71, 0x70, 0x74, 0x74, 0x70, 0x70, 0x0b,
  0xc7, 0x16, 0xf9, 0x5a, 0xf9, 0x5a, 0xfd, 0x5a, 0x06, 0x0b, 0x1a, 0xc8,
  0x5c, 0xba, 0x4e, 0x4e, 0x5c, 0x5d, 0x4d, 0x0b, 0xa3, 0x78, 0xa5, 0x98,
  0x93, 0x8e, 0x8f, 0x91, 0x1e, 0x0b, 0xc2, 0xf1, 0xa5, 0x1f, 0x48, 0x06,
  0x4b, 0x7a, 0x0b, 0xc7, 0x06, 0x8e, 0x7b, 0x77, 0x8c, 0x7a, 0x1b, 0x0b,
  0x8a, 0x85, 0x1b, 0x76, 0x7d, 0x94, 0xa1, 0xa1, 0x0b, 0xfc, 0x1e, 0xf8,
  0xe8, 0x05, 0x42, 0xfd, 0x60, 0x0b, 0x68, 0x6f, 0x6f, 0x69, 0x69, 0xa7,
  0x6e, 0xae, 0x0b, 0xec, 0xc5, 0x2a, 0xf7, 0x2d, 0x47, 0xfb, 0x2d, 0x0b,
  0xfb, 0x5c, 0xfb, 0x21, 0xfb, 0x2e, 0xfb, 0x6d, 0x0b, 0xfb, 0x68, 0xfb,
  0x86, 0x05, 0x0b, 0x01, 0x00, 0x22, 0x00, 0x00, 0xab, 0x00, 0x01, 0x87,
  0x00, 0x00, 0xac, 0x02, 0x01, 0x88, 0x01, 0x00, 0xaf, 0x00, 0x01, 0x8a,
  0x00, 0x00, 0xb0, 0x00, 0x00, 0x8a, 0x00, 0x01, 0x8b, 0x00, 0x00, 0x23,
  0x01, 0x01, 0x8c, 0x01, 0x00, 0xb1, 0x00, 0x01, 0x8e, 0x01, 0x00, 0x25,
  0x00, 0x00, 0x9a, 0x00, 0x01, 0x90, 0x01, 0x00, 0x26, 0x00, 0x00, 0xb2,
  0x00, 0x01, 0x92, 0x01, 0x00, 0xb3, 0x01, 0x01, 0x94, 0x00, 0x00, 0xb5,
  0x00, 0x01, 0x95, 0x01, 0x00, 0x27, 0x01, 0x01, 0x97, 0x03, 0x00, 0x29,
  0x00, 0x01, 0x9b, 0x00, 0x00, 0x2a, 0x00, 0x00, 0xb6, 0x02, 0x01, 0x9c,
  0x00, 0x00, 0xb9, 0x00, 0x01, 0x9d, 0x02, 0x00, 0x2b, 0x00, 0x01, 0xa0,
  0x00, 0x00, 0x2c, 0x00, 0x01, 0xa1, 0x00, 0x00, 0x2d, 0x00, 0x01, 0xa2,
  0x03, 0x00, 0x8c, 0x00, 0x00, 0x2e, 0x01, 0x01, 0xa6, 0x03, 0x00, 0xba,
  0x00, 0x00, 0x30, 0x00, 0x00, 0xbb, 0x03, 0x01, 0xaa, 0x01, 0x00, 0x8d,
  0x00, 0x01, 0xac, 0x00, 0x00, 0xbf, 0x00, 0x00, 0x8e, 0x00, 0x00, 0x31,
  0x00, 0x00, 0x9d, 0x00, 0x00, 0x32, 0x01, 0x01, 0xad, 0x02, 0x00, 0x34,
  0x00, 0x01, 0xb0, 0x00, 0x00, 0xc0, 0x00, 0x01, 0xb1, 0x02, 0x00, 0x35,
  0x00, 0x01, 0xb4, 0x03, 0x00, 0x36, 0x00, 0x00, 0xc1, 0x03, 0x01, 0xb8,
  0x04, 0x00, 0x37, 0x01, 0x01, 0xbd, 0x03, 0x00, 0x39, 0x01, 0x00, 0xc5,
  0x00, 0x01, 0xc1, 0x00, 0x00, 0xc6, 0x00, 0x01, 0xc2, 0x00, 0x00, 0x3b,
  0x00, 0x01, 0xc3, 0x00, 0x00, 0xc7, 0x00, 0x01, 0xc4, 0x01, 0x00, 0x42,
  0x00, 0x00, 0xc8, 0x00, 0x01, 0xc6, 0x00, 0x00, 0xc9, 0x02, 0x01, 0xc7,
  0x01, 0x00, 0xcc, 0x00, 0x01, 0xc9, 0x00, 0x00, 0xcd, 0x00, 0x00, 0x90,
  0x00, 0x01, 0xca, 0x00, 0x00, 0x43, 0x01, 0x01, 0xcb, 0x01, 0x00, 0xce,
  0x00, 0x01, 0xcd, 0x01, 0x00, 0x45, 0x00, 0x00, 0xa7, 0x00, 0x01, 0xcf,
  0x01, 0x00, 0x46, 0x00, 0x00, 0xcf, 0x00, 0x01, 0xd1, 0x01, 0x00, 0xd0,
  0x01, 0x01, 0xd3, 0x00, 0x00, 0xd2, 0x00, 0x01, 0xd4, 0x01, 0x00, 0x47,
  0x01, 0x01, 0xd6, 0x03, 0x00, 0x49, 0x00, 0x01, 0xda, 0x00, 0x00, 0x4a,
  0x00, 0x00, 0xd3, 0x02, 0x01, 0xdb, 0x00, 0x00, 0xd6, 0x00, 0x01, 0xdc,
  0x02, 0x00, 0x4b, 0x00, 0x01, 0xdf, 0x00, 0x00, 0x4c, 0x00, 0x01, 0xe0,
  0x00, 0x00, 0x4d, 0x00, 0x01, 0xe1, 0x03, 0x00, 0x92, 0x00, 0x00, 0x4e,
  0x01, 0x01, 0xe5, 0x03, 0x00, 0xd7, 0x00, 0x00, 0x50, 0x00, 0x00, 0xd8,
  0x03, 0x01, 0xe9, 0x01, 0x00, 0x93, 0x00, 0x01, 0xeb, 0x00, 0x00, 0xdc,
  0x00, 0x00, 0x94, 0x00, 0x00, 0x51, 0x00, 0x00, 0xa2, 0x00, 0x00, 0x52,
  0x01, 0x01, 0xec, 0x02, 0x00, 0x54, 0x00, 0x01, 0xef, 0x00, 0x00, 0xdd,
  0x00, 0x01, 0xf0, 0x02, 0x00, 0x95, 0x00, 0x00, 0x55, 0x00, 0x01, 0xf3,
  0x03, 0x00, 0x56, 0x00, 0x00, 0xde, 0x03, 0x01, 0xf7, 0x04, 0x00, 0x57,
  0x01, 0x01, 0xfc, 0x03, 0x00, 0x59, 0x01, 0x00, 0xe2, 0x00, 0x02, 0x00,
  0x00, 0x00, 0xe3, 0x00, 0x02, 0x01, 0x00, 0x00, 0x5b, 0x00, 0x02, 0x02,
  0x00, 0x00, 0xe4, 0x00, 0x02, 0x03, 0x08, 0x00, 0x6d, 0x01, 0x02, 0x0c,
  0x04, 0x00, 0x11, 0x09, 0x02, 0x11, 0x28, 0x00, 0x96, 0x00, 0x00, 0xa4,
  0x00, 0x00, 0xa9, 0x00, 0x02, 0x3a, 0x05, 0x00, 0x63, 0x00, 0x00, 0x9b,
  0x00, 0x00, 0x9e, 0x00, 0x00, 0xa3, 0x00, 0x01, 0x40, 0x03, 0x00, 0x0b,
  0x00, 0x02, 0x40, 0x00, 0x00, 0x3d, 0x00, 0x00, 0x72, 0x00, 0x00, 0x74,
  0x00, 0x00, 0x1b, 0x00, 0x00, 0x0d, 0x00, 0x00, 0x79, 0x00, 0x00, 0x02,
  0x00, 0x00, 0x60, 0x00, 0x00, 0x04, 0x00, 0x00, 0x0f, 0x00, 0x00, 0x20,
  0x00, 0x00, 0x7b, 0x00, 0x00, 0x03, 0x00, 0x00, 0x68, 0x00, 0x00, 0x1c,
  0x00, 0x00, 0x10, 0x00, 0x00, 0x40, 0x00, 0x00, 0x5c, 0x00, 0x00, 0x5e,
  0x00, 0x00, 0x3c, 0x00, 0x00, 0x3e, 0x00, 0x00, 0x09, 0x01, 0x00, 0x89,
  0x00, 0x00, 0x6f, 0x00, 0x00, 0x0e, 0x00, 0x00, 0x6a, 0x00, 0x00, 0x78,
  0x00, 0x00, 0x6b, 0x01, 0x00, 0x76, 0x00, 0x00, 0x69, 0x00, 0x00, 0x77,
  0x00, 0x00, 0x41, 0x00, 0x00, 0x08, 0x00, 0x00, 0x75, 0x00, 0x00, 0x01,
  0x00, 0x00, 0x61, 0x00, 0x00, 0x67, 0x00, 0x00, 0x05, 0x00, 0x02, 0x41,
  0x00, 0x00, 0x65, 0x00, 0x00, 0x62, 0x00, 0x00, 0x64, 0x00, 0x00, 0x0c,
  0x00, 0x00, 0xa6, 0x00, 0x00, 0xa8, 0x00, 0x00, 0x9f, 0x00, 0x00, 0x1e,
  0x00, 0x02, 0x42, 0x00, 0x00, 0x1f, 0x00, 0x00, 0x1d, 0x00, 0x02, 0x43,
  0x01, 0x00, 0x9c, 0x00, 0x02, 0x45, 0x00, 0x00, 0x5f, 0x00, 0x00, 0x97,
  0x00, 0x02, 0x46, 0x08, 0x00, 0x06, 0x00, 0x00, 0x7a, 0x00, 0x02, 0x4f,
  0x12, 0x00, 0x21, 0x00, 0x00, 0x07, 0x00, 0x00, 0x73, 0x00, 0x00, 0x66,
  0x00, 0x00, 0xaa, 0x00, 0x00, 0xa5, 0x00, 0x02, 0x62, 0x00, 0x00, 0x99,
  0x00, 0x00, 0xa1, 0x00, 0x00, 0x5d, 0x00, 0x00, 0xa0, 0x00, 0x00, 0x70,
  0x01, 0x02, 0x63, 0x01, 0x00, 0x3f, 0x00, 0x02, 0x65, 0x10, 0x00, 0x7d,
  0x00, 0x00, 0x81, 0x00, 0x00, 0x88, 0x00, 0x00, 0x85, 0x00, 0x00, 0x7e,
  0x00, 0x00, 0x83, 0x00, 0x00, 0x82, 0x00, 0x00, 0x7c, 0x00, 0x00, 0x86,
  0x00, 0x00, 0x80, 0x00, 0x00, 0x87, 0x00, 0x00, 0x84, 0x00, 0x00, 0x7f,
  0x00, 0x02, 0x76, 0x07, 0x00, 0x91, 0x00, 0x02, 0x7e, 0x1a, 0x01, 0x00,
  0x01, 0xf8, 0x02, 0x00, 0x01, 0x00, 0x1c, 0x00, 0x24, 0x00, 0x2f, 0x00,
  0x3f, 0x00, 0x4a, 0x00, 0x67, 0x00, 0x74, 0x00, 0x81, 0x00, 0x9e, 0x00,
  0xb2, 0x01, 0x07, 0x01, 0x11, 0x01, 0x41, 0x01, 0x7c, 0x01, 0xc4, 0x01,
  0xdf, 0x01, 0xec, 0x01, 0xfa, 0x02, 0x76, 0x02, 0x82, 0x02, 0x8d, 0x02,
  0xa1, 0x02, 0xa4, 0x02, 0xd9, 0x02, 0xdc, 0x02, 0xf0, 0x02, 0xfd, 0x03,
  0x09, 0x03, 0x18, 0x03, 0x25, 0x03, 0x32, 0x03, 0x3d, 0x03, 0x48, 0x03,
  0x55, 0x03, 0x75, 0x03, 0x8c, 0x03, 0x91, 0x03, 0xa2, 0x03, 0xfd, 0x04,
  0x17, 0x04, 0x29, 0x04, 0x38, 0x04, 0x5e, 0x04, 0x64, 0x04, 0x70, 0x04,
  0x7c, 0x04, 0x87, 0x04, 0x91, 0x04, 0xa1, 0x04, 0xae, 0x04, 0xca, 0x04,
  0xdb, 0x04, 0xe1, 0x04, 0xee, 0x04, 0xf2, 0x04, 0xfb, 0x04, 0xff, 0x05,
  0x0b, 0x05, 0x1b, 0x05, 0x24, 0x05, 0x3e, 0x05, 0x64, 0x05, 0x9b, 0x05,
  0xa2, 0x05, 0xad, 0x05, 0xb7, 0x05, 0xc1, 0x05, 0xf3, 0x05, 0xfd, 0x06,
  0x05, 0x06, 0x15, 0x06, 0x21, 0x06, 0x2d, 0x06, 0x39, 0x06, 0x45, 0x06,
  0x53, 0x06, 0x5b, 0x06, 0x69, 0x06, 0x75, 0x06, 0xd3, 0x07, 0x02, 0x07,
  0x34, 0x07, 0x79, 0x07, 0x7d, 0x07, 0x8c, 0x07, 0x98, 0x07, 0xa1, 0x07,
  0xa5, 0x07, 0xb4, 0x07, 0xbf, 0x07, 0xee, 0x07, 0xf9, 0x08, 0x02, 0x08,
  0x06, 0x08, 0x28, 0x08, 0x3c, 0x08, 0x6d, 0x08, 0x7b, 0x08, 0x81, 0x08,
  0x8e, 0x08, 0x97, 0x08, 0xa2, 0x08, 0xab, 0x08, 0xb4, 0x08, 0xc1, 0x09,
  0x14, 0x09, 0x26, 0x09, 0x31, 0x09, 0x57, 0x09, 0x9b, 0x09, 0xa7, 0x09,
  0xb1, 0x09, 0xbf, 0x09, 0xc9, 0x0a, 0x06, 0x0a, 0x0d, 0x0a, 0x15, 0x0a,
  0x2f, 0x0a, 0x53, 0x0a, 0x5d, 0x0a, 0x79, 0x0a, 0x88, 0x0a, 0x93, 0x0a,
  0xa9, 0x0a, 0xae, 0x0a, 0xb4, 0x0a, 0xc0, 0x0a, 0xd0, 0x0a, 0xda, 0x0a,
  0xf3, 0x0a, 0xff, 0x0b, 0x0b, 0x0b, 0x2a, 0x0b, 0x3d, 0x0b, 0x90, 0x0b,
  0x9c, 0x0b, 0xa3, 0x0b, 0xaf, 0x0b, 0xe6, 0x0b, 0xec, 0x0b, 0xf9, 0x0c,
  0x07, 0x0c, 0x36, 0x0c, 0x4e, 0x0c, 0x68, 0x0c, 0x72, 0x0c, 0xda, 0x0c,
  0xf7, 0x0d, 0x0b, 0x0d, 0x11, 0x0d, 0x1d, 0x0d, 0x26, 0x0d, 0x33, 0x0d,
  0x3c, 0x0d, 0x48, 0x0d, 0x50, 0x0d, 0x60, 0x0d, 0x6b, 0x0d, 0x91, 0x0d,
  0xb4, 0x0d, 0xba, 0x0d, 0xcd, 0x0d, 0xdc, 0x0e, 0x0a, 0x0e, 0x25, 0x0e,
  0x2f, 0x0e, 0x43, 0x0e, 0x47, 0x0e, 0x50, 0x0e, 0x58, 0x0e, 0x74, 0x0e,
  0x83, 0x0e, 0x90, 0x0e, 0x98, 0x0e, 0xa1, 0x0e, 0xb6, 0x0e, 0xd1, 0x0e,
  0xd9, 0x0e, 0xde, 0x0e, 0xe6, 0x0e, 0xeb, 0x0e, 0xfa, 0x0f, 0x05, 0x0f,
  0x0c, 0x0f, 0x25, 0x0f, 0x47, 0x0f, 0x8c, 0x0f, 0x90, 0x0f, 0x9b, 0x0f,
  0xa9, 0x0f, 0xb1, 0x0f, 0xe6, 0x0f, 0xfc, 0x10, 0x02, 0x10, 0x0b, 0x10,
  0x14, 0x10, 0x21, 0x10, 0x2a, 0x10, 0x33, 0x10, 0x3e, 0x10, 0xa1, 0x11,
  0x09, 0x11, 0x1a, 0x11, 0x5c, 0x11, 0x9a, 0x11, 0xd4, 0x12, 0x16, 0x12,
  0x1b, 0x12, 0x28, 0x12, 0x3c, 0x12, 0x46, 0x12, 0x4b, 0x12, 0x59, 0x12,
  0x67, 0x12, 0xcd, 0x12, 0xd8, 0x12, 0xe2, 0x13, 0x30, 0x13, 0x35, 0x13,
  0x4c, 0x13, 0x5f, 0x13, 0x80, 0x13, 0x88, 0x13, 0x95, 0x13, 0x9f, 0x13,
  0xa9, 0x13, 0xb4, 0x13, 0xc0, 0x13, 0xc9, 0x13, 0xd4, 0x13, 0xfe, 0x14,
  0x0f, 0x14, 0x1b, 0x14, 0x42, 0x14, 0x8f, 0x14, 0x9b, 0x14, 0xa4, 0x14,
  0xf5, 0x14, 0xff, 0x15, 0x2e, 0x15, 0x35, 0x15, 0x3f, 0x15, 0x4a, 0x15,
  0x65, 0x15, 0x6f, 0x15, 0x8c, 0x15, 0x9a, 0x15, 0xaa, 0x15, 0xc5, 0x15,
  0xd6, 0x15, 0xdc, 0x15, 0xe1, 0x15, 0xeb, 0x16, 0x22, 0x16, 0x34, 0x16,
  0x48, 0x16, 0x7e, 0x16, 0x94, 0x16, 0xb4, 0x16, 0xcd, 0x16, 0xe8, 0x17,
  0x1b, 0x17, 0x57, 0x17, 0x82, 0x17, 0xc6, 0x17, 0xd7, 0x17, 0xed, 0x18,
  0x0b, 0x18, 0x0e, 0x18, 0x25, 0x18, 0x71, 0x18, 0x89, 0x18, 0xe3, 0x19,
  0x1a, 0x19, 0x5c, 0x19, 0x72, 0x19, 0x88, 0x19, 0xa6, 0x19, 0xa9, 0x19,
  0xc0, 0x1a, 0x0c, 0x1a, 0x24, 0x1a, 0x7e, 0x1a, 0xb5, 0x1a, 0xe4, 0x1a,
  0xec, 0x1a, 0xf3, 0x1a, 0xfb, 0x1b, 0x20, 0x1b, 0x26, 0x1b, 0x2d, 0x1b,
  0x35, 0x1b, 0x3b, 0x1b, 0x42, 0x1b, 0x5c, 0x1b, 0x6c, 0x1b, 0x89, 0x1b,
  0xb3, 0x1b, 0xb9, 0x1b, 0xd9, 0x1c, 0x12, 0x1c, 0x1b, 0x1c, 0x2d, 0x1c,
  0x66, 0x1c, 0x80, 0x1c, 0x85, 0x1c, 0xb9, 0x1c, 0xe4, 0x1d, 0x08, 0x1d,
  0x0d, 0x1d, 0x46, 0x1d, 0x4b, 0x1d, 0x9d, 0x1d, 0xd7, 0x1e, 0x08, 0x1e,
  0x10, 0x1e, 0x18, 0x1e, 0x20, 0x1e, 0x46, 0x1e, 0x4d, 0x1e, 0x54, 0x1e,
  0x5c, 0x1e, 0x63, 0x1e, 0x6b, 0x1e, 0x74, 0x1e, 0x92, 0x1e, 0xa5, 0x1e,
  0xac, 0x1e, 0xb9, 0x1e, 0xcd, 0x1f, 0x1d, 0x1f, 0x2f, 0x1f, 0x94, 0x20,
  0x83, 0x20, 0x93, 0x20, 0xac, 0x20, 0xc5, 0x20, 0xde, 0x21, 0x05, 0x21,
  0x23, 0x21, 0x56, 0x21, 0x83, 0x21, 0xe1, 0x21, 0xe6, 0x22, 0x2f, 0x22,
  0x7e, 0x22, 0x89, 0x22, 0x8e, 0x22, 0xb7, 0x22, 0xc8, 0x22, 0xd3, 0x23,
  0x18, 0x23, 0x5d, 0x23, 0x71, 0x23, 0x85, 0x23, 0xb3, 0x23, 0xe0, 0x23,
  0xed, 0x23, 0xfa, 0x24, 0x07, 0x24, 0x1f, 0x24, 0x27, 0x24, 0x2c, 0x24,
  0x31, 0x24, 0x4a, 0x24, 0x73, 0x24, 0x8c, 0x24, 0x91, 0x24, 0x96, 0x24,
  0x9b, 0x24, 0x9e, 0x24, 0xe5, 0x25, 0x4a, 0x25, 0xca, 0x26, 0x3b, 0x26,
  0x7b, 0x26, 0xdc, 0x27, 0x11, 0x27, 0x2a, 0x27, 0x32, 0x27, 0x5e, 0x27,
  0x72, 0x27, 0x81, 0x27, 0xb7, 0x27, 0xd2, 0x27, 0xef, 0x28, 0x11, 0x28,
  0x3a, 0x28, 0x5e, 0x28, 0x89, 0x28, 0x99, 0x28, 0xa9, 0x29, 0x23, 0x29,
  0x81, 0x29, 0xa8, 0x29, 0xd6, 0x29, 0xe7, 0x2a, 0x0b, 0x2a, 0x28, 0x2a,
  0x5a, 0x2a, 0xae, 0x2a, 0xb6, 0x2a, 0xe7, 0x2b, 0x08, 0x2b, 0x26, 0x2b,
  0x48, 0x2b, 0x66, 0x2b, 0x88, 0x2b, 0xa5, 0x2b, 0xc6, 0x2b, 0xe3, 0x2c,
  0x1e, 0x2c, 0x53, 0x2c, 0x58, 0x2c, 0x80, 0x2c, 0xab, 0x2c, 0xb0, 0x2c,
  0xc0, 0x2c, 0xcd, 0x2c, 0xea, 0x2d, 0x4b, 0x2d, 0x63, 0x2e, 0x07, 0x2e,
  0x82, 0x2e, 0xa8, 0x2f, 0x22, 0x2f, 0xa3, 0x2f, 0xd8, 0x30, 0x01, 0x30,
  0x37, 0x30, 0x63, 0x30, 0x6f, 0x30, 0x85, 0x30, 0x9a, 0x30, 0xb9, 0x31,
  0x0f, 0x31, 0x57, 0x31, 0x74, 0x31, 0x8e, 0x32, 0x02, 0x32, 0x06, 0x32,
  0x0a, 0x32, 0x0e, 0x32, 0x12, 0x32, 0x16, 0x32, 0x1e, 0x32, 0x22, 0x32,
  0x26, 0x32, 0x2a, 0x32, 0x2e, 0x32, 0x36, 0x32, 0x60, 0x32, 0x87, 0x32,
  0x8b, 0x32, 0x9b, 0x32, 0x9f, 0x32, 0xa3, 0x32, 0xa7, 0x32, 0xab, 0x32,
  0xb3, 0x32, 0xb7, 0x32, 0xbb, 0x32, 0xbf, 0x32, 0xc3, 0x32, 0xcb, 0x32,
  0xd2, 0x32, 0xd6, 0x32, 0xda, 0x32, 0xed, 0x33, 0x01, 0x33, 0x33, 0x33,
  0x44, 0x33, 0x52, 0x33, 0x5c, 0x33, 0x71, 0x33, 0xa0, 0x33, 0xa4, 0x33,
  0xc1, 0x33, 0xcd, 0x33, 0xdf, 0x33, 0xed, 0x34, 0x06, 0x34, 0x1b, 0x34,
  0x28, 0x34, 0x62, 0x34, 0x92, 0x34, 0xe1, 0x35, 0x05, 0x35, 0x0e, 0x35,
  0x16, 0x35, 0x44, 0x35, 0x4d, 0x35, 0x6e, 0x35, 0x7a, 0x35, 0xa7, 0x35,
  0xaf, 0x35, 0xb5, 0x35, 0xc1, 0x35, 0xd2, 0x35, 0xdf, 0x35, 0xeb, 0x35,
  0xfe, 0x36, 0x0e, 0x36, 0x23, 0x21, 0xbd, 0xfb, 0x67, 0x15, 0xf8, 0x24,
  0xfa, 0xc5, 0xfc, 0x24, 0xfe, 0xc5, 0x06, 0xbd, 0xbd, 0x15, 0xfa, 0x61,
  0xf7, 0xc0, 0xfe, 0x61, 0xfb, 0xc0, 0x07, 0x0e, 0xb2, 0xe2, 0x16, 0x38,
  0x1d, 0xd6, 0x4a, 0x1d, 0xb2, 0xf8, 0x40, 0x34, 0x1d, 0xfb, 0x9d, 0xfd,
  0x96, 0x24, 0x1d, 0xb2, 0xf8, 0x18, 0xfa, 0x0e, 0x9d, 0x1d, 0xbb, 0xd7,
  0x1e, 0xfb, 0xf9, 0xfe, 0x0e, 0x24, 0x1d, 0xb2, 0xf7, 0x9c, 0x25, 0x0a,
  0xfb, 0x07, 0xfd, 0x96, 0x24, 0x1d, 0xb2, 0xf7, 0x8d, 0xf9, 0xaa, 0x15,
  0x2e, 0x1d, 0xa1, 0x75, 0xa7, 0x1f, 0xf7, 0x26, 0x16, 0x55, 0x1d, 0x74,
  0x74, 0x70, 0x70, 0x28, 0x1d, 0xfb, 0xc8, 0xfd, 0xaa, 0x24, 0x1d, 0xb2,
  0xf7, 0xef, 0xf9, 0x96, 0x33, 0x0a, 0xfb, 0x60, 0xfd, 0x96, 0x24, 0x1d,
  0xb2, 0xf7, 0x62, 0xf9, 0xce, 0x47, 0x0a, 0xfb, 0x0b, 0xfe, 0x05, 0x24,
  0x1d, 0xb2, 0xe2, 0x16, 0x38, 0x1d, 0xa5, 0x06, 0x62, 0x78, 0x76, 0x6c,
  0x6a, 0x86, 0x0a, 0x84, 0x1b, 0x77, 0x7c, 0x94, 0xa1, 0xa1, 0x9d, 0xa6,
  0xb2, 0x9c, 0x1f, 0x8c, 0x4a, 0x1d, 0xb2, 0xf7, 0xd6, 0xf9, 0x93, 0x15,
  0xc8, 0xb9, 0xbb, 0xc8, 0xc7, 0x5d, 0x6a, 0x0a, 0xfb, 0x7f, 0xfd, 0xc3,
  0x24, 0x1d, 0xb2, 0xf8, 0x40, 0xfa, 0x96, 0x21, 0x1d, 0xfb, 0x9d, 0xfe,
  0x1f, 0x15, 0x38, 0x1d, 0xd6, 0x06, 0xfb, 0x94, 0xf9, 0x44, 0x05, 0xab,
  0x9e, 0xa0, 0xad, 0xb3, 0xbf, 0x1d, 0x61, 0x9f, 0x69, 0xac, 0x79, 0x1e,
  0xfb, 0x90, 0xfd, 0x43, 0x05, 0xf7, 0xc7, 0xf9, 0x64, 0x15, 0x68, 0x74,
  0xa4, 0xb0, 0xaf, 0xa3, 0xa4, 0xad, 0xac, 0xa3, 0x71, 0x68, 0x66, 0x74,
  0x72, 0x69, 0x1f, 0x82, 0x22, 0x15, 0x8f, 0x95, 0x8f, 0x98, 0x8c, 0x91,
  0x8c, 0x84, 0x90, 0x7f, 0x8e, 0x81, 0xf7, 0x1a, 0xfb, 0xfe, 0x18, 0xfb,
  0xb1, 0x06, 0x0e, 0xb2, 0xf7, 0x7c, 0x60, 0x0a, 0x2c, 0xfd, 0xa7, 0x24,
  0x1d, 0xf7, 0xb7, 0x94, 0x16, 0xd8, 0x06, 0xdd, 0xf7, 0x63, 0x05, 0xf7,
  0x87, 0xfb, 0x63, 0xf8, 0x3f, 0xcd, 0xfb, 0xf7, 0xf7, 0x99, 0xf7, 0xd5,
  0xcc, 0xfb, 0xd5, 0xf7, 0x96, 0xf7, 0xf7, 0xcd, 0xfc, 0xb3, 0x06, 0x24,
  0xfc, 0x52, 0x15, 0xf7, 0x2a, 0xf8, 0x10, 0x05, 0xd0, 0xfc, 0x10, 0x06,
  0x0e, 0xf7, 0xb7, 0xf9, 0x2e, 0xfa, 0x0d, 0x22, 0x1d, 0xc3, 0x06, 0xfc,
  0xd8, 0xfd, 0x96, 0x15, 0xd8, 0x06, 0xdd, 0xf7, 0x63, 0x05, 0xf7, 0x87,
  0xfb, 0x63, 0xf8, 0x3f, 0xcd, 0xfb, 0xf7, 0xf7, 0x99, 0xf7, 0xd5, 0xcc,
  0xfb, 0xd5, 0xf7, 0x96, 0xf7, 0xf7, 0xcd, 0xfc, 0xb3, 0x06, 0x24, 0xfc,
  0x52, 0x15, 0xf7, 0x2a, 0xf8, 0x10, 0x05, 0xd0, 0xfc, 0x10, 0x06, 0x0e,
  0xa2, 0xe2, 0x16, 0xf7, 0xa9, 0x06, 0xf7, 0x1c, 0xe1, 0xd4, 0xf7, 0x07,
  0xe3, 0x61, 0xc5, 0x38, 0xa6, 0x1f, 0xd5, 0xa8, 0xb0, 0xc4, 0xdf, 0x1a,
  0xf7, 0x07, 0x36, 0xd1, 0xfb, 0x1e, 0x1e, 0xfb, 0x9a, 0x06, 0xf7, 0x99,
  0x4b, 0x15, 0xeb, 0xc1, 0x5c, 0x3b, 0x36, 0x58, 0x59, 0x31, 0x1f, 0xfb,
  0x5a, 0xf7, 0x9a, 0x06, 0xf7, 0x61, 0xfb, 0xd9, 0x15, 0xe8, 0xc3, 0x5a,
  0x3a, 0x38, 0x54, 0x5a, 0x2d, 0x1f, 0xfb, 0x61, 0xf7, 0x9a, 0x06, 0x0e,
  0xf7, 0x0f, 0xf8, 0x0f, 0x80, 0x15, 0xf7, 0x2e, 0xf7, 0x11, 0xe6, 0xf7,
  0x1b, 0xac, 0x1f, 0x75, 0x1d, 0xfb, 0x70, 0xf7, 0x1c, 0xfb, 0x29, 0xf7,
  0x5c, 0x1f, 0x0e, 0xf7, 0x0f, 0xf8, 0x7d, 0xfa, 0x0d, 0x21, 0x1d, 0x69,
  0xfd, 0xa1, 0x2d, 0x0a, 0xf7, 0x0f, 0xf7, 0xe6, 0xf9, 0x96, 0x89, 0x0a,
  0xf7, 0x09, 0xfe, 0x1b, 0x2d, 0x0a, 0xf7, 0x0f, 0xf7, 0xd5, 0xfb, 0x3c,
  0x15, 0x80, 0x9d, 0x9e, 0x87, 0xa4, 0x1b, 0xba, 0xb5, 0xa4, 0xbf, 0xb6,
  0x6c, 0xa2, 0x66, 0x81, 0x81, 0x89, 0x88, 0x81, 0x1f, 0x9b, 0xad, 0xf7,
  0x29, 0x8f, 0xf7, 0x0c, 0xe5, 0xab, 0xf7, 0x18, 0x19, 0x3e, 0x06, 0x2b,
  0x6c, 0x31, 0x4e, 0xfb, 0x05, 0x1b, 0xfb, 0x31, 0x22, 0xf7, 0x0c, 0xf7,
  0x48, 0xf7, 0x49, 0xf4, 0xf7, 0x0c, 0xf7, 0x31, 0xf7, 0x04, 0xe3, 0x4c,
  0x24, 0xa9, 0x1f, 0xd8, 0x06, 0xf7, 0x22, 0x6e, 0xfb, 0x0d, 0xe8, 0xfb,
  0x2e, 0x1b, 0xfb, 0x5e, 0xfb, 0x1e, 0xfb, 0x2a, 0xfb, 0x70, 0xfb, 0x65,
  0xf7, 0x0f, 0xfb, 0x25, 0xf7, 0x4c, 0x7d, 0x1f, 0x73, 0x57, 0x94, 0x72,
  0x05, 0x94, 0xa0, 0x95, 0x8e, 0x9d, 0x1b, 0xa3, 0x9b, 0x80, 0x75, 0x75,
  0x77, 0x7f, 0x71, 0x77, 0x79, 0x91, 0x95, 0x78, 0x1f, 0x0e, 0xf7, 0x0f,
  0xf7, 0xd8, 0x25, 0x0a, 0xf7, 0x09, 0xfd, 0xa1, 0x2d, 0x0a, 0xf7, 0x0f,
  0xf8, 0x12, 0x4c, 0x1d, 0x88, 0xfd, 0xb5, 0x2d, 0x0a, 0xef, 0xf7, 0xc5,
  0x16, 0x9a, 0x1d, 0xfd, 0x60, 0x06, 0xf7, 0x69, 0xf9, 0x1e, 0x15, 0x64,
  0x0a, 0xf8, 0xdc, 0x06, 0x0e, 0xef, 0x6c, 0x1d, 0xef, 0xf7, 0x94, 0xf9,
  0x96, 0x15, 0xe2, 0x06, 0xd7, 0xf7, 0x0d, 0x05, 0x4d, 0xa2, 0x0a, 0xf7,
  0x11, 0xfe, 0x0f, 0x15, 0xf7, 0x6b, 0xf7, 0x23, 0xf7, 0x24, 0xf7, 0x6a,
  0xf7, 0x6a, 0xfb, 0x24, 0xf7, 0x24, 0xfb, 0x6c, 0x1f, 0xfb, 0x6c, 0xfd,
  0x60, 0x06, 0xf7, 0x69, 0xf9, 0x1e, 0x15, 0x64, 0x0a, 0xf8, 0xdc, 0x06,
  0x0e, 0xef, 0x6c, 0x1d, 0x6c, 0xf8, 0x98, 0x16, 0xcd, 0xfb, 0xf9, 0xf7,
  0x99, 0xf7, 0xd7, 0xcc, 0xfb, 0xd7, 0x39, 0x1d, 0xfd, 0x60, 0x07, 0x0e,
  0x6c, 0xf8, 0x27, 0xfa, 0x0d, 0x21, 0x1d, 0xf7, 0x51, 0xfd, 0x96, 0x24,
  0x0a, 0x6c, 0xf7, 0xff, 0xfa, 0x0e, 0x7b, 0x0a, 0xec, 0xfe, 0x0e, 0x24,
  0x0a, 0x6c, 0xf7, 0x90, 0xf9, 0x96, 0x2a, 0x0a, 0x4d, 0x06, 0xf7, 0xe8,
  0xfe, 0x10, 0x24, 0x0a, 0x6c, 0xf7, 0x82, 0xf9, 0x96, 0x20, 0x1d, 0xf7,
  0xe8, 0xfd, 0x96, 0x24, 0x0a, 0x6c, 0xf7, 0x73, 0xf9, 0xaa, 0x2d, 0x1d,
  0xf7, 0x27, 0xfd, 0xaa, 0x24, 0x0a, 0x6c, 0xf7, 0xbc, 0x4c, 0x1d, 0xf7,
  0x70, 0xfd, 0xaa, 0x24, 0x0a, 0x6c, 0xf7, 0xd6, 0x31, 0x1d, 0xf7, 0x8f,
  0xfd, 0x96, 0x24, 0x0a, 0x6c, 0xf7, 0x48, 0xf9, 0xce, 0x28, 0x0a, 0xf7,
  0xe4, 0xfe, 0x05, 0x24, 0x0a, 0x6c, 0xf8, 0x68, 0x16, 0x62, 0x78, 0x75,
  0x6c, 0x6a, 0x35, 0x0a, 0x99, 0x3a, 0x1d, 0xa9, 0x1d, 0xcd, 0xfb, 0xf9,
  0xf7, 0x99, 0xf7, 0xd7, 0xcc, 0xfb, 0xd7, 0x39, 0x1d, 0xfd, 0x60, 0x07,
  0x0e, 0x4c, 0xf8, 0x58, 0xf7, 0xcf, 0x15, 0xcc, 0xfb, 0xb9, 0xf7, 0xa2,
  0xf7, 0xf2, 0xcd, 0xfc, 0x3a, 0xfd, 0x60, 0xd3, 0xf7, 0xcf, 0x07, 0x0e,
  0xf7, 0x24, 0x65, 0x1d, 0x0e, 0xf7, 0x24, 0xf8, 0x5a, 0xfa, 0x0f, 0x82,
  0x0a, 0xba, 0xd8, 0x1e, 0xfb, 0x0f, 0xfb, 0x7b, 0x66, 0x1d, 0xf7, 0x24,
  0xf7, 0xde, 0xf9, 0x97, 0x20, 0x1d, 0xf7, 0x0b, 0xfb, 0x03, 0x15, 0xf4,
  0xdf, 0x59, 0x29, 0xa9, 0x1f, 0xd9, 0x06, 0xf7, 0x16, 0x6f, 0xfb, 0x09,
  0xe1, 0xfb, 0x2b, 0x1b, 0xfb, 0x61, 0xfb, 0x20, 0xfb, 0x2e, 0xfb, 0x6f,
  0xfb, 0x71, 0xf7, 0x20, 0xfb, 0x26, 0xf7, 0x5f, 0xf7, 0x08, 0xe5, 0xc1,
  0xd2, 0xb1, 0x1f, 0x92, 0xfb, 0x06, 0x05, 0xc4, 0xf8, 0x18, 0xfb, 0xdb,
  0x4b, 0xf7, 0x97, 0x66, 0x06, 0xfb, 0x40, 0xfb, 0x09, 0x51, 0xfb, 0x0c,
  0xfb, 0x35, 0xfb, 0x02, 0xf7, 0x05, 0xf7, 0x4e, 0xf7, 0x4b, 0xf3, 0xf7,
  0x0e, 0xf7, 0x39, 0x1e, 0x0e, 0xf7, 0x24, 0x65, 0x1d, 0xb9, 0xfd, 0x8b,
  0x15, 0xb3, 0x76, 0xa2, 0x6c, 0x70, 0x77, 0x76, 0x6f, 0x72, 0x9f, 0x79,
  0xa4, 0x90, 0x54, 0x1d, 0xb7, 0x30, 0x1d, 0xf7, 0x24, 0xf8, 0x18, 0xf9,
  0xab, 0xad, 0x1d, 0x6f, 0xa2, 0x75, 0xa7, 0x1f, 0x8a, 0xfb, 0x17, 0x66,
  0x1d, 0xee, 0xb8, 0x1d, 0xf9, 0x60, 0x44, 0xfb, 0xd3, 0xfc, 0x17, 0xf7,
  0xd3, 0x43, 0x3c, 0x1d, 0xee, 0xb8, 0x1d, 0xf8, 0xb5, 0xe1, 0xca, 0x35,
  0xf7, 0x00, 0x44, 0xfb, 0x00, 0xfc, 0x17, 0xf7, 0x00, 0x43, 0xfb, 0x00,
  0x38, 0x4c, 0xde, 0xfc, 0xb5, 0x07, 0xd3, 0xf8, 0x21, 0x15, 0xf7, 0x28,
  0xf8, 0x17, 0xfb, 0x28, 0x07, 0x0e, 0xfb, 0xfc, 0x9e, 0x0a, 0x06, 0x0e,
  0xfb, 0xfc, 0xf7, 0x7a, 0xfa, 0x0d, 0x21, 0x1d, 0x90, 0x55, 0x27, 0x0a,
  0xfb, 0xfc, 0xcc, 0xf9, 0x96, 0x83, 0x0a, 0xf7, 0x30, 0x55, 0x27, 0x0a,
  0xfb, 0xfc, 0xbd, 0xf9, 0xaa, 0x7c, 0x1d, 0x66, 0x41, 0x27, 0x0a, 0xfb,
  0xfc, 0xf7, 0x0f, 0x4c, 0x1d, 0xaf, 0x41, 0x27, 0x0a, 0xfb, 0xfc, 0xf7,
  0x29, 0xf9, 0x96, 0x58, 0x1d, 0xd6, 0xfb, 0x0c, 0x05, 0xcd, 0x55, 0x27,
  0x0a, 0xfb, 0xfc, 0x92, 0xf9, 0xce, 0x28, 0x0a, 0xf7, 0x2c, 0xfb, 0x39,
  0x27, 0x0a, 0xfb, 0xfc, 0xf7, 0x03, 0x16, 0x62, 0x78, 0x75, 0x6c, 0x6a,
  0x35, 0x0a, 0x99, 0x3a, 0x1d, 0x84, 0xc3, 0x1d, 0x9d, 0xa6, 0xb2, 0x9c,
  0x1f, 0xf9, 0x60, 0x43, 0x3c, 0x1d, 0xfb, 0xfc, 0xac, 0xf9, 0xa7, 0x82,
  0x1d, 0xf7, 0x43, 0x44, 0x15, 0x43, 0xfd, 0x60, 0xd3, 0x06, 0x0e, 0x2b,
  0x9f, 0xf7, 0x59, 0x68, 0x0a, 0x2b, 0xf7, 0xe2, 0xf9, 0x97, 0x20, 0x1d,
  0xfb, 0x90, 0xfc, 0xd2, 0x68, 0x0a, 0x95, 0x5d, 0x0a, 0x0e, 0x95, 0x5d,
  0x0a, 0xf7, 0x72, 0xfc, 0x14, 0x2c, 0x1d, 0x2a, 0x31, 0x0a, 0x0e, 0x2a,
  0xf7, 0x7a, 0xfa, 0x09, 0x21, 0x1d, 0x90, 0x59, 0x9a, 0x0a, 0x0e, 0x2a,
  0x31, 0x0a, 0xc2, 0xf8, 0x83, 0x15, 0xbb, 0x06, 0x9c, 0xf7, 0x2f, 0x05,
  0x4a, 0x06, 0x0e, 0x2a, 0x31, 0x0a, 0xf7, 0x3b, 0xfb, 0x39, 0x2c, 0x1d,
  0x2a, 0x31, 0x0a, 0xf7, 0x29, 0xf7, 0x90, 0x15, 0xa4, 0xa1, 0xa0, 0xa4,
  0xa5, 0x75, 0xa1, 0x72, 0x71, 0x76, 0x76, 0x70, 0x72, 0xa1, 0x76, 0xa4,
  0x1f, 0x0e, 0x2a, 0x9b, 0xf7, 0x9a, 0x15, 0xd2, 0xad, 0x05, 0xfb, 0xbc,
  0xf8, 0x25, 0xcd, 0xfb, 0xdd, 0xf7, 0x9c, 0x07, 0xf7, 0x56, 0xe8, 0x05,
  0xcb, 0x07, 0xfb, 0x56, 0x2e, 0x05, 0xf7, 0xd6, 0x43, 0xfb, 0xf8, 0x07,
  0x44, 0x69, 0x05, 0x0e, 0xf7, 0x7d, 0xf7, 0x32, 0x16, 0xf7, 0xf3, 0x07,
  0xf7, 0x01, 0x89, 0xda, 0x87, 0xa6, 0x1e, 0xf7, 0x7d, 0xfc, 0xca, 0x05,
  0xd0, 0x06, 0xf7, 0x7d, 0xf8, 0xcd, 0x05, 0x87, 0x5a, 0x89, 0x54, 0xfb,
  0x11, 0x1a, 0xfb, 0xe8, 0xd2, 0xf9, 0x60, 0x43, 0x07, 0xfb, 0x99, 0xfd,
  0x0b, 0xfb, 0x99, 0xf9, 0x0b, 0x05, 0x44, 0xfd, 0x60, 0x06, 0x0e, 0xf6,
  0xf7, 0x33, 0x16, 0x30, 0x0a, 0x0e, 0xf6, 0xf8, 0x64, 0x34, 0x1d, 0xfb,
  0x79, 0xfd, 0x96, 0x3c, 0x0a, 0xf6, 0xf7, 0xce, 0x3f, 0x0a, 0x3c, 0xfe,
  0x10, 0x3c, 0x0a, 0xf6, 0xf7, 0x33, 0x16, 0x30, 0x0a, 0xf7, 0xd6, 0x3b,
  0x0a, 0xf6, 0xf8, 0x81, 0xfb, 0x71, 0x15, 0xdf, 0xbb, 0xc3, 0xe7, 0x1f,
  0xf9, 0xa9, 0x44, 0xfc, 0xe8, 0x07, 0xc4, 0x1d, 0xd3, 0xf8, 0xe9, 0x06,
  0xf8, 0x22, 0xfc, 0xed, 0x05, 0x4a, 0x07, 0x50, 0x74, 0x6f, 0x5b, 0x7d,
  0x75, 0x8f, 0x91, 0x75, 0x1e, 0x7e, 0x4b, 0x05, 0x83, 0xa5, 0xa4, 0x88,
  0xa6, 0x1b, 0x0e, 0xf6, 0xf7, 0xa0, 0x60, 0x0a, 0x50, 0xfd, 0xa7, 0x3c,
  0x0a, 0xf7, 0x37, 0xf9, 0x69, 0xf7, 0xfa, 0x22, 0x0a, 0xf7, 0x37, 0xf8,
  0x7f, 0xfa, 0x0d, 0x22, 0x1d, 0xc4, 0x06, 0xf7, 0xca, 0xfc, 0x30, 0x22,
  0x0a, 0xf7, 0x37, 0xf7, 0xda, 0x25, 0x0a, 0xf8, 0x61, 0xfc, 0x30, 0x22,
  0x0a, 0xf7, 0x37, 0xf7, 0xcb, 0x7a, 0x1d, 0xf7, 0xa0, 0xfc, 0x44, 0x22,
  0x0a, 0xf7, 0x37, 0xf8, 0x2e, 0x31, 0x1d, 0xf8, 0x08, 0xfc, 0x30, 0x22,
  0x0a, 0xf7, 0x37, 0xf8, 0x46, 0x8f, 0x1d, 0xf7, 0x99, 0xfc, 0x30, 0x22,
  0x0a, 0xf7, 0x37, 0xf7, 0xa0, 0xf9, 0xce, 0x28, 0x0a, 0xf8, 0x5d, 0xfc,
  0x9f, 0x22, 0x0a, 0xf7, 0x37, 0xf9, 0x69, 0xf7, 0xfa, 0x62, 0x1d, 0xf7,
  0x37, 0xf8, 0x7d, 0xfa, 0x0a, 0x21, 0x1d, 0xf7, 0xcc, 0xfc, 0x2d, 0x62,
  0x1d, 0xf7, 0x37, 0xf7, 0xba, 0x7d, 0x1d, 0xf8, 0x74, 0xfc, 0x41, 0x22,
  0x0a, 0xf8, 0xb8, 0xb6, 0xf7, 0xfc, 0x15, 0xfb, 0x6b, 0xf7, 0x24, 0xfb,
  0x31, 0xf7, 0x60, 0xf7, 0x0f, 0xf6, 0xc6, 0xe9, 0xb9, 0x1e, 0xfb, 0x21,
  0xf8, 0x40, 0xcd, 0xfb, 0xf8, 0xf7, 0x99, 0xf7, 0xd6, 0xcc, 0xfb, 0xd6,
  0x39, 0x1d, 0xfb, 0x1a, 0x07, 0xe5, 0x59, 0xfb, 0x02, 0xc4, 0xfb, 0x0a,
  0x1b, 0xfb, 0x5e, 0xfb, 0x24, 0xfb, 0x30, 0xfb, 0x69, 0x1f, 0xd6, 0x8c,
  0x15, 0xf7, 0x45, 0xf7, 0x07, 0xf7, 0x0e, 0xf7, 0x33, 0xf7, 0x34, 0xf7,
  0x07, 0xfb, 0x0e, 0xfb, 0x47, 0xfb, 0x47, 0xfb, 0x06, 0xfb, 0x0f, 0xfb,
  0x34, 0xfb, 0x33, 0xfb, 0x08, 0xf7, 0x11, 0xf7, 0x47, 0x1e, 0x0e, 0x93,
  0xf7, 0xfc, 0xf7, 0x9b, 0x15, 0xf7, 0x1d, 0xe3, 0xed, 0xf7, 0x16, 0xf7,
  0x1b, 0x34, 0xe5, 0xfb, 0x1e, 0x1f, 0xfb, 0xa5, 0xfd, 0x60, 0xd3, 0xf7,
  0x9b, 0x06, 0xf7, 0x53, 0xf8, 0x18, 0x15, 0xee, 0xc8, 0x4f, 0x28, 0x29,
  0x4f, 0x49, 0x23, 0x1f, 0xfb, 0x4f, 0xf7, 0xd7, 0x06, 0x0e, 0x93, 0xf7,
  0xfc, 0xf7, 0x24, 0x15, 0xf7, 0x1d, 0xe3, 0xed, 0xf7, 0x0c, 0xf7, 0x12,
  0x34, 0xe5, 0xfb, 0x1e, 0x1f, 0xfb, 0x5d, 0xf7, 0x1e, 0x43, 0xfd, 0x60,
  0xd3, 0xf7, 0x24, 0x06, 0xf7, 0x53, 0xf8, 0x05, 0x15, 0xee, 0xc8, 0x4f,
  0x32, 0x33, 0x4f, 0x48, 0x23, 0x1f, 0xfb, 0x4f, 0xf7, 0xc4, 0x06, 0x0e,
  0xf7, 0x37, 0xf9, 0x20, 0x62, 0x15, 0xbc, 0xb8, 0x40, 0xdf, 0x05, 0xc9,
  0xcc, 0xb0, 0xe9, 0xf7, 0x03, 0x1a, 0x48, 0x1d, 0xd4, 0xcc, 0x9f, 0xb0,
  0xc1, 0x1e, 0xd6, 0xf7, 0xcd, 0x15, 0x33, 0x70, 0x40, 0x5d, 0x56, 0x1e,
  0x2c, 0xf5, 0x5b, 0x5e, 0xe8, 0x22, 0x05, 0x71, 0x63, 0x5a, 0x7c, 0x54,
  0x1b, 0xfb, 0x32, 0xfb, 0x00, 0xf7, 0x0e, 0xf7, 0x47, 0x56, 0x1d, 0xf7,
  0x32, 0xf7, 0x01, 0xfb, 0x0e, 0xfb, 0x47, 0x1f, 0x0e, 0xad, 0x54, 0x0a,
  0x0e, 0xad, 0xf8, 0x31, 0xfa, 0x0e, 0x22, 0x1d, 0xc3, 0x06, 0xfb, 0x45,
  0xfd, 0x97, 0x71, 0x1d, 0xad, 0xf7, 0x9a, 0xf9, 0x97, 0x4e, 0x1d, 0x70,
  0xfe, 0x11, 0x71, 0x1d, 0xad, 0x54, 0x0a, 0xf7, 0x75, 0xfc, 0x61, 0x2f,
  0x0a, 0x60, 0x63, 0x1d, 0x0e, 0x60, 0xf8, 0x17, 0xfa, 0x0d, 0x22, 0x1d,
  0xc3, 0x06, 0xfb, 0x9e, 0xfb, 0x84, 0x36, 0x0a, 0x60, 0xf7, 0x80, 0x3f,
  0x0a, 0xfb, 0x08, 0xfb, 0xfe, 0x36, 0x0a, 0x60, 0xf7, 0x72, 0x3e, 0x0a,
  0x9a, 0xac, 0x05, 0xf7, 0x21, 0x90, 0xe5, 0xd9, 0xf7, 0x0c, 0x1a, 0xec,
  0x51, 0xcb, 0xfb, 0x04, 0xa6, 0x1e, 0x63, 0x0a, 0x29, 0xc6, 0x4b, 0xf7,
  0x04, 0x70, 0x1f, 0x78, 0x0a, 0x93, 0xfb, 0x01, 0xde, 0x44, 0xf7, 0x11,
  0x82, 0x73, 0x58, 0x18, 0x8e, 0x1d, 0x60, 0xf7, 0x72, 0x25, 0x0a, 0xfb,
  0x08, 0xfb, 0x84, 0x36, 0x0a, 0x60, 0x63, 0x1d, 0xf7, 0xac, 0xfd, 0x09,
  0x2f, 0x0a, 0x46, 0xa1, 0x1d, 0x0e, 0x46, 0xf7, 0x0d, 0xf8, 0x06, 0x15,
  0xf7, 0x03, 0xfc, 0x06, 0xd3, 0xf8, 0x06, 0xf7, 0x04, 0xc9, 0xfb, 0x04,
  0xf7, 0x6e, 0xf7, 0x71, 0xcd, 0xfc, 0x95, 0x49, 0xf7, 0x70, 0xfb, 0x6e,
  0xfb, 0x03, 0x06, 0x0e, 0x46, 0xf7, 0x74, 0xf9, 0x96, 0x15, 0xe3, 0x06,
  0xd7, 0xf7, 0x0e, 0x98, 0x0a, 0xfb, 0x1c, 0xfb, 0x86, 0xaa, 0x1d, 0x0e,
  0x46, 0xf7, 0x6a, 0x3e, 0x0a, 0xa0, 0xb8, 0x05, 0x9b, 0xf9, 0x1e, 0xf7,
  0x71, 0xcd, 0xfc, 0x95, 0x49, 0xf7, 0x70, 0xfd, 0x1e, 0x9b, 0x06, 0x6e,
  0x4d, 0x94, 0x72, 0x05, 0x94, 0x9f, 0x95, 0x8e, 0x9e, 0x1b, 0xa3, 0x9b,
  0x80, 0x75, 0x75, 0x77, 0x7f, 0x70, 0x77, 0x7a, 0x91, 0x95, 0x78, 0x1f,
  0x0e, 0x46, 0xa1, 0x1d, 0xf7, 0xc4, 0xfd, 0xc3, 0x6d, 0x0a, 0xb6, 0x89,
  0xb7, 0x30, 0x1d, 0xe2, 0xdd, 0xf7, 0x8d, 0x26, 0x1d, 0xe2, 0xf8, 0x5a,
  0xfa, 0x0d, 0x22, 0x1d, 0xc3, 0x06, 0xfb, 0xbb, 0x2e, 0x0a, 0xe2, 0xf7,
  0xb5, 0x25, 0x0a, 0xfb, 0x25, 0x2e, 0x0a, 0xe2, 0xf7, 0xa6, 0x7a, 0x1d,
  0xfb, 0xe6, 0xfc, 0xb1, 0x26, 0x1d, 0xe2, 0xf8, 0x09, 0x31, 0x1d, 0xfb,
  0x7e, 0x2e, 0x0a, 0xe2, 0xf8, 0x21, 0x8f, 0x1d, 0xfb, 0xed, 0x2e, 0x0a,
  0xe2, 0xf7, 0x7b, 0xf9, 0xce, 0x28, 0x0a, 0xfb, 0x29, 0xfd, 0x0c, 0x26,
  0x1d, 0xe2, 0xdd, 0xf7, 0x8d, 0x15, 0xfb, 0x37, 0xef, 0x29, 0xf7, 0x3a,
  0x92, 0x92, 0x8b, 0x8c, 0x92, 0x1e, 0x70, 0x78, 0x7c, 0x71, 0x70, 0x1a,
  0x63, 0xa8, 0x6e, 0xb7, 0x98, 0x97, 0x8d, 0x8f, 0x96, 0x1e, 0xc0, 0x07,
  0x88, 0x83, 0x85, 0x8a, 0x84, 0x1b, 0x77, 0x7d, 0x94, 0xa1, 0xa1, 0x9b,
  0xa5, 0xb2, 0x9c, 0x1f, 0xf7, 0x02, 0xa9, 0xcc, 0xe4, 0xf7, 0x17, 0x1a,
  0xf8, 0x67, 0x43, 0xfc, 0x64, 0x07, 0xfb, 0x10, 0x46, 0x45, 0xfb, 0x0e,
  0xfb, 0x11, 0x46, 0xcf, 0xf7, 0x12, 0x1e, 0xf8, 0x64, 0x43, 0x07, 0x0e,
  0xe2, 0xf7, 0xef, 0xf9, 0x93, 0x8b, 0x1d, 0xac, 0x5a, 0x1d, 0x69, 0x1f,
  0xfb, 0x9d, 0xfc, 0xca, 0x26, 0x1d, 0xe2, 0xf7, 0x95, 0x7d, 0x1d, 0xfb,
  0x12, 0xfc, 0xae, 0x26, 0x1d, 0xae, 0xf7, 0xb0, 0x16, 0xd6, 0x06, 0xf7,
  0xa4, 0xf9, 0x60, 0x05, 0x41, 0x06, 0xfb, 0x52, 0xfc, 0x85, 0x80, 0x70,
  0x79, 0x59, 0x7c, 0x57, 0x19, 0x7b, 0xbd, 0x7d, 0xb2, 0x7c, 0xb2, 0xfb,
  0x53, 0xf8, 0x86, 0x18, 0x3e, 0x06, 0x0e, 0xf8, 0x09, 0xf7, 0x78, 0x16,
  0xd0, 0x06, 0xf7, 0x54, 0xf8, 0xf4, 0xf7, 0x54, 0xfc, 0xf4, 0x05, 0xcf,
  0x06, 0xf7, 0x6b, 0xf9, 0x60, 0x05, 0x42, 0x06, 0xfb, 0x28, 0xfc, 0x81,
  0x83, 0x70, 0x82, 0x68, 0x80, 0x54, 0x19, 0x80, 0xb9, 0x81, 0xaf, 0x80,
  0xaf, 0xfb, 0x30, 0x3b, 0x1d, 0xfb, 0x30, 0xfc, 0x80, 0x80, 0x68, 0x81,
  0x6c, 0x7f, 0x57, 0x19, 0x82, 0xba, 0x82, 0xaf, 0x81, 0xae, 0xfb, 0x25,
  0x3b, 0x1d, 0x0e, 0xf8, 0x09, 0xf8, 0xe8, 0xfa, 0x0d, 0x21, 0x1d, 0xfb,
  0xb8, 0x37, 0x0a, 0xf8, 0x09, 0xf8, 0x43, 0x25, 0x0a, 0xfb, 0x21, 0x37,
  0x0a, 0xf8, 0x09, 0xf8, 0x34, 0xf9, 0xaa, 0x2d, 0x1d, 0xfb, 0xe2, 0xfd,
  0xaa, 0x6b, 0x1d, 0xf8, 0x09, 0xf8, 0x97, 0x31, 0x1d, 0xfb, 0x7a, 0x37,
  0x0a, 0x91, 0xf7, 0x9c, 0xf7, 0xf9, 0x15, 0xfb, 0x8d, 0xfb, 0xf9, 0x05,
  0xdf, 0x06, 0xf7, 0x65, 0xf7, 0xc2, 0x9d, 0x6b, 0xa8, 0x5f, 0xa3, 0x69,
  0x19, 0xf7, 0x1c, 0xfb, 0x54, 0x05, 0xe1, 0x06, 0xfb, 0x8e, 0xf7, 0xfb,
  0xf7, 0x8a, 0xf7, 0xf9, 0x05, 0x38, 0x06, 0xfb, 0x64, 0xfb, 0xc6, 0x7a,
  0xab, 0x74, 0xb1, 0x69, 0xbb, 0x19, 0xfb, 0x19, 0xf7, 0x50, 0x05, 0x36,
  0x06, 0x0e, 0x6c, 0xf7, 0x91, 0xf7, 0xbf, 0x4f, 0x0a, 0x6c, 0xf8, 0x1f,
  0x34, 0x1d, 0x49, 0x44, 0x1d, 0x6c, 0xf7, 0x7b, 0xf9, 0x96, 0x15, 0xc4,
  0xe4, 0xc4, 0x32, 0x05, 0xca, 0x06, 0x3f, 0xf7, 0x0e, 0x05, 0x34, 0x06,
  0x3e, 0xfb, 0x0e, 0x05, 0xe0, 0x44, 0x1d, 0x6c, 0xf7, 0x6c, 0xf9, 0xaa,
  0x15, 0x2e, 0x1d, 0x28, 0x1d, 0xf7, 0x25, 0x16, 0xa6, 0xa2, 0xa1, 0xa6,
  0xa6, 0x74, 0xa2, 0x70, 0x70, 0x75, 0x74, 0x70, 0x70, 0xa1, 0x75, 0xa6,
  0x1f, 0xfb, 0x00, 0xfc, 0x7f, 0x4f, 0x0a, 0x6c, 0xf7, 0xce, 0xf9, 0x96,
  0x33, 0x0a, 0x86, 0x44, 0x1d, 0x71, 0xf8, 0xaf, 0x16, 0xcd, 0xfc, 0x30,
  0x07, 0xf8, 0x32, 0xf8, 0xde, 0x05, 0xcb, 0xfc, 0x85, 0x49, 0xf8, 0x2d,
  0x07, 0xfc, 0x30, 0xfc, 0xdc, 0x05, 0x49, 0x07, 0x0e, 0x71, 0xf8, 0x1a,
  0xfa, 0x0d, 0x22, 0x1d, 0xc4, 0x06, 0xf7, 0x75, 0xfd, 0x96, 0x47, 0x1d,
  0x71, 0xf7, 0x83, 0x3f, 0x0a, 0xf8, 0x0c, 0xfe, 0x10, 0x47, 0x1d, 0x71,
  0xf7, 0xaf, 0xf9, 0xaa, 0x27, 0x1d, 0x6f, 0x75, 0x73, 0x70, 0x70, 0xa1,
  0x74, 0xa7, 0x1f, 0xf7, 0x94, 0xfd, 0xaa, 0x47, 0x1d, 0xf7, 0x2b, 0x68,
  0x1d, 0x0e, 0x37, 0xf7, 0x67, 0x7f, 0x20, 0x0a, 0x37, 0xf8, 0x08, 0xf9,
  0x27, 0x32, 0x0a, 0x36, 0xfc, 0xbc, 0x20, 0x0a, 0x37, 0xf7, 0xe0, 0xf9,
  0x28, 0x82, 0x0a, 0xbb, 0xd7, 0x1e, 0xfb, 0x45, 0xfd, 0x34, 0x20, 0x0a,
  0x37, 0xf7, 0x64, 0x26, 0x0a, 0xcc, 0xfc, 0xbc, 0x20, 0x0a, 0x37, 0xf7,
  0x55, 0xf8, 0xc4, 0x15, 0x2e, 0x1d, 0xa2, 0x75, 0xa6, 0x1f, 0xf7, 0x26,
  0x16, 0x2e, 0x1d, 0x28, 0x1d, 0xfb, 0x14, 0xfc, 0xd0, 0x20, 0x0a, 0x37,
  0xf7, 0xb7, 0xf8, 0xb0, 0x33, 0x0a, 0x73, 0xfc, 0xbc, 0x20, 0x0a, 0x37,
  0xf7, 0x2a, 0xf8, 0xe8, 0x47, 0x0a, 0xc8, 0xfd, 0x2b, 0x20, 0x0a, 0x37,
  0xf7, 0x67, 0x7f, 0xb9, 0x1d, 0x94, 0x06, 0x67, 0x0a, 0xf7, 0xcd, 0x07,
  0xf7, 0x14, 0x39, 0xc3, 0xfb, 0x04, 0xfb, 0x0b, 0x3b, 0x4c, 0x29, 0x1e,
  0x8a, 0x1d, 0x9b, 0xc3, 0x49, 0x1d, 0x37, 0xf7, 0x9e, 0xf8, 0xad, 0x15,
  0xc8, 0xba, 0xbb, 0xc8, 0xc7, 0x5c, 0x6a, 0x0a, 0x54, 0xfc, 0xe9, 0x20,
  0x0a, 0x37, 0xf7, 0xff, 0xf9, 0xb0, 0x15, 0x45, 0x06, 0x50, 0xfb, 0x06,
  0x05, 0xc2, 0x06, 0x3d, 0xfd, 0x4a, 0xab, 0x1d, 0xe9, 0x5f, 0xc2, 0x47,
  0xa2, 0x1e, 0x9c, 0x9e, 0x95, 0xa4, 0xa8, 0xbb, 0x1d, 0x94, 0x72, 0x9c,
  0x79, 0x1e, 0x42, 0x74, 0x5e, 0x55, 0x42, 0x1a, 0xca, 0x06, 0xcc, 0xbd,
  0xb1, 0xdf, 0xd2, 0xc4, 0x6d, 0x2c, 0x1e, 0x7b, 0x07, 0xfb, 0x34, 0x7e,
  0x05, 0xfb, 0x05, 0x82, 0x47, 0x53, 0x32, 0x1a, 0x36, 0xc8, 0x51, 0xf2,
  0x1e, 0xbf, 0xf8, 0x91, 0x15, 0x40, 0x0a, 0x67, 0xfc, 0x59, 0x49, 0x1d,
  0x37, 0xf7, 0x44, 0xf8, 0xc1, 0x65, 0x0a, 0xe0, 0xfc, 0xcd, 0x20, 0x0a,
  0xf7, 0xa2, 0xba, 0xf7, 0x1a, 0x61, 0x1d, 0xf7, 0xa2, 0xf8, 0xac, 0x33,
  0x1d, 0xfc, 0x30, 0xfc, 0x2a, 0x61, 0x1d, 0x75, 0xf7, 0x18, 0x16, 0x92,
  0xee, 0x05, 0x40, 0xad, 0xce, 0x67, 0xdc, 0x1b, 0xf7, 0x21, 0xdf, 0xf7,
  0x00, 0xf7, 0x25, 0xf7, 0x26, 0x39, 0xf7, 0x02, 0xfb, 0x21, 0x39, 0x49,
  0x67, 0x44, 0x69, 0x1f, 0xf7, 0xe7, 0x3e, 0x1d, 0xd1, 0xf7, 0x87, 0x15,
  0x9b, 0x0a, 0xfb, 0x04, 0x4e, 0x3b, 0x22, 0x21, 0x4d, 0xdb, 0xf7, 0x04,
  0x1e, 0x0e, 0x35, 0xb1, 0xf7, 0x85, 0x2b, 0x1d, 0x35, 0xf8, 0x06, 0xf9,
  0x27, 0x32, 0x0a, 0xfb, 0x94, 0xfb, 0xbf, 0x2b, 0x1d, 0x35, 0xf7, 0x70,
  0xf8, 0xb0, 0x2a, 0x0a, 0x4c, 0x06, 0x22, 0xfc, 0x39, 0x2b, 0x1d, 0x35,
  0xb1, 0xf7, 0x85, 0x15, 0xfb, 0x24, 0xde, 0x29, 0xf7, 0x11, 0x81, 0x1e,
  0x73, 0x58, 0x95, 0x72, 0x05, 0x94, 0x9f, 0x95, 0x8e, 0x9e, 0x1b, 0xa3,
  0x46, 0x1d, 0x6c, 0xa2, 0x65, 0x81, 0x82, 0x89, 0x88, 0x80, 0x1f, 0x9b,
  0xad, 0xf0, 0x91, 0xd9, 0xca, 0xa1, 0xe9, 0x19, 0x79, 0x1d, 0x35, 0xf7,
  0x62, 0xf8, 0xb0, 0x57, 0x1d, 0xc9, 0x06, 0x3f, 0xf7, 0x0e, 0x05, 0x34,
  0x06, 0x3e, 0xfb, 0x0e, 0x05, 0x22, 0xfb, 0xbf, 0x2b, 0x1d, 0x35, 0xf7,
  0x9b, 0xf8, 0xc4, 0x5e, 0x1d, 0xa6, 0x73, 0xa3, 0x70, 0x70, 0x74, 0x73,
  0x70, 0x70, 0xa2, 0x74, 0xa6, 0x1f, 0xfb, 0x75, 0xfb, 0xd3, 0x2b, 0x1d,
  0x75, 0x50, 0x1d, 0xf9, 0x6d, 0x46, 0xfb, 0xe5, 0x57, 0x0a, 0x70, 0xb1,
  0xf7, 0x85, 0x15, 0xfb, 0x25, 0xf3, 0xfb, 0x00, 0xf7, 0x25, 0xf7, 0x29,
  0xf4, 0xf7, 0x00, 0xf7, 0x40, 0xf7, 0x24, 0x5b, 0xf7, 0x05, 0xfb, 0x05,
  0xf7, 0x0e, 0x1e, 0xcf, 0xb0, 0x75, 0xb7, 0x3a, 0x5e, 0x7a, 0x9b, 0x7b,
  0x9a, 0x7a, 0x9a, 0x19, 0x37, 0x06, 0xa7, 0x71, 0xa4, 0x72, 0xa4, 0x72,
  0x34, 0x5b, 0x18, 0xa0, 0x5f, 0xf1, 0xc3, 0xcd, 0x45, 0xb2, 0x51, 0xa7,
  0x39, 0x19, 0xc0, 0x62, 0x4c, 0xa9, 0x46, 0x1b, 0xfb, 0x1b, 0xfb, 0x04,
  0x20, 0xfb, 0x22, 0x1f, 0xd1, 0x89, 0x15, 0xf7, 0x00, 0xd6, 0xdb, 0xf7,
  0x01, 0xf6, 0xd3, 0x3d, 0x21, 0xfb, 0x04, 0x40, 0x3a, 0xfb, 0x00, 0x20,
  0x42, 0xdb, 0xf7, 0x01, 0x1e, 0x0e, 0x75, 0x50, 0x1d, 0xf9, 0x6d, 0x46,
  0xfb, 0xe5, 0x94, 0x1d, 0xf7, 0xc5, 0xf8, 0xdd, 0x15, 0xba, 0x06, 0x9c,
  0xf7, 0x30, 0x05, 0x4b, 0x06, 0xfb, 0xb9, 0xfd, 0x3a, 0x91, 0x1d, 0x75,
  0x50, 0x1d, 0xf8, 0xd5, 0xc7, 0xbc, 0x4f, 0xf2, 0x46, 0x24, 0xfb, 0x35,
  0x5a, 0xf7, 0x35, 0xfb, 0x4d, 0x57, 0x0a, 0x3d, 0xf7, 0xa7, 0x7f, 0x21,
  0x0a, 0x3d, 0xf8, 0x0d, 0xf9, 0x27, 0x21, 0x1d, 0x71, 0xfc, 0xbc, 0x21,
  0x0a, 0x3d, 0x70, 0x0a, 0xfb, 0x0a, 0xfd, 0x34, 0x21, 0x0a, 0x3d, 0xf7,
  0x76, 0xf8, 0xb0, 0x89, 0x0a, 0xf7, 0x11, 0xfd, 0x36, 0x21, 0x0a, 0x3d,
  0x77, 0x0a, 0xf7, 0x11, 0xfc, 0xbc, 0x21, 0x0a, 0x3d, 0xf7, 0x59, 0xf8,
  0xc4, 0x7c, 0x1d, 0x47, 0xfc, 0xd0, 0x21, 0x0a, 0x3d, 0x96, 0x1d, 0x90,
  0xfc, 0xd0, 0x21, 0x0a, 0x3d, 0xf7, 0xbc, 0xf8, 0xb0, 0x58, 0x1d, 0xd6,
  0xfb, 0x0c, 0x05, 0xae, 0xfc, 0xbc, 0x21, 0x0a, 0x3d, 0xf7, 0x2e, 0x36,
  0x1d, 0xf7, 0x0d, 0xfd, 0x2b, 0x21, 0x0a, 0x3d, 0xf7, 0xa7, 0x7f, 0x15,
  0x90, 0x90, 0x8b, 0x90, 0x1b, 0x70, 0x79, 0x7c, 0x71, 0x70, 0x35, 0x0a,
  0x99, 0x97, 0x8d, 0x8f, 0x95, 0x1e, 0xc0, 0x07, 0x88, 0x84, 0xa9, 0x1d,
  0xce, 0xa0, 0xb8, 0xbd, 0x9e, 0xd5, 0x08, 0x53, 0x0a, 0xfb, 0xc9, 0x9d,
  0xf8, 0x78, 0x15, 0x2f, 0x1d, 0xf7, 0x06, 0xc5, 0xfb, 0x06, 0xe9, 0x07,
  0xc4, 0x9b, 0xaa, 0xc8, 0x1e, 0xb4, 0xc6, 0x06, 0x8e, 0x7b, 0x77, 0x8c,
  0x7a, 0x1b, 0x41, 0x4f, 0x34, 0x0a, 0x07, 0x0e, 0x75, 0xb2, 0xf7, 0x94,
  0x2a, 0x1d, 0x75, 0xf7, 0xee, 0xa6, 0x1d, 0xba, 0x5b, 0xd7, 0xd5, 0xbb,
  0xbb, 0xd8, 0x1e, 0xfb, 0xff, 0xfc, 0x32, 0x2a, 0x1d, 0x75, 0xf7, 0x72,
  0x8a, 0x0a, 0x3e, 0xfb, 0x0d, 0x05, 0xfb, 0x0c, 0xfb, 0xba, 0x2a, 0x1d,
  0x75, 0xf7, 0xd9, 0xf8, 0xe3, 0x15, 0xa4, 0x77, 0x9e, 0x73, 0x86, 0x86,
  0x8a, 0x8a, 0x86, 0x1e, 0x8d, 0xa4, 0x9c, 0x9a, 0xa8, 0x8a, 0x08, 0xa9,
  0x07, 0x5f, 0x8d, 0x60, 0x67, 0x4d, 0x1a, 0x62, 0x9f, 0x75, 0xaa, 0xa6,
  0x9f, 0xa0, 0xa6, 0x1e, 0xfb, 0xb2, 0xfb, 0xe3, 0x2a, 0x1d, 0x75, 0xf7,
  0xab, 0xf8, 0xce, 0x15, 0xa6, 0xa3, 0xa1, 0xa6, 0xa7, 0x73, 0xa2, 0x70,
  0x70, 0x74, 0x74, 0x6f, 0x70, 0x3f, 0x1d, 0xfb, 0x84, 0xfb, 0xce, 0x2a,
  0x1d, 0x5f, 0x66, 0x0a, 0xf7, 0xdd, 0x46, 0xfd, 0x6c, 0x07, 0x0e, 0x5f,
  0x66, 0x0a, 0xf7, 0x45, 0xf7, 0x34, 0xbc, 0xfb, 0x34, 0xf2, 0x46, 0x24,
  0x4e, 0x5a, 0xc8, 0xfc, 0xd4, 0x07, 0x0e, 0x8d, 0x1d, 0x59, 0x1d, 0xf7,
  0x6a, 0x33, 0x1d, 0x4a, 0xfc, 0xb0, 0x25, 0x1d, 0xbc, 0x26, 0x0a, 0xe0,
  0xfc, 0xb0, 0x25, 0x1d, 0xad, 0xf8, 0xc4, 0x15, 0x2e, 0x1d, 0xa2, 0x75,
  0xa6, 0x1f, 0xf7, 0x26, 0x16, 0xa5, 0xa2, 0xa1, 0xa6, 0xa6, 0x74, 0xa2,
  0xbc, 0x1d, 0xfb, 0x00, 0xfc, 0xc4, 0x25, 0x1d, 0xf6, 0xf8, 0xc4, 0xad,
  0x1d, 0x70, 0xa2, 0x74, 0xa7, 0x1f, 0x68, 0xfc, 0xc4, 0x25, 0x1d, 0xf7,
  0x19, 0xf8, 0xb0, 0x15, 0x50, 0xa1, 0x0a, 0x87, 0xfc, 0xb0, 0x25, 0x1d,
  0x82, 0x36, 0x1d, 0xdc, 0xfd, 0x1f, 0x25, 0x1d, 0x8d, 0x1d, 0x9f, 0x06,
  0x80, 0x1d, 0x46, 0x07, 0x0e, 0x9c, 0xf8, 0xc1, 0x90, 0x1d, 0x63, 0x70,
  0xc1, 0x55, 0x1b, 0x5a, 0x6e, 0x63, 0x49, 0x8f, 0x1f, 0xf4, 0xfc, 0xc1,
  0x25, 0x1d, 0xf6, 0xf8, 0xfd, 0x15, 0xa6, 0xa3, 0xa2, 0xa7, 0xa7, 0x73,
  0xa3, 0x70, 0x6e, 0x74, 0x73, 0x6f, 0x6f, 0xa2, 0x74, 0xa8, 0x1f, 0xfb,
  0x38, 0xfd, 0xd1, 0x6b, 0x0a, 0xbc, 0x26, 0x0a, 0x5f, 0xfd, 0x84, 0x6b,
  0x0a, 0xfb, 0x10, 0x7f, 0x1d, 0x0e, 0xfb, 0x10, 0x7f, 0x1d, 0xf7, 0x73,
  0x3b, 0x0a, 0xfc, 0x17, 0x37, 0x1d, 0x0e, 0xfc, 0x17, 0xf7, 0x6c, 0x34,
  0x1d, 0x8f, 0xfd, 0x96, 0x15, 0xf9, 0x6d, 0x3e, 0x1d, 0x0e, 0xfc, 0x17,
  0x37, 0x1d, 0xf7, 0x10, 0xf8, 0xd1, 0x9f, 0x0a, 0x0e, 0xfc, 0x17, 0x37,
  0x1d, 0xdd, 0x3b, 0x0a, 0xfb, 0xa8, 0x37, 0x1d, 0xf7, 0x5c, 0xf7, 0xcd,
  0x15, 0xa5, 0xa2, 0xa2, 0xa5, 0xa6, 0x75, 0xa1, 0x70, 0x6f, 0x75, 0x75,
  0x70, 0x70, 0x3f, 0x1d, 0x0e, 0xfc, 0x17, 0xf7, 0x24, 0x16, 0xf8, 0x07,
  0x07, 0xc9, 0xa9, 0x05, 0xc3, 0x07, 0x4d, 0x6d, 0x05, 0xf7, 0xc2, 0x46,
  0xfb, 0xe3, 0x07, 0x4d, 0x6d, 0x05, 0x54, 0x07, 0xc9, 0xa9, 0x05, 0xfb,
  0xe7, 0x07, 0x0e, 0xf7, 0x80, 0xf7, 0x21, 0x16, 0xf7, 0xc0, 0x07, 0xd5,
  0xbc, 0xc7, 0xdc, 0xd4, 0xba, 0x5b, 0x39, 0x1e, 0xfb, 0xc4, 0xcf, 0xf7,
  0xbf, 0x07, 0xd6, 0xbb, 0xc8, 0xdc, 0xd5, 0xb9, 0x5a, 0x38, 0x1e, 0xfb,
  0xc3, 0xce, 0xf7, 0xd1, 0x07, 0xf7, 0x04, 0x46, 0xcf, 0x22, 0x3d, 0x50,
  0x63, 0x4c, 0x75, 0x1e, 0xca, 0x74, 0x52, 0xb3, 0x3f, 0x1b, 0x47, 0x55,
  0x6c, 0x58, 0x73, 0x1f, 0x83, 0xd0, 0x05, 0x4f, 0xfc, 0x78, 0x06, 0x0e,
  0x5f, 0x5a, 0x0a, 0x0e, 0x5f, 0xf8, 0x1a, 0x33, 0x1d, 0xfb, 0x40, 0xfc,
  0xb0, 0x39, 0x0a, 0x5f, 0xf7, 0x83, 0xf8, 0xb0, 0x2a, 0x0a, 0x4d, 0x06,
  0x75, 0xfd, 0x2a, 0x39, 0x0a, 0x5f, 0x5a, 0x0a, 0xf7, 0x95, 0x28, 0x2c,
  0x1d, 0x5f, 0xf7, 0x21, 0x16, 0xac, 0x1d, 0xfb, 0xf2, 0x4b, 0x0a, 0x7b,
  0x7f, 0x8d, 0x90, 0x78, 0x1e, 0x7d, 0x4c, 0x05, 0x84, 0xa4, 0x9a, 0x89,
  0xa5, 0x1b, 0xdf, 0xbc, 0xc3, 0xe7, 0x1f, 0xf8, 0x05, 0x07, 0xf7, 0x0e,
  0x54, 0xda, 0xfb, 0x19, 0x45, 0x4b, 0x68, 0x4d, 0x6b, 0x1e, 0x81, 0xdf,
  0x05, 0x4f, 0xfc, 0x78, 0x06, 0x0e, 0x5f, 0xf7, 0x55, 0xf8, 0xc1, 0x5d,
  0x1d, 0xc5, 0x1b, 0xbf, 0xa8, 0xb0, 0xa0, 0x1d, 0x49, 0x8f, 0x1f, 0x89,
  0xfc, 0xc1, 0x39, 0x0a, 0x65, 0xb1, 0xf7, 0x86, 0x29, 0x0a, 0x65, 0xf8,
  0x1b, 0x41, 0x0a, 0xfb, 0xa9, 0x2c, 0x0a, 0x65, 0xf7, 0x76, 0x26, 0x0a,
  0xfb, 0x12, 0x2c, 0x0a, 0x65, 0xf7, 0x67, 0xf8, 0xc4, 0x2d, 0x1d, 0xfb,
  0xd3, 0xfb, 0xd2, 0x29, 0x0a, 0x65, 0xf7, 0xca, 0x43, 0x0a, 0xfb, 0x6b,
  0x2c, 0x0a, 0x65, 0xf7, 0xe2, 0x71, 0x0a, 0xfb, 0xdb, 0x2c, 0x0a, 0x65,
  0xf7, 0x3c, 0x36, 0x1d, 0xfb, 0x16, 0xfc, 0x2d, 0x29, 0x0a, 0x65, 0xb1,
  0xf7, 0x86, 0x15, 0x36, 0xae, 0x43, 0xc3, 0x5e, 0x1e, 0x53, 0x30, 0x05,
  0xcb, 0x06, 0xb2, 0xc9, 0x05, 0x7c, 0xab, 0xaf, 0x83, 0xb3, 0x1b, 0x5b,
  0x1d, 0xdf, 0x69, 0xd2, 0x55, 0xb8, 0x1f, 0xbd, 0xdd, 0x05, 0x4c, 0x06,
  0x6b, 0x57, 0x05, 0x9b, 0x69, 0x65, 0x94, 0x62, 0x46, 0x0a, 0xd1, 0x8c,
  0x15, 0xf7, 0x04, 0xd3, 0xdb, 0xf3, 0xa8, 0xa6, 0x85, 0x7f, 0xa2, 0x1e,
  0xfb, 0x5b, 0xfb, 0xd5, 0x05, 0x68, 0xae, 0x76, 0xbe, 0xc8, 0x1a, 0xf7,
  0xf4, 0x16, 0xfb, 0x06, 0x42, 0x3c, 0x24, 0x70, 0x71, 0x91, 0x95, 0x75,
  0x1e, 0xf7, 0x59, 0xf7, 0xd3, 0x05, 0xad, 0x69, 0x9f, 0x59, 0x51, 0x1a,
  0x0e, 0x65, 0xf8, 0x1b, 0x41, 0x0a, 0xfb, 0xa9, 0xfb, 0xbe, 0x15, 0x36,
  0xae, 0x43, 0xc3, 0x5e, 0x1e, 0x53, 0x30, 0x05, 0xcb, 0x06, 0xb2, 0xc9,
  0x05, 0x7c, 0xab, 0xaf, 0x83, 0xb3, 0x1b, 0x5b, 0x1d, 0xdf, 0x69, 0xd2,
  0x55, 0xb8, 0x1f, 0xbd, 0xdd, 0x05, 0x4c, 0x06, 0x6b, 0x57, 0x05, 0x9b,
  0x69, 0x65, 0x94, 0x62, 0x46, 0x0a, 0xd1, 0x8c, 0x15, 0xf7, 0x04, 0xd3,
  0xdb, 0xf3, 0xa8, 0xa6, 0x85, 0x7f, 0xa2, 0x1e, 0xfb, 0x5b, 0xfb, 0xd5,
  0x05, 0x68, 0xae, 0x76, 0xbe, 0xc8, 0x1a, 0xf7, 0xf4, 0x16, 0xfb, 0x06,
  0x42, 0x3c, 0x24, 0x70, 0x71, 0x91, 0x95, 0x75, 0x1e, 0xf7, 0x59, 0xf7,
  0xd3, 0x05, 0xad, 0x69, 0x9f, 0x59, 0x51, 0x1a, 0x0e, 0x65, 0xf7, 0x56,
  0xf8, 0xc1, 0x88, 0x1d, 0x6f, 0x63, 0x49, 0x8f, 0x1f, 0x20, 0xfb, 0xcf,
  0x29, 0x0a, 0xf7, 0xef, 0xb1, 0xf7, 0x86, 0x15, 0xfb, 0x27, 0xf3, 0x20,
  0xf7, 0x22, 0xe8, 0xd7, 0xb9, 0xd4, 0xb4, 0x1e, 0x41, 0xb2, 0xd4, 0x5e,
  0xe8, 0x1b, 0xf7, 0x06, 0xd7, 0xc1, 0x1d, 0x57, 0x69, 0x3c, 0x1b, 0x24,
  0x4c, 0xb4, 0x1d, 0x33, 0xe8, 0xfb, 0x18, 0x30, 0x44, 0x5e, 0x41, 0x65,
  0x1e, 0xd4, 0x61, 0x40, 0xb9, 0x2e, 0x46, 0x0a, 0xf9, 0x24, 0xf7, 0x58,
  0x8c, 0x0a, 0xfc, 0xde, 0xfb, 0x57, 0x74, 0x0a, 0x75, 0xd3, 0xfb, 0x67,
  0x15, 0xd0, 0xf7, 0xc4, 0x06, 0x45, 0xad, 0xcc, 0x68, 0xdd, 0x1b, 0xf7,
  0x23, 0xdc, 0xf7, 0x02, 0xf7, 0x26, 0xf7, 0x26, 0x37, 0xf6, 0xfb, 0x20,
  0x3a, 0x47, 0x67, 0x40, 0x69, 0x1f, 0x84, 0xed, 0x05, 0x4f, 0x06, 0xd1,
  0xfb, 0x86, 0x15, 0x4c, 0x0a, 0xf4, 0xc8, 0x3b, 0xfb, 0x04, 0xfb, 0x03,
  0x4e, 0x3a, 0x22, 0x21, 0x4d, 0xdc, 0xf7, 0x03, 0x1e, 0x0e, 0x75, 0xf8,
  0xb6, 0xf7, 0x87, 0x15, 0xf7, 0x26, 0x38, 0xf7, 0x00, 0xfb, 0x20, 0x39,
  0x49, 0x67, 0x44, 0x69, 0x1e, 0xf7, 0xe7, 0x46, 0xfe, 0x40, 0xd0, 0xf7,
  0xc4, 0x07, 0x45, 0xad, 0xcc, 0x68, 0xdd, 0x1b, 0xf7, 0x23, 0xdc, 0xf7,
  0x02, 0xf7, 0x25, 0x1f, 0x45, 0x16, 0xfb, 0x03, 0x4e, 0x39, 0x22, 0x21,
  0x4d, 0xdc, 0xf7, 0x04, 0x9b, 0x0a, 0x1e, 0x0e, 0x75, 0xb1, 0xf7, 0x88,
  0x15, 0xfb, 0x26, 0xdc, 0xfb, 0x02, 0xf7, 0x23, 0xdd, 0xcc, 0xae, 0xd1,
  0xad, 0x1e, 0xfb, 0xc4, 0xd0, 0xf9, 0x4b, 0x4f, 0x07, 0x84, 0x29, 0x05,
  0xd6, 0x68, 0x48, 0xaf, 0x3a, 0x1b, 0xfb, 0x20, 0x37, 0x20, 0xfb, 0x26,
  0x1f, 0xd1, 0x89, 0x15, 0xf7, 0x04, 0xc8, 0xdb, 0xf4, 0xf5, 0xc9, 0x3b,
  0xfb, 0x04, 0xfb, 0x03, 0x4d, 0x3a, 0x21, 0x22, 0x4e, 0xdc, 0xf7, 0x03,
  0x1e, 0x0e, 0xfb, 0x99, 0x84, 0x1d, 0x0e, 0xfb, 0x99, 0xf7, 0xb3, 0xf9,
  0x2d, 0x21, 0x1d, 0xf7, 0x06, 0x53, 0x86, 0x1d, 0xfb, 0x99, 0xf7, 0x1c,
  0xf8, 0xb6, 0x15, 0xe3, 0x06, 0xd7, 0xf7, 0x0d, 0x98, 0x0a, 0xf7, 0x9d,
  0xfb, 0x45, 0x86, 0x1d, 0xfb, 0x99, 0x84, 0x1d, 0xfb, 0x3f, 0xfc, 0xa3,
  0x81, 0x1d, 0xfb, 0x40, 0x50, 0x0a, 0x0e, 0xfb, 0x40, 0xf7, 0xd6, 0xf9,
  0x3f, 0x22, 0x1d, 0xc4, 0x06, 0xfb, 0x6b, 0x69, 0x1d, 0xfb, 0x40, 0xf7,
  0x3f, 0xf8, 0xc8, 0x4e, 0x1d, 0x4b, 0xfc, 0xba, 0x45, 0x1d, 0x0e, 0xfb,
  0x40, 0xaa, 0xf7, 0x1c, 0x15, 0x38, 0xc5, 0x53, 0xe9, 0x83, 0x1e, 0x73,
  0x58, 0x95, 0x72, 0x05, 0x94, 0x9f, 0x95, 0x8e, 0x9e, 0x1b, 0xa3, 0x46,
  0x1d, 0x6c, 0xa2, 0x65, 0x81, 0x81, 0x89, 0x88, 0x81, 0x1f, 0x9a, 0xac,
  0x05, 0xf1, 0x90, 0xcf, 0xc3, 0xde, 0x1a, 0xd1, 0x65, 0xb2, 0x37, 0xa0,
  0x1e, 0x38, 0xa0, 0x05, 0x56, 0x98, 0x71, 0xa5, 0xb0, 0x1a, 0xbf, 0x49,
  0x0a, 0x53, 0x8d, 0x1e, 0xce, 0x06, 0xe5, 0x88, 0x49, 0xc3, 0x25, 0x1b,
  0x23, 0x44, 0x55, 0x36, 0x49, 0xb4, 0x5f, 0xdf, 0x76, 0x1f, 0xde, 0x76,
  0x05, 0xc4, 0x7d, 0x9f, 0x74, 0x63, 0x1a, 0x57, 0x5f, 0x6b, 0x40, 0x47,
  0x61, 0xae, 0xc3, 0x1e, 0x0e, 0xfb, 0x40, 0xf7, 0x31, 0xf8, 0xc8, 0x20,
  0x1d, 0x4b, 0x69, 0x1d, 0xfb, 0x40, 0x50, 0x0a, 0xf7, 0x34, 0xfb, 0x7f,
  0x2c, 0x1d, 0x60, 0xf7, 0x21, 0x16, 0xf8, 0x9c, 0x07, 0xe8, 0xc7, 0xc3,
  0xdf, 0xd9, 0xb7, 0x58, 0x48, 0x42, 0x59, 0x5c, 0x3e, 0x1e, 0x59, 0x50,
  0xbd, 0x06, 0xf7, 0x0a, 0xca, 0x52, 0x2c, 0x34, 0x4e, 0x45, 0xfb, 0x04,
  0x1f, 0x31, 0x52, 0x06, 0x87, 0x9e, 0xb4, 0x89, 0xa7, 0x1b, 0xf7, 0x30,
  0xe3, 0xeb, 0xf7, 0x0f, 0xe8, 0x52, 0xd5, 0x2c, 0xa1, 0x1f, 0xc9, 0xa1,
  0xaf, 0xc5, 0xcc, 0x1a, 0xf5, 0x3f, 0xd1, 0xfb, 0x08, 0xfb, 0x11, 0x34,
  0x3b, 0xfb, 0x19, 0x1e, 0xfc, 0x98, 0x07, 0x0e, 0xfb, 0xc8, 0x7f, 0x0a,
  0x0e, 0xfb, 0xc8, 0xf7, 0x4b, 0x16, 0xf7, 0x87, 0xd2, 0xc2, 0x44, 0xf7,
  0x14, 0xb6, 0x1d, 0xfb, 0x14, 0x44, 0x54, 0xd2, 0xfb, 0x87, 0x07, 0x0e,
  0xfb, 0xc8, 0xf7, 0x7e, 0xf8, 0xc6, 0x9f, 0x0a, 0x58, 0xfd, 0x62, 0x15,
  0xf8, 0x3e, 0xec, 0xc5, 0x2a, 0x92, 0x0a, 0xfb, 0xc8, 0x85, 0x0a, 0x98,
  0x07, 0x6e, 0x4d, 0x94, 0x72, 0x05, 0x94, 0xa0, 0x95, 0x8e, 0x9d, 0x1b,
  0xa4, 0x46, 0x1d, 0x6b, 0xa2, 0x66, 0x81, 0x81, 0x89, 0x88, 0x81, 0x1f,
  0xa0, 0xb8, 0x05, 0x0e, 0xfb, 0xc8, 0x7f, 0x0a, 0xdd, 0x28, 0x2c, 0x1d,
  0x56, 0xf8, 0x30, 0xf8, 0x78, 0x15, 0x83, 0x1d, 0xc7, 0xf8, 0x78, 0x06,
  0x0e, 0x56, 0xf8, 0x0e, 0x41, 0x0a, 0xf7, 0x02, 0x53, 0x23, 0x0a, 0x56,
  0xf7, 0x69, 0x26, 0x0a, 0xf7, 0x99, 0x53, 0x23, 0x0a, 0x56, 0xf7, 0x5a,
  0xf8, 0xc4, 0x2d, 0x1d, 0xcf, 0x3f, 0x23, 0x0a, 0x56, 0xf7, 0xbd, 0xf8,
  0xb0, 0x52, 0x1d, 0xf7, 0x40, 0x53, 0x23, 0x0a, 0x56, 0xf7, 0xd5, 0x71,
  0x0a, 0xc7, 0x53, 0x23, 0x0a, 0x56, 0xf7, 0x2f, 0x36, 0x1d, 0xf7, 0x95,
  0xfb, 0x3b, 0x23, 0x0a, 0x56, 0xf8, 0x44, 0x7e, 0x1d, 0x46, 0xfb, 0x95,
  0x07, 0xfb, 0x07, 0x54, 0x4d, 0x2e, 0x3e, 0x58, 0xb4, 0xf7, 0x07, 0x1e,
  0xf7, 0xab, 0x45, 0xfb, 0xc1, 0x07, 0xfb, 0x0a, 0xc9, 0x3d, 0xf7, 0x06,
  0xd7, 0xce, 0xb1, 0xc3, 0xa6, 0x1e, 0x94, 0x39, 0x05, 0x0e, 0x56, 0xf7,
  0xa3, 0xf8, 0xad, 0x8b, 0x1d, 0xad, 0x5a, 0x1d, 0x68, 0x1f, 0xf7, 0x21,
  0x26, 0x23, 0x0a, 0x56, 0xf7, 0x49, 0xf8, 0xc1, 0x82, 0x1d, 0xf7, 0xac,
  0x42, 0x23, 0x0a, 0xfb, 0x0c, 0xf7, 0x63, 0x16, 0xd0, 0x06, 0xf7, 0x5d,
  0xf8, 0x78, 0x05, 0x44, 0x06, 0xfb, 0x13, 0xfb, 0xcc, 0x7d, 0x68, 0x7e,
  0x6b, 0x82, 0x6a, 0x19, 0x82, 0xab, 0x7e, 0xac, 0x7e, 0xae, 0xfb, 0x11,
  0xf7, 0xcc, 0x18, 0x41, 0x06, 0x0e, 0xf7, 0x1c, 0xf7, 0x42, 0x16, 0xd0,
  0x06, 0xef, 0xf7, 0xc4, 0x98, 0xb3, 0x93, 0xa8, 0x92, 0xa5, 0x19, 0x91,
  0x6e, 0x93, 0x6d, 0x97, 0x67, 0xef, 0xfb, 0xc4, 0x18, 0xce, 0x06, 0xf7,
  0x38, 0xf8, 0x78, 0x05, 0x43, 0x06, 0x2b, 0xfb, 0xb8, 0x7a, 0x57, 0x89,
  0x7f, 0x81, 0x63, 0x19, 0x82, 0xaf, 0x7f, 0xb5, 0x82, 0xa5, 0x2c, 0xf7,
  0xb8, 0x18, 0x44, 0x06, 0x2b, 0xfb, 0xb8, 0x86, 0x7b, 0x7b, 0x5a, 0x83,
  0x64, 0x19, 0x81, 0xb2, 0x82, 0xac, 0x80, 0xab, 0x48, 0x0a, 0x0e, 0xf7,
  0x1c, 0xf8, 0x72, 0xf9, 0x27, 0x21, 0x1d, 0xfb, 0x78, 0x41, 0x1d, 0xf7,
  0x1c, 0xf7, 0xcd, 0x26, 0x0a, 0x3e, 0x41, 0x1d, 0xf7, 0x1c, 0xf7, 0xbe,
  0xf8, 0xc4, 0x2d, 0x1d, 0xfb, 0xa2, 0xfc, 0xc4, 0x15, 0xd0, 0x06, 0xef,
  0xf7, 0xc4, 0x98, 0xb3, 0x93, 0xa8, 0x92, 0xa5, 0x19, 0x91, 0x6e, 0x93,
  0x6d, 0x97, 0x67, 0xef, 0xfb, 0xc4, 0x18, 0xce, 0x06, 0xf7, 0x38, 0xf8,
  0x78, 0x05, 0x43, 0x06, 0x2b, 0xfb, 0xb8, 0x7a, 0x57, 0x89, 0x7f, 0x81,
  0x63, 0x19, 0x82, 0xaf, 0x7f, 0xb5, 0x82, 0xa5, 0x48, 0x0a, 0x2b, 0xfb,
  0xb8, 0x86, 0x7b, 0x7b, 0x5a, 0x83, 0x64, 0x19, 0x81, 0xb2, 0x82, 0xac,
  0x80, 0xab, 0x48, 0x0a, 0x0e, 0xf7, 0x1c, 0xf8, 0x21, 0x43, 0x0a, 0xfb,
  0x3a, 0x41, 0x1d, 0xfb, 0x2b, 0xe6, 0x16, 0xf7, 0x1b, 0xf7, 0x56, 0xf7,
  0x1c, 0xfb, 0x56, 0x05, 0xdd, 0x06, 0xfb, 0x3f, 0xf7, 0x85, 0xf7, 0x40,
  0xf7, 0x87, 0x05, 0x3b, 0x06, 0xfb, 0x1c, 0xfb, 0x56, 0xfb, 0x1d, 0xf7,
  0x56, 0x05, 0x3a, 0x06, 0xf7, 0x40, 0xfb, 0x86, 0xfb, 0x41, 0xfb, 0x86,
  0x05, 0x0e, 0xfb, 0x1b, 0xa2, 0xfb, 0x67, 0x43, 0x1d, 0xfb, 0x1b, 0xf7,
  0xea, 0x33, 0x1d, 0xfb, 0x86, 0x38, 0x0a, 0xfb, 0x1b, 0xf7, 0x45, 0xf8,
  0xb0, 0x20, 0x1d, 0x2f, 0x38, 0x0a, 0xfb, 0x1b, 0xf7, 0x36, 0xf8, 0xc4,
  0x15, 0xa5, 0xa2, 0xa1, 0xa6, 0xa6, 0x74, 0x35, 0x1d, 0x74, 0x74, 0x70,
  0x70, 0x3f, 0x1d, 0xfb, 0xb1, 0xfd, 0x97, 0x43, 0x1d, 0xfb, 0x1b, 0xf7,
  0x99, 0x43, 0x0a, 0xfb, 0x49, 0x38, 0x0a, 0xfb, 0x37, 0xf8, 0x28, 0x16,
  0xc5, 0xfb, 0xad, 0x07, 0xf7, 0xad, 0xf8, 0x06, 0x05, 0xc3, 0xfc, 0x01,
  0x51, 0xf7, 0xac, 0x07, 0xfb, 0xac, 0xfc, 0x07, 0x05, 0x54, 0x07, 0x0e,
  0xfb, 0x37, 0xf7, 0xdc, 0xf9, 0x27, 0x32, 0x0a, 0xf7, 0x2c, 0xfc, 0xb0,
  0x3d, 0x0a, 0xfb, 0x37, 0xf7, 0x46, 0xf8, 0xb0, 0x2a, 0x0a, 0x4c, 0x06,
  0xf7, 0xc3, 0xfd, 0x2a, 0x3d, 0x0a, 0xfb, 0x37, 0xf7, 0x71, 0xf8, 0xc4,
  0x5e, 0x1d, 0xa6, 0x73, 0xa3, 0x70, 0x70, 0x74, 0x73, 0x70, 0x70, 0xa2,
  0x74, 0xa6, 0x1f, 0xf7, 0x4b, 0xfc, 0xc4, 0x3d, 0x0a, 0x78, 0xf8, 0x5a,
  0xf8, 0x78, 0x15, 0x87, 0x1d, 0xca, 0xf8, 0x78, 0x06, 0x42, 0xfb, 0x86,
  0x58, 0x0a, 0x3e, 0xc6, 0xf7, 0xc7, 0x29, 0x1d, 0xfb, 0xb2, 0x59, 0x0a,
  0x0e, 0x81, 0x4d, 0x1d, 0xf7, 0x06, 0xc5, 0xfb, 0x06, 0x74, 0x1d, 0xf7,
  0x72, 0x4d, 0x1d, 0xf7, 0x7a, 0xfc, 0x3e, 0xd0, 0xf8, 0x78, 0xfb, 0xbf,
  0xe9, 0x07, 0xc4, 0x9b, 0xa9, 0xc6, 0x53, 0x1d, 0x43, 0x4f, 0x34, 0x0a,
  0xfb, 0x7a, 0xe9, 0x07, 0x4b, 0x1d, 0x07, 0xf9, 0x0c, 0xf7, 0x28, 0x15,
  0xa7, 0x9f, 0x9f, 0xa6, 0xa7, 0x77, 0xa1, 0x6f, 0x70, 0x76, 0x75, 0x6f,
  0x70, 0xa0, 0x77, 0xa6, 0x1f, 0x0e, 0xf7, 0x6d, 0x4d, 0x1d, 0xf7, 0x6f,
  0xfc, 0x3e, 0xcf, 0xf9, 0x6d, 0x47, 0xfb, 0x89, 0xfb, 0x6f, 0x74, 0x1d,
  0x7d, 0xf8, 0x71, 0x16, 0xf8, 0x3e, 0xc6, 0x1d, 0xfb, 0x8c, 0xe9, 0x07,
  0x6c, 0x0a, 0xf7, 0x8c, 0xfc, 0x3e, 0x07, 0x0e, 0xf7, 0x32, 0xf7, 0xd0,
  0xfb, 0x67, 0x15, 0x86, 0xa1, 0xa1, 0x89, 0xa7, 0x1b, 0xd3, 0xb8, 0xac,
  0xd5, 0x7d, 0x0a, 0xfc, 0x3b, 0xfb, 0x31, 0xf8, 0x3b, 0x05, 0xfb, 0x69,
  0xe9, 0x06, 0x4b, 0x1d, 0x41, 0x2f, 0x1d, 0xf7, 0x37, 0x07, 0xf7, 0x42,
  0xfc, 0x5b, 0x76, 0x52, 0x05, 0x4a, 0x73, 0x60, 0x88, 0x62, 0x1b, 0x56,
  0x06, 0x0e, 0x3e, 0xf8, 0x1b, 0x16, 0xd0, 0xf8, 0x78, 0xfb, 0xbf, 0xe9,
  0x06, 0x6c, 0x0a, 0xf7, 0x7a, 0x07, 0xad, 0xf7, 0x58, 0x9f, 0x1d, 0x0e,
  0x38, 0xf8, 0x54, 0x16, 0xf9, 0x6d, 0x46, 0xfb, 0x89, 0xfb, 0x6e, 0xe9,
  0x07, 0xc4, 0x9a, 0xa9, 0xc6, 0x53, 0x1d, 0x43, 0x50, 0x34, 0x0a, 0x41,
  0x2f, 0x1d, 0xf7, 0x6e, 0xfc, 0x3e, 0x07, 0x0e, 0x44, 0xf8, 0x44, 0xf9,
  0x02, 0x9f, 0x1d, 0xfb, 0x8d, 0xfd, 0x02, 0x15, 0xf8, 0x3e, 0xf7, 0x6a,
  0xfc, 0x3e, 0xd0, 0xf8, 0x78, 0xfb, 0xaf, 0x92, 0x0a, 0x7e, 0xf7, 0x4b,
  0x16, 0xf8, 0x3f, 0xf7, 0x77, 0xfc, 0x3f, 0xd0, 0xf8, 0x3f, 0xeb, 0xc4,
  0x2b, 0xf7, 0x2d, 0x46, 0xfb, 0x2d, 0xfb, 0x77, 0x99, 0x0a, 0x07, 0x0e,
  0xf7, 0x39, 0xf7, 0x4b, 0x16, 0xf8, 0x3f, 0xf7, 0x28, 0x07, 0xf7, 0x41,
  0xfc, 0x5d, 0x77, 0x53, 0x05, 0x4a, 0x73, 0x60, 0x88, 0x62, 0x1b, 0x55,
  0x52, 0x06, 0x86, 0xa1, 0xa2, 0x89, 0xa7, 0x1b, 0xd3, 0xb8, 0xac, 0xd5,
  0x7d, 0x0a, 0xfc, 0x3b, 0xfb, 0x31, 0xf8, 0x3b, 0x05, 0xfb, 0x5a, 0x99,
  0x0a, 0x06, 0x0e, 0xad, 0xf7, 0xaa, 0x16, 0xc5, 0x07, 0x32, 0xad, 0x58,
  0xdf, 0xdf, 0x1a, 0xf5, 0xdd, 0xd0, 0xf0, 0xef, 0xdd, 0x46, 0x21, 0x3b,
  0x5d, 0x37, 0x2c, 0x65, 0x1e, 0x51, 0xf7, 0x5f, 0xc5, 0x24, 0x07, 0xce,
  0xbd, 0xb0, 0xd7, 0xdc, 0x1a, 0xf7, 0x1a, 0x23, 0xed, 0xfb, 0x21, 0xfb,
  0x21, 0x21, 0x29, 0xfb, 0x1b, 0x3c, 0xaf, 0x3f, 0xcf, 0x58, 0x1e, 0x24,
  0x51, 0x06, 0x0e, 0x87, 0xf7, 0x08, 0x16, 0xcf, 0xf8, 0x3b, 0xf7, 0x5f,
  0xfb, 0xcc, 0x06, 0x3a, 0xac, 0x6c, 0xcf, 0xa2, 0xa4, 0x8c, 0x8f, 0xa4,
  0x1e, 0xc3, 0x07, 0x54, 0x8c, 0x05, 0x6d, 0x8c, 0x77, 0x98, 0xb6, 0x1a,
  0xf7, 0xc5, 0xf4, 0xc8, 0xfc, 0xb2, 0x4e, 0xec, 0x07, 0x0e, 0xd8, 0xc2,
  0xf7, 0xfa, 0x15, 0xfb, 0x73, 0xf6, 0xfb, 0x28, 0xf7, 0x48, 0xf7, 0x47,
  0xf6, 0xf7, 0x28, 0xf7, 0x73, 0xf7, 0x72, 0xfb, 0x01, 0xf7, 0x2a, 0xfb,
  0x45, 0xfb, 0x46, 0xfb, 0x01, 0xfb, 0x2a, 0xfb, 0x72, 0x1e, 0xd2, 0x16,
  0xf7, 0x4f, 0xda, 0xf7, 0x0b, 0xf7, 0x1d, 0xf7, 0x1d, 0xda, 0xfb, 0x0b,
  0xfb, 0x4f, 0xfb, 0x4e, 0x3c, 0xfb, 0x0c, 0xfb, 0x1d, 0xfb, 0x1d, 0x3c,
  0xf7, 0x0c, 0xf7, 0x4e, 0x1e, 0x0e, 0xfb, 0xa4, 0xf7, 0x49, 0xf9, 0x1f,
  0x15, 0xfd, 0x1f, 0xd0, 0xf9, 0x60, 0xfb, 0x6b, 0x4a, 0x07, 0x0e, 0x5f,
  0xf8, 0x99, 0x16, 0xce, 0xfb, 0xfd, 0x07, 0xf7, 0x3b, 0xf7, 0x26, 0x05,
  0xf7, 0x23, 0x8c, 0x1d, 0xee, 0x1b, 0xea, 0x99, 0x1d, 0x65, 0xf7, 0x91,
  0xf8, 0x14, 0x15, 0xf7, 0x14, 0xd1, 0x4e, 0x29, 0x23, 0x46, 0x47, 0x20,
  0x26, 0x4b, 0xc9, 0xf2, 0x1f, 0x44, 0x8b, 0x0a, 0x2b, 0x96, 0x0a, 0xfc,
  0x46, 0xb0, 0x1d, 0xa0, 0x5e, 0x0a, 0x74, 0xf7, 0xb6, 0x8d, 0x0a, 0x53,
  0x57, 0x79, 0x6b, 0x63, 0x1f, 0xc1, 0xf7, 0x75, 0xb7, 0x1d, 0xc4, 0x79,
  0x05, 0xb6, 0xb2, 0x89, 0x1d, 0x88, 0xf7, 0x1c, 0xf8, 0x6f, 0x15, 0x48,
  0x2f, 0x74, 0x51, 0x38, 0x1a, 0xfb, 0x23, 0xf7, 0x05, 0xfb, 0x03, 0xf7,
  0x24, 0xf7, 0x23, 0xf7, 0x03, 0xf6, 0xf7, 0x27, 0xf7, 0x20, 0x28, 0xf7,
  0x01, 0xfb, 0x29, 0x6a, 0x6c, 0x84, 0x7a, 0x69, 0x1e, 0xf7, 0x50, 0xf7,
  0x8d, 0x05, 0x37, 0x06, 0xfb, 0x58, 0xfc, 0x6f, 0x15, 0xf7, 0x01, 0xd6,
  0xd9, 0xf7, 0x01, 0xf5, 0xd7, 0x3d, 0xfb, 0x01, 0xfb, 0x01, 0x3f, 0x3c,
  0x21, 0xfb, 0x01, 0x40, 0xda, 0xf7, 0x01, 0x1e, 0x0e, 0x25, 0x94, 0xf9,
  0x60, 0x15, 0x49, 0xf8, 0x32, 0x07, 0xfb, 0xaf, 0xfd, 0x1e, 0x05, 0xd5,
  0x06, 0xf7, 0xae, 0xf9, 0x1e, 0x05, 0xcd, 0x07, 0x0e, 0x91, 0xbe, 0xf7,
  0x57, 0x15, 0xfb, 0x0f, 0xf2, 0x37, 0xf7, 0x2c, 0xf7, 0x2c, 0xf2, 0xdf,
  0xf7, 0x0e, 0xe5, 0x54, 0xd3, 0x38, 0xa5, 0x1e, 0xd2, 0xa6, 0xb3, 0xc6,
  0xd6, 0x1a, 0xf7, 0x03, 0x30, 0xd6, 0xfb, 0x1c, 0xfb, 0x1d, 0x2d, 0x40,
  0xfb, 0x02, 0x41, 0xb4, 0x50, 0xd3, 0x6e, 0x1e, 0x36, 0xb1, 0x1d, 0xed,
  0xec, 0xca, 0x5b, 0x3e, 0x3c, 0x4c, 0x58, 0x2a, 0x29, 0x4b, 0xc0, 0xda,
  0x1e, 0x75, 0xfb, 0xe9, 0x15, 0xe3, 0xd3, 0xc4, 0xf7, 0x03, 0xf7, 0x05,
  0xd3, 0x52, 0x33, 0x32, 0x41, 0x50, 0xfb, 0x01, 0xfb, 0x03, 0x41, 0xc6,
  0xe4, 0x1e, 0x0e, 0x88, 0xf8, 0x67, 0xf7, 0x86, 0x15, 0xcf, 0xe6, 0xa1,
  0xc5, 0xde, 0x1a, 0xf7, 0x24, 0xfb, 0x05, 0xf7, 0x03, 0xfb, 0x24, 0xfb,
  0x23, 0x8f, 0x0a, 0xaa, 0x91, 0x9d, 0xac, 0x1e, 0xfb, 0x50, 0xfb, 0x8e,
  0x93, 0x0a, 0xfb, 0x01, 0x21, 0x3f, 0xd9, 0xf7, 0x00, 0xf7, 0x01, 0xd7,
  0xda, 0xf5, 0xf7, 0x01, 0xd7, 0x3c, 0xfb, 0x01, 0x1e, 0x0e, 0xc1, 0xbb,
  0xf7, 0xf9, 0x15, 0xfb, 0x74, 0xf4, 0xfb, 0x27, 0xf7, 0x45, 0xf7, 0x45,
  0xf4, 0xf7, 0x27, 0xf7, 0x74, 0xf7, 0x73, 0x21, 0xf7, 0x29, 0xfb, 0x44,
  0xfb, 0x44, 0x21, 0xfb, 0x29, 0xfb, 0x73, 0x1e, 0xd2, 0x16, 0xf7, 0x4e,
  0xd6, 0xf7, 0x0c, 0xf7, 0x1c, 0xf7, 0x1c, 0xd6, 0xfb, 0x0c, 0xfb, 0x4e,
  0xfb, 0x4d, 0x40, 0xfb, 0x0c, 0xfb, 0x1c, 0xfb, 0x1c, 0x40, 0xf7, 0x0c,
  0xf7, 0x4d, 0x1e, 0x0e, 0xc1, 0xf7, 0xd1, 0xcc, 0x15, 0xfb, 0x5c, 0x4a,
  0xf8, 0x5c, 0xcc, 0xfb, 0x4e, 0xf9, 0x1f, 0xfb, 0x96, 0x4a, 0xf7, 0x50,
  0x06, 0x0e, 0xc1, 0xf8, 0xcb, 0x16, 0xce, 0xfb, 0xfc, 0x07, 0xf7, 0x3a,
  0xf7, 0x26, 0x05, 0xf7, 0x24, 0x8c, 0x1d, 0xed, 0x1b, 0xeb, 0x99, 0x1d,
  0xc1, 0xf7, 0xbc, 0xf8, 0x14, 0x15, 0xf7, 0x13, 0xd2, 0x4e, 0x29, 0x23,
  0x45, 0x47, 0x21, 0x26, 0x4b, 0xc9, 0xf2, 0x1f, 0x43, 0x8b, 0x0a, 0x2c,
  0x96, 0x0a, 0xfc, 0x47, 0xb0, 0x1d, 0xc1, 0x5e, 0x0a, 0xc1, 0xf7, 0xd6,
  0x8d, 0x0a, 0x54, 0x56, 0x79, 0x6c, 0x63, 0x1f, 0xc1, 0xf7, 0x74, 0xb7,
  0x1d, 0xc3, 0x79, 0x05, 0xb6, 0xb3, 0x89, 0x1d, 0xc1, 0xf7, 0x39, 0xf8,
  0x6f, 0x15, 0x47, 0x2f, 0x74, 0x51, 0x38, 0x1a, 0xfb, 0x23, 0xf7, 0x05,
  0xfb, 0x03, 0xf7, 0x24, 0xf7, 0x24, 0xf7, 0x03, 0xf6, 0xf7, 0x27, 0xf7,
  0x20, 0x28, 0xf7, 0x01, 0xfb, 0x29, 0x69, 0x6c, 0x84, 0x79, 0x69, 0x1e,
  0xf7, 0x51, 0xf7, 0x8e, 0x05, 0x37, 0x06, 0xfb, 0x59, 0xfc, 0x6f, 0x15,
  0xf7, 0x01, 0xd7, 0xd9, 0xf7, 0x00, 0xf6, 0xd6, 0x3d, 0xfb, 0x01, 0xfb,
  0x01, 0x40, 0x3c, 0x20, 0xfb, 0x00, 0x3f, 0xda, 0xf7, 0x01, 0x1e, 0x0e,
  0xc1, 0xe2, 0xf9, 0x60, 0x15, 0x49, 0xf8, 0x32, 0x07, 0xfb, 0xb0, 0xfd,
  0x1e, 0x05, 0xd6, 0x06, 0xf7, 0xad, 0xf9, 0x1e, 0x05, 0xcd, 0x07, 0x0e,
  0xc1, 0xd7, 0xf7, 0x57, 0x15, 0xfb, 0x0f, 0xf1, 0x37, 0xf7, 0x2d, 0xf7,
  0x2b, 0xf2, 0xdf, 0xf7, 0x0e, 0xe5, 0x55, 0xd3, 0x38, 0xa5, 0x1e, 0xd1,
  0xa6, 0xb4, 0xc6, 0xd6, 0x1a, 0xf7, 0x03, 0x2f, 0xd6, 0xfb, 0x1c, 0xfb,
  0x1d, 0x2e, 0x40, 0xfb, 0x02, 0x41, 0xb3, 0x50, 0xd3, 0x6e, 0x1e, 0x37,
  0xb1, 0x1d, 0xec, 0xed, 0xc9, 0x5b, 0x3e, 0x3c, 0x4d, 0x58, 0x29, 0x2a,
  0x4b, 0xc0, 0xda, 0x1e, 0x74, 0xfb, 0xe9, 0x15, 0xe3, 0xd3, 0xc4, 0xf7,
  0x04, 0xf7, 0x04, 0xd3, 0x52, 0x33, 0x32, 0x42, 0x50, 0xfb, 0x02, 0xfb,
  0x02, 0x40, 0xc6, 0xe4, 0x1e, 0x0e, 0xc1, 0xf8, 0x83, 0xf7, 0x86, 0x15,
  0xcf, 0xe6, 0xa2, 0xc5, 0xde, 0x1a, 0xf7, 0x24, 0xfb, 0x05, 0xf7, 0x03,
  0xfb, 0x24, 0xfb, 0x24, 0x8f, 0x0a, 0xab, 0x92, 0x9d, 0xad, 0x1e, 0xfb,
  0x52, 0xfb, 0x8f, 0x93, 0x0a, 0xfb, 0x00, 0x20, 0x40, 0xd9, 0xf7, 0x00,
  0xf7, 0x01, 0xd6, 0xda, 0xf6, 0xf7, 0x00, 0xd7, 0x3c, 0xfb, 0x01, 0x1e,
  0x0e, 0xfb, 0x52, 0xaa, 0xf7, 0x07, 0x15, 0xfb, 0x1a, 0xcd, 0x32, 0xf7,
  0x03, 0xf7, 0x01, 0xcf, 0xe4, 0xf7, 0x1a, 0xf7, 0x1b, 0xa3, 0x0a, 0xfb,
  0x1b, 0x1e, 0xc2, 0x16, 0xf7, 0x01, 0xb7, 0xcd, 0xd9, 0xd8, 0xb7, 0x49,
  0xfb, 0x01, 0x20, 0x5f, 0x49, 0x3e, 0x3d, 0x5f, 0xcd, 0xf6, 0x1e, 0x0e,
  0xfc, 0x18, 0xf7, 0x08, 0xf7, 0xae, 0x94, 0x0a, 0xfb, 0x9a, 0xf7, 0xd2,
  0x27, 0x76, 0x1d, 0xfb, 0x98, 0xf7, 0x22, 0xf7, 0x10, 0x6f, 0x1d, 0xfb,
  0x7a, 0xf7, 0xf9, 0x7e, 0x15, 0xbd, 0x57, 0xf7, 0xbc, 0x44, 0x07, 0xfb,
  0x69, 0xfb, 0xbb, 0x05, 0x58, 0xf7, 0x7b, 0x34, 0xc0, 0xe2, 0x07, 0xfb,
  0x71, 0xbd, 0x15, 0xf7, 0x3c, 0xf7, 0x7f, 0x05, 0xfb, 0x7f, 0x07, 0x0e,
  0xfb, 0x91, 0xa1, 0xb3, 0x55, 0x0a, 0xfb, 0x7d, 0xe1, 0xf7, 0x56, 0x72,
  0x1d, 0xfb, 0xb0, 0xf7, 0xc7, 0xf7, 0xae, 0xa3, 0x1d, 0xfb, 0x82, 0xa7,
  0x9c, 0x64, 0x1d, 0xfb, 0x7d, 0xf7, 0xb4, 0xb4, 0x73, 0x1d, 0xfb, 0x97,
  0xa8, 0xf7, 0x3c, 0x95, 0x0a, 0xd3, 0x2f, 0x34, 0x53, 0x46, 0xb5, 0x1d,
  0x59, 0x3d, 0x3e, 0x69, 0x59, 0x4e, 0x50, 0x69, 0xbc, 0xd9, 0x1e, 0x0e,
  0xfc, 0x30, 0xee, 0xf7, 0xb5, 0x15, 0xfb, 0xb5, 0xbc, 0xf7, 0xe3, 0xfb,
  0x14, 0x5d, 0x07, 0x0e, 0xfb, 0xd7, 0xf7, 0x99, 0xa7, 0x1d, 0x5e, 0xb6,
  0x45, 0x46, 0x5b, 0x9c, 0x0a, 0xa4, 0x71, 0x62, 0x67, 0x79, 0x6e, 0x5b,
  0x63, 0x1e, 0xfb, 0x01, 0x33, 0x05, 0x68, 0x07, 0x0e, 0xfb, 0xde, 0xa0,
  0xf5, 0x15, 0x47, 0xbc, 0x5f, 0xce, 0xd1, 0xba, 0xb5, 0xcf, 0xc6, 0x62,
  0xb1, 0x53, 0x91, 0x1e, 0xe5, 0xde, 0x5c, 0x1d, 0x35, 0x05, 0x6a, 0xa6,
  0x07, 0xc2, 0xa9, 0x71, 0x5f, 0x66, 0x72, 0x74, 0x62, 0x62, 0x72, 0xa4,
  0xb4, 0x1f, 0x0e, 0xfb, 0xc4, 0xf7, 0x4f, 0x69, 0x0a, 0xfb, 0xcf, 0xf7,
  0x24, 0x86, 0x15, 0xd3, 0xbd, 0xbc, 0xd0, 0xca, 0x60, 0xbe, 0x85, 0x1d,
  0x60, 0x6f, 0x6e, 0x60, 0x61, 0x6f, 0xa5, 0xb6, 0x1f, 0x58, 0x06, 0x45,
  0xbf, 0x5e, 0xcf, 0x1e, 0x0e, 0xfb, 0xbe, 0xd2, 0xf7, 0x7b, 0x15, 0x6b,
  0x60, 0x81, 0x6f, 0x61, 0x1a, 0x46, 0xc2, 0x55, 0xd2, 0xd1, 0xc1, 0xc0,
  0xd1, 0xcf, 0x59, 0xbc, 0x45, 0x7f, 0x81, 0x89, 0x87, 0x80, 0x1e, 0xdc,
  0xf5, 0x05, 0x50, 0x06, 0x46, 0xfb, 0x6e, 0x15, 0xb6, 0xaa, 0xaa, 0xb8,
  0xb6, 0xaa, 0x6c, 0x60, 0x5e, 0x6d, 0x6c, 0x5f, 0x5e, 0x6c, 0xaa, 0xb8,
  0x1e, 0x0e, 0xfb, 0xf1, 0xf7, 0x57, 0xf7, 0xb4, 0x9e, 0x1d, 0x0e, 0xfb,
  0xca, 0xa6, 0xe6, 0x15, 0x50, 0xbd, 0x66, 0xd2, 0xd3, 0xbc, 0x90, 0x0a,
  0xaa, 0x97, 0x9e, 0x51, 0x0a, 0xfb, 0xbe, 0xf7, 0x81, 0xf3, 0x15, 0xab,
  0xb6, 0x95, 0xa6, 0xb6, 0x1a, 0xd0, 0x54, 0xc1, 0x44, 0x45, 0x55, 0x56,
  0x45, 0x47, 0xbe, 0x5a, 0xd0, 0x97, 0x95, 0x8d, 0x8f, 0x96, 0x1e, 0x3a,
  0x21, 0x05, 0xc6, 0x06, 0xd0, 0xf7, 0x6e, 0x15, 0x60, 0x6c, 0x6c, 0x5e,
  0x60, 0x6c, 0xaa, 0xb6, 0xb7, 0xa9, 0xab, 0xb7, 0xb8, 0xaa, 0x6c, 0x5e,
  0x1e, 0x0e, 0xfb, 0x97, 0xa8, 0xf8, 0xb9, 0x95, 0x0a, 0xd4, 0x2f, 0x34,
  0x53, 0x45, 0xb5, 0x1d, 0x5a, 0x3c, 0x3f, 0x69, 0x58, 0x4e, 0x50, 0x69,
  0xbd, 0xd8, 0x1e, 0x0e, 0xfc, 0x30, 0x92, 0x1d, 0x0e, 0xfb, 0xd7, 0xf7,
  0x99, 0xf8, 0x11, 0x15, 0xb9, 0xfb, 0x28, 0x07, 0xc3, 0xb9, 0x05, 0xc9,
  0xbe, 0xa2, 0xb0, 0xbd, 0x1a, 0xce, 0x5e, 0xb7, 0x45, 0x46, 0x5b, 0x5d,
  0x49, 0x1e, 0xbd, 0x06, 0xb4, 0xa5, 0xa4, 0xb3, 0xb3, 0xa4, 0x72, 0x61,
  0x67, 0x79, 0x6f, 0x5b, 0x63, 0x1e, 0xfb, 0x01, 0x33, 0x05, 0x67, 0x07,
  0x0e, 0xfb, 0xde, 0xa0, 0xf8, 0x7b, 0x15, 0x47, 0xbc, 0x5f, 0xce, 0xd1,
  0xba, 0xb6, 0xcf, 0xc5, 0x63, 0xb2, 0x53, 0x91, 0x1e, 0xe4, 0xdd, 0x5c,
  0x1d, 0x36, 0x05, 0x69, 0xa6, 0x07, 0xc2, 0xa9, 0x71, 0x60, 0x66, 0x72,
  0x73, 0x62, 0x62, 0x72, 0xa5, 0xb3, 0x1f, 0x0e, 0xfb, 0xc4, 0xf7, 0x4f,
  0xf8, 0x55, 0x15, 0x47, 0xbb, 0xcf, 0xb5, 0xb8, 0x61, 0xf7, 0x72, 0x4f,
  0x07, 0xfb, 0x34, 0xfb, 0x74, 0x05, 0x60, 0x07, 0xc2, 0xb8, 0x15, 0xf7,
  0x09, 0xf7, 0x37, 0x05, 0xfb, 0x37, 0x07, 0x0e, 0xfb, 0xcf, 0x52, 0x0a,
  0x0e, 0xfb, 0xbe, 0xd2, 0xf8, 0xf8, 0x15, 0x6b, 0x60, 0x81, 0x70, 0x60,
  0x1a, 0x46, 0xc2, 0x55, 0xd2, 0xd1, 0xc1, 0xc0, 0xd1, 0xd0, 0x59, 0xbb,
  0x45, 0x7f, 0x80, 0x89, 0x87, 0x81, 0x1e, 0xdc, 0xf5, 0x05, 0x50, 0x06,
  0x46, 0xfb, 0x6d, 0x15, 0xb6, 0xaa, 0xa9, 0xb8, 0xb6, 0xaa, 0x6d, 0x60,
  0x5e, 0x6d, 0x6b, 0x5f, 0x5e, 0x6c, 0xaa, 0xb9, 0x1e, 0x0e, 0xfb, 0xf1,
  0x95, 0x1d, 0x0e, 0xfb, 0xca, 0xa6, 0xf8, 0x6d, 0x15, 0x50, 0xbd, 0x65,
  0xd2, 0xd3, 0xbc, 0xb1, 0xc6, 0xb3, 0x73, 0xad, 0x64, 0x98, 0x1e, 0xa9,
  0x96, 0x9e, 0xa8, 0xad, 0x1a, 0xc2, 0x5e, 0xac, 0x4d, 0x4d, 0x5e, 0x69,
  0x55, 0x69, 0x9e, 0x6f, 0xa9, 0x7f, 0x1e, 0x64, 0x7e, 0x73, 0x6a, 0x62,
  0x1a, 0xc6, 0xf7, 0x30, 0x15, 0xaa, 0xa5, 0x9d, 0xaf, 0xaf, 0xa5, 0x79,
  0x6c, 0x6e, 0x73, 0x77, 0x65, 0x63, 0x75, 0x9f, 0xa8, 0x1e, 0x83, 0xfb,
  0x2a, 0x45, 0x0a, 0x66, 0x6d, 0x76, 0x62, 0x63, 0x6d, 0x9f, 0xb1, 0x1e,
  0x0e, 0xfb, 0xbe, 0xf7, 0x81, 0xf8, 0x7a, 0x15, 0xab, 0xb6, 0x95, 0xa6,
  0xb5, 0x1a, 0xd0, 0x54, 0xc2, 0x44, 0x45, 0x55, 0x56, 0x44, 0x47, 0xbe,
  0x5b, 0xd0, 0x97, 0x96, 0x8d, 0x8f, 0x95, 0x1e, 0x3a, 0x20, 0x05, 0xc6,
  0x06, 0xd0, 0xf7, 0x6e, 0x15, 0x60, 0x6c, 0x6c, 0x5e, 0x60, 0x6c, 0xaa,
  0xb6, 0xb8, 0xa9, 0xab, 0xb7, 0xb8, 0xaa, 0x6c, 0x5d, 0x1e, 0x0e, 0xfb,
  0x53, 0xaa, 0xf8, 0xae, 0x15, 0xfb, 0x1a, 0xcd, 0x31, 0xf7, 0x03, 0xf7,
  0x01, 0xcf, 0xe5, 0xf7, 0x1a, 0xf7, 0x1a, 0xa3, 0x0a, 0xfb, 0x1a, 0x1e,
  0xc2, 0x16, 0xf7, 0x00, 0xb7, 0xcd, 0xd9, 0xd8, 0xb7, 0x49, 0xfb, 0x00,
  0xfb, 0x00, 0x5f, 0x49, 0x3e, 0x3d, 0x5f, 0xcd, 0xf7, 0x00, 0x1e, 0x0e,
  0xfc, 0x18, 0xf7, 0x08, 0xf9, 0x5c, 0x94, 0x0a, 0xfb, 0x9a, 0xf7, 0xd2,
  0xf7, 0xde, 0x76, 0x1d, 0xfb, 0x98, 0xf7, 0x22, 0xf8, 0xbe, 0x6f, 0x1d,
  0xfb, 0x7e, 0xf7, 0xf9, 0xf8, 0x35, 0x15, 0xbd, 0x57, 0xf7, 0xbc, 0x44,
  0x07, 0xfb, 0x69, 0xfb, 0xbb, 0x05, 0x58, 0xf7, 0x7b, 0x34, 0xc0, 0xe2,
  0x07, 0xfb, 0x71, 0xbd, 0x15, 0xf7, 0x3c, 0xf7, 0x7f, 0x05, 0xfb, 0x7f,
  0x07, 0x0e, 0xfb, 0x91, 0xa1, 0xf8, 0x6a, 0x55, 0x0a, 0xfb, 0x7d, 0xe1,
  0xf9, 0x04, 0x72, 0x1d, 0xfb, 0xb0, 0xf7, 0xc7, 0xf9, 0x5c, 0xa3, 0x1d,
  0xfb, 0x82, 0xa7, 0xf8, 0x53, 0x64, 0x1d, 0xfb, 0x7d, 0xf7, 0xb4, 0xf8,
  0x6b, 0x73, 0x1d, 0xfc, 0x7d, 0xf7, 0xd4, 0xf9, 0x5a, 0x32, 0x1d, 0x0e,
  0xa7, 0x4f, 0x1d, 0xf8, 0x9a, 0xa7, 0x1d, 0x5d, 0xb6, 0x46, 0x45, 0x5c,
  0x9c, 0x0a, 0xa3, 0x71, 0x62, 0x67, 0x7a, 0x6e, 0x5b, 0x63, 0x1e, 0xfb,
  0x01, 0x33, 0x05, 0x68, 0x07, 0x0e, 0x88, 0x4f, 0x1d, 0xf8, 0x1e, 0x7e,
  0x0a, 0xc1, 0xb8, 0x15, 0xf7, 0x0a, 0xf7, 0x39, 0x05, 0xfb, 0x39, 0x07,
  0x0e, 0xb2, 0x6e, 0x1d, 0xf8, 0x1e, 0x69, 0x0a, 0xb4, 0x4f, 0x1d, 0xf7,
  0xb0, 0xe6, 0x15, 0x50, 0xbc, 0x66, 0xd3, 0x4e, 0x0a, 0xde, 0x6e, 0x1d,
  0xf7, 0xb0, 0xe6, 0x15, 0x50, 0xbd, 0x66, 0xd2, 0xd2, 0xbd, 0x90, 0x0a,
  0xa9, 0x97, 0x9f, 0x51, 0x0a, 0xed, 0x52, 0x0a, 0xf8, 0x67, 0xf7, 0xe2,
  0x15, 0x4b, 0x06, 0xfc, 0x60, 0xfd, 0x5a, 0x05, 0xca, 0x06, 0xf7, 0xb0,
  0xe6, 0x15, 0x50, 0xbd, 0x66, 0xd2, 0xd3, 0xbc, 0xa6, 0x0a, 0x64, 0x97,
  0x1e, 0xa9, 0x97, 0x9e, 0xa7, 0xae, 0x1a, 0xc1, 0x5e, 0xac, 0x4e, 0x4d,
  0x5e, 0x69, 0x56, 0x69, 0x9e, 0x6f, 0xa8, 0x7e, 0x1e, 0x65, 0x7e, 0x72,
  0xa5, 0x1d, 0x74, 0x77, 0x64, 0x63, 0x75, 0xa0, 0xa8, 0x1e, 0x83, 0xfb,
  0x2b, 0x45, 0x0a, 0x67, 0x6d, 0x76, 0x62, 0x64, 0x6c, 0x9f, 0xb0, 0x1e,
  0x0e, 0xa3, 0x95, 0x1d, 0xf8, 0xa1, 0xb4, 0x32, 0x1d, 0xf7, 0xb0, 0xe6,
  0x15, 0x50, 0xbd, 0x66, 0xd2, 0x4e, 0x0a, 0xfb, 0x5f, 0xe7, 0xf8, 0xcd,
  0x15, 0xa8, 0x80, 0xa4, 0x85, 0xa9, 0x87, 0x79, 0x7a, 0x79, 0x79, 0x76,
  0x6c, 0x66, 0x55, 0x18, 0xb2, 0x70, 0xb2, 0xc0, 0xa1, 0xaa, 0x96, 0xa1,
  0x92, 0xa2, 0x19, 0x94, 0x75, 0x97, 0x73, 0xa0, 0x6d, 0xb1, 0x56, 0x18,
  0xb2, 0xa6, 0x66, 0xc1, 0x75, 0xaa, 0x7d, 0x9c, 0x77, 0x9d, 0x19, 0xa2,
  0x8e, 0xa6, 0x91, 0xad, 0x97, 0xcb, 0xa1, 0x18, 0x78, 0xb8, 0x4e, 0x75,
  0x68, 0x7f, 0x76, 0x7f, 0x75, 0x7e, 0x19, 0x90, 0xa3, 0x8f, 0xa5, 0xaf,
  0x1a, 0xce, 0x5c, 0x48, 0x07, 0x67, 0x8e, 0x72, 0x91, 0x72, 0x1e, 0x75,
  0x99, 0x75, 0x96, 0x67, 0x97, 0x4e, 0xa0, 0x18, 0x7a, 0x5f, 0x05, 0x0e,
  0xf7, 0xa4, 0xf7, 0xdd, 0xf8, 0xd1, 0x15, 0xae, 0x7f, 0xa6, 0x86, 0xa2,
  0x88, 0x79, 0x7a, 0x7a, 0x78, 0x75, 0x6d, 0x65, 0x55, 0x18, 0xb3, 0x6f,
  0xb1, 0xc1, 0xa0, 0xa8, 0x97, 0xa2, 0x93, 0xa3, 0x19, 0x93, 0x75, 0x97,
  0x73, 0xa1, 0x6d, 0xb0, 0x55, 0x18, 0xb2, 0xa7, 0x66, 0xc1, 0x75, 0xaa,
  0x7d, 0x9c, 0x77, 0x9d, 0x19, 0xa3, 0x8e, 0xa5, 0x90, 0xad, 0x97, 0xca,
  0xa2, 0x18, 0x7a, 0xb7, 0x4e, 0x76, 0x67, 0x7e, 0x7a, 0x82, 0x71, 0x7b,
  0x19, 0x91, 0xa4, 0x8d, 0xa4, 0xb0, 0x1a, 0xcd, 0x5c, 0x49, 0x07, 0x66,
  0x8f, 0x73, 0x90, 0x71, 0x1e, 0x76, 0x99, 0x75, 0x97, 0x68, 0x97, 0x4f,
  0x9f, 0x18, 0x79, 0x60, 0x05, 0xfb, 0x42, 0xfc, 0x27, 0x15, 0xaf, 0x7e,
  0xa5, 0x88, 0xa1, 0x88, 0x79, 0x79, 0x7a, 0x78, 0x75, 0x6d, 0x66, 0x55,
  0x18, 0xb1, 0x70, 0xb3, 0xc0, 0xa0, 0xa9, 0x96, 0xa2, 0x92, 0xae, 0x1d,
  0x67, 0xc1, 0x74, 0xaa, 0x7e, 0x99, 0x76, 0xa1, 0x19, 0xa3, 0x8e, 0xa6,
  0x90, 0xad, 0x97, 0xca, 0xa1, 0x18, 0x79, 0xb8, 0x4e, 0x76, 0x68, 0x7e,
  0x75, 0x80, 0x76, 0x9d, 0x0a, 0x5c, 0x8e, 0x0a, 0x4e, 0xa0, 0x18, 0x79,
  0x5e, 0x05, 0xf8, 0xae, 0x74, 0x15, 0xaf, 0x7e, 0xa5, 0x88, 0xa1, 0x88,
  0x78, 0x79, 0x7a, 0x78, 0x76, 0x6d, 0x65, 0x55, 0x18, 0xb2, 0x70, 0xb2,
  0xc0, 0xa0, 0xa9, 0x96, 0xa2, 0x93, 0xae, 0x1d, 0x66, 0xc1, 0x75, 0xaa,
  0x7e, 0x99, 0x76, 0xa1, 0x19, 0xa3, 0x8e, 0xa5, 0x90, 0xad, 0x97, 0xcb,
  0xa1, 0x18, 0x79, 0xb8, 0x4d, 0x76, 0x68, 0x7e, 0x77, 0x80, 0x75, 0x9d,
  0x0a, 0x5b, 0x8e, 0x0a, 0x4f, 0x9f, 0x18, 0x79, 0x5f, 0x05, 0x0e, 0xfb,
  0x95, 0xd0, 0xf9, 0x60, 0x15, 0x46, 0x06, 0xf7, 0xac, 0xfd, 0x60, 0x05,
  0xd0, 0x06, 0x0e, 0xfb, 0xdf, 0xf7, 0x1e, 0xf7, 0x3f, 0x15, 0xb9, 0xb3,
  0xb2, 0xb9, 0xbb, 0x64, 0xb2, 0x5c, 0x5b, 0x64, 0x64, 0x5b, 0x5d, 0xb3,
  0x64, 0xba, 0x1f, 0x0e, 0xfb, 0x7a, 0xf7, 0x51, 0xf7, 0x13, 0x15, 0xd5,
  0xc9, 0xca, 0xd4, 0xd5, 0x4d, 0xca, 0x41, 0x3f, 0x4d, 0x4c, 0x41, 0x41,
  0xca, 0x4d, 0xd6, 0x1f, 0x0e, 0xfb, 0xd8, 0x79, 0x0a, 0xfc, 0x13, 0x04,
  0xad, 0xa8, 0xa7, 0xac, 0xad, 0x6e, 0xa8, 0x69, 0x69, 0x6e, 0x6e, 0x69,
  0x6a, 0xa8, 0x6f, 0xad, 0x1f, 0x0e, 0xfb, 0xec, 0xf7, 0x56, 0xad, 0x15,
  0xbd, 0x6c, 0xa8, 0x67, 0x68, 0x73, 0x72, 0x68, 0x69, 0xa3, 0x77, 0xa7,
  0x97, 0x93, 0x8e, 0x8f, 0x91, 0x1e, 0x6f, 0x71, 0x71, 0x67, 0x85, 0x1e,
  0x66, 0x07, 0xc9, 0x94, 0xbb, 0xc1, 0xc9, 0x1a, 0x0e, 0xe1, 0x98, 0x1d,
  0xf7, 0x6b, 0xa0, 0x0a, 0x68, 0x6f, 0x6e, 0x69, 0x6a, 0xa7, 0x6f, 0xae,
  0x1f, 0xf7, 0x6a, 0xa0, 0x0a, 0x69, 0x6f, 0x6e, 0x69, 0x6a, 0xa7, 0x6f,
  0xad, 0x1f, 0x0e, 0xfb, 0xe3, 0xf7, 0x34, 0xf7, 0x6b, 0x15, 0x93, 0xd2,
  0x90, 0xf7, 0x17, 0xf7, 0x16, 0x1a, 0xf7, 0x3d, 0x40, 0xfb, 0x3d, 0x07,
  0xfb, 0x15, 0x8f, 0xfb, 0x18, 0x93, 0x44, 0x1e, 0xa5, 0xfb, 0x79, 0x15,
  0xac, 0xa8, 0xa8, 0xad, 0xad, 0x6e, 0xa7, 0x6a, 0x68, 0x6f, 0x6f, 0x69,
  0x69, 0xa7, 0x6e, 0xae, 0x1f, 0x0e, 0xfb, 0xe3, 0xf7, 0x1c, 0xf9, 0x6e,
  0x15, 0xc5, 0x1d, 0xac, 0xa8, 0xa8, 0xad, 0xad, 0x6e, 0xa7, 0x6a, 0x1f,
  0x71, 0xfb, 0x78, 0x15, 0x83, 0x43, 0x87, 0xfb, 0x17, 0xfb, 0x16, 0x1a,
  0xfb, 0x3d, 0xd6, 0xf7, 0x3d, 0x07, 0xf7, 0x17, 0x86, 0xf7, 0x17, 0x83,
  0xd2, 0x1e, 0x0e, 0xd0, 0xc7, 0xf7, 0xa8, 0x15, 0x7e, 0x4a, 0x05, 0xf4,
  0x4a, 0x0a, 0xd0, 0x06, 0xb4, 0xf7, 0x67, 0x05, 0xf7, 0x44, 0x4a, 0x0a,
  0xd0, 0x06, 0xb5, 0xf7, 0x67, 0x05, 0xf7, 0x03, 0x06, 0x97, 0xcc, 0x05,
  0xfb, 0x03, 0x06, 0xac, 0xf7, 0x38, 0x05, 0xf4, 0x06, 0x98, 0xcc, 0x05,
  0x21, 0x06, 0xb5, 0xf7, 0x67, 0x05, 0x46, 0x06, 0x61, 0xfb, 0x67, 0x05,
  0xfb, 0x43, 0x06, 0xb4, 0xf7, 0x67, 0x05, 0x47, 0x4a, 0x0a, 0xfb, 0x0e,
  0x06, 0x7f, 0x4a, 0x05, 0xf7, 0x0e, 0x06, 0x6a, 0xfb, 0x38, 0x05, 0xd0,
  0x16, 0xab, 0xf7, 0x38, 0x05, 0xf7, 0x44, 0x06, 0x6a, 0xfb, 0x38, 0x05,
  0x0e, 0xfb, 0xec, 0x98, 0x1d, 0x0e, 0x30, 0xf7, 0x9d, 0xf7, 0x38, 0x15,
  0xa5, 0x07, 0xc0, 0xae, 0xac, 0xc3, 0xb3, 0x1e, 0xc6, 0xb7, 0xcd, 0xbe,
  0xf2, 0x1a, 0xf7, 0x0e, 0x36, 0xe8, 0xfb, 0x1d, 0xfb, 0x12, 0x28, 0x2a,
  0xfb, 0x11, 0x1e, 0xd1, 0x06, 0xe2, 0xcf, 0xd0, 0xe2, 0xe7, 0xc6, 0x49,
  0x36, 0x42, 0x5a, 0x62, 0x57, 0x63, 0x1e, 0x53, 0x61, 0x56, 0x5f, 0x39,
  0x1a, 0x71, 0x07, 0xb0, 0xfb, 0x46, 0x15, 0xad, 0xa7, 0xa8, 0xad, 0xad,
  0x6f, 0xa7, 0x69, 0xc5, 0x1d, 0x1f, 0x0e, 0x30, 0xf7, 0xaa, 0xf9, 0x6e,
  0x15, 0x6a, 0x6e, 0x6e, 0x69, 0x69, 0xa8, 0x6f, 0xac, 0xae, 0xa8, 0xa7,
  0xad, 0xad, 0x6e, 0xa8, 0x68, 0x1f, 0x6f, 0xfb, 0x46, 0x15, 0x70, 0x07,
  0x56, 0x68, 0x6b, 0x54, 0x63, 0x1e, 0x4f, 0x5f, 0x49, 0x58, 0x23, 0x1a,
  0xfb, 0x0e, 0xe0, 0x2f, 0xf7, 0x1d, 0xf7, 0x12, 0xee, 0xeb, 0xf7, 0x12,
  0x1e, 0x45, 0x06, 0x33, 0x47, 0x47, 0x35, 0x2e, 0x50, 0xcd, 0xe0, 0xd4,
  0xbd, 0xb3, 0xbf, 0xb3, 0x1e, 0xc3, 0xb6, 0xbf, 0xb7, 0xdc, 0x1a, 0xa6,
  0x07, 0x0e, 0xfb, 0xb5, 0x76, 0x0a, 0xf7, 0x34, 0xf7, 0x5b, 0x9b, 0x1d,
  0x0e, 0xfc, 0x42, 0x76, 0x0a, 0x0e, 0xfb, 0xd8, 0x79, 0x0a, 0xca, 0xfb,
  0xe6, 0x15, 0xbd, 0x6c, 0xa8, 0x67, 0x68, 0x73, 0x72, 0x68, 0x69, 0xa3,
  0x77, 0xa7, 0x97, 0x93, 0x8e, 0x8f, 0x91, 0x1e, 0x6f, 0x71, 0x71, 0x67,
  0x85, 0x1e, 0x66, 0x07, 0xc9, 0x94, 0xbb, 0xc1, 0xc9, 0x1a, 0x0e, 0xfb,
  0x95, 0xcf, 0x16, 0xf7, 0xad, 0xf9, 0x60, 0x05, 0x45, 0x06, 0xfb, 0xab,
  0xfd, 0x60, 0x05, 0x0e, 0x33, 0xc7, 0x3d, 0x15, 0xf8, 0x22, 0xc6, 0xfc,
  0x22, 0x06, 0x0e, 0xfb, 0xce, 0xb8, 0xf7, 0xdf, 0x15, 0xce, 0x9f, 0x6d,
  0x63, 0x1f, 0xfb, 0x76, 0x07, 0x53, 0xb0, 0x65, 0xc9, 0x1e, 0xc3, 0xc3,
  0x59, 0x06, 0x71, 0x7b, 0x9d, 0xa5, 0x1f, 0xf7, 0x74, 0x07, 0xbc, 0x79,
  0xaa, 0x5c, 0x9b, 0x1e, 0xba, 0x99, 0x9d, 0xaa, 0xbc, 0x1a, 0xf7, 0x74,
  0x07, 0xa5, 0x9b, 0x9d, 0xa5, 0x1e, 0xbd, 0xc3, 0x53, 0x06, 0x4d, 0x66,
  0x65, 0x53, 0x1f, 0xfb, 0x76, 0x07, 0x63, 0x77, 0x6e, 0x48, 0x1e, 0x0e,
  0xfb, 0xce, 0xc8, 0x50, 0x15, 0xc8, 0xb1, 0xb1, 0xc3, 0x1f, 0xf7, 0x76,
  0x07, 0xb3, 0x9f, 0xa9, 0xce, 0x1e, 0xc6, 0x07, 0x48, 0x77, 0xa8, 0xb3,
  0x1f, 0xf7, 0x76, 0x07, 0xc3, 0x65, 0xb1, 0x4e, 0x1e, 0x53, 0x53, 0xbc,
  0x06, 0xa6, 0x9b, 0x79, 0x71, 0x1f, 0xfb, 0x74, 0x07, 0x5a, 0x9c, 0x6c,
  0xba, 0x7d, 0x1e, 0x5c, 0x7b, 0x7a, 0x6c, 0x5a, 0x1a, 0xfb, 0x74, 0x07,
  0x71, 0x7b, 0x79, 0x70, 0x1e, 0x5a, 0x53, 0x06, 0x0e, 0xfb, 0xf3, 0xf7,
  0x07, 0x88, 0x15, 0xf9, 0x6a, 0xf7, 0x1b, 0xc3, 0xfb, 0x5a, 0xfd, 0xda,
  0xf7, 0x5a, 0xc3, 0x07, 0x0e, 0xfb, 0xf3, 0x90, 0x50, 0x15, 0xf7, 0x5a,
  0xf9, 0xda, 0xfb, 0x5a, 0x53, 0xf7, 0x1b, 0xfd, 0x6a, 0xfb, 0x1b, 0x06,
  0x0e, 0xfb, 0xf4, 0xf7, 0x92, 0xfb, 0x31, 0x15, 0x3c, 0xf7, 0x02, 0x57,
  0xf7, 0x3f, 0xf7, 0x44, 0x1a, 0xf7, 0x48, 0xc1, 0xf7, 0x3c, 0xd8, 0xf7,
  0x00, 0x1e, 0x4c, 0x06, 0x35, 0xfb, 0x0b, 0x56, 0xfb, 0x40, 0xfb, 0x39,
  0x1a, 0xfb, 0x40, 0xc2, 0xfb, 0x3e, 0xdf, 0xfb, 0x07, 0x1e, 0x0e, 0xfb,
  0xf4, 0xca, 0xfb, 0x31, 0x15, 0xdf, 0xf7, 0x07, 0xc2, 0xf7, 0x3e, 0xf7,
  0x40, 0x1a, 0xf7, 0x39, 0x57, 0xf7, 0x40, 0x34, 0xf7, 0x0b, 0x1e, 0x4c,
  0x06, 0xd8, 0xfb, 0x00, 0xc2, 0xfb, 0x3c, 0xfb, 0x48, 0x1a, 0xfb, 0x44,
  0x56, 0xfb, 0x3f, 0x3c, 0xfb, 0x02, 0x1e, 0x0e, 0xf8, 0xa8, 0xcd, 0xf7,
  0x7c, 0x15, 0xfa, 0x82, 0xc8, 0xfe, 0x82, 0x06, 0x0e, 0xf7, 0xd5, 0xcd,
  0xf7, 0x7c, 0x15, 0xf9, 0xaf, 0xc8, 0xfd, 0xaf, 0x06, 0x0e, 0xfb, 0x50,
  0xcb, 0xf7, 0x7c, 0x15, 0xf7, 0xb6, 0xc9, 0xfb, 0xb6, 0x06, 0x0e, 0x7f,
  0x7c, 0x0a, 0xf8, 0x45, 0xfb, 0x86, 0x15, 0xdc, 0x06, 0xfb, 0x68, 0xf7,
  0x86, 0xf7, 0x68, 0x5f, 0x1d, 0xfb, 0x68, 0xfb, 0x86, 0x05, 0x0e, 0x7f,
  0x75, 0x0a, 0xf7, 0xc2, 0x97, 0x1d, 0x0e, 0xfb, 0x7d, 0x7c, 0x0a, 0x0e,
  0xfb, 0x7d, 0x75, 0x0a, 0x0e, 0xfb, 0x5b, 0x62, 0x0a, 0xf7, 0x36, 0x16,
  0xbc, 0x6d, 0xa7, 0x68, 0x68, 0x73, 0x72, 0x6a, 0x68, 0xc0, 0x1d, 0x6f,
  0x71, 0x71, 0x68, 0x85, 0x97, 0x0a, 0xfb, 0x5b, 0x5f, 0x0a, 0xf7, 0x36,
  0x16, 0xae, 0x74, 0x9e, 0x71, 0x7f, 0x82, 0x89, 0x87, 0x85, 0x1e, 0xa7,
  0xa5, 0xa4, 0xae, 0x92, 0x1e, 0xb0, 0x07, 0x4d, 0x81, 0x5c, 0x56, 0x4d,
  0x1a, 0x59, 0xaa, 0x6f, 0xad, 0xae, 0xa3, 0xa4, 0xac, 0x1e, 0x0e, 0xfb,
  0x5b, 0x61, 0x0a, 0xf7, 0x36, 0x16, 0xbc, 0x6d, 0xa8, 0x68, 0x68, 0x73,
  0x72, 0x69, 0x69, 0xc0, 0x1d, 0x6e, 0x71, 0x72, 0x68, 0x84, 0x97, 0x0a,
  0xfb, 0xfd, 0x5f, 0x0a, 0x0e, 0xfb, 0xfd, 0x61, 0x0a, 0x0e, 0xfb, 0xfd,
  0x62, 0x0a, 0x0e, 0xfb, 0xdd, 0x0e, 0x53, 0xf7, 0x93, 0x8a, 0x15, 0xc9,
  0xf6, 0x06, 0xf0, 0x95, 0xcf, 0xc9, 0x9f, 0xe6, 0x08, 0x45, 0x06, 0x4d,
  0x77, 0x5b, 0x65, 0x3b, 0x1b, 0x28, 0x44, 0xd6, 0xf7, 0x05, 0xf7, 0x08,
  0xd0, 0xd5, 0xed, 0xd6, 0xc3, 0x68, 0x48, 0x9d, 0x1f, 0xd2, 0x06, 0x79,
  0xe5, 0x47, 0xc9, 0x25, 0x96, 0x08, 0xf7, 0x00, 0x4d, 0xfb, 0x00, 0x07,
  0xfb, 0x11, 0x7e, 0x39, 0x27, 0xfb, 0x1f, 0x1a, 0xfb, 0x1e, 0xe1, 0x2b,
  0xf7, 0x0d, 0x7c, 0x1e, 0x0e, 0xa1, 0xf8, 0xa5, 0xea, 0x15, 0xba, 0xba,
  0x3d, 0xd8, 0x05, 0xa7, 0xb0, 0x9b, 0xba, 0xbd, 0x1a, 0xbe, 0x7a, 0xbb,
  0x6f, 0xb1, 0x1e, 0xda, 0xd8, 0x5c, 0xba, 0x3d, 0x3e, 0x05, 0xa7, 0x65,
  0x5b, 0x9c, 0x57, 0x1b, 0x58, 0x5c, 0x7a, 0x6f, 0x65, 0x1f, 0x3d, 0xd8,
  0x5c, 0x5c, 0xda, 0x3e, 0x05, 0x6f, 0x65, 0x7a, 0x5b, 0x58, 0x1a, 0x59,
  0x9c, 0x5c, 0xa6, 0x66, 0x1e, 0x3d, 0x3e, 0xba, 0x5c, 0xd9, 0xd8, 0x05,
  0x6e, 0xb1, 0xba, 0x7a, 0xbe, 0x1b, 0xbf, 0xbb, 0x9c, 0xa8, 0xb1, 0x1f,
  0xa5, 0xf7, 0x49, 0x15, 0x33, 0x41, 0x42, 0x31, 0x33, 0x41, 0xd4, 0xe3,
  0xe5, 0xd4, 0xd5, 0xe4, 0xe6, 0xd4, 0x41, 0x31, 0x1e, 0x0e, 0x60, 0xf7,
  0x92, 0x28, 0x15, 0xc0, 0xe3, 0x06, 0xf7, 0x17, 0x95, 0xde, 0xd8, 0xf7,
  0x07, 0x1a, 0xeb, 0x52, 0xca, 0xfb, 0x05, 0xa7, 0x1e, 0x5f, 0x96, 0x05,
  0xf7, 0xa7, 0x07, 0xd8, 0x83, 0xb9, 0x5f, 0x92, 0x40, 0x08, 0xd3, 0x06,
  0x81, 0xf7, 0x05, 0x3f, 0xd1, 0xfb, 0x08, 0x93, 0x08, 0xe2, 0x56, 0x34,
  0x07, 0xfb, 0x13, 0x81, 0x38, 0x3e, 0xfb, 0x03, 0x1a, 0x29, 0xc6, 0x4c,
  0xf7, 0x04, 0x70, 0x1e, 0xb2, 0x81, 0x05, 0xfb, 0xaa, 0x07, 0x35, 0x92,
  0x54, 0xba, 0x87, 0xd1, 0x08, 0x41, 0x06, 0x93, 0xfb, 0x02, 0xe0, 0x43,
  0xf7, 0x12, 0x84, 0x08, 0x71, 0xf8, 0x37, 0x15, 0x3f, 0x9e, 0x66, 0xb4,
  0xca, 0x1a, 0xd4, 0xc1, 0xbd, 0xe0, 0x94, 0x1e, 0xfb, 0x99, 0x07, 0xdd,
  0x31, 0x15, 0xd8, 0x79, 0xb0, 0x61, 0x4a, 0x1a, 0x41, 0x54, 0x59, 0x33,
  0x82, 0x1e, 0xf7, 0x9d, 0x07, 0x0e, 0xbc, 0xf8, 0x64, 0x7f, 0x15, 0xb8,
  0xbc, 0x92, 0x97, 0xb5, 0x1f, 0xd0, 0x07, 0x7f, 0x66, 0x59, 0x82, 0x5e,
  0x1b, 0xfb, 0x25, 0xfb, 0x00, 0xd5, 0xf7, 0x16, 0x68, 0x1f, 0xf7, 0xc1,
  0xc4, 0xfb, 0xcb, 0x06, 0x8a, 0x99, 0x8a, 0x99, 0x99, 0x1a, 0x9b, 0x8c,
  0x9a, 0x8c, 0x99, 0x1e, 0xf7, 0xcb, 0xc4, 0xfb, 0xc0, 0x06, 0xf7, 0x13,
  0xaf, 0xf4, 0xd4, 0xf7, 0x26, 0x1b, 0xb4, 0xc0, 0x84, 0x7f, 0xaf, 0x1f,
  0xcf, 0x07, 0x97, 0x69, 0x58, 0x92, 0x5e, 0x1b, 0xfb, 0x4d, 0xfb, 0x1c,
  0x25, 0xfb, 0x3a, 0x64, 0x1f, 0x3b, 0x52, 0xd2, 0x06, 0x8a, 0x7c, 0x8a,
  0x7c, 0x7c, 0x1a, 0x7d, 0x8c, 0x7d, 0x8c, 0x7d, 0x1e, 0x44, 0x52, 0xdb,
  0x06, 0xfb, 0x3f, 0xb1, 0xf7, 0x1f, 0x27, 0xf7, 0x47, 0x1b, 0x0e, 0x5a,
  0xd4, 0xf8, 0x26, 0x15, 0x4a, 0xf7, 0x3e, 0x07, 0x5a, 0xfb, 0xef, 0x05,
  0x6c, 0x86, 0x74, 0x78, 0x70, 0x1b, 0x2a, 0x49, 0xeb, 0x06, 0xd1, 0xb9,
  0xb1, 0xd4, 0x95, 0x1f, 0xbd, 0xf7, 0xf4, 0x05, 0xf7, 0x4b, 0xcc, 0xfb,
  0x41, 0x06, 0xa7, 0xf7, 0x5b, 0x05, 0xae, 0x90, 0x9f, 0x9c, 0xa9, 0x1b,
  0xe6, 0xcd, 0x37, 0x06, 0x3e, 0x5d, 0x61, 0x41, 0x81, 0x1f, 0x6e, 0xfb,
  0x5d, 0x05, 0x0e, 0x8e, 0xf7, 0xfb, 0x16, 0xf7, 0x1e, 0xd0, 0xd6, 0xf7,
  0x28, 0x1f, 0x46, 0x06, 0xfb, 0x00, 0x63, 0x5a, 0x24, 0x1e, 0xfb, 0x72,
  0x06, 0xc5, 0xa3, 0xb0, 0xce, 0xd1, 0x1a, 0xb1, 0x84, 0xae, 0x81, 0xab,
  0x1e, 0xf7, 0x77, 0xc6, 0xfb, 0x8c, 0x06, 0x7a, 0xb7, 0x7c, 0xb4, 0xb9,
  0x1a, 0xe3, 0xc5, 0xc1, 0xe9, 0xe5, 0xc3, 0x5d, 0x37, 0x93, 0x1e, 0xd5,
  0x06, 0xf7, 0x0e, 0x80, 0x33, 0xd4, 0xfb, 0x13, 0x1b, 0xfb, 0x1b, 0x31,
  0x36, 0xfb, 0x0e, 0x5d, 0x99, 0x60, 0x9a, 0x61, 0x1f, 0x3d, 0x50, 0xef,
  0x06, 0x96, 0x69, 0x94, 0x69, 0x66, 0x1a, 0x3e, 0x59, 0x45, 0x40, 0x7d,
  0x1e, 0x49, 0x07, 0x0e, 0x7e, 0xf7, 0x85, 0xf7, 0xec, 0x15, 0xfb, 0x31,
  0x52, 0xf7, 0x48, 0x42, 0xfb, 0x48, 0x53, 0xf7, 0x48, 0xfb, 0x32, 0xcf,
  0xf7, 0x32, 0xf7, 0x47, 0xc3, 0xfb, 0x47, 0xd4, 0xf7, 0x47, 0xc4, 0xfb,
  0x30, 0x06, 0xf7, 0x6e, 0xf8, 0x08, 0x05, 0x3b, 0x06, 0xfb, 0x57, 0xfb,
  0xf0, 0xfb, 0x59, 0xf7, 0xf0, 0x05, 0x3a, 0x06, 0x0e, 0xc1, 0xdb, 0xf8,
  0x04, 0x15, 0x4d, 0xf7, 0x6f, 0xfb, 0x70, 0xc9, 0xf7, 0x70, 0xf7, 0x6f,
  0xc9, 0xfb, 0x6f, 0xf7, 0x6f, 0x4d, 0xfb, 0x6f, 0x07, 0x0e, 0xc1, 0xdb,
  0xf8, 0x04, 0x15, 0x3d, 0x1d, 0x0e, 0xc1, 0xf7, 0x29, 0xf8, 0xc6, 0x15,
  0x5f, 0x5f, 0xf7, 0x49, 0xfb, 0x49, 0xfb, 0x4a, 0xfb, 0x4a, 0xb7, 0x5f,
  0xf7, 0x4a, 0xf7, 0x4a, 0xf7, 0x4a, 0xfb, 0x4a, 0xb7, 0xb7, 0xfb, 0x4a,
  0xf7, 0x4a, 0xf7, 0x4a, 0xf7, 0x49, 0x5f, 0xb7, 0xfb, 0x4a, 0xfb, 0x49,
  0x05, 0x0e, 0xc1, 0xf7, 0xde, 0xf8, 0x48, 0x80, 0x0a, 0xfb, 0x8e, 0x24,
  0x15, 0x3d, 0x1d, 0xfb, 0x8e, 0xfb, 0xb3, 0x80, 0x0a, 0x0e, 0xc1, 0xdb,
  0xf8, 0x42, 0x15, 0x3d, 0x1d, 0xfc, 0x88, 0xfb, 0x62, 0x15, 0x3d, 0x1d,
  0x0e, 0xc1, 0xf7, 0x25, 0x9e, 0x15, 0xd0, 0x06, 0xd9, 0xf7, 0x23, 0x05,
  0xf7, 0xb4, 0xc9, 0xfb, 0x93, 0x06, 0xda, 0xf7, 0x24, 0x05, 0xf7, 0x44,
  0xc9, 0xfb, 0x23, 0x06, 0xd9, 0xf7, 0x23, 0x05, 0x46, 0x06, 0x3d, 0xfb,
  0x23, 0x05, 0xfb, 0xb4, 0x4d, 0xf7, 0x93, 0x06, 0x3c, 0xfb, 0x24, 0x05,
  0xfb, 0x44, 0x4d, 0xf7, 0x23, 0x06, 0x0e, 0xc1, 0xf8, 0xd8, 0xf7, 0x66,
  0x15, 0xd1, 0x07, 0xfc, 0x88, 0xf7, 0x47, 0x05, 0x46, 0x07, 0xf8, 0x3b,
  0xfb, 0x25, 0xfc, 0x3b, 0xfb, 0x26, 0x05, 0x47, 0x07, 0x0e, 0xc1, 0xf8,
  0xd8, 0xee, 0x15, 0xfc, 0x3b, 0xf7, 0x26, 0xf8, 0x3b, 0xf7, 0x25, 0x05,
  0xd0, 0x07, 0xfc, 0x88, 0xfb, 0x47, 0x05, 0x45, 0x07, 0xf8, 0x88, 0xfb,
  0x47, 0x05, 0x0e, 0xc1, 0xf8, 0xd8, 0xf7, 0xb6, 0x15, 0xd2, 0x07, 0xfc,
  0x88, 0xf7, 0x45, 0x05, 0x46, 0x07, 0xf8, 0x3b, 0xfb, 0x23, 0xfc, 0x3b,
  0xfb, 0x24, 0x05, 0x47, 0x07, 0x57, 0x04, 0x4d, 0xf8, 0x88, 0xc9, 0x07,
  0x0e, 0xc1, 0xf8, 0xd8, 0xf7, 0x4a, 0x15, 0xfc, 0x3b, 0xf7, 0x24, 0xf8,
  0x3b, 0xf7, 0x23, 0x05, 0xd0, 0x07, 0xfc, 0x88, 0xfb, 0x45, 0x05, 0x44,
  0x07, 0xf8, 0x88, 0xfb, 0x44, 0x05, 0xfc, 0x88, 0xfb, 0x06, 0x15, 0xf8,
  0x88, 0xc9, 0xfc, 0x88, 0x06, 0x0e, 0xc1, 0xdb, 0xf8, 0x2a, 0x15, 0x4e,
  0xf7, 0x6f, 0xfb, 0x50, 0xc9, 0xf7, 0x50, 0xf7, 0x6f, 0xc8, 0xfb, 0x6f,
  0xf7, 0x4f, 0x4d, 0xfb, 0x4f, 0x07, 0xfb, 0x6f, 0xfc, 0x2a, 0x15, 0xf8,
  0x88, 0xc9, 0xfc, 0x88, 0x06, 0x0e, 0xc1, 0xf8, 0x9e, 0xf8, 0x60, 0x15,
  0x4c, 0x88, 0x0a, 0xc9, 0x44, 0x0a, 0xc7, 0xe6, 0x1f, 0x51, 0xfb, 0x4b,
  0x15, 0x4d, 0x88, 0x77, 0x6f, 0x5e, 0x3c, 0x3a, 0xec, 0x31, 0x1b, 0x3f,
  0x5b, 0x4f, 0x33, 0x1f, 0xc5, 0x06, 0xc8, 0x44, 0x0a, 0xc8, 0xe5, 0x1f,
  0x0e, 0xc1, 0xf8, 0x9e, 0xf8, 0x04, 0x15, 0x4c, 0x88, 0x0a, 0xc8, 0x44,
  0x0a, 0xc8, 0xe6, 0x1f, 0x0e, 0xc1, 0xf8, 0xb7, 0xf7, 0xe5, 0x15, 0xfc,
  0x6c, 0x4d, 0xf8, 0x29, 0xfb, 0x57, 0xce, 0x06, 0x0e, 0xf7, 0x57, 0xf8,
  0x23, 0x7f, 0x15, 0xf7, 0x5a, 0xf7, 0x2b, 0xf7, 0x2f, 0xf7, 0x6b, 0xe1,
  0x73, 0xd7, 0x62, 0xc8, 0x1f, 0xe6, 0xde, 0x67, 0xb2, 0x33, 0x3b, 0x05,
  0xce, 0x4c, 0x33, 0xb2, 0x27, 0x1b, 0xfb, 0x5a, 0xfb, 0x2b, 0xfb, 0x2f,
  0xfb, 0x6c, 0x35, 0xa3, 0x3f, 0xb5, 0x4e, 0x1f, 0x32, 0x3a, 0xaf, 0x64,
  0xe1, 0xd9, 0x05, 0x49, 0xc9, 0xe3, 0x64, 0xef, 0x1b, 0xfb, 0xaa, 0xf8,
  0x06, 0x15, 0xf7, 0x47, 0xf7, 0x0b, 0xf7, 0x11, 0xf7, 0x33, 0xdb, 0xd1,
  0x6b, 0x55, 0xbd, 0x1e, 0xfc, 0x43, 0xfc, 0x1e, 0x05, 0x6d, 0xbc, 0x7a,
  0xc7, 0xce, 0x1a, 0xf7, 0xaa, 0xfb, 0xc4, 0x15, 0x3b, 0x45, 0xab, 0xc1,
  0x5a, 0x1f, 0xf8, 0x43, 0xf8, 0x1e, 0x05, 0xa9, 0x5a, 0x9c, 0x50, 0x47,
  0x1a, 0xfb, 0x46, 0xfb, 0x0b, 0xfb, 0x12, 0xfb, 0x34, 0x1e, 0x0e, 0xf7,
  0x91, 0xc3, 0xf7, 0xae, 0x15, 0x23, 0xd6, 0x42, 0xf3, 0xdc, 0xc4, 0xb5,
  0xe1, 0xc4, 0x1e, 0x35, 0xc3, 0xc4, 0x61, 0xdc, 0x1b, 0xf3, 0xd6, 0xd4,
  0xf3, 0xf2, 0x41, 0xd5, 0x22, 0x3a, 0x52, 0x60, 0x35, 0x53, 0x1f, 0xe1,
  0x52, 0x52, 0xb6, 0x3a, 0x1b, 0x22, 0x41, 0x41, 0x24, 0x1f, 0xce, 0x16,
  0xd0, 0xb8, 0xb8, 0xd2, 0xc3, 0xbc, 0x66, 0x3e, 0xb5, 0x1e, 0x3d, 0x61,
  0x5a, 0x66, 0x53, 0x1b, 0x45, 0x5d, 0xb8, 0xd1, 0x1f, 0xf7, 0xf2, 0x16,
  0xd8, 0xb5, 0xbc, 0xb0, 0xc3, 0x1b, 0xd2, 0xb8, 0x5e, 0x46, 0x45, 0x5d,
  0x5e, 0x45, 0x53, 0x5a, 0xb0, 0xd9, 0x61, 0x1f, 0x0e, 0xfb, 0x7f, 0xf5,
  0x7d, 0x15, 0xcc, 0xbc, 0xbd, 0xce, 0x1f, 0xf8, 0x96, 0x07, 0xaa, 0x9f,
  0x9f, 0xa6, 0x1e, 0xd5, 0xc9, 0x3f, 0x06, 0x4a, 0x5a, 0x5a, 0x48, 0x1f,
  0xfc, 0x96, 0x07, 0x6c, 0x77, 0x77, 0x70, 0x1e, 0x41, 0x4c, 0x06, 0x0e,
  0xc5, 0xf9, 0x02, 0x16, 0xc7, 0x07, 0xfb, 0x8c, 0xf9, 0x24, 0x05, 0x35,
  0x06, 0xfb, 0x8a, 0xfd, 0x21, 0x05, 0x4c, 0x07, 0xf7, 0xac, 0xf9, 0x00,
  0x15, 0x8d, 0x90, 0x90, 0x98, 0x8c, 0x91, 0x8d, 0x85, 0x8e, 0x81, 0x8e,
  0x83, 0xf7, 0x68, 0xfc, 0xc4, 0x18, 0xfc, 0x49, 0x06, 0x0e, 0xce, 0xf7,
  0x33, 0x16, 0xf9, 0x1e, 0xf7, 0xf6, 0xfd, 0x1e, 0xd3, 0xf9, 0x60, 0xfc,
  0x86, 0x3c, 0x1d, 0x42, 0xf8, 0x7f, 0x16, 0xcd, 0xfc, 0x16, 0x07, 0xf7,
  0x78, 0xf7, 0xb6, 0xfb, 0x78, 0xf7, 0xba, 0x05, 0xf8, 0x16, 0xcd, 0xfc,
  0x65, 0x40, 0x06, 0xf7, 0x72, 0xfb, 0xaf, 0xfb, 0x72, 0xfb, 0xaf, 0x05,
  0x40, 0x07, 0x0e, 0xe3, 0xf7, 0x5a, 0x16, 0xcd, 0x06, 0xf7, 0x8f, 0xf9,
  0x20, 0x05, 0xf7, 0x23, 0xcc, 0xfb, 0x53, 0x06, 0xfb, 0x80, 0xfd, 0x0a,
  0xfb, 0x32, 0xf8, 0x20, 0x05, 0x42, 0x06, 0x0e, 0x56, 0xf7, 0x1b, 0xfb,
  0x67, 0x15, 0x87, 0xf7, 0x90, 0x05, 0x6c, 0xa3, 0xb6, 0x75, 0xbf, 0x1b,
  0xd6, 0xc7, 0xb1, 0xc3, 0xa6, 0x1f, 0x94, 0x39, 0x05, 0xc7, 0xf8, 0x78,
  0x46, 0xfb, 0x95, 0x06, 0xfb, 0x07, 0x54, 0x4d, 0x2e, 0x3e, 0x58, 0xb4,
  0xf7, 0x07, 0x1e, 0xf7, 0xab, 0x45, 0xfd, 0x4c, 0x07, 0x0e, 0x9b, 0xc4,
  0xf7, 0x89, 0x15, 0xfb, 0x2b, 0xf7, 0x02, 0x21, 0xf7, 0x1f, 0xf7, 0x29,
  0xf7, 0x02, 0xf7, 0x00, 0xf7, 0x47, 0xf7, 0x46, 0x3c, 0xf7, 0x1d, 0xfb,
  0x34, 0xf7, 0x1c, 0x1e, 0x32, 0x06, 0xf7, 0x15, 0xfb, 0x03, 0xd3, 0x3b,
  0xb4, 0xfb, 0x0b, 0x08, 0xc1, 0x61, 0x4b, 0xa8, 0x48, 0x1b, 0xfb, 0x1d,
  0xfb, 0x04, 0xfb, 0x00, 0xfb, 0x26, 0x1f, 0xd1, 0x8a, 0x15, 0xf7, 0x03,
  0xd9, 0xdd, 0xf7, 0x01, 0xf5, 0xd6, 0x3c, 0xfb, 0x02, 0xfb, 0x08, 0x3d,
  0x39, 0xfb, 0x00, 0x21, 0x3f, 0xdb, 0xf7, 0x06, 0x1e, 0x0e, 0xf7, 0xc3,
  0x4d, 0x0a, 0x4f, 0x84, 0x0a, 0x0e, 0xf9, 0x44, 0x4d, 0x0a, 0xf8, 0x15,
  0x16, 0xf2, 0x41, 0xd6, 0x25, 0x25, 0x42, 0x40, 0x24, 0x24, 0xd4, 0x41,
  0xf1, 0xf1, 0xd5, 0xd5, 0xf2, 0x1e, 0xfc, 0x51, 0x84, 0x0a, 0xf8, 0x15,
  0x16, 0x45, 0x5b, 0x5a, 0x47, 0x48, 0x5b, 0xbc, 0xd1, 0xd2, 0xba, 0xbc,
  0xcf, 0xd0, 0xba, 0x5a, 0x44, 0x1e, 0x0e, 0xf7, 0x20, 0xf1, 0xf8, 0x1e,
  0x15, 0xf7, 0x86, 0xf7, 0x80, 0x05, 0xfd, 0x0a, 0xc6, 0xf9, 0x0a, 0x07,
  0xf7, 0x85, 0xfb, 0x80, 0xb5, 0xb6, 0xfb, 0xcd, 0xf7, 0xc7, 0xfb, 0xcd,
  0xfb, 0xc7, 0x05, 0x0e, 0xf7, 0x7b, 0xf7, 0xe7, 0xf9, 0x25, 0x15, 0xf7,
  0xe4, 0x06, 0xfc, 0xfb, 0xfc, 0xfc, 0xb5, 0x62, 0xf8, 0xfb, 0xf8, 0xfb,
  0x05, 0xfb, 0xe4, 0xc7, 0xf8, 0x49, 0xfc, 0x4a, 0x07, 0x0e, 0xf7, 0xc6,
  0xf8, 0x89, 0xf8, 0xc7, 0x15, 0xf7, 0x81, 0xfb, 0x83, 0x05, 0xfd, 0x3a,
  0x51, 0xf9, 0x3a, 0x06, 0xfb, 0x81, 0xfb, 0x83, 0xb4, 0x62, 0xf7, 0xca,
  0xf7, 0xc9, 0xfb, 0xca, 0xf7, 0xc9, 0x05, 0x0e, 0xf7, 0x79, 0xf9, 0x60,
  0xf8, 0x4c, 0x15, 0x8a, 0xfb, 0xe5, 0xfc, 0xfa, 0xf8, 0xf9, 0x62, 0x62,
  0xf8, 0xfa, 0xfc, 0xfa, 0x05, 0xfb, 0xe5, 0x50, 0xf8, 0x4a, 0xf8, 0x49,
  0x06, 0x0e, 0xf7, 0x18, 0xf9, 0x11, 0xf7, 0x8c, 0x15, 0xfb, 0x82, 0xfb,
  0x82, 0x05, 0xf9, 0x5c, 0x50, 0xfd, 0x5c, 0x07, 0xfb, 0x82, 0xf7, 0x82,
  0x61, 0x61, 0xf7, 0xc9, 0xfb, 0xca, 0xf7, 0xc9, 0xf7, 0xca, 0x05, 0x0e,
  0xf7, 0x7c, 0xf8, 0x86, 0xc5, 0x15, 0xfb, 0xe5, 0x8c, 0xf8, 0xfd, 0xf8,
  0xfc, 0x61, 0xb5, 0xfc, 0xfc, 0xfc, 0xfd, 0x05, 0xf7, 0xe5, 0x4f, 0xfc,
  0x4a, 0xf8, 0x4a, 0x07, 0x0e, 0xf7, 0xc6, 0xf8, 0x30, 0x7e, 0x15, 0xfb,
  0x82, 0xf7, 0x82, 0x05, 0xf9, 0x3a, 0xc6, 0xfd, 0x3a, 0x06, 0xf7, 0x82,
  0xf7, 0x83, 0x61, 0xb4, 0xfb, 0xca, 0xfb, 0xca, 0xf7, 0xca, 0xfb, 0xc9,
  0x05, 0x0e, 0xf7, 0x75, 0xc7, 0xf9, 0x60, 0x15, 0xfc, 0x4a, 0xc6, 0xf7,
  0xe5, 0x07, 0xf8, 0xf7, 0xfc, 0xfb, 0xb4, 0xb4, 0xfc, 0xf6, 0xf8, 0xfb,
  0xf7, 0xe5, 0x8c, 0x05, 0xc6, 0x07, 0x0e, 0xf8, 0x54, 0xc7, 0xf7, 0x94,
  0x15, 0xf7, 0x6e, 0xfb, 0x70, 0x05, 0xe1, 0x07, 0x25, 0xf3, 0xf7, 0x7a,
  0x8c, 0x05, 0x8a, 0x07, 0xf8, 0x6b, 0x8c, 0x28, 0x25, 0x05, 0x32, 0x07,
  0xf7, 0x6c, 0xf7, 0x71, 0xfb, 0x6d, 0xf7, 0x6f, 0x05, 0x34, 0x07, 0xf0,
  0x25, 0xfb, 0x78, 0x8c, 0x05, 0xfb, 0x8a, 0x8a, 0x06, 0xfb, 0x77, 0x8a,
  0xef, 0xf1, 0x05, 0xe3, 0x07, 0x0e, 0x5c, 0xf7, 0xab, 0xfb, 0x37, 0x15,
  0xf7, 0x70, 0xf7, 0x6d, 0x05, 0x33, 0x06, 0x25, 0x27, 0x05, 0xf9, 0x51,
  0x07, 0xf1, 0x27, 0x05, 0xe3, 0x06, 0xfb, 0x70, 0xf7, 0x6c, 0xfb, 0x6f,
  0xfb, 0x6c, 0x05, 0xe1, 0x06, 0xf2, 0xef, 0x8a, 0xfb, 0x78, 0x05, 0xfb,
  0x89, 0x07, 0x8c, 0xfb, 0x78, 0x24, 0xef, 0x05, 0x35, 0x06, 0x0e, 0xf7,
  0xba, 0x3a, 0x0a, 0x0e, 0xf7, 0xba, 0x3a, 0x0a, 0xcb, 0x04, 0xfb, 0x48,
  0xfb, 0x26, 0xf7, 0x26, 0xf7, 0x48, 0xf7, 0x48, 0xf7, 0x26, 0xf7, 0x27,
  0xf7, 0x48, 0xf7, 0x47, 0xf7, 0x28, 0xfb, 0x28, 0xfb, 0x47, 0xfb, 0x48,
  0xfb, 0x27, 0xfb, 0x26, 0xfb, 0x48, 0x1f, 0x0e, 0x89, 0xf8, 0xb4, 0xf7,
  0xf7, 0x15, 0xfb, 0x63, 0xf7, 0xf7, 0x05, 0x44, 0x06, 0xfb, 0x62, 0xfb,
  0xf7, 0xf7, 0x62, 0xfb, 0xf7, 0x05, 0xd2, 0x06, 0xf7, 0x1a, 0xf7, 0xf7,
  0x15, 0xfb, 0x3d, 0xfb, 0xb9, 0xfb, 0x3d, 0xf7, 0xb9, 0xf7, 0x3d, 0xf7,
  0xb9, 0x05, 0x0e, 0xf7, 0x74, 0xbe, 0x1d, 0x0e, 0xf7, 0x74, 0xbe, 0x1d,
  0xf9, 0x1e, 0x4f, 0x15, 0xfc, 0xe2, 0xfc, 0xe2, 0xf8, 0xe2, 0x07, 0x0e,
  0xf7, 0xfc, 0xc7, 0x16, 0xf9, 0xe2, 0x06, 0xfc, 0x3b, 0xf9, 0x5a, 0x05,
  0x0e, 0xf7, 0xfe, 0xf8, 0x78, 0xf9, 0x5c, 0x15, 0xfc, 0x3c, 0xfd, 0x5b,
  0x05, 0xf9, 0xe4, 0x06, 0xfd, 0x79, 0xc6, 0x15, 0xf7, 0xd1, 0xf8, 0xa7,
  0xf7, 0xd0, 0xfc, 0xa7, 0x05, 0x0e, 0xf7, 0xba, 0x3a, 0x0a, 0xfb, 0xda,
  0xf8, 0x1a, 0x15, 0xf7, 0x3f, 0xf7, 0x17, 0xf7, 0x21, 0xf7, 0x3b, 0x99,
  0x1e, 0xfb, 0xb3, 0x07, 0xfb, 0xa0, 0xfb, 0x43, 0x05, 0x78, 0xb5, 0x80,
  0xb9, 0xbb, 0x1a, 0xf9, 0x21, 0x16, 0x5b, 0x80, 0x5d, 0x79, 0x62, 0x1e,
  0xfb, 0xa0, 0xf7, 0x42, 0x05, 0xf7, 0xb3, 0x07, 0xf7, 0x39, 0x7b, 0xf7,
  0x18, 0xfb, 0x21, 0xfb, 0x3d, 0x1a, 0xfc, 0xe7, 0xfb, 0x4e, 0x15, 0xf7,
  0x84, 0xf7, 0x2f, 0x05, 0xfb, 0xba, 0x07, 0x28, 0x94, 0x34, 0xc0, 0x55,
  0xd8, 0x08, 0xf7, 0xbe, 0xf7, 0x2f, 0x15, 0xf7, 0x83, 0xfb, 0x2e, 0x55,
  0x3e, 0x35, 0x55, 0x28, 0x82, 0x19, 0x0e, 0xf7, 0x1b, 0xf7, 0x8b, 0x92,
  0x15, 0xf8, 0x13, 0xf8, 0x60, 0x57, 0xb5, 0xfb, 0xe2, 0xfc, 0x27, 0xfb,
  0x3b, 0xf7, 0x48, 0x5d, 0x5c, 0x05, 0x0e, 0xf7, 0xc1, 0xf7, 0x94, 0xf7,
  0x70, 0x15, 0x3a, 0xc6, 0x59, 0xea, 0xd7, 0xc9, 0xad, 0xc4, 0xa7, 0x1e,
  0x4f, 0x91, 0xb4, 0x6c, 0xd0, 0x1b, 0xf0, 0xd3, 0xf0, 0xf7, 0x21, 0xf7,
  0x7c, 0xfb, 0x40, 0xf7, 0x3a, 0xfb, 0x83, 0xfb, 0x7d, 0xfb, 0x47, 0xfb,
  0x47, 0xfb, 0x7d, 0xfb, 0x80, 0xf7, 0x46, 0xfb, 0x47, 0xf7, 0x7e, 0xeb,
  0xe2, 0xaa, 0xc4, 0xd3, 0x1f, 0x6f, 0xb4, 0x05, 0x57, 0x4b, 0x3c, 0x70,
  0x37, 0x1b, 0xfb, 0x5f, 0xfb, 0x2f, 0xf7, 0x32, 0xf7, 0x63, 0xf7, 0x60,
  0xf7, 0x30, 0xf7, 0x32, 0xf7, 0x5e, 0xf7, 0x64, 0xf7, 0x29, 0xfb, 0x25,
  0xfb, 0x5f, 0xfb, 0x08, 0x5d, 0x3c, 0x47, 0x62, 0x76, 0xa0, 0xb2, 0x1f,
  0xf7, 0x53, 0x07, 0xf7, 0x00, 0x48, 0xc8, 0xfb, 0x05, 0xfb, 0x03, 0x42,
  0x50, 0x33, 0x1e, 0xc7, 0x06, 0xc6, 0xb8, 0xae, 0xd7, 0xdb, 0xb2, 0x65,
  0x3e, 0x1e, 0x7c, 0x07, 0xfb, 0x27, 0x80, 0x05, 0x20, 0x82, 0x4e, 0x55,
  0x3c, 0x1a, 0xcb, 0x8c, 0x15, 0xc2, 0xb4, 0xaa, 0xd9, 0x92, 0x1e, 0xf7,
  0x18, 0x95, 0x05, 0x75, 0x07, 0x27, 0x53, 0x4f, 0x30, 0x48, 0x66, 0xa7,
  0xbe, 0x1e, 0x0e, 0xd7, 0xf8, 0xdf, 0x16, 0xdd, 0x06, 0x20, 0xf7, 0x0f,
  0x05, 0xae, 0xc2, 0x9e, 0xd0, 0xdb, 0x1a, 0x48, 0x06, 0x4f, 0x80, 0x57,
  0x77, 0x61, 0x1e, 0xfb, 0x57, 0xf7, 0x75, 0x05, 0xea, 0xcb, 0xb0, 0xc2,
  0xd2, 0x1a, 0xdf, 0x4c, 0xc3, 0x2f, 0x2a, 0x4a, 0x4f, 0x35, 0x56, 0xa5,
  0x60, 0xcc, 0x3f, 0x1e, 0xfb, 0x15, 0x45, 0x55, 0x48, 0x30, 0x1a, 0xfb,
  0x0a, 0xed, 0x3e, 0xf7, 0x2b, 0xe9, 0xd9, 0xaa, 0xc3, 0xc3, 0x1e, 0xfb,
  0x81, 0xf8, 0x03, 0x15, 0x4a, 0xd6, 0x7b, 0xa9, 0xaf, 0x1a, 0xc1, 0xaf,
  0xad, 0xc5, 0xc3, 0xad, 0x6b, 0x57, 0x53, 0x6b, 0x5d, 0x45, 0x5f, 0x1e,
  0xfb, 0x3e, 0xfb, 0x92, 0x15, 0xd4, 0xb3, 0xbd, 0xf7, 0x00, 0xc7, 0x1e,
  0xf7, 0x6e, 0xfb, 0x8d, 0x05, 0x5b, 0x60, 0x4d, 0x72, 0x3c, 0x1b, 0xfb,
  0x06, 0x47, 0xbf, 0xe2, 0x1f, 0x0e, 0x69, 0xa8, 0xf8, 0x98, 0x15, 0xfb,
  0x14, 0xde, 0x40, 0xf4, 0x1e, 0xc2, 0xfc, 0x0f, 0xcb, 0xf9, 0xa2, 0xfb,
  0x0b, 0x06, 0x22, 0x38, 0x41, 0xfb, 0x12, 0x1f, 0xf8, 0x48, 0xfc, 0xdc,
  0x15, 0xf9, 0xa4, 0x5d, 0xfd, 0xa4, 0x07, 0x0e, 0xfb, 0x20, 0xf8, 0x3f,
  0xf7, 0xfe, 0x15, 0xd0, 0x65, 0xb7, 0x36, 0x9d, 0x1e, 0x29, 0xa0, 0x05,
  0x56, 0x97, 0x70, 0xa7, 0xb0, 0x1a, 0xc0, 0x49, 0x0a, 0x52, 0x8e, 0x1e,
  0xcd, 0x06, 0xe5, 0x88, 0x49, 0xc4, 0x25, 0x1b, 0x23, 0x45, 0x53, 0x39,
  0x57, 0xa5, 0x63, 0xc2, 0x75, 0x1f, 0x4b, 0x77, 0x65, 0x5b, 0x55, 0x1a,
  0x47, 0xaf, 0x5f, 0xe1, 0x78, 0x1e, 0xee, 0x76, 0x05, 0xc0, 0x7f, 0xa6,
  0x6f, 0x66, 0x1a, 0x56, 0x65, 0x6e, 0x46, 0x4b, 0x63, 0xad, 0xc3, 0x89,
  0x1e, 0x49, 0x06, 0x31, 0x8d, 0xcd, 0x53, 0xf2, 0x1b, 0xf2, 0xd2, 0xc2,
  0xdd, 0xbf, 0x70, 0xb3, 0x54, 0xa1, 0x1f, 0xcc, 0x9f, 0xb1, 0xbb, 0xc1,
  0x1a, 0x48, 0x88, 0x15, 0x54, 0x5f, 0x69, 0x38, 0x38, 0x5e, 0xad, 0xc2,
  0xc2, 0xb8, 0xad, 0xde, 0xde, 0xb7, 0x69, 0x54, 0x1e, 0x0e, 0xf7, 0x67,
  0xf8, 0x2c, 0x7d, 0x15, 0xf7, 0x65, 0xf7, 0x34, 0xf7, 0x36, 0xf7, 0x66,
  0xf7, 0x65, 0xfb, 0x35, 0xf7, 0x36, 0xfb, 0x64, 0xfb, 0x63, 0xfb, 0x35,
  0xfb, 0x36, 0xfb, 0x65, 0xfb, 0x66, 0xf7, 0x34, 0xfb, 0x36, 0xf7, 0x64,
  0x1f, 0xbc, 0x04, 0xfb, 0x48, 0xfb, 0x1b, 0xf7, 0x1f, 0xf7, 0x4c, 0xf7,
  0x4b, 0xf7, 0x1c, 0xf7, 0x1f, 0xf7, 0x47, 0xf7, 0x48, 0xf7, 0x1c, 0xfb,
  0x1e, 0xfb, 0x4c, 0xfb, 0x4c, 0xfb, 0x1b, 0xfb, 0x1f, 0xfb, 0x49, 0x1f,
  0xfb, 0x4b, 0xf7, 0xd5, 0x15, 0xfb, 0x0a, 0xd8, 0x39, 0xf7, 0x02, 0xe1,
  0xd0, 0xbe, 0xd9, 0x9d, 0x1e, 0x4f, 0x06, 0x5b, 0x7b, 0x63, 0x70, 0x52,
  0x1b, 0x3f, 0x57, 0xc6, 0xe3, 0xe2, 0xc1, 0xc8, 0xda, 0xc2, 0xb0, 0x71,
  0x59, 0x99, 0x1f, 0xc8, 0x06, 0xda, 0x7b, 0x4a, 0xbe, 0x34, 0x1b, 0xfb,
  0x05, 0x3d, 0x38, 0xfb, 0x0c, 0x1f, 0x0e, 0xfb, 0x12, 0x56, 0x0a, 0x60,
  0xc6, 0x15, 0xdf, 0xbf, 0x07, 0xb7, 0x37, 0x05, 0xb1, 0x06, 0x59, 0xe7,
  0x05, 0xa9, 0x95, 0x9b, 0xa3, 0xa9, 0x1a, 0xb5, 0x6c, 0xa4, 0x5a, 0x1e,
  0x37, 0xfb, 0x73, 0x06, 0xf7, 0x14, 0xf7, 0x2e, 0x15, 0x72, 0x7a, 0x7d,
  0x6f, 0x1e, 0x5a, 0xd7, 0xbc, 0x06, 0xa7, 0x9c, 0x7f, 0x72, 0x1f, 0x0e,
  0xfb, 0x12, 0x56, 0x0a, 0x6c, 0xc2, 0x15, 0xd1, 0xbc, 0x07, 0xbd, 0xaa,
  0xa8, 0xbb, 0xba, 0x6b, 0xa7, 0x5a, 0x1f, 0x38, 0xfb, 0x72, 0x06, 0xad,
  0xf7, 0x52, 0x15, 0xbb, 0x06, 0xa8, 0x9c, 0x7d, 0x6d, 0x6d, 0x7a, 0x7d,
  0x6e, 0x1f, 0x5b, 0x06, 0x0e, 0xa9, 0xf7, 0x0c, 0xf9, 0x3b, 0x15, 0xfb,
  0x85, 0xb3, 0xf7, 0x85, 0xe9, 0xb0, 0xfb, 0x78, 0x66, 0x07, 0xf7, 0xc2,
  0xfb, 0x85, 0x15, 0xf7, 0x54, 0x07, 0xe2, 0xfb, 0x54, 0x05, 0xb0, 0x06,
  0xe1, 0xf7, 0x57, 0x05, 0xfb, 0x57, 0xb1, 0xf7, 0xaa, 0x65, 0x07, 0x23,
  0xfb, 0x80, 0x21, 0xf7, 0x80, 0x05, 0x65, 0xfb, 0xaa, 0x06, 0x0e, 0xfb,
  0xeb, 0xf7, 0x8d, 0xf8, 0xf7, 0x15, 0xcf, 0x58, 0xbd, 0x49, 0x48, 0x58,
  0x59, 0x47, 0x48, 0xbe, 0x59, 0xce, 0xcd, 0xbe, 0xbd, 0xce, 0x1e, 0x5a,
  0x16, 0x62, 0x6f, 0x6e, 0x63, 0x62, 0x6f, 0xa8, 0xb4, 0xb4, 0xa7, 0xa9,
  0xb4, 0xb3, 0xa7, 0x6e, 0x61, 0x1e, 0x0e, 0xfb, 0xbb, 0xf7, 0x13, 0x36,
  0x15, 0xc4, 0xfa, 0x02, 0x52, 0x06, 0x0e, 0xfb, 0xbb, 0xf7, 0x4c, 0xf9,
  0xad, 0x15, 0x52, 0xfb, 0xfc, 0xc4, 0x06, 0x52, 0xfc, 0x9a, 0x15, 0xc4,
  0xf7, 0xfc, 0x52, 0x06, 0x0e, 0xfb, 0xc8, 0xf7, 0x10, 0xf7, 0xa2, 0x15,
  0xbd, 0xf7, 0xbe, 0xee, 0xbb, 0x28, 0xef, 0x59, 0x27, 0x28, 0x5b, 0xee,
  0x06, 0x0e, 0xfb, 0xc7, 0xf7, 0x10, 0xf7, 0xa2, 0x15, 0xbd, 0xf7, 0x10,
  0xef, 0xbb, 0x27, 0xf2, 0xee, 0xbb, 0x28, 0xf7, 0x0f, 0x59, 0xfb, 0x0f,
  0x28, 0x5b, 0xee, 0x24, 0x29, 0x5b, 0xed, 0x06, 0x0e, 0xf7, 0x41, 0xc7,
  0xf7, 0xf5, 0x15, 0xfb, 0x6b, 0xf7, 0x1c, 0xfb, 0x27, 0xf7, 0x60, 0xf7,
  0x11, 0xf3, 0xc8, 0xed, 0xbc, 0x1e, 0x65, 0x99, 0x05, 0x3c, 0x61, 0x2e,
  0x55, 0x24, 0x1b, 0x21, 0x37, 0xb6, 0xd5, 0x57, 0x1f, 0xf7, 0x48, 0xf8,
  0xc2, 0x07, 0x8c, 0x9a, 0x8b, 0x9e, 0x9e, 0x1a, 0xf7, 0x62, 0xfb, 0x1c,
  0xf7, 0x0f, 0xfb, 0x55, 0xfb, 0x54, 0xfb, 0x1e, 0xfb, 0x26, 0xfb, 0x67,
  0x1e, 0xef, 0xf7, 0x55, 0x15, 0xd5, 0xbc, 0xdc, 0xbd, 0xef, 0x1b, 0xea,
  0xdf, 0x65, 0x47, 0xbd, 0x1f, 0xfb, 0x5c, 0xfc, 0x5f, 0x07, 0x0e, 0xf9,
  0x0d, 0x1c, 0x04, 0xa6, 0xf8, 0x84, 0x15, 0xf7, 0x19, 0x23, 0xf0, 0xfb,
  0x1b, 0xfb, 0x1b, 0x23, 0x25, 0xfb, 0x18, 0xfb, 0x18, 0xf5, 0x21, 0xf7,
  0x19, 0xf7, 0x1b, 0xf3, 0xf2, 0xf7, 0x1b, 0x1e, 0xfe, 0x9b, 0xfc, 0x84,
  0x15, 0x30, 0x0a, 0xfa, 0xa0, 0xf8, 0x83, 0x15, 0x27, 0x41, 0x41, 0x29,
  0x2c, 0x3e, 0xd8, 0xec, 0xed, 0xd5, 0xd4, 0xed, 0xee, 0xd4, 0x43, 0x28,
  0x1e, 0xb2, 0xfc, 0x07, 0x15, 0xc9, 0xfc, 0x3a, 0x4d, 0x07, 0x0e, 0xfb,
  0x0d, 0xf7, 0x1f, 0xf8, 0x24, 0x15, 0xf3, 0xf7, 0x8e, 0xf2, 0xfb, 0x8e,
  0x05, 0xcb, 0x06, 0xfb, 0x19, 0xf7, 0xd0, 0x05, 0x47, 0x06, 0xfb, 0x19,
  0xfb, 0xd0, 0x05, 0x0e, 0xfc, 0x44, 0xf7, 0x11, 0xf9, 0x3f, 0x15, 0xab,
  0x8e, 0x76, 0x9a, 0x77, 0x1b, 0x77, 0x75, 0x7c, 0x6b, 0x8e, 0x1f, 0x9d,
  0xfb, 0x49, 0x05, 0xb5, 0x06, 0x0e, 0x87, 0xf7, 0xc2, 0xf7, 0x68, 0x15,
  0xf7, 0x27, 0xf7, 0x05, 0xf7, 0x06, 0xf7, 0x24, 0xf7, 0x25, 0xfb, 0x06,
  0xf7, 0x06, 0xfb, 0x26, 0xfb, 0x27, 0xfb, 0x07, 0xfb, 0x05, 0xfb, 0x26,
  0xfb, 0x25, 0xf7, 0x07, 0xfb, 0x05, 0xf7, 0x27, 0x1f, 0xb2, 0x04, 0xfb,
  0x13, 0x2e, 0xe8, 0xf7, 0x12, 0xf7, 0x12, 0xe8, 0xe9, 0xf7, 0x13, 0xf7,
  0x11, 0xea, 0x2c, 0xfb, 0x11, 0xfb, 0x10, 0x2c, 0x2c, 0xfb, 0x11, 0x1f,
  0x5b, 0xe2, 0x15, 0xee, 0xca, 0x07, 0xbd, 0x28, 0x05, 0xb9, 0x06, 0x52,
  0xf7, 0x01, 0x05, 0xac, 0x9a, 0x9d, 0xa4, 0xaf, 0x1a, 0xbb, 0x65, 0xac,
  0x53, 0x1e, 0x28, 0xfb, 0x9e, 0x06, 0xf7, 0x2a, 0xf7, 0x4b, 0x15, 0x6f,
  0x76, 0x79, 0x6b, 0x1e, 0x52, 0xe5, 0xc4, 0x06, 0xac, 0x9f, 0x7b, 0x6f,
  0x1f, 0x0e, 0xfb, 0x82, 0x77, 0x1d, 0xfc, 0x2c, 0x93, 0x1d, 0xfc, 0x18,
  0x87, 0x0a, 0xfc, 0x16, 0xa8, 0x1d, 0xfb, 0xa2, 0x6e, 0x0a, 0xfb, 0xb3,
  0xf1, 0xf9, 0x92, 0x20, 0x1d, 0x0e, 0xfb, 0xb3, 0x7a, 0x0a, 0xfb, 0x9b,
  0x6f, 0x0a, 0xfb, 0xcc, 0x78, 0x1d, 0xfb, 0x7f, 0x5c, 0x0a, 0xfb, 0x92,
  0xc7, 0xf9, 0xc9, 0x28, 0x0a, 0x0e, 0xfc, 0x3a, 0xf7, 0x22, 0xf9, 0xbc,
  0x15, 0xa4, 0x77, 0x9d, 0x72, 0x86, 0x86, 0x8a, 0x8a, 0x86, 0x1e, 0x8d,
  0xa4, 0x9c, 0x9a, 0xa8, 0x8a, 0x08, 0xa9, 0x07, 0x60, 0x8d, 0x5f, 0x67,
  0x4d, 0x1a, 0x63, 0xa0, 0x74, 0xaa, 0xa5, 0xa0, 0xa0, 0xa7, 0x1e, 0x0e,
  0xfc, 0x3a, 0xf7, 0x1e, 0x39, 0x15, 0xb3, 0x77, 0xa1, 0x6c, 0x70, 0x77,
  0x77, 0x6f, 0x72, 0x9f, 0x79, 0xa3, 0x91, 0x90, 0x8b, 0x8d, 0x90, 0x1e,
  0x72, 0x88, 0x7a, 0x7c, 0x6e, 0x1b, 0x6e, 0x07, 0xb7, 0x89, 0xb6, 0xae,
  0xca, 0x1a, 0x0e, 0xfc, 0x0d, 0x70, 0x1d, 0x20, 0xf8, 0x5f, 0xf8, 0xaa,
  0x15, 0x4c, 0x06, 0xfb, 0xf8, 0xfc, 0xd3, 0x05, 0xcb, 0x06, 0x0e, 0xfc,
  0x16, 0xa8, 0x1d, 0xfb, 0x9b, 0x6f, 0x0a, 0xfb, 0xb3, 0x7a, 0x0a, 0xfc,
  0x0d, 0x70, 0x1d, 0xfb, 0xb3, 0xf1, 0xf9, 0x92, 0x20, 0x1d, 0x0e, 0xfb,
  0x82, 0x77, 0x1d, 0xfc, 0x2c, 0x93, 0x1d, 0xfc, 0x18, 0x87, 0x0a, 0xfb,
  0xa2, 0x6e, 0x0a, 0xfb, 0x92, 0xc7, 0xf9, 0xc9, 0x28, 0x0a, 0x0e, 0xfc,
  0x33, 0xf2, 0x16, 0x67, 0x0a, 0x0e, 0xfb, 0xcc, 0x78, 0x1d, 0xfb, 0x7f,
  0x5c, 0x0a, 0xfc, 0x1e, 0xef, 0xf7, 0xa9, 0x15, 0xf8, 0xb1, 0xf6, 0xba,
  0xfb, 0x33, 0xfd, 0x0f, 0xf7, 0x33, 0xba, 0x07, 0x0e, 0xfc, 0x1e, 0xf7,
  0x04, 0xf9, 0xc6, 0x15, 0xfc, 0xb1, 0x20, 0x5c, 0xf7, 0x33, 0xf9, 0x0f,
  0xfb, 0x33, 0x5c, 0x07, 0x0e, 0x1c, 0x04, 0x6d, 0xef, 0x16, 0xf7, 0x6c,
  0xf9, 0x50, 0xfb, 0x6c, 0x51, 0x1d, 0xf7, 0x98, 0xfd, 0x50, 0x15, 0xf7,
  0x6d, 0xf9, 0x50, 0xfb, 0x6d, 0x51, 0x1d, 0xf7, 0x98, 0xfd, 0x50, 0x15,
  0xf7, 0x6d, 0xf9, 0x50, 0xfb, 0x6d, 0x51, 0x1d, 0xfc, 0x59, 0x04, 0xf7,
  0x6c, 0xf7, 0x61, 0xfb, 0x6c, 0x06, 0x0e, 0xf7, 0x2b, 0xf8, 0x42, 0xfa,
  0x0f, 0x81, 0x0a, 0xba, 0xd8, 0x1e, 0xfc, 0x4f, 0xfc, 0xad, 0x42, 0x1d,
  0xf7, 0x2b, 0xf7, 0xc5, 0xf9, 0x97, 0x20, 0x1d, 0xfb, 0x5c, 0xfc, 0x35,
  0x42, 0x1d, 0xf7, 0x2b, 0x68, 0x1d, 0xf8, 0x1d, 0xfc, 0x59, 0x2f, 0x0a,
  0xf7, 0x2b, 0xf7, 0xff, 0xf9, 0xab, 0x27, 0x1d, 0x70, 0x74, 0x73, 0x70,
  0x6f, 0x28, 0x1d, 0xfb, 0xd4, 0xfc, 0x49, 0x42, 0x1d, 0xf7, 0x37, 0xf9,
  0x21, 0xfb, 0x18, 0x15, 0xa6, 0xc6, 0xfb, 0x46, 0xdc, 0x05, 0xf7, 0x1b,
  0xbb, 0xe3, 0xf7, 0x17, 0xf7, 0x3f, 0x1a, 0x48, 0x1d, 0x1e, 0x8e, 0x8d,
  0x8b, 0x8e, 0x1b, 0xf7, 0x97, 0xf8, 0x06, 0x15, 0xfb, 0x46, 0xfb, 0x01,
  0xfb, 0x0f, 0xfb, 0x32, 0x72, 0x0a, 0x1e, 0x0e, 0xd3, 0x16, 0x59, 0x1d,
  0x52, 0xfb, 0x68, 0x15, 0x84, 0xa4, 0x99, 0x89, 0xa5, 0x1b, 0xe0, 0xbb,
  0xc3, 0xe7, 0x1f, 0xf8, 0xc1, 0x46, 0xfc, 0xbd, 0x4b, 0x0a, 0x7c, 0x7f,
  0x8d, 0x90, 0x77, 0x1e, 0x0e, 0x78, 0xf8, 0x18, 0xf9, 0x31, 0x32, 0x0a,
  0xf7, 0x22, 0x49, 0x23, 0x1d, 0x78, 0xf7, 0xf0, 0xa6, 0x1d, 0xbb, 0x5b,
  0xd6, 0xd6, 0xba, 0xbb, 0xd8, 0x1e, 0xbd, 0xfb, 0x4e, 0x23, 0x1d, 0x78,
  0xf7, 0x74, 0x8a, 0x0a, 0x3f, 0xfb, 0x0d, 0x05, 0xf7, 0xb8, 0x49, 0x23,
  0x1d, 0x78, 0xf7, 0x65, 0xf8, 0xce, 0x15, 0x91, 0x0a, 0xa2, 0x75, 0xa6,
  0x1f, 0xf7, 0x26, 0x16, 0x91, 0x0a, 0xa1, 0x75, 0xa7, 0x1f, 0xee, 0x35,
  0x23, 0x1d, 0x78, 0xf7, 0xc7, 0xf8, 0xba, 0x15, 0x51, 0xf7, 0x0b, 0x05,
  0x42, 0x06, 0xd6, 0xfb, 0x0b, 0x05, 0xf7, 0x5f, 0x49, 0x23, 0x1d, 0x78,
  0xf7, 0x3a, 0xf8, 0xf1, 0x47, 0x0a, 0xf7, 0xb4, 0xfb, 0x44, 0x23, 0x1d,
  0x78, 0xf8, 0x66, 0x7e, 0x1d, 0x4e, 0x07, 0x85, 0x26, 0x05, 0xdb, 0x69,
  0x44, 0xad, 0x3d, 0x1b, 0xfb, 0x20, 0x34, 0x20, 0xfb, 0x26, 0xfb, 0x26,
  0xdc, 0xfb, 0x02, 0xf7, 0x23, 0xdd, 0xcd, 0xb1, 0xd4, 0xae, 0x1f, 0x92,
  0x28, 0x05, 0x81, 0xf7, 0x86, 0x15, 0xfb, 0x04, 0x4d, 0x3b, 0x21, 0xa5,
  0x0a, 0x4c, 0x0a, 0xf5, 0xc7, 0x3b, 0xfb, 0x04, 0x1e, 0x0e, 0x78, 0xf7,
  0xae, 0xf8, 0xb7, 0x15, 0xc8, 0xba, 0xba, 0xc8, 0xc8, 0x5c, 0xba, 0x4e,
  0x4e, 0x5c, 0x5d, 0x4d, 0x4c, 0xb8, 0x5e, 0xca, 0x1f, 0xba, 0x04, 0x68,
  0x74, 0xa4, 0xb0, 0xaf, 0xa3, 0xa3, 0xad, 0xac, 0xa3, 0x72, 0x68, 0x66,
  0x74, 0x72, 0x69, 0x1f, 0xf7, 0x40, 0xfb, 0x02, 0x23, 0x1d, 0x78, 0xf8,
  0x06, 0xf9, 0xb0, 0x15, 0x44, 0x06, 0x51, 0xfb, 0x06, 0x05, 0xc1, 0x06,
  0xf7, 0x33, 0xfb, 0x5a, 0x15, 0x85, 0x26, 0x76, 0xbd, 0x66, 0xac, 0x60,
  0x9b, 0x19, 0x9e, 0x9f, 0x96, 0xa5, 0xa9, 0xbb, 0x1d, 0x95, 0x71, 0x9b,
  0x79, 0x1e, 0x2e, 0x6a, 0x53, 0x30, 0xfb, 0x09, 0x1a, 0xfb, 0x26, 0xdc,
  0xfb, 0x02, 0xf7, 0x23, 0xdd, 0xcd, 0xb1, 0xd4, 0xae, 0x1e, 0x92, 0x28,
  0x05, 0xca, 0xf8, 0x78, 0x06, 0xfb, 0x8a, 0x98, 0x15, 0x40, 0x0a, 0xf7,
  0x41, 0xfb, 0x93, 0x58, 0x0a, 0x78, 0xf7, 0x54, 0xf8, 0xca, 0x5d, 0x1d,
  0xc4, 0x1b, 0xc0, 0xa8, 0xb1, 0xd0, 0x88, 0x1f, 0x5a, 0x06, 0x67, 0x81,
  0x79, 0x73, 0x1e, 0x62, 0x40, 0x1d, 0x5b, 0x6e, 0x63, 0x48, 0x8f, 0x1f,
  0xf7, 0xcc, 0x39, 0x23, 0x1d, 0x3e, 0x70, 0x0a, 0xfb, 0xe2, 0xfb, 0xf5,
  0x29, 0x1d, 0x3e, 0x77, 0x0a, 0x30, 0xfb, 0x7d, 0x29, 0x1d, 0x3e, 0xf7,
  0xd0, 0xf8, 0xda, 0x15, 0xa4, 0x77, 0x9d, 0x73, 0x85, 0x86, 0x8b, 0x89,
  0x86, 0x1e, 0x8d, 0xa3, 0x9d, 0x9c, 0xa8, 0x8a, 0x08, 0xa8, 0x07, 0x5f,
  0x8d, 0x5f, 0x68, 0x4c, 0x1a, 0x63, 0xa0, 0x75, 0xaa, 0xa6, 0x9f, 0x9f,
  0xa7, 0x1e, 0xfb, 0x95, 0xfb, 0xa7, 0x29, 0x1d, 0x3e, 0x96, 0x1d, 0xfb,
  0x67, 0xfb, 0x91, 0x29, 0x1d, 0xfb, 0xc5, 0xf7, 0xa5, 0xc8, 0x15, 0xb3,
  0x1d, 0xf7, 0x09, 0xdb, 0xc2, 0x3b, 0xf7, 0x14, 0x42, 0x0a, 0xfb, 0x14,
  0x4e, 0x54, 0xc8, 0xfb, 0x0e, 0x07, 0x39, 0xb3, 0x5a, 0xd9, 0x60, 0x1d,
  0x1e, 0x0e, 0xfb, 0xb2, 0xf7, 0x6d, 0xb2, 0x1d, 0xc3, 0xfd, 0x23, 0x5b,
  0x0a, 0x0e, 0xfb, 0xb2, 0xf7, 0x1f, 0x3e, 0x0a, 0x9b, 0xae, 0x05, 0x8f,
  0x06, 0x60, 0x1d, 0x1f, 0x81, 0xc6, 0x05, 0x85, 0x7b, 0x7b, 0x88, 0x7d,
  0x1b, 0x65, 0x71, 0xa1, 0xbf, 0x1f, 0xf7, 0xc0, 0x42, 0x0a, 0xfb, 0xc5,
  0x07, 0x49, 0xa5, 0x5e, 0xbe, 0x7c, 0x1e, 0x70, 0x52, 0x8e, 0x1d, 0xfb,
  0xb2, 0x59, 0x0a, 0x61, 0x26, 0x2f, 0x0a, 0x7c, 0xf7, 0xcc, 0xb2, 0x1d,
  0x0e, 0xfb, 0x0a, 0xd3, 0xf8, 0xf4, 0x15, 0x5a, 0xf7, 0xb5, 0xbc, 0x07,
  0x0e, 0xfc, 0x0a, 0x9f, 0xf7, 0xd1, 0x15, 0xf7, 0x55, 0xe7, 0x05, 0xc3,
  0x07, 0xfb, 0x55, 0x2e, 0x05, 0x0e, 0xfb, 0xa3, 0x9f, 0xf7, 0xdb, 0x15,
  0xf7, 0xbb, 0xc9, 0xfb, 0xbb, 0x06, 0x0e, 0xf6, 0x92, 0xf8, 0xb4, 0x15,
  0xf9, 0x4f, 0xcb, 0xfd, 0x4f, 0x06, 0x0e, 0xfb, 0x79, 0x9f, 0xf7, 0xc2,
  0x15, 0xf7, 0xe5, 0xf7, 0x35, 0x05, 0xcb, 0x07, 0xfb, 0xe5, 0xfb, 0x35,
  0x05, 0x0e, 0x20, 0xf8, 0xc3, 0xf9, 0x60, 0x15, 0x44, 0x06, 0xfc, 0xb8,
  0xfd, 0x60, 0x05, 0xd3, 0x06, 0x0e, 0xfc, 0x2c, 0xee, 0xf9, 0xdf, 0x5e,
  0x1d, 0xa8, 0x73, 0xa3, 0x70, 0x6e, 0x74, 0x73, 0x6e, 0x70, 0xa2, 0x74,
  0xa8, 0x1f, 0x0e, 0x7e, 0x98, 0xf9, 0xf2, 0x9b, 0xfb, 0x36, 0x99, 0xfb,
  0x8a, 0x99, 0x06, 0xfb, 0x74, 0x98, 0x07, 0xc6, 0x0a, 0xce, 0x0b, 0xc6,
  0x8f, 0x8f, 0x0c, 0x0c, 0xce, 0x8e, 0x8d, 0x0c, 0x0d, 0xf7, 0x69, 0x14,
  0xf8, 0xf2, 0x15, 0xb1, 0x13, 0x00, 0x87, 0x02, 0x00, 0x01, 0x00, 0x15,
  0x00, 0x1f, 0x00, 0x39, 0x00, 0x41, 0x00, 0x50, 0x00, 0x55, 0x00, 0x5a,
  0x00, 0x61, 0x00, 0x69, 0x00, 0x83, 0x00, 0x92, 0x00, 0x96, 0x00, 0x9a,
  0x00, 0xb0, 0x00, 0xb4, 0x00, 0xbb, 0x00, 0xce, 0x00, 0xd5, 0x00, 0xde,
  0x00, 0xe3, 0x00, 0xe9, 0x00, 0xef, 0x01, 0x12, 0x01, 0x16, 0x01, 0x1a,
  0x01, 0x1e, 0x01, 0x44, 0x01, 0x47, 0x01, 0x4b, 0x01, 0x64, 0x01, 0x7c,
  0x01, 0x83, 0x01, 0x91, 0x01, 0x98, 0x01, 0xa6, 0x01, 0xab, 0x01, 0xb7,
  0x01, 0xc1, 0x01, 0xca, 0x01, 0xd2, 0x01, 0xd9, 0x01, 0xe0, 0x01, 0xe6,
  0x01, 0xec, 0x01, 0xf2, 0x02, 0x1b, 0x02, 0x45, 0x02, 0x6c, 0x02, 0x72,
  0x02, 0x88, 0x02, 0xa7, 0x02, 0xca, 0x03, 0x04, 0x03, 0x3b, 0x03, 0x6d,
  0x03, 0x73, 0x03, 0x84, 0x03, 0x8a, 0x03, 0x90, 0x03, 0xa2, 0x03, 0xb9,
  0x03, 0xda, 0x04, 0x00, 0x04, 0x27, 0x04, 0x2c, 0x04, 0x52, 0x04, 0x77,
  0x04, 0x9c, 0x04, 0xb0, 0x04, 0xbc, 0x04, 0xe0, 0x04, 0xf4, 0x05, 0x15,
  0x05, 0x23, 0x05, 0x28, 0x05, 0x42, 0x05, 0x58, 0x05, 0x75, 0x05, 0x8e,
  0x05, 0x98, 0x05, 0x9f, 0x05, 0xb6, 0x05, 0xc9, 0x05, 0xd4, 0x05, 0xeb,
  0x05, 0xf0, 0x05, 0xf7, 0x05, 0xfe, 0x06, 0x15, 0x06, 0x2c, 0x06, 0x33,
  0x06, 0x39, 0x06, 0x49, 0x06, 0x55, 0x06, 0x69, 0x06, 0x6d, 0x06, 0x80,
  0x06, 0x93, 0x06, 0x98, 0x06, 0xa7, 0x06, 0xb2, 0x06, 0xbc, 0x06, 0xc4,
  0x06, 0xcb, 0x06, 0xdc, 0x06, 0xe7, 0x06, 0xf8, 0x07, 0x08, 0x07, 0x18,
  0x07, 0x27, 0x07, 0x36, 0x07, 0x45, 0x07, 0x4b, 0x07, 0x59, 0x07, 0x65,
  0x07, 0x72, 0x07, 0x7d, 0x07, 0x89, 0x07, 0x95, 0x07, 0x9f, 0x07, 0xaa,
  0x07, 0xb5, 0x07, 0xc0, 0x07, 0xcb, 0x07, 0xd6, 0x07, 0xe0, 0x07, 0xea,
  0x07, 0xf4, 0x07, 0xf8, 0x08, 0x02, 0x08, 0x0b, 0x08, 0x14, 0x08, 0x1d,
  0x08, 0x23, 0x08, 0x29, 0xab, 0x1d, 0xf7, 0x14, 0x39, 0xc3, 0xfb, 0x04,
  0xfb, 0x0b, 0x3b, 0x4c, 0x29, 0x1e, 0x8a, 0x1d, 0x9b, 0xc3, 0x49, 0x1d,
  0x15, 0xf7, 0x06, 0xd6, 0xc2, 0xf1, 0xa5, 0x1f, 0x53, 0x0a, 0x15, 0x48,
  0x1d, 0xf7, 0x5c, 0xf7, 0x21, 0xf7, 0x2d, 0xf7, 0x6d, 0x1e, 0x41, 0x16,
  0xfb, 0x46, 0xfb, 0x01, 0xfb, 0x0f, 0xfb, 0x32, 0x72, 0x0a, 0x1e, 0x0e,
  0x15, 0x83, 0x1d, 0xc7, 0xf8, 0x78, 0x06, 0x0e, 0x15, 0xcd, 0xfb, 0xf9,
  0xf7, 0x99, 0xf7, 0xd7, 0xcc, 0xfb, 0xd7, 0x39, 0x1d, 0x3c, 0x1d, 0xf9,
  0x96, 0x20, 0x1d, 0x0b, 0xf8, 0xb0, 0x20, 0x1d, 0x0b, 0x15, 0x43, 0xfd,
  0x60, 0xd3, 0x06, 0x0e, 0x15, 0xf7, 0x7c, 0xc2, 0xfb, 0x7c, 0x06, 0x0b,
  0x15, 0xfb, 0x27, 0xf3, 0x20, 0xf7, 0x22, 0x5b, 0x1d, 0xf7, 0x28, 0x23,
  0xf6, 0xfb, 0x22, 0xfb, 0x22, 0x23, 0x20, 0xfb, 0x28, 0x1e, 0xd1, 0x8c,
  0x74, 0x0a, 0x15, 0xe2, 0x06, 0xd7, 0xf7, 0x0e, 0x05, 0x4d, 0x06, 0x52,
  0x33, 0x51, 0xe3, 0x05, 0x0b, 0xfb, 0x0b, 0x05, 0x0b, 0xfb, 0xbe, 0x29,
  0x0a, 0x15, 0xf7, 0x2e, 0xf7, 0x11, 0xe6, 0xf7, 0x1b, 0xac, 0x1f, 0x75,
  0x1d, 0xfb, 0x70, 0xf7, 0x1c, 0xfb, 0x29, 0xf7, 0x5c, 0x1f, 0x0e, 0xfc,
  0x9d, 0x26, 0x1d, 0x6d, 0x0a, 0xb7, 0x89, 0xb6, 0x30, 0x1d, 0xf8, 0xe8,
  0x07, 0xf8, 0x1f, 0xfc, 0xe8, 0x05, 0xd2, 0xf9, 0x60, 0x44, 0xfc, 0xe8,
  0x06, 0xc4, 0x1d, 0x06, 0x0b, 0xf7, 0x33, 0xf9, 0x60, 0x9a, 0x0a, 0x0b,
  0x15, 0x43, 0x06, 0x4f, 0x2b, 0x0a, 0xc3, 0x06, 0x0b, 0x15, 0x51, 0xa1,
  0x0a, 0x0b, 0x61, 0xfb, 0x01, 0x1f, 0x2d, 0x0b, 0x1a, 0x63, 0xa8, 0x6e,
  0xb7, 0x0b, 0x15, 0x29, 0xc6, 0x4b, 0xf7, 0x04, 0x70, 0x1e, 0x78, 0x0a,
  0xfb, 0x09, 0x94, 0xe9, 0x42, 0xf7, 0x1f, 0x1b, 0xf7, 0x28, 0xeb, 0xda,
  0xf7, 0x10, 0xec, 0x51, 0xcb, 0xfb, 0x04, 0xa6, 0x1f, 0x63, 0x0a, 0x1f,
  0x0e, 0xfd, 0x96, 0x6b, 0x1d, 0xfd, 0x83, 0x43, 0x1d, 0x15, 0x7b, 0x1d,
  0x0e, 0xf8, 0x56, 0x52, 0x15, 0xf7, 0x6b, 0xf7, 0x43, 0xf7, 0x43, 0xf7,
  0x6b, 0xf7, 0x6b, 0xfb, 0x43, 0xf7, 0x43, 0xfb, 0x6b, 0xfb, 0x6a, 0xfb,
  0x44, 0xfb, 0x43, 0xfb, 0x6b, 0xfb, 0x6b, 0xf7, 0x43, 0xfb, 0x43, 0xf7,
  0x6b, 0x1f, 0x0b, 0x28, 0x81, 0x1d, 0x15, 0x30, 0x0a, 0x0e, 0x15, 0xc5,
  0xfb, 0xad, 0x07, 0xf7, 0xad, 0xf8, 0x06, 0x05, 0xc3, 0xfc, 0x01, 0x51,
  0xf7, 0xac, 0x07, 0xfb, 0xac, 0xfc, 0x07, 0x05, 0x54, 0x07, 0x0e, 0xfb,
  0x3c, 0x15, 0x80, 0x9c, 0x9f, 0x87, 0xa4, 0x1b, 0xba, 0xb5, 0xa4, 0xbf,
  0xb6, 0x6c, 0xa2, 0x65, 0x81, 0x82, 0x89, 0x88, 0x81, 0x1f, 0x0b, 0xf9,
  0x96, 0x2a, 0x0a, 0x4d, 0x06, 0x0b, 0x68, 0x74, 0xa4, 0xaf, 0xaf, 0xa3,
  0xa4, 0xad, 0xac, 0x5a, 0x1d, 0x69, 0x1f, 0x0b, 0xf9, 0x27, 0x22, 0x1d,
  0xc4, 0x06, 0x0b, 0xf7, 0x08, 0xc5, 0xfb, 0x08, 0xf7, 0x2d, 0x46, 0xfb,
  0x2d, 0x3f, 0x51, 0xd7, 0x0b, 0xf8, 0xb0, 0x52, 0x1d, 0x0b, 0x8e, 0x9f,
  0xa5, 0xb8, 0xd4, 0xd9, 0x2a, 0xee, 0x1b, 0xd7, 0xbb, 0x0b, 0x15, 0xb0,
  0xaa, 0x9e, 0xb2, 0xb3, 0xaa, 0x78, 0x66, 0x0b, 0x1b, 0xfb, 0x22, 0x23,
  0x20, 0xfb, 0x28, 0x1f, 0x0b, 0x15, 0xf7, 0x7b, 0xc2, 0xfb, 0x7b, 0x06,
  0x0b, 0x2c, 0xf7, 0xb8, 0x18, 0x44, 0x06, 0x0b, 0xb1, 0xa8, 0xcf, 0xcc,
  0xb2, 0x6a, 0x0b, 0x06, 0x61, 0xfb, 0x67, 0x05, 0x0b, 0x07, 0x50, 0x76,
  0x6f, 0x5b, 0x0b, 0xf7, 0x04, 0xc9, 0xdb, 0xf5, 0x0b, 0xf8, 0x23, 0xf8,
  0xbc, 0x9c, 0x1d, 0xf7, 0xff, 0xf7, 0x38, 0x15, 0x42, 0x06, 0xfc, 0xb3,
  0xfd, 0x60, 0x05, 0xd3, 0x06, 0xf7, 0x0d, 0xf8, 0xbc, 0x15, 0x45, 0x5b,
  0x59, 0x48, 0x47, 0x5b, 0xbd, 0xba, 0x1d, 0xf8, 0x9e, 0xfc, 0x18, 0x9c,
  0x1d, 0x0b, 0xd2, 0xbd, 0xb0, 0xc6, 0xb4, 0x73, 0xad, 0x63, 0x97, 0x1e,
  0xa9, 0x97, 0x9f, 0xa2, 0x1d, 0x64, 0x7e, 0x73, 0x73, 0x0a, 0x82, 0xfb,
  0x2b, 0x15, 0xb0, 0xaa, 0x9e, 0xb3, 0xb2, 0xaa, 0x78, 0x66, 0x67, 0x6d,
  0x76, 0x63, 0x63, 0x6c, 0x9f, 0xb0, 0x1e, 0x0e, 0x15, 0xfb, 0xbf, 0xd3,
  0xf7, 0xbf, 0x07, 0xf7, 0x84, 0xf8, 0x35, 0x05, 0x3c, 0x06, 0xfb, 0x43,
  0xfb, 0xc9, 0x7e, 0x72, 0x8b, 0x8b, 0x82, 0x79, 0x19, 0x84, 0x9b, 0x85,
  0x97, 0x83, 0x9a, 0xfb, 0x45, 0xf7, 0xc9, 0x18, 0x3a, 0x06, 0x0e, 0xaa,
  0xf7, 0x1c, 0x45, 0x1d, 0x0b, 0xa2, 0x1d, 0x65, 0x7e, 0x72, 0x73, 0x0a,
  0x83, 0xfb, 0x2b, 0x45, 0x0a, 0x67, 0x6d, 0x76, 0x62, 0x63, 0x6d, 0x9f,
  0xb0, 0x1e, 0x0e, 0xf7, 0x24, 0xf8, 0x0c, 0x15, 0xd3, 0xbd, 0xbc, 0xd0,
  0xcb, 0x60, 0xbd, 0x85, 0x1d, 0x61, 0x6f, 0x6d, 0x60, 0x61, 0x6f, 0xa6,
  0xb5, 0x1f, 0x58, 0x06, 0x46, 0xbf, 0x5d, 0xcf, 0x1e, 0x0b, 0x49, 0x06,
  0x4b, 0x79, 0x58, 0x69, 0x3c, 0x1b, 0x23, 0x4d, 0xb4, 0x1d, 0x32, 0xe8,
  0xfb, 0x17, 0xfb, 0x1e, 0x2d, 0x23, 0xfb, 0x2b, 0xfb, 0x2c, 0xea, 0x25,
  0xf7, 0x22, 0x1e, 0x86, 0xf8, 0x56, 0x8c, 0x0a, 0x0e, 0xf7, 0x33, 0x16,
  0xf7, 0xbd, 0xf7, 0x65, 0x07, 0xf7, 0x26, 0xfb, 0xbd, 0x05, 0xdb, 0x06,
  0xfb, 0x2d, 0xf7, 0xc9, 0x05, 0xe7, 0xa4, 0xc1, 0xd3, 0xf2, 0x1a, 0xf7,
  0x13, 0x33, 0xdb, 0xfb, 0x25, 0x1e, 0xfb, 0x9f, 0xfd, 0x60, 0x06, 0xd3,
  0xf9, 0x1f, 0x15, 0xf7, 0x57, 0x06, 0xed, 0xc8, 0x58, 0x2e, 0x30, 0x51,
  0x55, 0x28, 0x1f, 0xfb, 0x59, 0x06, 0x0b, 0x15, 0x36, 0xcd, 0x4d, 0xe3,
  0xe5, 0xcc, 0xca, 0xe2, 0xe1, 0x4d, 0xc9, 0x36, 0x6b, 0x6f, 0x82, 0x7a,
  0x75, 0x1e, 0xa8, 0xf7, 0x09, 0x05, 0xf7, 0x43, 0xbe, 0xfb, 0x6c, 0x06,
  0x55, 0xfb, 0x71, 0xbf, 0x82, 0x05, 0xa6, 0xa2, 0xa8, 0x98, 0xaf, 0x1b,
  0xc6, 0xb3, 0x63, 0x50, 0x4f, 0x62, 0x62, 0x51, 0x51, 0x61, 0xb3, 0xc4,
  0x1f, 0x0e, 0xf7, 0x85, 0xf7, 0xdf, 0x15, 0xf7, 0x06, 0xe0, 0xe0, 0xf7,
  0x07, 0xf7, 0x05, 0x35, 0xe0, 0xfb, 0x05, 0xfb, 0x05, 0x33, 0x35, 0xfb,
  0x04, 0xfb, 0x06, 0xe2, 0x35, 0xf7, 0x06, 0x1f, 0xaa, 0x04, 0x2a, 0x44,
  0xd3, 0xec, 0xea, 0xd3, 0xd3, 0xeb, 0xea, 0xd3, 0x44, 0x2b, 0x2a, 0x43,
  0x43, 0x2c, 0x1f, 0x0b, 0x94, 0x1d, 0x97, 0xca, 0x91, 0x1d, 0x15, 0xfb,
  0x04, 0x4d, 0x3b, 0x21, 0xa5, 0x0a, 0x4c, 0x0a, 0xf5, 0xc7, 0x3b, 0xfb,
  0x04, 0x1e, 0x0e, 0xf7, 0xa5, 0xc8, 0x5b, 0x0a, 0x0b, 0xf7, 0x21, 0x16,
  0x7b, 0x1d, 0x0b, 0x15, 0xb3, 0x1d, 0xf7, 0xc0, 0x42, 0x0a, 0xfb, 0xc5,
  0x07, 0x39, 0xb3, 0x5a, 0xd9, 0x60, 0x1d, 0x1e, 0x0b, 0xeb, 0xf9, 0xa3,
  0x15, 0xae, 0x96, 0x9e, 0xa0, 0x1e, 0xad, 0xa5, 0x54, 0xc5, 0x1b, 0xbf,
  0xa8, 0xb1, 0xa0, 0x1d, 0x48, 0x8f, 0x1f, 0x0e, 0x9e, 0x0a, 0xf7, 0x46,
  0x06, 0xf7, 0x21, 0xf7, 0x43, 0xf7, 0x66, 0xfb, 0xf5, 0x05, 0xdf, 0x06,
  0xfb, 0x8b, 0xf8, 0x31, 0xf7, 0x87, 0xf7, 0xc3, 0x05, 0x35, 0x06, 0xfb,
  0xed, 0xfc, 0x43, 0x05, 0x0b, 0xf8, 0xce, 0xf7, 0x2c, 0x15, 0xcb, 0x37,
  0xf8, 0x88, 0x2b, 0x07, 0xfb, 0xf2, 0xfc, 0x88, 0x05, 0x4b, 0xf8, 0x0c,
  0xfb, 0x2c, 0xd1, 0xf7, 0x2c, 0x07, 0xfc, 0x04, 0xcb, 0x15, 0xf7, 0xbe,
  0xf8, 0x3e, 0x05, 0xfc, 0x3e, 0x07, 0x0e, 0xf7, 0x4c, 0xf8, 0xdd, 0x15,
  0xae, 0x74, 0x9e, 0x71, 0x7e, 0x83, 0x88, 0x87, 0x85, 0x1e, 0xa8, 0xa5,
  0xa4, 0xae, 0x92, 0x1e, 0xb0, 0x07, 0x4e, 0x81, 0x5c, 0x56, 0x4d, 0x1a,
  0x59, 0xa9, 0x6f, 0xae, 0xae, 0xa2, 0xa4, 0xac, 0x1e, 0x0b, 0xf9, 0xa7,
  0x65, 0x0a, 0x0b, 0xf7, 0x4c, 0xf9, 0x20, 0x15, 0xbc, 0x6d, 0xa8, 0x69,
  0x68, 0x73, 0x72, 0x69, 0x69, 0xa2, 0x78, 0xa5, 0x97, 0x94, 0x8d, 0x8f,
  0x91, 0x1e, 0x6f, 0x71, 0x72, 0x68, 0x84, 0x1e, 0x66, 0x07, 0xc9, 0x94,
  0xb9, 0xc0, 0xca, 0x1a, 0x0b, 0xf7, 0x4c, 0xab, 0x15, 0xbc, 0x6d, 0xa7,
  0x69, 0x68, 0x73, 0x72, 0x6a, 0x68, 0xa2, 0x78, 0xa5, 0x97, 0x94, 0x8d,
  0x90, 0x91, 0x1e, 0x6f, 0x71, 0x71, 0x68, 0x85, 0x1e, 0x66, 0x07, 0xc9,
  0x94, 0xb9, 0xc0, 0xca, 0x1a, 0x0b, 0xfb, 0x0f, 0xa9, 0x05, 0x40, 0x9e,
  0x66, 0xb3, 0xca, 0x1a, 0xdc, 0xcd, 0xbf, 0xf0, 0xe5, 0xc2, 0x5d, 0x3a,
  0x93, 0x1e, 0xd4, 0x06, 0xf7, 0x0c, 0x80, 0x36, 0xd3, 0xfb, 0x15, 0x1b,
  0xfb, 0x24, 0x2b, 0x3c, 0xfb, 0x0c, 0x0b, 0xf7, 0x45, 0xf7, 0x04, 0xfb,
  0x05, 0xfb, 0x47, 0xfb, 0x46, 0xfb, 0x04, 0xfb, 0x06, 0xfb, 0x43, 0x1f,
  0xfb, 0x23, 0x0b, 0x90, 0x1d, 0x62, 0x40, 0x1d, 0x5b, 0x6e, 0x63, 0x49,
  0x8f, 0x1f, 0x0b, 0xf7, 0x21, 0x8c, 0x15, 0xf7, 0x9b, 0x07, 0xe8, 0xc1,
  0xd8, 0xf3, 0xd6, 0xc0, 0x63, 0xfb, 0x05, 0x1e, 0xfb, 0xad, 0xd0, 0xf7,
  0xbc, 0x07, 0xf7, 0x0e, 0x52, 0xda, 0xfb, 0x13, 0x3a, 0x50, 0x64, 0x51,
  0x6c, 0x1e, 0x0b, 0x63, 0x78, 0x75, 0x6c, 0x6a, 0x86, 0x0a, 0x85, 0x1b,
  0x76, 0x7d, 0x94, 0xa1, 0xa1, 0x9c, 0xa6, 0xb3, 0x9c, 0x1f, 0x0b, 0x15,
  0xfb, 0x10, 0xd5, 0x36, 0xf7, 0x15, 0xf7, 0x0d, 0xdf, 0xd9, 0xf7, 0x16,
  0x1e, 0xf8, 0x9c, 0x43, 0xfc, 0x9a, 0x07, 0x36, 0x61, 0x52, 0x30, 0x34,
  0x5d, 0xc3, 0xe0, 0x1e, 0xa7, 0x45, 0x07, 0x0e, 0x7e, 0x0a, 0xc2, 0xb8,
  0x15, 0xf7, 0x09, 0xf7, 0x38, 0x05, 0xfb, 0x38, 0x07, 0x0e, 0xaf, 0x1d,
  0x40, 0x0a, 0x0b, 0x15, 0x84, 0xa4, 0x99, 0x89, 0xa5, 0x1b, 0xe0, 0xbb,
  0xc3, 0xe7, 0x1f, 0xf8, 0xc1, 0x46, 0xfc, 0xbd, 0x4b, 0x0a, 0x7c, 0x7f,
  0x8d, 0x90, 0x77, 0x1e, 0x0e, 0xc4, 0x9b, 0xa9, 0xc5, 0x1e, 0xb5, 0xc7,
  0x06, 0x8e, 0x7b, 0x76, 0x8c, 0x7a, 0x1b, 0x43, 0x50, 0x34, 0x0a, 0x41,
  0x2f, 0x1d, 0x0b, 0x15, 0xb3, 0x77, 0xa2, 0x6c, 0x70, 0x77, 0x76, 0x6f,
  0x72, 0x9f, 0x79, 0xa3, 0x90, 0x90, 0x8c, 0x8c, 0x90, 0x1e, 0x89, 0x72,
  0x7a, 0x7c, 0x6e, 0x8c, 0x08, 0x6d, 0x07, 0x0b, 0xf7, 0x3e, 0xfa, 0x09,
  0x15, 0x47, 0x06, 0x4f, 0x2b, 0x0a, 0xc0, 0x06, 0xf7, 0x55, 0xf7, 0x0b,
  0x15, 0x45, 0x06, 0x42, 0x2b, 0x0a, 0xc2, 0x06, 0x0e, 0xf7, 0x82, 0xfa,
  0x0a, 0x9d, 0x1d, 0xba, 0xd8, 0x1e, 0x0e, 0xf7, 0xe5, 0xf9, 0x28, 0x7b,
  0x0a, 0x0b, 0xf9, 0x27, 0x15, 0x48, 0x06, 0x4e, 0x2b, 0x0a, 0xc1, 0x06,
  0xf7, 0x55, 0xf7, 0x0b, 0x15, 0x44, 0x06, 0x42, 0x2b, 0x0a, 0xc3, 0x06,
  0x0b, 0xfb, 0x32, 0xfb, 0x00, 0xf7, 0x0e, 0xf7, 0x47, 0x56, 0x1d, 0xf7,
  0x32, 0xf7, 0x01, 0xfb, 0x0e, 0xfb, 0x47, 0x0b, 0xa5, 0x1d, 0x73, 0x77,
  0x65, 0x63, 0x75, 0xa0, 0xa8, 0x1e, 0x0b, 0x15, 0xf7, 0x04, 0xd3, 0xdb,
  0xf3, 0xf2, 0xd4, 0x3b, 0xfb, 0x04, 0xfb, 0x06, 0x42, 0x3c, 0x24, 0x23,
  0x43, 0xda, 0xf7, 0x06, 0x1e, 0x0e, 0xf7, 0x0d, 0x97, 0x1d, 0x0b, 0xf7,
  0x16, 0xf9, 0x2f, 0x9b, 0x1d, 0x0b, 0xf7, 0x68, 0xf8, 0xb0, 0x83, 0x0a,
  0x0b, 0xf7, 0x0d, 0x6d, 0x05, 0xd8, 0x79, 0xaf, 0x61, 0x4b, 0x1a, 0x39,
  0x48, 0x58, 0x22, 0x29, 0x49, 0xbc, 0xd6, 0x87, 0x1e, 0x41, 0x06, 0x0b,
  0xf7, 0x21, 0xf8, 0x08, 0x15, 0xad, 0xa8, 0xa8, 0xac, 0xad, 0x6e, 0xa7,
  0x69, 0x69, 0x6e, 0x6f, 0x69, 0x6a, 0xa8, 0x6e, 0xad, 0x1f, 0x0b, 0xf7,
  0x08, 0xf9, 0x92, 0x4e, 0x1d, 0x0e, 0x81, 0x0a, 0xbb, 0xd7, 0x1e, 0x0b,
  0xf7, 0x90, 0x16, 0xdc, 0x06, 0xfb, 0x68, 0xf7, 0x86, 0xf7, 0x68, 0x5f,
  0x1d, 0xc8, 0x1d, 0x0b, 0xa7, 0x1f, 0xf7, 0x72, 0xf8, 0xe7, 0x05, 0x44,
  0x06, 0xfb, 0x2d, 0x0b, 0xce, 0x15, 0x48, 0xbb, 0xce, 0xb5, 0xb8, 0x61,
  0xf7, 0x73, 0x4f, 0x07, 0xfb, 0x34, 0xfb, 0x74, 0x05, 0x5f, 0x07, 0x0b,
  0x85, 0x0a, 0x07, 0x0b, 0x15, 0xac, 0xa7, 0xa7, 0xab, 0xac, 0x6f, 0xa7,
  0x6a, 0x6a, 0x6f, 0x6f, 0x6a, 0x6b, 0xa7, 0x6f, 0xac, 0x1f, 0x0b, 0x15,
  0x5f, 0x74, 0x71, 0x5f, 0x5f, 0x75, 0xa5, 0xb7, 0x1e, 0x53, 0x06, 0x3e,
  0xba, 0x5c, 0xd6, 0xd6, 0xbb, 0x0b, 0xa4, 0x1d, 0xd6, 0xba, 0x0b, 0x57,
  0x1d, 0xca, 0x06, 0x3e, 0xf7, 0x0e, 0x05, 0x34, 0x06, 0x3f, 0xfb, 0x0e,
  0x05, 0x0b, 0x16, 0x45, 0x5b, 0x5a, 0x48, 0x47, 0x5b, 0xbc, 0xba, 0x1d,
  0x0b, 0xf7, 0x4b, 0x16, 0xf8, 0x3e, 0xb6, 0x1d, 0xfc, 0x3e, 0x0b, 0x35,
  0x0a, 0x98, 0x3a, 0x1d, 0x85, 0x8a, 0x0b, 0xf7, 0x41, 0xf9, 0x92, 0x33,
  0x0a, 0x0e, 0x88, 0x77, 0x6f, 0x5e, 0x3c, 0x3a, 0xec, 0x31, 0x1b, 0x3f,
  0x5b, 0x4f, 0x33, 0x1f, 0xc5, 0x06, 0x0b, 0x15, 0xe2, 0x06, 0xd8, 0xf7,
  0x0e, 0x05, 0x4c, 0xa2, 0x0a, 0x0b, 0xf8, 0xba, 0x15, 0xc5, 0xe3, 0xc4,
  0x33, 0x05, 0xc9, 0x06, 0x3f, 0xf7, 0x0d, 0x05, 0x34, 0x06, 0x0b, 0x06,
  0xfb, 0x23, 0xea, 0x34, 0xf7, 0x21, 0xf7, 0x25, 0xf3, 0xe8, 0xf7, 0x22,
  0xf7, 0x16, 0x0b, 0x15, 0xe6, 0xc7, 0x4d, 0x2e, 0x1f, 0xfb, 0xce, 0x06,
  0xea, 0x97, 0xc7, 0xc7, 0xe6, 0x1b, 0x0b, 0x7f, 0x15, 0xf7, 0x2a, 0xf1,
  0xf1, 0xf7, 0x24, 0xf7, 0x1a, 0x2f, 0xf6, 0xfb, 0x29, 0x0b, 0x49, 0x07,
  0x66, 0x8f, 0x72, 0x90, 0x72, 0x1e, 0x76, 0x99, 0x74, 0x96, 0x68, 0x98,
  0x0b, 0xfb, 0x03, 0xfb, 0x00, 0xfb, 0x26, 0xfb, 0x20, 0xee, 0xfb, 0x01,
  0xf7, 0x29, 0xad, 0x0b, 0xa6, 0x0a, 0x63, 0x97, 0x1e, 0x0b, 0xa5, 0xa2,
  0xa1, 0xa5, 0xa6, 0x74, 0xa2, 0x71, 0x70, 0x74, 0x74, 0x70, 0x71, 0x0b,
  0xf7, 0x2d, 0x47, 0xfb, 0x2d, 0x2a, 0x51, 0xec, 0xfc, 0x3e, 0x07, 0x0e,
  0x05, 0xdf, 0x06, 0xf7, 0x59, 0xf8, 0x6f, 0x15, 0xfb, 0x00, 0x3f, 0x3d,
  0x0b, 0x15, 0xfc, 0x12, 0xc2, 0xf8, 0x45, 0xfb, 0x2a, 0x58, 0x07, 0x0e,
  0x15, 0x25, 0xbf, 0x43, 0xe7, 0xe4, 0xc3, 0xd0, 0xf2, 0xf1, 0x55, 0x0b,
  0xe0, 0xfb, 0x1a, 0x92, 0x1e, 0xf7, 0x6a, 0xf7, 0x69, 0x05, 0xc5, 0x0b,
  0x1e, 0x66, 0x07, 0xc8, 0x94, 0xba, 0xc0, 0xca, 0x1a, 0x0e, 0x05, 0x4c,
  0x06, 0x52, 0x33, 0x52, 0xe3, 0x05, 0x4c, 0x06, 0x0b, 0xf7, 0x2d, 0x47,
  0xfb, 0x2d, 0x2a, 0x52, 0xec, 0xfc, 0x3f, 0x0b, 0x15, 0x43, 0xfd, 0x60,
  0xf8, 0x25, 0xcd, 0xfb, 0xdd, 0x06, 0x0b, 0xf7, 0x03, 0xc9, 0xdc, 0xf5,
  0xf4, 0xc8, 0x3a, 0xfb, 0x03, 0x0b, 0x5e, 0x49, 0x1e, 0xbd, 0x06, 0xb3,
  0xa5, 0xa5, 0xb3, 0xb3, 0x0b, 0x7d, 0x19, 0x90, 0xa3, 0x8e, 0xa5, 0xb0,
  0x1a, 0xcd, 0x0b, 0xf7, 0x33, 0xf9, 0x60, 0x15, 0x43, 0xfd, 0x60, 0xd3,
  0x0b, 0x15, 0xbb, 0x06, 0x9c, 0xf7, 0x30, 0x05, 0x4a, 0x06, 0x0b, 0x16,
  0xa4, 0x0a, 0x0b, 0xf7, 0x0c, 0x05, 0x42, 0x06, 0xd6, 0xfb, 0x0c, 0x05,
  0x0b, 0x06, 0x52, 0x33, 0x51, 0xe3, 0x05, 0x4d, 0x06, 0x0b, 0x49, 0xe6,
  0xfb, 0x03, 0xfb, 0x01, 0x47, 0x30, 0x0b, 0xad, 0xa8, 0xa7, 0xac, 0xad,
  0x6e, 0xa8, 0x69, 0x0b, 0x22, 0x4e, 0xdb, 0xf7, 0x04, 0x0b, 0xb0, 0xc6,
  0xb4, 0x73, 0xad, 0x0b, 0x00, 0x01, 0x00, 0x00, 0x00, 0x0c, 0x00, 0x00,
  0x00, 0x00, 0x00, 0x00, 0x00, 0x02, 0x00, 0x31, 0x00, 0x01, 0x00, 0x01,
  0x00, 0x01, 0x00, 0x0c, 0x00, 0x0c, 0x00, 0x01, 0x00, 0x0e, 0x00, 0x0f,
  0x00, 0x01, 0x00, 0x15, 0x00, 0x15, 0x00, 0x01, 0x00, 0x19, 0x00, 0x19,
  0x00, 0x01, 0x00, 0x23, 0x00, 0x24, 0x00, 0x01, 0x00, 0x29, 0x00, 0x29,
  0x00, 0x01, 0x00, 0x2b, 0x00, 0x2b, 0x00, 0x01, 0x00, 0x34, 0x00, 0x34,
  0x00, 0x01, 0x00, 0x36, 0x00, 0x36, 0x00, 0x01, 0x00, 0x38, 0x00, 0x38,
  0x00, 0x01, 0x00, 0x3e, 0x00, 0x3f, 0x00, 0x01, 0x00, 0x43, 0x00, 0x43,
  0x00, 0x01, 0x00, 0x45, 0x00, 0x45, 0x00, 0x01, 0x00, 0x4c, 0x00, 0x4c,
  0x00, 0x01, 0x00, 0x50, 0x00, 0x50, 0x00, 0x01, 0x00, 0x53, 0x00, 0x53,
  0x00, 0x01, 0x00, 0x57, 0x00, 0x57, 0x00, 0x01, 0x00, 0x5d, 0x00, 0x5d,
  0x00, 0x01, 0x00, 0x62, 0x00, 0x62, 0x00, 0x01, 0x00, 0x6c, 0x00, 0x6d,
  0x00, 0x01, 0x00, 0x73, 0x00, 0x73, 0x00, 0x01, 0x00, 0x78, 0x00, 0x78,
  0x00, 0x01, 0x00, 0x7c, 0x00, 0x7d, 0x00, 0x01, 0x00, 0x88, 0x00, 0x88,
  0x00, 0x01, 0x00, 0x8a, 0x00, 0x8b, 0x00, 0x01, 0x00, 0x91, 0x00, 0x91,
  0x00, 0x01, 0x00, 0x95, 0x00, 0x95, 0x00, 0x01, 0x00, 0xa0, 0x00, 0xa0,
  0x00, 0x01, 0x00, 0xa5, 0x00, 0xa5, 0x00, 0x01, 0x00, 0xa7, 0x00, 0xa7,
  0x00, 0x01, 0x00, 0xb2, 0x00, 0xb2, 0x00, 0x01, 0x00, 0xb4, 0x00, 0xb4,
  0x00, 0x01, 0x00, 0xba, 0x00, 0xbb, 0x00, 0x01, 0x00, 0xc1, 0x00, 0xc1,
  0x00, 0x01, 0x00, 0xcc, 0x00, 0xcc, 0x00, 0x01, 0x00, 0xce, 0x00, 0xcf,
  0x00, 0x01, 0x00, 0xd3, 0x00, 0xd3, 0x00, 0x01, 0x00, 0xd9, 0x00, 0xda,
  0x00, 0x01, 0x00, 0xdf, 0x00, 0xdf, 0x00, 0x01, 0x00, 0xea, 0x00, 0xea,
  0x00, 0x01, 0x00, 0xef, 0x00, 0xf0, 0x00, 0x01, 0x00, 0xf5, 0x00, 0xf5,
  0x00, 0x01, 0x00, 0xf9, 0x00, 0xfb, 0x00, 0x01, 0x00, 0xfd, 0x01, 0x05,
  0x00, 0x01, 0x01, 0xb8, 0x01, 0xc6, 0x00, 0x03, 0x01, 0xc8, 0x01, 0xd3,
  0x00, 0x03, 0x01, 0xdc, 0x01, 0xdd, 0x00, 0x01, 0x01, 0xf0, 0x01, 0xf7,
  0x00, 0x03, 0x00, 0x00, 0x00, 0x01, 0x00, 0x00, 0x00, 0x0a, 0x00, 0x5a,
  0x00, 0x74, 0x00, 0x02, 0x44, 0x46, 0x4c, 0x54, 0x00, 0x0e, 0x6c, 0x61,
  0x74, 0x6e, 0x00, 0x12, 0x00, 0x38, 0x00, 0x00, 0x00, 0x34, 0x00, 0x08,
  0x41, 0x5a, 0x45, 0x20, 0x00, 0x34, 0x43, 0x41, 0x54, 0x20, 0x00, 0x34,
  0x43, 0x52, 0x54, 0x20, 0x00, 0x34, 0x4b, 0x41, 0x5a, 0x20, 0x00, 0x34,
  0x4d, 0x4f, 0x4c, 0x20, 0x00, 0x34, 0x52, 0x4f, 0x4d, 0x20, 0x00, 0x34,
  0x54, 0x41, 0x54, 0x20, 0x00, 0x34, 0x54, 0x52, 0x4b, 0x20, 0x00, 0x34,
  0x00, 0x00, 0xff, 0xff, 0x00, 0x02, 0x00, 0x00, 0x00, 0x01, 0x00, 0x02,
  0x6b, 0x65, 0x72, 0x6e, 0x00, 0x0e, 0x6d, 0x61, 0x72, 0x6b, 0x00, 0x14,
  0x00, 0x00, 0x00, 0x01, 0x00, 0x01, 0x00, 0x00, 0x00, 0x01, 0x00, 0x00,
  0x00, 0x02, 0x00, 0x06, 0x09, 0x50, 0x00, 0x04, 0x00, 0x00, 0x00, 0x01,
  0x00, 0x08, 0x00, 0x01, 0x00, 0x0c, 0x00, 0x22, 0x00, 0x07, 0x00, 0xac,
  0x01, 0xdc, 0x00, 0x02, 0x00, 0x03, 0x01, 0xb8, 0x01, 0xc6, 0x00, 0x00,
  0x01, 0xc8, 0x01, 0xd3, 0x00, 0x0f, 0x01, 0xf0, 0x01, 0xf7, 0x00, 0x1b,
  0x00, 0x01, 0x00, 0x43, 0x00, 0x01, 0x00, 0x0c, 0x00, 0x0e, 0x00, 0x0f,
  0x00, 0x15, 0x00, 0x19, 0x00, 0x23, 0x00, 0x24, 0x00, 0x29, 0x00, 0x2b,
  0x00, 0x34, 0x00, 0x36, 0x00, 0x38, 0x00, 0x3e, 0x00, 0x3f, 0x00, 0x43,
  0x00, 0x45, 0x00, 0x4c, 0x00, 0x50, 0x00, 0x53, 0x00, 0x57, 0x00, 0x5d,
  0x00, 0x62, 0x00, 0x6c, 0x00, 0x6d, 0x00, 0x73, 0x00, 0x78, 0x00, 0x7c,
  0x00, 0x7d, 0x00, 0x88, 0x00, 0x8a, 0x00, 0x8b, 0x00, 0x91, 0x00, 0x95,
  0x00, 0xa0, 0x00, 0xa5, 0x00, 0xa7, 0x00, 0xb2, 0x00, 0xb4, 0x00, 0xba,
  0x00, 0xbb, 0x00, 0xc1, 0x00, 0xcc, 0x00, 0xce, 0x00, 0xcf, 0x00, 0xd3,
  0x00, 0xd9, 0x00, 0xda, 0x00, 0xdf, 0x00, 0xea, 0x00, 0xef, 0x00, 0xf0,
  0x00, 0xf5, 0x00, 0xf9, 0x00, 0xfa, 0x00, 0xfb, 0x00, 0xfd, 0x00, 0xfe,
  0x00, 0xff, 0x01, 0x00, 0x01, 0x01, 0x01, 0x02, 0x01, 0x03, 0x01, 0x04,
  0x01, 0x05, 0x01, 0xdc, 0x01, 0xdd, 0x00, 0x23, 0x00, 0x00, 0x00, 0x8e,
  0x00, 0x00, 0x01, 0x2a, 0x00, 0x00, 0x00, 0xa0, 0x00, 0x00, 0x00, 0x94,
  0x00, 0x00, 0x00, 0x9a, 0x00, 0x00, 0x00, 0xca, 0x00, 0x00, 0x00, 0xca,
  0x00, 0x00, 0x00, 0xbe, 0x00, 0x00, 0x00, 0xa0, 0x00, 0x00, 0x00, 0xfa,
  0x00, 0x00, 0x00, 0xe8, 0x00, 0x00, 0x00, 0xa6, 0x00, 0x01, 0x00, 0xac,
  0x00, 0x01, 0x00, 0xb2, 0x00, 0x02, 0x00, 0xb8, 0x00, 0x00, 0x00, 0xbe,
  0x00, 0x00, 0x00, 0xca, 0x00, 0x01, 0x00, 0xc4, 0x00, 0x00, 0x00, 0xca,
  0x00, 0x00, 0x00, 0xd0, 0x00, 0x00, 0x00, 0xd6, 0x00, 0x00, 0x00, 0xdc,
  0x00, 0x00, 0x00, 0xe2, 0x00, 0x00, 0x00, 0xe8, 0x00, 0x03, 0x00, 0xee,
  0x00, 0x00, 0x00, 0xf4, 0x00, 0x00, 0x00, 0xfa, 0x00, 0x04, 0x01, 0x00,
  0x00, 0x05, 0x01, 0x06, 0x00, 0x06, 0x01, 0x0c, 0x00, 0x05, 0x01, 0x12,
  0x00, 0x05, 0x01, 0x18, 0x00, 0x06, 0x01, 0x1e, 0x00, 0x05, 0x01, 0x24,
  0x00, 0x00, 0x01, 0x2a, 0x00, 0x01, 0x00, 0xb8, 0x02, 0xcc, 0x00, 0x01,
  0x00, 0x47, 0x02, 0xcc, 0x00, 0x01, 0x00, 0x78, 0x02, 0xcc, 0x00, 0x01,
  0x00, 0x93, 0x02, 0xcc, 0x00, 0x01, 0x00, 0x60, 0x02, 0xcc, 0x00, 0x01,
  0x00, 0x5b, 0x00, 0x11, 0x00, 0x01, 0x00, 0x5c, 0x00, 0x00, 0x00, 0x01,
  0x00, 0xfb, 0x00, 0xfc, 0x00, 0x01, 0x00, 0xac, 0x02, 0xcc, 0x00, 0x01,
  0x00, 0x4d, 0x00, 0x04, 0x00, 0x01, 0x00, 0xa0, 0x02, 0xcc, 0x00, 0x01,
  0x00, 0xb9, 0x02, 0xcc, 0x00, 0x01, 0x00, 0x63, 0x02, 0xc6, 0x00, 0x01,
  0x00, 0x97, 0x02, 0xcc, 0x00, 0x01, 0x00, 0x81, 0x02, 0xcc, 0x00, 0x01,
  0x00, 0xb0, 0x02, 0xcc, 0x00, 0x01, 0x00, 0x98, 0x00, 0x00, 0x00, 0x01,
  0x00, 0x92, 0x02, 0xcc, 0x00, 0x01, 0x00, 0xba, 0x02, 0xcc, 0x00, 0x01,
  0x01, 0x01, 0x02, 0xcc, 0x00, 0x01, 0x00, 0xd9, 0x02, 0x47, 0x00, 0x01,
  0x00, 0x75, 0x01, 0x86, 0x00, 0x01, 0x00, 0xa8, 0x01, 0x66, 0x00, 0x01,
  0x01, 0x64, 0x02, 0x40, 0x00, 0x01, 0x00, 0xbd, 0x01, 0x9e, 0x00, 0x01,
  0x00, 0xf9, 0x01, 0x66, 0x00, 0x01, 0x00, 0x63, 0x02, 0xcc, 0x00, 0x43,
  0x03, 0xac, 0x03, 0xb2, 0x00, 0x00, 0x03, 0xb8, 0x00, 0x00, 0x00, 0x00,
  0x00, 0x00, 0x03, 0xbe, 0x00, 0x00, 0x00, 0x00, 0x00, 0x00, 0x00, 0x00,
  0x00, 0x00, 0x00, 0x00, 0x03, 0xc4, 0x05, 0x38, 0x00, 0x00, 0x00, 0x00,
  0x00, 0x00, 0x00, 0x00, 0x00, 0x00, 0x03, 0xca, 0x03, 0xd0, 0x00, 0x00,
  0x00, 0x00, 0x00, 0x00, 0x00, 0x00, 0x00, 0x00, 0x03, 0xd6, 0x03, 0xdc,
  0x00, 0x00, 0x00, 0x00, 0x00, 0x00, 0x03, 0xe2, 0x00, 0x00, 0x03, 0xe8,
  0x03, 0xee, 0x00, 0x00, 0x03, 0xf4, 0x00, 0x00, 0x00, 0x00, 0x00, 0x00,
  0x03, 0xfa, 0x04, 0x00, 0x00, 0x00, 0x00, 0x00, 0x00, 0x00, 0x00, 0x00,
  0x00, 0x00, 0x04, 0x06, 0x04, 0x0c, 0x00, 0x00, 0x00, 0x00, 0x00, 0x00,
  0x00, 0x00, 0x00, 0x00, 0x04, 0x12, 0x04, 0x18, 0x00, 0x00, 0x00, 0x00,
  0x00, 0x00, 0x04, 0x1e, 0x00, 0x00, 0x04, 0x24, 0x04, 0x2a, 0x00, 0x00,
  0x04, 0x30, 0x00, 0x00, 0x00, 0x00, 0x00, 0x00, 0x04, 0x36, 0x04, 0x3c,
  0x00, 0x00, 0x00, 0x00, 0x00, 0x00, 0x00, 0x00, 0x00, 0x00, 0x04, 0x42,
  0x04, 0x48, 0x00, 0x00, 0x00, 0x00, 0x00, 0x00, 0x00, 0x00, 0x00, 0x00,
  0x04, 0x4e, 0x04, 0x54, 0x00, 0x00, 0x00, 0x00, 0x04, 0x5a, 0x04, 0x60,
  0x04, 0x66, 0x04, 0x6c, 0x04, 0x72, 0x00, 0x00, 0x00, 0x00, 0x00, 0x00,
  0x00, 0x00, 0x00, 0x00, 0x04, 0x78, 0x04, 0x7e, 0x00, 0x00, 0x00, 0x00,
  0x00, 0x00, 0x00, 0x00, 0x00, 0x00, 0x04, 0x84, 0x04, 0x8a, 0x00, 0x00,
  0x00, 0x00, 0x00, 0x00, 0x00, 0x00, 0x00, 0x00, 0x04, 0x90, 0x04, 0x96,
  0x00, 0x00, 0x04, 0x9c, 0x00, 0x00, 0x04, 0xa2, 0x00, 0x00, 0x04, 0xa8,
  0x00, 0x00, 0x00, 0x00, 0x00, 0x00, 0x00, 0x00, 0x00, 0x00, 0x00, 0x00,
  0x04, 0xae, 0x04, 0xb4, 0x00, 0x00, 0x00, 0x00, 0x00, 0x00, 0x00, 0x00,
  0x00, 0x00, 0x04, 0xba, 0x04, 0xc0, 0x00, 0x00, 0x00, 0x00, 0x00, 0x00,
  0x00, 0x00, 0x00, 0x00, 0x04, 0xc6, 0x04, 0xcc, 0x00, 0x00, 0x00, 0x00,
  0x00, 0x00, 0x00, 0x00, 0x00, 0x00, 0x04, 0xd2, 0x04, 0xd8, 0x00, 0x00,
  0x00, 0x00, 0x00, 0x00, 0x04, 0xde, 0x00, 0x00, 0x04, 0xe4, 0x04, 0xea,
  0x00, 0x00, 0x04, 0xf0, 0x04, 0xf6, 0x00, 0x00, 0x00, 0x00, 0x00, 0x00,
  0x04, 0xfc, 0x00, 0x00, 0x00, 0x00, 0x00, 0x00, 0x00, 0x00, 0x00, 0x00,
  0x05, 0x02, 0x05, 0x08, 0x00, 0x00, 0x00, 0x00, 0x00, 0x00, 0x00, 0x00,
  0x00, 0x00, 0x05, 0x0e, 0x05, 0x14, 0x00, 0x00, 0x00, 0x00, 0x00, 0x00,
  0x00, 0x00, 0x00, 0x00, 0x05, 0x1a, 0x05, 0x20, 0x00, 0x00, 0x00, 0x00,
  0x00, 0x00, 0x00, 0x00, 0x00, 0x00, 0x05, 0x26, 0x05, 0x2c, 0x00, 0x00,
  0x00, 0x00, 0x00, 0x00, 0x00, 0x00, 0x00, 0x00, 0x05, 0x32, 0x05, 0x38,
  0x00, 0x00, 0x05, 0x3e, 0x00, 0x00, 0x00, 0x00, 0x00, 0x00, 0x05, 0x44,
  0x05, 0x4a, 0x00, 0x00, 0x05, 0x50, 0x00, 0x00, 0x00, 0x00, 0x00, 0x00,
  0x05, 0x56, 0x05, 0x5c, 0x00, 0x00, 0x00, 0x00, 0x00, 0x00, 0x00, 0x00,
  0x00, 0x00, 0x05, 0x62, 0x05, 0x80, 0x00, 0x00, 0x00, 0x00, 0x00, 0x00,
  0x00, 0x00, 0x00, 0x00, 0x05, 0x68, 0x05, 0x6e, 0x00, 0x00, 0x00, 0x00,
  0x05, 0x74, 0x05, 0x7a, 0x00, 0x00, 0x06, 0x94, 0x05, 0x80, 0x00, 0x00,
  0x05, 0x86, 0x00, 0x00, 0x00, 0x00, 0x00, 0x00, 0x05, 0x8c, 0x05, 0x92,
  0x00, 0x00, 0x00, 0x00, 0x00, 0x00, 0x00, 0x00, 0x00, 0x00, 0x00, 0x00,
  0x00, 0x00, 0x00, 0x00, 0x00, 0x00, 0x00, 0x00, 0x05, 0x98, 0x00, 0x00,
  0x00, 0x00, 0x05, 0x9e, 0x00, 0x00, 0x00, 0x00, 0x00, 0x00, 0x00, 0x00,
  0x00, 0x00, 0x05, 0xa4, 0x05, 0xaa, 0x00, 0x00, 0x00, 0x00, 0x00, 0x00,
  0x00, 0x00, 0x00, 0x00, 0x05, 0xb0, 0x05, 0xb6, 0x00, 0x00, 0x00, 0x00,
  0x05, 0xbc, 0x05, 0xc2, 0x05, 0xc8, 0x05, 0xce, 0x05, 0xd4, 0x00, 0x00,
  0x00, 0x00, 0x00, 0x00, 0x00, 0x00, 0x00, 0x00, 0x05, 0xda, 0x05, 0xe0,
  0x00, 0x00, 0x00, 0x00, 0x00, 0x00, 0x00, 0x00, 0x00, 0x00, 0x05, 0xe6,
  0x05, 0xec, 0x05, 0xf2, 0x00, 0x00, 0x00, 0x00, 0x00, 0x00, 0x00, 0x00,
  0x05, 0xf8, 0x05, 0xfe, 0x00, 0x00, 0x00, 0x00, 0x00, 0x00, 0x00, 0x00,
  0x00, 0x00, 0x06, 0x04, 0x06, 0x0a, 0x00, 0x00, 0x00, 0x00, 0x00, 0x00,
  0x00, 0x00, 0x00, 0x00, 0x06, 0x10, 0x07, 0x54, 0x00, 0x00, 0x00, 0x00,
  0x00, 0x00, 0x00, 0x00, 0x00, 0x00, 0x06, 0x16, 0x06, 0x1c, 0x00, 0x00,
  0x00, 0x00, 0x00, 0x00, 0x00, 0x00, 0x00, 0x00, 0x00, 0x00, 0x06, 0x22,
  0x00, 0x00, 0x00, 0x00, 0x00, 0x00, 0x00, 0x00, 0x00, 0x00, 0x06, 0x28,
  0x06, 0x2e, 0x00, 0x00, 0x00, 0x00, 0x06, 0x34, 0x06, 0x3a, 0x00, 0x00,
  0x06, 0x40, 0x06, 0x46, 0x00, 0x00, 0x06, 0x4c, 0x00, 0x00, 0x00, 0x00,
  0x00, 0x00, 0x06, 0x52, 0x06, 0x58, 0x00, 0x00, 0x00, 0x00, 0x00, 0x00,
  0x00, 0x00, 0x00, 0x00, 0x06, 0x5e, 0x06, 0x64, 0x00, 0x00, 0x00, 0x00,
  0x00, 0x00, 0x00, 0x00, 0x00, 0x00, 0x06, 0x6a, 0x06, 0x70, 0x00, 0x00,
  0x00, 0x00, 0x00, 0x00, 0x00, 0x00, 0x00, 0x00, 0x06, 0x76, 0x06, 0x7c,
  0x00, 0x00, 0x00, 0x00, 0x00, 0x00, 0x00, 0x00, 0x00, 0x00, 0x06, 0x82,
  0x06, 0x88, 0x00, 0x00, 0x06, 0x8e, 0x00, 0x00, 0x00, 0x00, 0x00, 0x00,
  0x06, 0x94, 0x06, 0x9a, 0x00, 0x00, 0x00, 0x00, 0x00, 0x00, 0x00, 0x00,
  0x00, 0x00, 0x06, 0xa0, 0x06, 0xa6, 0x00, 0x00, 0x00, 0x00, 0x06, 0xac,
  0x06, 0xb2, 0x00, 0x00, 0x00, 0x00, 0x06, 0xb8, 0x00, 0x00, 0x00, 0x00,
  0x00, 0x00, 0x00, 0x00, 0x00, 0x00, 0x06, 0xbe, 0x06, 0xc4, 0x00, 0x00,
  0x00, 0x00, 0x06, 0xca, 0x00, 0x00, 0x00, 0x00, 0x06, 0xd0, 0x06, 0xd6,
  0x00, 0x00, 0x00, 0x00, 0x06, 0xdc, 0x06, 0xe2, 0x00, 0x00, 0x06, 0xe8,
  0x06, 0xee, 0x00, 0x00, 0x00, 0x00, 0x00, 0x00, 0x00, 0x00, 0x00, 0x00,
  0x00, 0x00, 0x06, 0xf4, 0x00, 0x00, 0x00, 0x00, 0x00, 0x00, 0x00, 0x00,
  0x00, 0x00, 0x06, 0xfa, 0x07, 0x00, 0x00, 0x00, 0x00, 0x00, 0x07, 0x06,
  0x07, 0x0c, 0x00, 0x00, 0x07, 0x12, 0x07, 0x18, 0x00, 0x00, 0x00, 0x00,
  0x07, 0x1e, 0x07, 0x24, 0x00, 0x00, 0x07, 0x2a, 0x07, 0x30, 0x00, 0x00,
  0x00, 0x00, 0x07, 0x36, 0x07, 0x3c, 0x00, 0x00, 0x07, 0x42, 0x07, 0x48,
  0x00, 0x00, 0x00, 0x00, 0x00, 0x00, 0x07, 0x4e, 0x00, 0x00, 0x07, 0x60,
  0x07, 0x54, 0x00, 0x00, 0x07, 0x5a, 0x00, 0x00, 0x00, 0x00, 0x00, 0x00,
  0x07, 0x60, 0x00, 0x00, 0x00, 0x00, 0x00, 0x00, 0x00, 0x00, 0x00, 0x00,
  0x00, 0x00, 0x00, 0x01, 0x01, 0x42, 0x02, 0xd1, 0x00, 0x01, 0x02, 0x4b,
  0x00, 0x00, 0x00, 0x01, 0x02, 0x78, 0x00, 0x00, 0x00, 0x01, 0x02, 0x2f,
  0x02, 0xd1, 0x00, 0x01, 0x00, 0xf7, 0x02, 0xcd, 0x00, 0x01, 0x01, 0x7e,
  0x02, 0xd1, 0x00, 0x01, 0x01, 0x78, 0x00, 0x00, 0x00, 0x01, 0x01, 0x2c,
  0x02, 0xd0, 0x00, 0x01, 0x01, 0x92, 0x00, 0x00, 0x00, 0x01, 0x00, 0xa5,
  0x01, 0x66, 0x00, 0x01, 0x01, 0x28, 0x02, 0xd1, 0x00, 0x01, 0x01, 0x3a,
  0x00, 0x00, 0x00, 0x01, 0x02, 0x04, 0x00, 0x00, 0x00, 0x01, 0x01, 0x51,
  0x02, 0xc9, 0x00, 0x01, 0x01, 0x5e, 0x00, 0x00, 0x00, 0x01, 0x01, 0x84,
  0x02, 0xd1, 0x00, 0x01, 0x01, 0x81, 0x00, 0x00, 0x00, 0x01, 0x01, 0x61,
  0x02, 0xd1, 0x00, 0x01, 0x01, 0x60, 0x00, 0x00, 0x00, 0x01, 0x01, 0x61,
  0x02, 0x40, 0x00, 0x01, 0x00, 0x7b, 0x02, 0xd1, 0x00, 0x01, 0x00, 0x74,
  0x00, 0x00, 0x00, 0x01, 0x00, 0x9f, 0x00, 0x00, 0x00, 0x01, 0x01, 0x88,
  0x02, 0xd1, 0x00, 0x01, 0x00, 0xe9, 0x00, 0x00, 0x00, 0x01, 0x01, 0x50,
  0x02, 0xd1, 0x00, 0x01, 0x01, 0x4d, 0x00, 0x00, 0x00, 0x01, 0x00, 0x7b,
  0x02, 0xcc, 0x00, 0x01, 0x01, 0x16, 0x00, 0x00, 0x00, 0x01, 0x00, 0x9f,
  0x02, 0xcc, 0x00, 0x01, 0x01, 0x08, 0x01, 0x8b, 0x00, 0x01, 0x00, 0xb9,
  0x01, 0x76, 0x00, 0x01, 0x01, 0xa4, 0x02, 0xd1, 0x00, 0x01, 0x01, 0xd9,
  0x00, 0x00, 0x00, 0x01, 0x01, 0x66, 0x02, 0xd1, 0x00, 0x01, 0x01, 0x6a,
  0x00, 0x00, 0x00, 0x01, 0x01, 0x5b, 0x02, 0xbe, 0x00, 0x01, 0x01, 0x5b,
  0x00, 0x00, 0x00, 0x01, 0x01, 0x80, 0x02, 0xd1, 0x00, 0x01, 0x01, 0x80,
  0x00, 0x00, 0x00, 0x01, 0x03, 0x41, 0x00, 0x0a, 0x00, 0x01, 0x01, 0x81,
  0x01, 0x66, 0x00, 0x01, 0x01, 0x7e, 0x02, 0xcd, 0x00, 0x01, 0x01, 0x60,
  0x02, 0xc9, 0x00, 0x01, 0x01, 0x6b, 0x00, 0x00, 0x00, 0x01, 0x01, 0x32,
  0x02, 0xd1, 0x00, 0x01, 0x01, 0x50, 0x00, 0x00, 0x00, 0x01, 0x01, 0x18,
  0x02, 0xd1, 0x00, 0x01, 0x01, 0x15, 0x00, 0x00, 0x00, 0x01, 0x01, 0x0c,
  0x02, 0xd1, 0x00, 0x01, 0x01, 0x0c, 0x00, 0x00, 0x00, 0x01, 0x01, 0x0c,
  0x01, 0x91, 0x00, 0x01, 0x01, 0x5b, 0x02, 0xd1, 0x00, 0x01, 0x01, 0x5c,
  0x00, 0x00, 0x00, 0x01, 0x01, 0xb6, 0x00, 0x00, 0x00, 0x01, 0x02, 0x9f,
  0x02, 0xc7, 0x00, 0x01, 0x01, 0x84, 0x00, 0x00, 0x00, 0x01, 0x01, 0xe9,
  0x02, 0xd1, 0x00, 0x01, 0x01, 0xe9, 0x00, 0x00, 0x00, 0x01, 0x01, 0x20,
  0x02, 0xd1, 0x00, 0x01, 0x01, 0x30, 0x00, 0x00, 0x00, 0x01, 0x01, 0x1b,
  0x02, 0xd1, 0x00, 0x01, 0x01, 0x1b, 0x00, 0x00, 0x00, 0x01, 0x01, 0x6b,
  0x02, 0xd1, 0x00, 0x01, 0x01, 0x85, 0x00, 0x00, 0x00, 0x01, 0x01, 0x0a,
  0x01, 0xeb, 0x00, 0x01, 0x01, 0x9d, 0x00, 0x00, 0x00, 0x01, 0x01, 0xc8,
  0x00, 0x00, 0x00, 0x01, 0x01, 0xad, 0x01, 0xeb, 0x00, 0x01, 0x02, 0xcc,
  0x00, 0x00, 0x00, 0x01, 0x03, 0xf5, 0xff, 0xfd, 0x00, 0x01, 0x00, 0x99,
  0x02, 0xa0, 0x00, 0x01, 0x01, 0x53, 0x00, 0x00, 0x00, 0x01, 0x01, 0x08,
  0x01, 0xeb, 0x00, 0x01, 0x01, 0xde, 0x02, 0xa1, 0x00, 0x01, 0x01, 0x09,
  0x00, 0x00, 0x00, 0x01, 0x02, 0x00, 0x02, 0xd9, 0x00, 0x01, 0x01, 0xac,
  0x02, 0x59, 0x00, 0x01, 0x01, 0x10, 0x00, 0x00, 0x00, 0x01, 0x01, 0x67,
  0x00, 0x00, 0x00, 0x01, 0x01, 0x18, 0x01, 0xf4, 0x00, 0x01, 0x01, 0x28,
  0x00, 0x00, 0x00, 0x01, 0x00, 0x9c, 0x02, 0x59, 0x00, 0x01, 0x00, 0x52,
  0x00, 0x01, 0x00, 0x01, 0x01, 0x3c, 0x02, 0x49, 0x00, 0x01, 0x00, 0xfb,
  0x00, 0x00, 0x00, 0x01, 0x00, 0x6e, 0x02, 0xd0, 0x00, 0x01, 0x00, 0x6e,
  0x00, 0x00, 0x00, 0x01, 0x00, 0x90, 0x02, 0xd9, 0x00, 0x01, 0x00, 0x9e,
  0x01, 0x51, 0x00, 0x01, 0x00, 0x6e, 0x01, 0x7e, 0x00, 0x01, 0x01, 0xb3,
  0x01, 0xeb, 0x00, 0x01, 0x01, 0xf7, 0x00, 0x00, 0x00, 0x01, 0x01, 0x1b,
  0x01, 0xeb, 0x00, 0x01, 0x01, 0x19, 0x00, 0x00, 0x00, 0x01, 0x01, 0x1c,
  0x01, 0xeb, 0x00, 0x01, 0x01, 0x47, 0x00, 0x00, 0x00, 0x01, 0x01, 0x1c,
  0x00, 0xf2, 0x00, 0x01, 0x01, 0x6d, 0x02, 0x49, 0x00, 0x01, 0x01, 0x75,
  0x00, 0x00, 0x00, 0x01, 0x00, 0xf9, 0x02, 0x49, 0x00, 0x01, 0x00, 0xf9,
  0x00, 0x00, 0x00, 0x01, 0x00, 0xb4, 0x01, 0xf0, 0x00, 0x01, 0x00, 0xd7,
  0x02, 0x02, 0x00, 0x01, 0x00, 0xd1, 0x00, 0x00, 0x00, 0x01, 0x00, 0x79,
  0x00, 0x00, 0x00, 0x01, 0x00, 0x95, 0x02, 0x49, 0x00, 0x01, 0x00, 0x95,
  0x00, 0x00, 0x00, 0x01, 0x00, 0xb3, 0x02, 0xce, 0x00, 0x01, 0x00, 0x95,
  0x01, 0x2f, 0x00, 0x01, 0x01, 0x0f, 0x01, 0xeb, 0x00, 0x01, 0x01, 0x12,
  0x00, 0x00, 0x00, 0x01, 0x01, 0xe1, 0x00, 0x00, 0x00, 0x01, 0x01, 0x73,
  0x01, 0xeb, 0x00, 0x01, 0x01, 0x8c, 0x00, 0x00, 0x00, 0x01, 0x01, 0x09,
  0x02, 0x49, 0x00, 0x01, 0x01, 0x07, 0x00, 0x00, 0x00, 0x01, 0x00, 0xeb,
  0x01, 0xeb, 0x00, 0x01, 0x00, 0xec, 0x00, 0x00, 0x00, 0x01, 0x00, 0xde,
  0x01, 0xeb, 0x00, 0x01, 0x00, 0xde, 0x00, 0x00, 0x00, 0x01, 0x01, 0x1a,
  0x01, 0xf4, 0x00, 0x01, 0x01, 0xd7, 0x00, 0x00, 0x00, 0x01, 0x02, 0x03,
  0x00, 0x00, 0x00, 0x01, 0x01, 0x0e, 0x01, 0xeb, 0x00, 0x01, 0x01, 0x27,
  0x00, 0x00, 0x00, 0x01, 0x00, 0x80, 0x02, 0x7d, 0x00, 0x01, 0x00, 0xc1,
  0x00, 0x00, 0x00, 0x01, 0x00, 0xa2, 0x02, 0xcc, 0x00, 0x01, 0x00, 0xb0,
  0x01, 0x2a, 0x00, 0x01, 0x02, 0xbd, 0x00, 0x00, 0x00, 0x01, 0x02, 0xcc,
  0x02, 0xd0, 0x00, 0x01, 0x02, 0xc9, 0x00, 0x00, 0x00, 0x01, 0x02, 0xf3,
  0x02, 0xd9, 0x00, 0x01, 0x01, 0xc6, 0x02, 0x6a, 0x00, 0x01, 0x01, 0xc6,
  0x00, 0x00, 0x00, 0x01, 0x02, 0xb6, 0x02, 0x5d, 0x00, 0x01, 0x01, 0xdd,
  0x01, 0x2f, 0x00, 0x01, 0x02, 0x0f, 0x01, 0xeb, 0x00, 0x01, 0x02, 0x10,
  0x00, 0x00, 0x00, 0x01, 0x01, 0x94, 0x00, 0x00, 0x00, 0x01, 0x01, 0xa0,
  0x02, 0xd0, 0x00, 0x01, 0x01, 0xa0, 0x00, 0x00, 0x00, 0x01, 0x02, 0x69,
  0x02, 0x65, 0x00, 0x01, 0x01, 0xd1, 0x01, 0x51, 0x00, 0x01, 0x00, 0x91,
  0x02, 0x6a, 0x00, 0x01, 0x01, 0x7e, 0x00, 0x00, 0x00, 0x01, 0x01, 0x82,
  0x02, 0x5d, 0x00, 0x01, 0x00, 0xa9, 0x01, 0x2f, 0x00, 0x01, 0x01, 0xbe,
  0x02, 0x6a, 0x00, 0x01, 0x01, 0xbd, 0x00, 0x00, 0x00, 0x01, 0x02, 0xaf,
  0x02, 0x5d, 0x00, 0x01, 0x01, 0xd6, 0x01, 0x2f, 0x00, 0x01, 0x02, 0x17,
  0x01, 0xeb, 0x00, 0x01, 0x02, 0x18, 0x00, 0x00, 0x00, 0x01, 0x00, 0xad,
  0x01, 0x2f, 0x00, 0x01, 0x00, 0x6b, 0x00, 0x00, 0x00, 0x01, 0x00, 0x8d,
  0x00, 0x00, 0x00, 0x01, 0x00, 0x6b, 0x01, 0xeb, 0x00, 0x02, 0x00, 0x08,
  0x00, 0x02, 0x00, 0x0a, 0x20, 0xe4, 0x00, 0x01, 0x02, 0x76, 0x00, 0x04,
  0x00, 0x00, 0x01, 0x36, 0x03, 0x2e, 0x03, 0x2e, 0x03, 0x2e, 0x03, 0x2e,
  0x03, 0x2e, 0x03, 0x2e, 0x03, 0x2e, 0x03, 0x2e, 0x03, 0x2e, 0x03, 0x2e,
  0x03, 0x2e, 0x06, 0xd2, 0x06, 0xd2, 0x03, 0x4c, 0x04, 0x3a, 0x04, 0x3a,
  0x04, 0x3a, 0x04, 0x3a, 0x04, 0x3a, 0x04, 0x3a, 0x20, 0xa4, 0x20, 0xa4,
  0x20, 0xa4, 0x20, 0xa4, 0x06, 0xd2, 0x06, 0xd2, 0x06, 0xd2, 0x06, 0xd2,
  0x06, 0xd2, 0x06, 0xd2, 0x06, 0xd2, 0x06, 0xd2, 0x06, 0xd2, 0x06, 0xd2,
  0x04, 0x4c, 0x06, 0x8e, 0x06, 0x8e, 0x06, 0x8e, 0x06, 0x8e, 0x06, 0x8e,
  0x06, 0x9c, 0x06, 0x9c, 0x06, 0xa2, 0x06, 0xa2, 0x06, 0xb4, 0x06, 0xb4,
  0x06, 0xb4, 0x06, 0xb4, 0x06, 0xb4, 0x06, 0xb4, 0x20, 0xa4, 0x20, 0xa4,
  0x20, 0xa4, 0x20, 0xa4, 0x20, 0xa4, 0x20, 0xa4, 0x20, 0xa4, 0x20, 0xa4,
  0x20, 0xa4, 0x20, 0xa4, 0x06, 0xd2, 0x06, 0xd8, 0x08, 0x72, 0x09, 0x68,
  0x0a, 0x2a, 0x0a, 0x2a, 0x0a, 0x2a, 0x0a, 0x2a, 0x0a, 0x40, 0x0a, 0x40,
  0x0a, 0x40, 0x0a, 0x40, 0x0a, 0x40, 0x0a, 0x40, 0x0a, 0x46, 0x0a, 0x46,
  0x0a, 0x46, 0x0a, 0x46, 0x0a, 0x46, 0x0a, 0x68, 0x0a, 0x68, 0x0a, 0x68,
  0x0a, 0x68, 0x0a, 0x68, 0x0a, 0x68, 0x0a, 0x68, 0x0a, 0x68, 0x0a, 0x68,
  0x0a, 0x68, 0x0a, 0x72, 0x0d, 0xb8, 0x0d, 0xb8, 0x0d, 0xb8, 0x0d, 0xb8,
  0x0d, 0xb8, 0x0d, 0xd2, 0x10, 0x30, 0x10, 0x30, 0x10, 0x30, 0x10, 0x30,
  0x10, 0x30, 0x10, 0x4a, 0x10, 0x4a, 0x10, 0x4a, 0x10, 0x4a, 0x20, 0xa4,
  0x10, 0x58, 0x10, 0x58, 0x10, 0x58, 0x10, 0x58, 0x10, 0x58, 0x10, 0x58,
  0x10, 0x58, 0x10, 0x58, 0x10, 0x58, 0x10, 0x58, 0x10, 0x58, 0x10, 0xb4,
  0x10, 0xb4, 0x10, 0xce, 0x10, 0x66, 0x10, 0x66, 0x10, 0x66, 0x10, 0x66,
  0x10, 0x66, 0x10, 0x66, 0x10, 0xce, 0x10, 0x98, 0x10, 0xb4, 0x10, 0xb4,
  0x10, 0xb4, 0x10, 0xb4, 0x10, 0xb4, 0x10, 0xb4, 0x10, 0xb4, 0x10, 0xb4,
  0x10, 0xb4, 0x10, 0xb4, 0x15, 0xfa, 0x10, 0x7c, 0x10, 0x7c, 0x10, 0x7c,
  0x10, 0x7c, 0x10, 0x7c, 0x10, 0xa6, 0x10, 0xa6, 0x20, 0xb6, 0x20, 0xb6,
  0x20, 0xb6, 0x20, 0xb6, 0x20, 0xb6, 0x20, 0xb6, 0x20, 0xb6, 0x20, 0xb6,
  0x20, 0xb6, 0x20, 0xb6, 0x20, 0xb6, 0x10, 0x82, 0x10, 0x82, 0x10, 0x98,
  0x10, 0xa6, 0x10, 0xa6, 0x10, 0xa6, 0x10, 0xa6, 0x10, 0xa6, 0x10, 0xa6,
  0x10, 0xa6, 0x10, 0xce, 0x10, 0xce, 0x10, 0xce, 0x10, 0xce, 0x10, 0xce,
  0x10, 0xce, 0x10, 0xce, 0x10, 0xce, 0x10, 0xce, 0x10, 0xce, 0x10, 0xb4,
  0x10, 0xce, 0x10, 0xce, 0x10, 0xe8, 0x11, 0x16, 0x11, 0x16, 0x11, 0x16,
  0x11, 0x16, 0x11, 0x30, 0x11, 0x30, 0x11, 0x30, 0x11, 0x30, 0x11, 0x30,
  0x11, 0x30, 0x11, 0x46, 0x20, 0xd0, 0x20, 0xd0, 0x11, 0xcc, 0x20, 0xd0,
  0x20, 0xd0, 0x20, 0xbc, 0x20, 0xbc, 0x20, 0xbc, 0x20, 0xbc, 0x20, 0xbc,
  0x20, 0xbc, 0x20, 0xbc, 0x20, 0xbc, 0x20, 0xbc, 0x20, 0xbc, 0x12, 0x62,
  0x14, 0x3c, 0x14, 0x3c, 0x14, 0x3c, 0x14, 0x3c, 0x14, 0x3c, 0x14, 0x56,
  0x16, 0x10, 0x16, 0x10, 0x16, 0x10, 0x16, 0x10, 0x16, 0x10, 0x15, 0xec,
  0x15, 0xec, 0x15, 0xec, 0x15, 0xec, 0x20, 0xbc, 0x20, 0xc2, 0x20, 0xd0,
  0x15, 0xfa, 0x20, 0xb6, 0x20, 0xd0, 0x16, 0x10, 0x20, 0xb6, 0x20, 0xb6,
  0x20, 0xd0, 0x16, 0x10, 0x16, 0x2a, 0x16, 0x54, 0x16, 0x7a, 0x16, 0xcc,
  0x17, 0x0a, 0x17, 0x60, 0x17, 0x92, 0x17, 0xc0, 0x18, 0x3e, 0x18, 0x84,
  0x18, 0xc2, 0x18, 0xcc, 0x18, 0xd2, 0x18, 0xd8, 0x18, 0xea, 0x18, 0xf4,
  0x18, 0xfa, 0x19, 0x10, 0x1a, 0x3e, 0x1a, 0x58, 0x19, 0x44, 0x19, 0x44,
  0x19, 0x16, 0x19, 0x44, 0x19, 0x76, 0x19, 0xb8, 0x1a, 0x3e, 0x1a, 0x3e,
  0x1a, 0x58, 0x1a, 0x5e, 0x1d, 0x14, 0x1d, 0x14, 0x1d, 0x14, 0x1d, 0x22,
  0x1d, 0x22, 0x1d, 0x22, 0x1d, 0x4c, 0x1d, 0x56, 0x1d, 0x4c, 0x1d, 0x56,
  0x1d, 0xc8, 0x1d, 0x74, 0x1d, 0x9a, 0x1d, 0x74, 0x1d, 0x9a, 0x1d, 0xc8,
  0x1d, 0xf6, 0x1d, 0xfc, 0x1e, 0x02, 0x1e, 0x90, 0x20, 0x9e, 0x20, 0x9e,
  0x20, 0xa4, 0x20, 0xa4, 0x20, 0xa4, 0x20, 0xa4, 0x20, 0xb6, 0x20, 0xb6,
  0x20, 0xbc, 0x20, 0xbc, 0x20, 0xbc, 0x20, 0xbc, 0x20, 0xbc, 0x20, 0xbc,
  0x20, 0xbc, 0x20, 0xbc, 0x20, 0xbc, 0x20, 0xbc, 0x20, 0xc2, 0x20, 0xc2,
  0x20, 0xc2, 0x20, 0xc2, 0x20, 0xd0, 0x20, 0xd0, 0x20, 0xd0, 0x20, 0xd0,
  0x00, 0x02, 0x00, 0x1e, 0x00, 0x01, 0x00, 0x28, 0x00, 0x00, 0x00, 0x34,
  0x00, 0x3d, 0x00, 0x28, 0x00, 0x45, 0x00, 0x90, 0x00, 0x32, 0x00, 0x92,
  0x00, 0x93, 0x00, 0x7e, 0x00, 0x95, 0x00, 0xb3, 0x00, 0x80, 0x00, 0xb6,
  0x00, 0xb6, 0x00, 0x9f, 0x00, 0xba, 0x00, 0xfd, 0x00, 0xa0, 0x00, 0xff,
  0x01, 0x01, 0x00, 0xe4, 0x01, 0x03, 0x01, 0x05, 0x00, 0xe7, 0x01, 0x08,
  0x01, 0x11, 0x00, 0xea, 0x01, 0x19, 0x01, 0x19, 0x00, 0xf4, 0x01, 0x27,
  0x01, 0x27, 0x00, 0xf5, 0x01, 0x2a, 0x01, 0x2a, 0x00, 0xf6, 0x01, 0x2d,
  0x01, 0x2d, 0x00, 0xf7, 0x01, 0x30, 0x01, 0x31, 0x00, 0xf8, 0x01, 0x37,
  0x01, 0x37, 0x00, 0xfa, 0x01, 0x44, 0x01, 0x44, 0x00, 0xfb, 0x01, 0x4c,
  0x01, 0x4c, 0x00, 0xfc, 0x01, 0x51, 0x01, 0x53, 0x00, 0xfd, 0x01, 0x55,
  0x01, 0x55, 0x01, 0x00, 0x01, 0x57, 0x01, 0x5d, 0x01, 0x01, 0x01, 0x5f,
  0x01, 0x5f, 0x01, 0x08, 0x01, 0x61, 0x01, 0x61, 0x01, 0x09, 0x01, 0x63,
  0x01, 0x63, 0x01, 0x0a, 0x01, 0x65, 0x01, 0x72, 0x01, 0x0b, 0x01, 0x76,
  0x01, 0x76, 0x01, 0x19, 0x01, 0xa6, 0x01, 0xa7, 0x01, 0x1a, 0x01, 0xab,
  0x01, 0xac, 0x01, 0x1c, 0x01, 0xd7, 0x01, 0xda, 0x01, 0x1e, 0x01, 0xdc,
  0x01, 0xef, 0x01, 0x22, 0x00, 0x07, 0x00, 0x6c, 0xff, 0xa5, 0x00, 0xe9,
  0xff, 0xe0, 0x01, 0x58, 0xff, 0xe2, 0x01, 0x5d, 0x00, 0x04, 0x01, 0xa6,
  0xff, 0xe7, 0x01, 0xa7, 0xff, 0xfc, 0x01, 0xad, 0xff, 0xa6, 0x00, 0x3b,
  0x00, 0x01, 0xff, 0xf6, 0x00, 0x02, 0xff, 0xf6, 0x00, 0x03, 0xff, 0xf6,
  0x00, 0x04, 0xff, 0xf6, 0x00, 0x05, 0xff, 0xf6, 0x00, 0x06, 0xff, 0xf6,
  0x00, 0x07, 0xff, 0xf6, 0x00, 0x08, 0xff, 0xf6, 0x00, 0x09, 0xff, 0xf6,
  0x00, 0x0a, 0xff, 0xf6, 0x00, 0x0b, 0xff, 0xf6, 0x00, 0x0c, 0xff, 0xf6,
  0x00, 0x0d, 0xff, 0xf6, 0x00, 0x34, 0x00, 0x02, 0x00, 0x35, 0x00, 0x02,
  0x00, 0x5d, 0xff, 0xee, 0x00, 0x5e, 0xff, 0xee, 0x00, 0x5f, 0xff, 0xee,
  0x00, 0x60, 0xff, 0xee, 0x00, 0x61, 0xff, 0xee, 0x00, 0x6c, 0xff, 0xec,
  0x00, 0x6d, 0xff, 0xf1, 0x00, 0x6e, 0xff, 0xf1, 0x00, 0x6f, 0xff, 0xf1,
  0x00, 0x70, 0xff, 0xf1, 0x00, 0x71, 0xff, 0xf1, 0x00, 0x72, 0xff, 0xf3,
  0x00, 0x73, 0xff, 0xea, 0x00, 0x74, 0xff, 0xea, 0x00, 0x75, 0xff, 0xea,
  0x00, 0x76, 0xff, 0xea, 0x00, 0x77, 0xff, 0xea, 0x00, 0xe9, 0xff, 0xf6,
  0x00, 0xea, 0xff, 0xf6, 0x00, 0xeb, 0xff, 0xf6, 0x00, 0xec, 0xff, 0xf6,
  0x00, 0xed, 0xff, 0xf6, 0x00, 0xee, 0xff, 0xf6, 0x00, 0xf0, 0xff, 0xf6,
  0x00, 0xf1, 0xff, 0xf6, 0x00, 0xf2, 0xff, 0xf6, 0x00, 0xf3, 0xff, 0xf6,
  0x00, 0xf4, 0xff, 0xf6, 0x00, 0xfa, 0xff, 0xf8, 0x01, 0x4c, 0x00, 0x04,
  0x01, 0x52, 0xff, 0xf1, 0x01, 0x53, 0xff, 0xf1, 0x01, 0x57, 0xff, 0xf1,
  0x01, 0x5a, 0x00, 0x04, 0x01, 0x5b, 0x00, 0x04, 0x01, 0x5d, 0xff, 0xf6,
  0x01, 0x65, 0xff, 0xf6, 0x01, 0x66, 0xff, 0xf6, 0x01, 0x67, 0xff, 0xf6,
  0x01, 0xad, 0xff, 0xe7, 0x01, 0xe8, 0xff, 0xf8, 0x01, 0xe9, 0xff, 0xf8,
  0x01, 0xea, 0xff, 0xf8, 0x01, 0xeb, 0xff, 0xf8, 0x00, 0x04, 0x00, 0x6c,
  0xff, 0xec, 0x00, 0x72, 0xff, 0xf6, 0x01, 0x5d, 0xff, 0xec, 0x01, 0xad,
  0xff, 0xf6, 0x00, 0x90, 0x00, 0x01, 0xff, 0xd3, 0x00, 0x02, 0xff, 0xd3,
  0x00, 0x03, 0xff, 0xd3, 0x00, 0x04, 0xff, 0xd3, 0x00, 0x05, 0xff, 0xd3,
  0x00, 0x06, 0xff, 0xd3, 0x00, 0x07, 0xff, 0xd3, 0x00, 0x08, 0xff, 0xd3,
  0x00, 0x09, 0xff, 0xd3, 0x00, 0x0a, 0xff, 0xd3, 0x00, 0x0b, 0xff, 0xd3,
  0x00, 0x0c, 0xff, 0xd3, 0x00, 0x0d, 0xff, 0xd3, 0x00, 0x34, 0xff, 0xd4,
  0x00, 0x35, 0xff, 0xd4, 0x00, 0x7d, 0xff, 0xd8, 0x00, 0x7e, 0xff, 0xd8,
  0x00, 0x7f, 0xff, 0xd8, 0x00, 0x80, 0xff, 0xd8, 0x00, 0x81, 0xff, 0xd8,
  0x00, 0x82, 0xff, 0xd8, 0x00, 0x83, 0xff, 0xd8, 0x00, 0x84, 0xff, 0xd8,
  0x00, 0x85, 0xff, 0xd8, 0x00, 0x86, 0xff, 0xd8, 0x00, 0x87, 0xff, 0xd8,
  0x00, 0x88, 0xff, 0xd8, 0x00, 0x89, 0xff, 0xd8, 0x00, 0x8b, 0xff, 0xda,
  0x00, 0x8c, 0xff, 0xda, 0x00, 0x8d, 0xff, 0xda, 0x00, 0x8e, 0xff, 0xda,
  0x00, 0x8f, 0xff, 0xda, 0x00, 0x90, 0xff, 0xda, 0x00, 0x91, 0xff, 0xda,
  0x00, 0x92, 0xff, 0xda, 0x00, 0x93, 0xff, 0xda, 0x00, 0x94, 0xff, 0xda,
  0x00, 0x95, 0xff, 0xda, 0x00, 0x96, 0xff, 0xda, 0x00, 0x97, 0xff, 0xda,
  0x00, 0x98, 0xff, 0xda, 0x00, 0x99, 0xff, 0xda, 0x00, 0x9a, 0xff, 0xda,
  0x00, 0x9b, 0xff, 0xda, 0x00, 0x9c, 0xff, 0xda, 0x00, 0x9d, 0xff, 0xda,
  0x00, 0x9e, 0xff, 0xda, 0x00, 0xa0, 0xff, 0xe2, 0x00, 0xa1, 0xff, 0xe2,
  0x00, 0xa2, 0xff, 0xe2, 0x00, 0xa3, 0xff, 0xe2, 0x00, 0xa4, 0xff, 0xe2,
  0x00, 0xba, 0xff, 0xe2, 0x00, 0xbb, 0xff, 0xe2, 0x00, 0xbc, 0xff, 0xe2,
  0x00, 0xbd, 0xff, 0xe2, 0x00, 0xbe, 0xff, 0xe2, 0x00, 0xbf, 0xff, 0xe2,
  0x00, 0xc0, 0xff, 0xe2, 0x00, 0xc1, 0xff, 0xda, 0x00, 0xc2, 0xff, 0xda,
  0x00, 0xc3, 0xff, 0xda, 0x00, 0xc4, 0xff, 0xda, 0x00, 0xc5, 0xff, 0xda,
  0x00, 0xc6, 0xff, 0xda, 0x00, 0xc7, 0xff, 0xda, 0x00, 0xc8, 0xff, 0xda,
  0x00, 0xc9, 0xff, 0xda, 0x00, 0xca, 0xff, 0xda, 0x00, 0xcb, 0xff, 0xda,
  0x00, 0xcc, 0xff, 0xe2, 0x00, 0xce, 0xff, 0xda, 0x00, 0xcf, 0xff, 0xe2,
  0x00, 0xd0, 0xff, 0xe2, 0x00, 0xd1, 0xff, 0xe2, 0x00, 0xd2, 0xff, 0xe2,
  0x00, 0xd3, 0xff, 0xf2, 0x00, 0xd4, 0xff, 0xf2, 0x00, 0xd5, 0xff, 0xf2,
  0x00, 0xd6, 0xff, 0xf2, 0x00, 0xd7, 0xff, 0xf2, 0x00, 0xd8, 0xff, 0xf2,
  0x00, 0xdf, 0xff, 0xe2, 0x00, 0xe0, 0xff, 0xe2, 0x00, 0xe1, 0xff, 0xe2,
  0x00, 0xe2, 0xff, 0xe2, 0x00, 0xe3, 0xff, 0xe2, 0x00, 0xe4, 0xff, 0xe2,
  0x00, 0xe5, 0xff, 0xe2, 0x00, 0xe6, 0xff, 0xe2, 0x00, 0xe7, 0xff, 0xe2,
  0x00, 0xe8, 0xff, 0xe2, 0x00, 0xe9, 0xff, 0xea, 0x00, 0xea, 0xff, 0xea,
  0x00, 0xeb, 0xff, 0xea, 0x00, 0xec, 0xff, 0xea, 0x00, 0xed, 0xff, 0xea,
  0x00, 0xee, 0xff, 0xea, 0x00, 0xef, 0xff, 0xea, 0x00, 0xf0, 0xff, 0xea,
  0x00, 0xf1, 0xff, 0xea, 0x00, 0xf2, 0xff, 0xea, 0x00, 0xf3, 0xff, 0xea,
  0x00, 0xf4, 0xff, 0xea, 0x00, 0xf5, 0xff, 0xf4, 0x00, 0xf6, 0xff, 0xf4,
  0x00, 0xf7, 0xff, 0xf4, 0x00, 0xf8, 0xff, 0xf4, 0x00, 0xf9, 0xff, 0xda,
  0x00, 0xfa, 0xff, 0xda, 0x01, 0x4c, 0x00, 0x04, 0x01, 0x52, 0xff, 0x92,
  0x01, 0x53, 0xff, 0x92, 0x01, 0x57, 0xff, 0x92, 0x01, 0x5a, 0x00, 0x04,
  0x01, 0x5b, 0x00, 0x04, 0x01, 0x5d, 0xff, 0xc4, 0x01, 0x60, 0x00, 0x14,
  0x01, 0x62, 0x00, 0x14, 0x01, 0x64, 0x00, 0x14, 0x01, 0x65, 0xff, 0xec,
  0x01, 0x66, 0xff, 0xec, 0x01, 0x67, 0xff, 0xec, 0x01, 0x68, 0xff, 0xf6,
  0x01, 0x6a, 0xff, 0xf6, 0x01, 0x6e, 0x00, 0x1c, 0x01, 0x70, 0x00, 0x1c,
  0x01, 0xa7, 0xff, 0xe2, 0x01, 0xad, 0x00, 0x0c, 0x01, 0xde, 0xff, 0xda,
  0x01, 0xdf, 0xff, 0xda, 0x01, 0xe0, 0xff, 0xda, 0x01, 0xe1, 0xff, 0xda,
  0x01, 0xe2, 0xff, 0xda, 0x01, 0xe3, 0xff, 0xda, 0x01, 0xe4, 0xff, 0xda,
  0x01, 0xe5, 0xff, 0xda, 0x01, 0xe6, 0xff, 0xda, 0x01, 0xe7, 0xff, 0xda,
  0x01, 0xe8, 0xff, 0xda, 0x01, 0xe9, 0xff, 0xda, 0x01, 0xea, 0xff, 0xda,
  0x01, 0xeb, 0xff, 0xda, 0x00, 0x03, 0x00, 0x6c, 0xff, 0xed, 0x01, 0x5d,
  0x00, 0x18, 0x01, 0xad, 0xff, 0xf6, 0x00, 0x01, 0x01, 0x5d, 0xff, 0xec,
  0x00, 0x04, 0x00, 0xe9, 0xff, 0xd6, 0x01, 0x5d, 0x00, 0x0a, 0x01, 0xa6,
  0xff, 0xce, 0x01, 0xa7, 0xff, 0xe2, 0x00, 0x07, 0x00, 0x6c, 0xff, 0xc0,
  0x00, 0xe9, 0xff, 0xd8, 0x01, 0x58, 0xff, 0xd8, 0x01, 0x5d, 0x00, 0x1a,
  0x01, 0xa6, 0xff, 0xe2, 0x01, 0xa7, 0xff, 0xf6, 0x01, 0xad, 0xff, 0x9c,
  0x00, 0x01, 0x00, 0xe9, 0xff, 0xfa, 0x00, 0x66, 0x00, 0x01, 0xff, 0xe3,
  0x00, 0x02, 0xff, 0xe3, 0x00, 0x03, 0xff, 0xe3, 0x00, 0x04, 0xff, 0xe3,
  0x00, 0x05, 0xff, 0xe3, 0x00, 0x06, 0xff, 0xe3, 0x00, 0x07, 0xff, 0xe3,
  0x00, 0x08, 0xff, 0xe3, 0x00, 0x09, 0xff, 0xe3, 0x00, 0x0a, 0xff, 0xe3,
  0x00, 0x0b, 0xff, 0xe3, 0x00, 0x0c, 0xff, 0xe3, 0x00, 0x0d, 0xff, 0xe3,
  0x00, 0x34, 0xff, 0xcc, 0x00, 0x35, 0xff, 0xcc, 0x00, 0x7d, 0xff, 0xec,
  0x00, 0x7e, 0xff, 0xec, 0x00, 0x7f, 0xff, 0xec, 0x00, 0x80, 0xff, 0xec,
  0x00, 0x81, 0xff, 0xec, 0x00, 0x82, 0xff, 0xec, 0x00, 0x83, 0xff, 0xec,
  0x00, 0x84, 0xff, 0xec, 0x00, 0x85, 0xff, 0xec, 0x00, 0x86, 0xff, 0xec,
  0x00, 0x87, 0xff, 0xec, 0x00, 0x88, 0xff, 0xec, 0x00, 0x89, 0xff, 0xec,
  0x00, 0x8b, 0xff, 0xeb, 0x00, 0x8c, 0xff, 0xeb, 0x00, 0x8d, 0xff, 0xeb,
  0x00, 0x8e, 0xff, 0xeb, 0x00, 0x8f, 0xff, 0xeb, 0x00, 0x90, 0xff, 0xeb,
  0x00, 0x91, 0xff, 0xeb, 0x00, 0x92, 0xff, 0xeb, 0x00, 0x93, 0xff, 0xeb,
  0x00, 0x94, 0xff, 0xeb, 0x00, 0x95, 0xff, 0xeb, 0x00, 0x96, 0xff, 0xeb,
  0x00, 0x97, 0xff, 0xeb, 0x00, 0x98, 0xff, 0xeb, 0x00, 0x99, 0xff, 0xeb,
  0x00, 0x9a, 0xff, 0xeb, 0x00, 0x9b, 0xff, 0xeb, 0x00, 0x9c, 0xff, 0xeb,
  0x00, 0x9d, 0xff, 0xeb, 0x00, 0x9e, 0xff, 0xeb, 0x00, 0xa0, 0xff, 0xeb,
  0x00, 0xa1, 0xff, 0xeb, 0x00, 0xa2, 0xff, 0xeb, 0x00, 0xa3, 0xff, 0xeb,
  0x00, 0xa4, 0xff, 0xeb, 0x00, 0xc1, 0xff, 0xeb, 0x00, 0xc2, 0xff, 0xeb,
  0x00, 0xc3, 0xff, 0xeb, 0x00, 0xc4, 0xff, 0xeb, 0x00, 0xc5, 0xff, 0xeb,
  0x00, 0xc6, 0xff, 0xeb, 0x00, 0xc7, 0xff, 0xeb, 0x00, 0xc8, 0xff, 0xeb,
  0x00, 0xc9, 0xff, 0xeb, 0x00, 0xca, 0xff, 0xeb, 0x00, 0xcb, 0xff, 0xeb,
  0x00, 0xce, 0xff, 0xeb, 0x00, 0xd3, 0xff, 0xfe, 0x00, 0xd4, 0xff, 0xfe,
  0x00, 0xd5, 0xff, 0xfe, 0x00, 0xd6, 0xff, 0xfe, 0x00, 0xd7, 0xff, 0xfe,
  0x00, 0xd8, 0xff, 0xfe, 0x00, 0xf9, 0xff, 0xeb, 0x00, 0xfa, 0xff, 0xeb,
  0x01, 0x4c, 0x00, 0x14, 0x01, 0x52, 0xff, 0xa8, 0x01, 0x53, 0xff, 0xa8,
  0x01, 0x57, 0xff, 0xa8, 0x01, 0x5a, 0x00, 0x14, 0x01, 0x5b, 0x00, 0x14,
  0x01, 0x5d, 0xff, 0xd4, 0x01, 0x65, 0xff, 0xe2, 0x01, 0x66, 0xff, 0xe2,
  0x01, 0x67, 0xff, 0xe2, 0x01, 0x68, 0xff, 0xec, 0x01, 0x6a, 0xff, 0xec,
  0x01, 0xa7, 0xff, 0xe2, 0x01, 0xab, 0x00, 0x14, 0x01, 0xac, 0x00, 0x14,
  0x01, 0xde, 0xff, 0xeb, 0x01, 0xdf, 0xff, 0xeb, 0x01, 0xe0, 0xff, 0xeb,
  0x01, 0xe1, 0xff, 0xeb, 0x01, 0xe2, 0xff, 0xeb, 0x01, 0xe3, 0xff, 0xeb,
  0x01, 0xe4, 0xff, 0xeb, 0x01, 0xe5, 0xff, 0xeb, 0x01, 0xe6, 0xff, 0xeb,
  0x01, 0xe7, 0xff, 0xeb, 0x01, 0xe8, 0xff, 0xeb, 0x01, 0xe9, 0xff, 0xeb,
  0x01, 0xea, 0xff, 0xeb, 0x01, 0xeb, 0xff, 0xeb, 0x00, 0x3d, 0x00, 0x01,
  0xff, 0xf2, 0x00, 0x02, 0xff, 0xf2, 0x00, 0x03, 0xff, 0xf2, 0x00, 0x04,
  0xff, 0xf2, 0x00, 0x05, 0xff, 0xf2, 0x00, 0x06, 0xff, 0xf2, 0x00, 0x07,
  0xff, 0xf2, 0x00, 0x08, 0xff, 0xf2, 0x00, 0x09, 0xff, 0xf2, 0x00, 0x0a,
  0xff, 0xf2, 0x00, 0x0b, 0xff, 0xf2, 0x00, 0x0c, 0xff, 0xf2, 0x00, 0x0d,
  0xff, 0xf2, 0x00, 0x6c, 0xff, 0xe8, 0x00, 0x6d, 0xff, 0xf2, 0x00, 0x6e,
  0xff, 0xf2, 0x00, 0x6f, 0xff, 0xf2, 0x00, 0x70, 0xff, 0xf2, 0x00, 0x71,
  0xff, 0xf2, 0x00, 0x72, 0xff, 0xe6, 0x00, 0x73, 0xff, 0xdc, 0x00, 0x74,
  0xff, 0xdc, 0x00, 0x75, 0xff, 0xdc, 0x00, 0x76, 0xff, 0xdc, 0x00, 0x77,
  0xff, 0xdc, 0x00, 0xd3, 0x00, 0x10, 0x00, 0xd4, 0x00, 0x10, 0x00, 0xd5,
  0x00, 0x10, 0x00, 0xd6, 0x00, 0x10, 0x00, 0xd7, 0x00, 0x10, 0x00, 0xd8,
  0x00, 0x10, 0x00, 0xe9, 0x00, 0x10, 0x00, 0xea, 0x00, 0x10, 0x00, 0xeb,
  0x00, 0x10, 0x00, 0xec, 0x00, 0x10, 0x00, 0xed, 0x00, 0x10, 0x00, 0xee,
  0x00, 0x10, 0x00, 0xef, 0x00, 0x08, 0x00, 0xf0, 0x00, 0x10, 0x00, 0xf1,
  0x00, 0x10, 0x00, 0xf2, 0x00, 0x10, 0x00, 0xf3, 0x00, 0x10, 0x00, 0xf4,
  0x00, 0x10, 0x01, 0x4c, 0xff, 0xf6, 0x01, 0x52, 0xff, 0xca, 0x01, 0x53,
  0xff, 0xca, 0x01, 0x57, 0xff, 0xca, 0x01, 0x5a, 0xff, 0xf6, 0x01, 0x5b,
  0xff, 0xf6, 0x01, 0x5d, 0xff, 0xea, 0x01, 0x65, 0x00, 0x0a, 0x01, 0x66,
  0x00, 0x0a, 0x01, 0x67, 0x00, 0x0a, 0x01, 0x6d, 0xff, 0xe0, 0x01, 0x6e,
  0xff, 0xd8, 0x01, 0x6f, 0xff, 0xe0, 0x01, 0x70, 0xff, 0xd8, 0x01, 0xa7,
  0xff, 0xfe, 0x01, 0xab, 0xff, 0xfe, 0x01, 0xac, 0xff, 0xfe, 0x01, 0xad,
  0xff, 0xe2, 0x00, 0x30, 0x00, 0x01, 0xff, 0xe9, 0x00, 0x02, 0xff, 0xe9,
  0x00, 0x03, 0xff, 0xe9, 0x00, 0x04, 0xff, 0xe9, 0x00, 0x05, 0xff, 0xe9,
  0x00, 0x06, 0xff, 0xe9, 0x00, 0x07, 0xff, 0xe9, 0x00, 0x08, 0xff, 0xe9,
  0x00, 0x09, 0xff, 0xe9, 0x00, 0x0a, 0xff, 0xe9, 0x00, 0x0b, 0xff, 0xe9,
  0x00, 0x0c, 0xff, 0xe9, 0x00, 0x0d, 0xff, 0xe9, 0x00, 0x5d, 0xff, 0xe7,
  0x00, 0x5e, 0xff, 0xe7, 0x00, 0x5f, 0xff, 0xe7, 0x00, 0x60, 0xff, 0xe7,
  0x00, 0x61, 0xff, 0xe7, 0x00, 0x6c, 0xff, 0xe4, 0x00, 0x6d, 0xff, 0xea,
  0x00, 0x6e, 0xff, 0xea, 0x00, 0x6f, 0xff, 0xea, 0x00, 0x70, 0xff, 0xea,
  0x00, 0x71, 0xff, 0xea, 0x00, 0x72, 0xff, 0xeb, 0x00, 0x73, 0xff, 0xd0,
  0x00, 0x74, 0xff, 0xd0, 0x00, 0x75, 0xff, 0xd0, 0x00, 0x76, 0xff, 0xd0,
  0x00, 0x77, 0xff, 0xd0, 0x00, 0x78, 0x00, 0x04, 0x00, 0x79, 0x00, 0x04,
  0x00, 0x7a, 0x00, 0x04, 0x00, 0x7b, 0x00, 0x04, 0x01, 0x4c, 0xff, 0xf6,
  0x01, 0x52, 0xff, 0xec, 0x01, 0x53, 0xff, 0xec, 0x01, 0x57, 0xff, 0xec,
  0x01, 0x5a, 0xff, 0xf6, 0x01, 0x5b, 0xff, 0xf6, 0x01, 0x5d, 0xff, 0xfc,
  0x01, 0x6c, 0xff, 0xe2, 0x01, 0x6d, 0xff, 0xdc, 0x01, 0x6e, 0xff, 0xd8,
  0x01, 0x6f, 0xff, 0xdc, 0x01, 0x70, 0xff, 0xd8, 0x01, 0x71, 0xff, 0xe2,
  0x01, 0xad, 0xff, 0xe2, 0x00, 0x05, 0x00, 0x6c, 0xff, 0xfa, 0x00, 0xe9,
  0xff, 0xfe, 0x01, 0xa6, 0xff, 0xec, 0x01, 0xa7, 0xff, 0xe2, 0x01, 0xad,
  0xff, 0xec, 0x00, 0x01, 0x00, 0x6c, 0xff, 0xf1, 0x00, 0x08, 0x00, 0x6c,
  0x00, 0x0a, 0x00, 0xe9, 0xff, 0xde, 0x00, 0xef, 0xff, 0xde, 0x01, 0x58,
  0xff, 0xfe, 0x01, 0x5d, 0xff, 0xc0, 0x01, 0xa6, 0xff, 0xd8, 0x01, 0xa7,
  0xff, 0xd8, 0x01, 0xad, 0x00, 0x1e, 0x00, 0x02, 0x01, 0x5d, 0xff, 0xec,
  0x01, 0xa7, 0xff, 0xfd, 0x00, 0xd1, 0x00, 0x01, 0xff, 0xa5, 0x00, 0x02,
  0xff, 0xa5, 0x00, 0x03, 0xff, 0xa5, 0x00, 0x04, 0xff, 0xa5, 0x00, 0x05,
  0xff, 0xa5, 0x00, 0x06, 0xff, 0xa5, 0x00, 0x07, 0xff, 0xa5, 0x00, 0x08,
  0xff, 0xa5, 0x00, 0x09, 0xff, 0xa5, 0x00, 0x0a, 0xff, 0xa5, 0x00, 0x0b,
  0xff, 0xa5, 0x00, 0x0c, 0xff, 0xa5, 0x00, 0x0d, 0xff, 0xa5, 0x00, 0x0f,
  0xff, 0xe4, 0x00, 0x10, 0xff, 0xe4, 0x00, 0x11, 0xff, 0xe4, 0x00, 0x12,
  0xff, 0xe4, 0x00, 0x13, 0xff, 0xe4, 0x00, 0x14, 0xff, 0xe4, 0x00, 0x24,
  0xff, 0xe4, 0x00, 0x25, 0xff, 0xe4, 0x00, 0x26, 0xff, 0xe4, 0x00, 0x27,
  0xff, 0xe4, 0x00, 0x28, 0xff, 0xe4, 0x00, 0x34, 0xff, 0xb1, 0x00, 0x35,
  0xff, 0xb1, 0x00, 0x45, 0xff, 0xe4, 0x00, 0x46, 0xff, 0xe4, 0x00, 0x47,
  0xff, 0xe4, 0x00, 0x48, 0xff, 0xe4, 0x00, 0x49, 0xff, 0xe4, 0x00, 0x4a,
  0xff, 0xe4, 0x00, 0x4b, 0xff, 0xe4, 0x00, 0x4c, 0xff, 0xe4, 0x00, 0x4d,
  0xff, 0xe4, 0x00, 0x4e, 0xff, 0xe4, 0x00, 0x4f, 0xff, 0xe4, 0x00, 0x52,
  0xff, 0xe4, 0x00, 0x57, 0xff, 0xfe, 0x00, 0x58, 0xff, 0xfe, 0x00, 0x59,
  0xff, 0xfe, 0x00, 0x5a, 0xff, 0xfe, 0x00, 0x5b, 0xff, 0xfe, 0x00, 0x5c,
  0xff, 0xfe, 0x00, 0x5d, 0x00, 0x0a, 0x00, 0x5e, 0x00, 0x0a, 0x00, 0x5f,
  0x00, 0x0a, 0x00, 0x60, 0x00, 0x0a, 0x00, 0x61, 0x00, 0x0a, 0x00, 0x7c,
  0xff, 0xe4, 0x00, 0x7d, 0xff, 0xb6, 0x00, 0x7e, 0xff, 0xb6, 0x00, 0x7f,
  0xff, 0xb6, 0x00, 0x80, 0xff, 0xb6, 0x00, 0x81, 0xff, 0xb6, 0x00, 0x82,
  0xff, 0xb6, 0x00, 0x83, 0xff, 0xb6, 0x00, 0x84, 0xff, 0xb6, 0x00, 0x85,
  0xff, 0xb6, 0x00, 0x86, 0xff, 0xb6, 0x00, 0x87, 0xff, 0xb6, 0x00, 0x88,
  0xff, 0xb6, 0x00, 0x89, 0xff, 0xb6, 0x00, 0x8b, 0xff, 0xb6, 0x00, 0x8c,
  0xff, 0xb6, 0x00, 0x8d, 0xff, 0xb6, 0x00, 0x8e, 0xff, 0xb6, 0x00, 0x8f,
  0xff, 0xb6, 0x00, 0x90, 0xff, 0xb6, 0x00, 0x91, 0xff, 0xb6, 0x00, 0x92,
  0xff, 0xb6, 0x00, 0x93, 0xff, 0xb6, 0x00, 0x94, 0xff, 0xb6, 0x00, 0x95,
  0xff, 0xb6, 0x00, 0x96, 0xff, 0xb6, 0x00, 0x97, 0xff, 0xb6, 0x00, 0x98,
  0xff, 0xb6, 0x00, 0x99, 0xff, 0xb6, 0x00, 0x9a, 0xff, 0xb6, 0x00, 0x9b,
  0xff, 0xb6, 0x00, 0x9c, 0xff, 0xb6, 0x00, 0x9d, 0xff, 0xb6, 0x00, 0x9e,
  0xff, 0xb6, 0x00, 0x9f, 0xff, 0xfa, 0x00, 0xa0, 0xff, 0xb6, 0x00, 0xa1,
  0xff, 0xb6, 0x00, 0xa2, 0xff, 0xb6, 0x00, 0xa3, 0xff, 0xb6, 0x00, 0xa4,
  0xff, 0xb6, 0x00, 0xba, 0xff, 0xd4, 0x00, 0xbb, 0xff, 0xd4, 0x00, 0xbc,
  0xff, 0xd4, 0x00, 0xbd, 0xff, 0xd4, 0x00, 0xbe, 0xff, 0xd4, 0x00, 0xbf,
  0xff, 0xd4, 0x00, 0xc0, 0xff, 0xd4, 0x00, 0xc1, 0xff, 0xb6, 0x00, 0xc2,
  0xff, 0xb6, 0x00, 0xc3, 0xff, 0xb6, 0x00, 0xc4, 0xff, 0xb6, 0x00, 0xc5,
  0xff, 0xb6, 0x00, 0xc6, 0xff, 0xb6, 0x00, 0xc7, 0xff, 0xb6, 0x00, 0xc8,
  0xff, 0xb6, 0x00, 0xc9, 0xff, 0xb6, 0x00, 0xca, 0xff, 0xb6, 0x00, 0xcb,
  0xff, 0xb6, 0x00, 0xcc, 0xff, 0xd4, 0x00, 0xce, 0xff, 0xb6, 0x00, 0xcf,
  0xff, 0xd4, 0x00, 0xd0, 0xff, 0xd4, 0x00, 0xd1, 0xff, 0xd4, 0x00, 0xd2,
  0xff, 0xd4, 0x00, 0xd3, 0xff, 0xd1, 0x00, 0xd4, 0xff, 0xd1, 0x00, 0xd5,
  0xff, 0xd1, 0x00, 0xd6, 0xff, 0xd1, 0x00, 0xd7, 0xff, 0xd1, 0x00, 0xd8,
  0xff, 0xd1, 0x00, 0xda, 0xff, 0xfc, 0x00, 0xdb, 0xff, 0xfc, 0x00, 0xdc,
  0xff, 0xfc, 0x00, 0xdd, 0xff, 0xfc, 0x00, 0xde, 0xff, 0xfc, 0x00, 0xdf,
  0xff, 0xd4, 0x00, 0xe0, 0xff, 0xd4, 0x00, 0xe1, 0xff, 0xd4, 0x00, 0xe2,
  0xff, 0xd4, 0x00, 0xe3, 0xff, 0xd4, 0x00, 0xe4, 0xff, 0xd4, 0x00, 0xe5,
  0xff, 0xd4, 0x00, 0xe6, 0xff, 0xd4, 0x00, 0xe7, 0xff, 0xd4, 0x00, 0xe8,
  0xff, 0xd4, 0x00, 0xe9, 0xff, 0xe8, 0x00, 0xea, 0xff, 0xde, 0x00, 0xeb,
  0xff, 0xde, 0x00, 0xec, 0xff, 0xde, 0x00, 0xed, 0xff, 0xde, 0x00, 0xee,
  0xff, 0xde, 0x00, 0xef, 0xff, 0xde, 0x00, 0xf0, 0xff, 0xe8, 0x00, 0xf1,
  0xff, 0xe8, 0x00, 0xf2, 0xff, 0xe8, 0x00, 0xf3, 0xff, 0xe8, 0x00, 0xf4,
  0xff, 0xe8, 0x00, 0xf5, 0xff, 0xe8, 0x00, 0xf6, 0xff, 0xe8, 0x00, 0xf7,
  0xff, 0xe8, 0x00, 0xf8, 0xff, 0xe8, 0x00, 0xf9, 0xff, 0xb6, 0x00, 0xfa,
  0xff, 0xb6, 0x00, 0xfb, 0xff, 0xfc, 0x00, 0xfc, 0xff, 0xfa, 0x00, 0xfd,
  0xff, 0xfa, 0x00, 0xfe, 0xff, 0xfa, 0x00, 0xff, 0xff, 0xfa, 0x01, 0x00,
  0xff, 0xfa, 0x01, 0x01, 0xff, 0xfa, 0x01, 0x02, 0xff, 0xfa, 0x01, 0x03,
  0xff, 0xfc, 0x01, 0x04, 0xff, 0xfc, 0x01, 0x05, 0xff, 0xfc, 0x01, 0x4c,
  0x00, 0x14, 0x01, 0x51, 0xff, 0xd6, 0x01, 0x52, 0xff, 0xa4, 0x01, 0x53,
  0xff, 0xa4, 0x01, 0x57, 0xff, 0xa4, 0x01, 0x58, 0xff, 0xfc, 0x01, 0x5a,
  0x00, 0x14, 0x01, 0x5b, 0x00, 0x14, 0x01, 0x5c, 0xff, 0xd6, 0x01, 0x5d,
  0xff, 0xbc, 0x01, 0x65, 0xff, 0xc0, 0x01, 0x66, 0xff, 0xc0, 0x01, 0x67,
  0xff, 0xc0, 0x01, 0x68, 0xff, 0xc4, 0x01, 0x69, 0xff, 0xe8, 0x01, 0x6a,
  0xff, 0xc4, 0x01, 0x6b, 0xff, 0xe8, 0x01, 0x6c, 0xff, 0xb0, 0x01, 0x71,
  0xff, 0xb0, 0x01, 0xa6, 0xff, 0xd4, 0x01, 0xa7, 0xff, 0xc2, 0x01, 0xab,
  0xff, 0xfc, 0x01, 0xac, 0xff, 0xfc, 0x01, 0xd7, 0xff, 0xe4, 0x01, 0xd8,
  0xff, 0xe4, 0x01, 0xd9, 0xff, 0xe4, 0x01, 0xda, 0xff, 0xe4, 0x01, 0xdb,
  0xff, 0xe4, 0x01, 0xde, 0xff, 0xb6, 0x01, 0xdf, 0xff, 0xb6, 0x01, 0xe0,
  0xff, 0xb6, 0x01, 0xe1, 0xff, 0xb6, 0x01, 0xe2, 0xff, 0xb6, 0x01, 0xe3,
  0xff, 0xb6, 0x01, 0xe4, 0xff, 0xb6, 0x01, 0xe5, 0xff, 0xb6, 0x01, 0xe6,
  0xff, 0xb6, 0x01, 0xe7, 0xff, 0xb6, 0x01, 0xe8, 0xff, 0xb6, 0x01, 0xe9,
  0xff, 0xb6, 0x01, 0xea, 0xff, 0xb6, 0x01, 0xeb, 0xff, 0xb6, 0x01, 0xec,
  0xff, 0xfc, 0x01, 0xed, 0xff, 0xfc, 0x01, 0xee, 0xff, 0xfc, 0x01, 0xef,
  0xff, 0xfc, 0x00, 0x06, 0x00, 0xe9, 0xff, 0xe8, 0x00, 0xef, 0xff, 0xf2,
  0x01, 0x58, 0xff, 0xfc, 0x01, 0x5d, 0xff, 0xd2, 0x01, 0xa6, 0xff, 0xd9,
  0x01, 0xa7, 0xff, 0xcc, 0x00, 0x97, 0x00, 0x0f, 0xff, 0xe8, 0x00, 0x10,
  0xff, 0xe8, 0x00, 0x11, 0xff, 0xe8, 0x00, 0x12, 0xff, 0xe8, 0x00, 0x13,
  0xff, 0xe8, 0x00, 0x14, 0xff, 0xe8, 0x00, 0x24, 0xff, 0xe8, 0x00, 0x25,
  0xff, 0xe8, 0x00, 0x26, 0xff, 0xe8, 0x00, 0x27, 0xff, 0xe8, 0x00, 0x28,
  0xff, 0xe8, 0x00, 0x34, 0xff, 0xfc, 0x00, 0x35, 0xff, 0xfc, 0x00, 0x45,
  0xff, 0xe8, 0x00, 0x46, 0xff, 0xe8, 0x00, 0x47, 0xff, 0xe8, 0x00, 0x48,
  0xff, 0xe8, 0x00, 0x49, 0xff, 0xe8, 0x00, 0x4a, 0xff, 0xe8, 0x00, 0x4b,
  0xff, 0xe8, 0x00, 0x4c, 0xff, 0xe8, 0x00, 0x4d, 0xff, 0xe8, 0x00, 0x4e,
  0xff, 0xe8, 0x00, 0x4f, 0xff, 0xe8, 0x00, 0x52, 0xff, 0xe8, 0x00, 0x7c,
  0xff, 0xe8, 0x00, 0x7d, 0xff, 0xfc, 0x00, 0x7e, 0xff, 0xfc, 0x00, 0x7f,
  0xff, 0xfc, 0x00, 0x80, 0xff, 0xfc, 0x00, 0x81, 0xff, 0xfc, 0x00, 0x82,
  0xff, 0xfc, 0x00, 0x83, 0xff, 0xfc, 0x00, 0x84, 0xff, 0xfc, 0x00, 0x85,
  0xff, 0xfc, 0x00, 0x86, 0xff, 0xfc, 0x00, 0x87, 0xff, 0xfc, 0x00, 0x88,
  0xff, 0xfc, 0x00, 0x89, 0xff, 0xfc, 0x00, 0x8b, 0xff, 0xe8, 0x00, 0x8c,
  0xff, 0xe8, 0x00, 0x8d, 0xff, 0xe8, 0x00, 0x8e, 0xff, 0xe8, 0x00, 0x8f,
  0xff, 0xe8, 0x00, 0x90, 0xff, 0xe8, 0x00, 0x91, 0xff, 0xe8, 0x00, 0x92,
  0xff, 0xe8, 0x00, 0x93, 0xff, 0xe8, 0x00, 0x94, 0xff, 0xe8, 0x00, 0x95,
  0xff, 0xe8, 0x00, 0x96, 0xff, 0xe8, 0x00, 0x97, 0xff, 0xe8, 0x00, 0x98,
  0xff, 0xe8, 0x00, 0x99, 0xff, 0xe8, 0x00, 0x9a, 0xff, 0xe8, 0x00, 0x9b,
  0xff, 0xe8, 0x00, 0x9c, 0xff, 0xe8, 0x00, 0x9d, 0xff, 0xe8, 0x00, 0x9e,
  0xff, 0xe8, 0x00, 0x9f, 0xff, 0xfc, 0x00, 0xa0, 0xff, 0xec, 0x00, 0xa1,
  0xff, 0xec, 0x00, 0xa2, 0xff, 0xec, 0x00, 0xa3, 0xff, 0xec, 0x00, 0xa4,
  0xff, 0xec, 0x00, 0xc1, 0xff, 0xe8, 0x00, 0xc2, 0xff, 0xe8, 0x00, 0xc3,
  0xff, 0xe8, 0x00, 0xc4, 0xff, 0xe8, 0x00, 0xc5, 0xff, 0xe8, 0x00, 0xc6,
  0xff, 0xe8, 0x00, 0xc7, 0xff, 0xe8, 0x00, 0xc8, 0xff, 0xe8, 0x00, 0xc9,
  0xff, 0xe8, 0x00, 0xca, 0xff, 0xe8, 0x00, 0xcb, 0xff, 0xe8, 0x00, 0xce,
  0xff, 0xe8, 0x00, 0xda, 0xff, 0xfc, 0x00, 0xdb, 0xff, 0xfc, 0x00, 0xdc,
  0xff, 0xfc, 0x00, 0xdd, 0xff, 0xfc, 0x00, 0xde, 0xff, 0xfc, 0x00, 0xdf,
  0xff, 0xef, 0x00, 0xe0, 0xff, 0xef, 0x00, 0xe1, 0xff, 0xef, 0x00, 0xe2,
  0xff, 0xef, 0x00, 0xe3, 0xff, 0xef, 0x00, 0xe4, 0xff, 0xef, 0x00, 0xe5,
  0xff, 0xef, 0x00, 0xe6, 0xff, 0xef, 0x00, 0xe7, 0xff, 0xef, 0x00, 0xe8,
  0xff, 0xef, 0x00, 0xe9, 0xff, 0xea, 0x00, 0xea, 0xff, 0xea, 0x00, 0xeb,
  0xff, 0xea, 0x00, 0xec, 0xff, 0xea, 0x00, 0xed, 0xff, 0xea, 0x00, 0xee,
  0xff, 0xea, 0x00, 0xf0, 0xff, 0xea, 0x00, 0xf1, 0xff, 0xea, 0x00, 0xf2,
  0xff, 0xea, 0x00, 0xf3, 0xff, 0xea, 0x00, 0xf4, 0xff, 0xea, 0x00, 0xf9,
  0xff, 0xe8, 0x00, 0xfb, 0xff, 0xfc, 0x00, 0xfc, 0xff, 0xfc, 0x00, 0xfd,
  0xff, 0xfc, 0x00, 0xfe, 0xff, 0xfc, 0x00, 0xff, 0xff, 0xfc, 0x01, 0x00,
  0xff, 0xfc, 0x01, 0x01, 0xff, 0xfc, 0x01, 0x02, 0xff, 0xfc, 0x01, 0x03,
  0xff, 0xfc, 0x01, 0x04, 0xff, 0xfc, 0x01, 0x05, 0xff, 0xfc, 0x01, 0x58,
  0xff, 0xf0, 0x01, 0x60, 0x00, 0x1e, 0x01, 0x62, 0x00, 0x1e, 0x01, 0x64,
  0x00, 0x1e, 0x01, 0x65, 0xff, 0xf3, 0x01, 0x66, 0xff, 0xf3, 0x01, 0x67,
  0xff, 0xf3, 0x01, 0x68, 0xff, 0xd8, 0x01, 0x6a, 0xff, 0xd8, 0x01, 0x6d,
  0xff, 0xfc, 0x01, 0x6e, 0xff, 0xfe, 0x01, 0x6f, 0xff, 0xfc, 0x01, 0x70,
  0xff, 0xfe, 0x01, 0xa6, 0xff, 0xe8, 0x01, 0xa7, 0xff, 0xfc, 0x01, 0xab,
  0xff, 0xe8, 0x01, 0xac, 0xff, 0xe8, 0x01, 0xd7, 0xff, 0xe8, 0x01, 0xd8,
  0xff, 0xe8, 0x01, 0xd9, 0xff, 0xe8, 0x01, 0xda, 0xff, 0xe8, 0x01, 0xdb,
  0xff, 0xe8, 0x01, 0xde, 0xff, 0xe8, 0x01, 0xdf, 0xff, 0xe8, 0x01, 0xe0,
  0xff, 0xe8, 0x01, 0xe1, 0xff, 0xe8, 0x01, 0xe2, 0xff, 0xe8, 0x01, 0xe3,
  0xff, 0xe8, 0x01, 0xe4, 0xff, 0xe8, 0x01, 0xe5, 0xff, 0xe8, 0x01, 0xe6,
  0xff, 0xe8, 0x01, 0xe7, 0xff, 0xe8, 0x01, 0xec, 0xff, 0xfc, 0x01, 0xed,
  0xff, 0xfc, 0x01, 0xee, 0xff, 0xfc, 0x01, 0xef, 0xff, 0xfc, 0x00, 0x06,
  0x00, 0xe9, 0xff, 0xd2, 0x00, 0xef, 0xff, 0xe1, 0x01, 0x58, 0xff, 0xea,
  0x01, 0x5d, 0xff, 0xc3, 0x01, 0xa6, 0xff, 0xc0, 0x01, 0xa7, 0xff, 0xbf,
  0x00, 0x03, 0x00, 0xe9, 0xff, 0xee, 0x01, 0x5d, 0x00, 0x04, 0x01, 0xa6,
  0xff, 0xee, 0x00, 0x03, 0x00, 0x6c, 0xff, 0xb6, 0x00, 0xe9, 0xff, 0xec,
  0x01, 0xad, 0xff, 0xd8, 0x00, 0x05, 0x00, 0x6c, 0xff, 0xc0, 0x00, 0x72,
  0xff, 0xe8, 0x00, 0xe9, 0xff, 0xfd, 0x00, 0xef, 0xff, 0xef, 0x01, 0xad,
  0xff, 0xce, 0x00, 0x01, 0x00, 0x6c, 0xff, 0xd8, 0x00, 0x05, 0x00, 0x6c,
  0xff, 0xf8, 0x00, 0xef, 0x00, 0x14, 0x01, 0xa6, 0xff, 0xfc, 0x01, 0xa7,
  0xff, 0xe8, 0x01, 0xad, 0xff, 0xec, 0x00, 0x03, 0x01, 0x54, 0x00, 0x0f,
  0x01, 0x58, 0x00, 0x29, 0x01, 0xad, 0x00, 0x49, 0x00, 0x03, 0x00, 0x6c,
  0xff, 0xd4, 0x00, 0xe9, 0xff, 0xf6, 0x01, 0xad, 0xff, 0xd8, 0x00, 0x06,
  0x00, 0x6c, 0xff, 0xb6, 0x00, 0x72, 0xff, 0xe8, 0x00, 0xe9, 0xff, 0xf3,
  0x00, 0xef, 0xff, 0xef, 0x01, 0x7b, 0x00, 0x1e, 0x01, 0xad, 0xff, 0xce,
  0x00, 0x06, 0x00, 0x6c, 0xff, 0xb6, 0x00, 0x72, 0xff, 0xe8, 0x00, 0xe9,
  0xff, 0xeb, 0x00, 0xef, 0xff, 0xef, 0x01, 0x5d, 0xff, 0xfe, 0x01, 0xad,
  0xff, 0xce, 0x00, 0x0b, 0x00, 0x5d, 0xff, 0xc4, 0x00, 0x5e, 0xff, 0xc4,
  0x00, 0x5f, 0xff, 0xc4, 0x00, 0x60, 0xff, 0xc4, 0x00, 0x61, 0xff, 0xc4,
  0x00, 0x6c, 0xff, 0xd4, 0x00, 0x6d, 0xff, 0xf5, 0x00, 0x6e, 0xff, 0xf5,
  0x00, 0x6f, 0xff, 0xf5, 0x00, 0x70, 0xff, 0xf5, 0x00, 0x71, 0xff, 0xf5,
  0x00, 0x06, 0x00, 0x6c, 0xff, 0xf5, 0x00, 0xe9, 0x00, 0x0f, 0x00, 0xef,
  0x00, 0x1e, 0x01, 0x5d, 0xff, 0xf8, 0x01, 0xa6, 0x00, 0x0a, 0x01, 0xa7,
  0xff, 0xe2, 0x00, 0x05, 0x00, 0x6c, 0xff, 0xcd, 0x00, 0xe9, 0xff, 0xf1,
  0x00, 0xef, 0xff, 0xfe, 0x01, 0x5d, 0x00, 0x02, 0x01, 0xad, 0xff, 0xde,
  0x00, 0x21, 0x00, 0x6c, 0xff, 0xcd, 0x00, 0xe9, 0xff, 0xf6, 0x00, 0xea,
  0xff, 0xf6, 0x00, 0xeb, 0xff, 0xf6, 0x00, 0xec, 0xff, 0xf6, 0x00, 0xed,
  0xff, 0xf6, 0x00, 0xee, 0xff, 0xf6, 0x00, 0xef, 0xff, 0xf6, 0x00, 0xf0,
  0xff, 0xf6, 0x00, 0xf1, 0xff, 0xf6, 0x00, 0xf2, 0xff, 0xf6, 0x00, 0xf3,
  0xff, 0xf6, 0x00, 0xf4, 0xff, 0xf6, 0x00, 0xf5, 0xff, 0xf6, 0x00, 0xf6,
  0xff, 0xf6, 0x00, 0xf7, 0xff, 0xf6, 0x00, 0xf8, 0xff, 0xf6, 0x01, 0x4c,
  0xff, 0xee, 0x01, 0x52, 0xff, 0xf6, 0x01, 0x53, 0xff, 0xf6, 0x01, 0x57,
  0xff, 0xf6, 0x01, 0x5a, 0xff, 0xee, 0x01, 0x5b, 0xff, 0xee, 0x01, 0x5d,
  0xff, 0xfe, 0x01, 0x69, 0xff, 0xf8, 0x01, 0x6b, 0xff, 0xf8, 0x01, 0x6d,
  0xff, 0xec, 0x01, 0x6e, 0xff, 0xe4, 0x01, 0x6f, 0xff, 0xec, 0x01, 0x70,
  0xff, 0xe4, 0x01, 0xab, 0xff, 0xec, 0x01, 0xac, 0xff, 0xec, 0x01, 0xad,
  0xff, 0xe2, 0x00, 0x25, 0x00, 0x72, 0xff, 0xfc, 0x00, 0x8a, 0x00, 0x04,
  0x00, 0xa5, 0x00, 0x04, 0x00, 0xa6, 0x00, 0x04, 0x00, 0xa7, 0x00, 0x06,
  0x00, 0xa8, 0x00, 0x06, 0x00, 0xa9, 0x00, 0x06, 0x00, 0xaa, 0x00, 0x06,
  0x00, 0xab, 0x00, 0x06, 0x00, 0xac, 0x00, 0x06, 0x00, 0xad, 0x00, 0x06,
  0x00, 0xae, 0x00, 0x06, 0x00, 0xaf, 0x00, 0x06, 0x00, 0xb0, 0x00, 0x04,
  0x00, 0xb1, 0x00, 0x04, 0x00, 0xb2, 0x00, 0x04, 0x00, 0xb3, 0x00, 0x04,
  0x00, 0xb4, 0x00, 0x04, 0x00, 0xb5, 0x00, 0x04, 0x00, 0xb6, 0x00, 0x04,
  0x00, 0xb7, 0x00, 0x04, 0x00, 0xb8, 0x00, 0x04, 0x00, 0xb9, 0x00, 0x04,
  0x00, 0xcd, 0x00, 0x04, 0x00, 0xd9, 0x00, 0x04, 0x00, 0xef, 0x00, 0x14,
  0x01, 0x58, 0x00, 0x06, 0x01, 0x60, 0x00, 0x08, 0x01, 0x62, 0x00, 0x08,
  0x01, 0x64, 0x00, 0x08, 0x01, 0x6d, 0x00, 0x04, 0x01, 0x6e, 0x00, 0x04,
  0x01, 0x6f, 0x00, 0x04, 0x01, 0x70, 0x00, 0x04, 0x01, 0xad, 0x00, 0x0d,
  0x01, 0xdc, 0x00, 0x06, 0x01, 0xdd, 0x00, 0x04, 0x00, 0x76, 0x00, 0x01,
  0xff, 0xe0, 0x00, 0x02, 0xff, 0xe0, 0x00, 0x03, 0xff, 0xe0, 0x00, 0x04,
  0xff, 0xe0, 0x00, 0x05, 0xff, 0xe0, 0x00, 0x06, 0xff, 0xe0, 0x00, 0x07,
  0xff, 0xe0, 0x00, 0x08, 0xff, 0xe0, 0x00, 0x09, 0xff, 0xe0, 0x00, 0x0a,
  0xff, 0xe0, 0x00, 0x0b, 0xff, 0xe0, 0x00, 0x0c, 0xff, 0xe0, 0x00, 0x0d,
  0xff, 0xe0, 0x00, 0x34, 0xff, 0xe2, 0x00, 0x35, 0xff, 0xe2, 0x00, 0x5d,
  0xff, 0xde, 0x00, 0x5e, 0xff, 0xde, 0x00, 0x5f, 0xff, 0xde, 0x00, 0x60,
  0xff, 0xde, 0x00, 0x61, 0xff, 0xde, 0x00, 0x6c, 0xff, 0xe8, 0x00, 0x6d,
  0xff, 0xe8, 0x00, 0x6e, 0xff, 0xe8, 0x00, 0x6f, 0xff, 0xe8, 0x00, 0x70,
  0xff, 0xe8, 0x00, 0x71, 0xff, 0xe8, 0x00, 0x72, 0xff, 0xea, 0x00, 0x73,
  0xff, 0xd2, 0x00, 0x74, 0xff, 0xd2, 0x00, 0x75, 0xff, 0xd2, 0x00, 0x76,
  0xff, 0xd2, 0x00, 0x77, 0xff, 0xd2, 0x00, 0x78, 0xff, 0xdc, 0x00, 0x79,
  0xff, 0xdc, 0x00, 0x7a, 0xff, 0xdc, 0x00, 0x7b, 0xff, 0xdc, 0x00, 0x7d,
  0xff, 0xeb, 0x00, 0x7e, 0xff, 0xeb, 0x00, 0x7f, 0xff, 0xeb, 0x00, 0x80,
  0xff, 0xeb, 0x00, 0x81, 0xff, 0xeb, 0x00, 0x82, 0xff, 0xeb, 0x00, 0x83,
  0xff, 0xeb, 0x00, 0x84, 0xff, 0xeb, 0x00, 0x85, 0xff, 0xeb, 0x00, 0x86,
  0xff, 0xeb, 0x00, 0x87, 0xff, 0xeb, 0x00, 0x88, 0xff, 0xeb, 0x00, 0x89,
  0xff, 0xeb, 0x00, 0x8b, 0xff, 0xeb, 0x00, 0x8c, 0xff, 0xeb, 0x00, 0x8d,
  0xff, 0xeb, 0x00, 0x8e, 0xff, 0xeb, 0x00, 0x8f, 0xff, 0xeb, 0x00, 0x90,
  0xff, 0xeb, 0x00, 0x91, 0xff, 0xeb, 0x00, 0x92, 0xff, 0xeb, 0x00, 0x93,
  0xff, 0xeb, 0x00, 0x94, 0xff, 0xeb, 0x00, 0x95, 0xff, 0xeb, 0x00, 0x96,
  0xff, 0xeb, 0x00, 0x97, 0xff, 0xeb, 0x00, 0x98, 0xff, 0xeb, 0x00, 0x99,
  0xff, 0xeb, 0x00, 0x9a, 0xff, 0xeb, 0x00, 0x9b, 0xff, 0xeb, 0x00, 0x9c,
  0xff, 0xeb, 0x00, 0x9d, 0xff, 0xeb, 0x00, 0x9e, 0xff, 0xeb, 0x00, 0xa0,
  0xff, 0xeb, 0x00, 0xa1, 0xff, 0xeb, 0x00, 0xa2, 0xff, 0xeb, 0x00, 0xa3,
  0xff, 0xeb, 0x00, 0xa4, 0xff, 0xeb, 0x00, 0xc1, 0xff, 0xeb, 0x00, 0xc2,
  0xff, 0xeb, 0x00, 0xc3, 0xff, 0xeb, 0x00, 0xc4, 0xff, 0xeb, 0x00, 0xc5,
  0xff, 0xeb, 0x00, 0xc6, 0xff, 0xeb, 0x00, 0xc7, 0xff, 0xeb, 0x00, 0xc8,
  0xff, 0xeb, 0x00, 0xc9, 0xff, 0xeb, 0x00, 0xca, 0xff, 0xeb, 0x00, 0xcb,
  0xff, 0xeb, 0x00, 0xce, 0xff, 0xeb, 0x00, 0xd3, 0xff, 0xfd, 0x00, 0xd4,
  0xff, 0xfd, 0x00, 0xd5, 0xff, 0xfd, 0x00, 0xd6, 0xff, 0xfd, 0x00, 0xd7,
  0xff, 0xfd, 0x00, 0xd8, 0xff, 0xfd, 0x00, 0xf9, 0xff, 0xeb, 0x00, 0xfa,
  0xff, 0xe7, 0x01, 0x52, 0xff, 0xb4, 0x01, 0x53, 0xff, 0xb4, 0x01, 0x57,
  0xff, 0xb4, 0x01, 0x5d, 0xff, 0xf2, 0x01, 0x65, 0xff, 0xe0, 0x01, 0x66,
  0xff, 0xe0, 0x01, 0x67, 0xff, 0xe0, 0x01, 0x68, 0xff, 0xf4, 0x01, 0x6a,
  0xff, 0xf4, 0x01, 0xa7, 0xff, 0xe0, 0x01, 0xde, 0xff, 0xeb, 0x01, 0xdf,
  0xff, 0xeb, 0x01, 0xe0, 0xff, 0xeb, 0x01, 0xe1, 0xff, 0xeb, 0x01, 0xe2,
  0xff, 0xeb, 0x01, 0xe3, 0xff, 0xeb, 0x01, 0xe4, 0xff, 0xeb, 0x01, 0xe5,
  0xff, 0xeb, 0x01, 0xe6, 0xff, 0xeb, 0x01, 0xe7, 0xff, 0xeb, 0x01, 0xe8,
  0xff, 0xe7, 0x01, 0xe9, 0xff, 0xe7, 0x01, 0xea, 0xff, 0xe7, 0x01, 0xeb,
  0xff, 0xe7, 0x00, 0x06, 0x00, 0x6c, 0xff, 0xde, 0x00, 0x72, 0xff, 0xea,
  0x00, 0xef, 0x00, 0x0a, 0x01, 0x5d, 0xff, 0xfc, 0x01, 0xa7, 0xff, 0xe0,
  0x01, 0xad, 0xff, 0xec, 0x00, 0x65, 0x00, 0x34, 0xff, 0xfe, 0x00, 0x35,
  0xff, 0xfe, 0x00, 0x5d, 0xff, 0xde, 0x00, 0x5e, 0xff, 0xde, 0x00, 0x5f,
  0xff, 0xde, 0x00, 0x60, 0xff, 0xde, 0x00, 0x61, 0xff, 0xde, 0x00, 0x6c,
  0xff, 0xde, 0x00, 0x6d, 0xff, 0xf2, 0x00, 0x6e, 0xff, 0xf2, 0x00, 0x6f,
  0xff, 0xf2, 0x00, 0x70, 0xff, 0xf2, 0x00, 0x71, 0xff, 0xf2, 0x00, 0x73,
  0xff, 0xe1, 0x00, 0x74, 0xff, 0xe1, 0x00, 0x75, 0xff, 0xe1, 0x00, 0x76,
  0xff, 0xe1, 0x00, 0x77, 0xff, 0xe1, 0x00, 0x8b, 0xff, 0xef, 0x00, 0x8c,
  0xff, 0xef, 0x00, 0x8d, 0xff, 0xef, 0x00, 0x8e, 0xff, 0xef, 0x00, 0x8f,
  0xff, 0xef, 0x00, 0x90, 0xff, 0xef, 0x00, 0x91, 0xff, 0xef, 0x00, 0x92,
  0xff, 0xef, 0x00, 0x93, 0xff, 0xef, 0x00, 0x94, 0xff, 0xef, 0x00, 0x95,
  0xff, 0xef, 0x00, 0x96, 0xff, 0xef, 0x00, 0x97, 0xff, 0xef, 0x00, 0x98,
  0xff, 0xef, 0x00, 0x99, 0xff, 0xef, 0x00, 0x9a, 0xff, 0xef, 0x00, 0x9b,
  0xff, 0xef, 0x00, 0x9c, 0xff, 0xef, 0x00, 0x9d, 0xff, 0xef, 0x00, 0x9e,
  0xff, 0xef, 0x00, 0xc1, 0xff, 0xef, 0x00, 0xc2, 0xff, 0xef, 0x00, 0xc3,
  0xff, 0xef, 0x00, 0xc4, 0xff, 0xef, 0x00, 0xc5, 0xff, 0xef, 0x00, 0xc6,
  0xff, 0xef, 0x00, 0xc7, 0xff, 0xef, 0x00, 0xc8, 0xff, 0xef, 0x00, 0xc9,
  0xff, 0xef, 0x00, 0xca, 0xff, 0xef, 0x00, 0xcb, 0xff, 0xef, 0x00, 0xce,
  0xff, 0xef, 0x00, 0xd3, 0xff, 0xfe, 0x00, 0xd4, 0xff, 0xfe, 0x00, 0xd5,
  0xff, 0xfe, 0x00, 0xd6, 0xff, 0xfe, 0x00, 0xd7, 0xff, 0xfe, 0x00, 0xd8,
  0xff, 0xfe, 0x00, 0xda, 0x00, 0x14, 0x00, 0xdb, 0x00, 0x14, 0x00, 0xdc,
  0x00, 0x14, 0x00, 0xdd, 0x00, 0x14, 0x00, 0xde, 0x00, 0x14, 0x00, 0xea,
  0x00, 0x0a, 0x00, 0xeb, 0x00, 0x0a, 0x00, 0xec, 0x00, 0x0a, 0x00, 0xed,
  0x00, 0x0a, 0x00, 0xee, 0x00, 0x0a, 0x00, 0xf0, 0x00, 0x0a, 0x00, 0xf1,
  0x00, 0x0a, 0x00, 0xf2, 0x00, 0x0a, 0x00, 0xf3, 0x00, 0x0a, 0x00, 0xf4,
  0x00, 0x0a, 0x00, 0xf9, 0xff, 0xef, 0x00, 0xfb, 0x00, 0x14, 0x01, 0x03,
  0x00, 0x14, 0x01, 0x04, 0x00, 0x14, 0x01, 0x05, 0x00, 0x14, 0x01, 0x52,
  0xff, 0xfe, 0x01, 0x53, 0xff, 0xfe, 0x01, 0x57, 0xff, 0xfe, 0x01, 0x65,
  0xff, 0xde, 0x01, 0x66, 0xff, 0xde, 0x01, 0x67, 0xff, 0xde, 0x01, 0x68,
  0xff, 0xea, 0x01, 0x6a, 0xff, 0xea, 0x01, 0xa6, 0xff, 0xfe, 0x01, 0xa7,
  0xff, 0xf4, 0x01, 0xad, 0xff, 0xec, 0x01, 0xde, 0xff, 0xef, 0x01, 0xdf,
  0xff, 0xef, 0x01, 0xe0, 0xff, 0xef, 0x01, 0xe1, 0xff, 0xef, 0x01, 0xe2,
  0xff, 0xef, 0x01, 0xe3, 0xff, 0xef, 0x01, 0xe4, 0xff, 0xef, 0x01, 0xe5,
  0xff, 0xef, 0x01, 0xe6, 0xff, 0xef, 0x01, 0xe7, 0xff, 0xef, 0x01, 0xec,
  0x00, 0x14, 0x01, 0xed, 0x00, 0x14, 0x01, 0xee, 0x00, 0x14, 0x01, 0xef,
  0x00, 0x14, 0x00, 0x03, 0x00, 0x6c, 0xff, 0xe8, 0x01, 0xa7, 0xff, 0xf6,
  0x01, 0xad, 0xff, 0xd3, 0x00, 0x05, 0x00, 0x72, 0x00, 0x10, 0x01, 0x58,
  0x00, 0x14, 0x01, 0x5d, 0xff, 0xe0, 0x01, 0xa7, 0xff, 0xec, 0x01, 0xad,
  0x00, 0x26, 0x00, 0x06, 0x00, 0x6c, 0xff, 0xe8, 0x00, 0x72, 0xff, 0xea,
  0x00, 0xef, 0x00, 0x0a, 0x01, 0x5d, 0xff, 0xf2, 0x01, 0xa7, 0xff, 0xe0,
  0x01, 0xad, 0xff, 0xe7, 0x00, 0x0a, 0x01, 0x0b, 0xff, 0xf8, 0x01, 0x0f,
  0xff, 0xee, 0x01, 0x52, 0xff, 0xd2, 0x01, 0x53, 0xff, 0xd2, 0x01, 0x57,
  0xff, 0xd2, 0x01, 0x5d, 0xff, 0xf1, 0x01, 0x6c, 0xff, 0xce, 0x01, 0x6e,
  0xff, 0xd8, 0x01, 0x70, 0xff, 0xd8, 0x01, 0x71, 0xff, 0xce, 0x00, 0x09,
  0x01, 0x09, 0xff, 0xfc, 0x01, 0x0d, 0xff, 0xfe, 0x01, 0x0f, 0x00, 0x18,
  0x01, 0x10, 0xff, 0xfe, 0x01, 0x5d, 0x00, 0x14, 0x01, 0x6d, 0xff, 0xfc,
  0x01, 0x6e, 0xff, 0xfc, 0x01, 0x6f, 0xff, 0xfc, 0x01, 0x70, 0xff, 0xfc,
  0x00, 0x14, 0x01, 0x09, 0x00, 0x02, 0x01, 0x0a, 0x00, 0x02, 0x01, 0x0b,
  0x00, 0x02, 0x01, 0x0c, 0xff, 0xe4, 0x01, 0x0d, 0xff, 0xfa, 0x01, 0x0f,
  0xff, 0xf8, 0x01, 0x4c, 0x00, 0x14, 0x01, 0x52, 0x00, 0x04, 0x01, 0x53,
  0x00, 0x04, 0x01, 0x57, 0x00, 0x04, 0x01, 0x5a, 0x00, 0x14, 0x01, 0x5b,
  0x00, 0x14, 0x01, 0x5d, 0x00, 0x14, 0x01, 0x65, 0xff, 0xe2, 0x01, 0x66,
  0xff, 0xe2, 0x01, 0x67, 0xff, 0xe2, 0x01, 0x68, 0xff, 0xe2, 0x01, 0x6a,
  0xff, 0xe2, 0x01, 0x6e, 0xff, 0xf8, 0x01, 0x70, 0xff, 0xf8, 0x00, 0x0f,
  0x01, 0x09, 0xff, 0xf6, 0x01, 0x0a, 0xff, 0xee, 0x01, 0x0b, 0x00, 0x06,
  0x01, 0x0c, 0xff, 0xfa, 0x01, 0x0d, 0xff, 0xff, 0x01, 0x0f, 0x00, 0x12,
  0x01, 0x4c, 0x00, 0x0a, 0x01, 0x52, 0xff, 0xe8, 0x01, 0x53, 0xff, 0xe8,
  0x01, 0x57, 0xff, 0xe8, 0x01, 0x5a, 0x00, 0x0a, 0x01, 0x5b, 0x00, 0x0a,
  0x01, 0x65, 0x00, 0x04, 0x01, 0x66, 0x00, 0x04, 0x01, 0x67, 0x00, 0x04,
  0x00, 0x15, 0x01, 0x09, 0xff, 0xe4, 0x01, 0x0a, 0xff, 0xe4, 0x01, 0x0b,
  0xff, 0xfa, 0x01, 0x0c, 0xff, 0xf0, 0x01, 0x0d, 0xff, 0xf0, 0x01, 0x0e,
  0xff, 0xee, 0x01, 0x0f, 0xff, 0xe3, 0x01, 0x11, 0xff, 0xea, 0x01, 0x1a,
  0x00, 0x0a, 0x01, 0x4c, 0xff, 0xfc, 0x01, 0x52, 0xff, 0xe6, 0x01, 0x53,
  0xff, 0xe6, 0x01, 0x57, 0xff, 0xe6, 0x01, 0x5a, 0xff, 0xfc, 0x01, 0x5b,
  0xff, 0xfc, 0x01, 0x68, 0xff, 0xec, 0x01, 0x6a, 0xff, 0xec, 0x01, 0x6d,
  0xff, 0xd4, 0x01, 0x6e, 0xff, 0xd4, 0x01, 0x6f, 0xff, 0xd4, 0x01, 0x70,
  0xff, 0xd4, 0x00, 0x0c, 0x01, 0x09, 0xff, 0xf8, 0x01, 0x0a, 0xff, 0xf1,
  0x01, 0x0b, 0x00, 0x02, 0x01, 0x0f, 0xff, 0xfe, 0x01, 0x11, 0xff, 0xf8,
  0x01, 0x52, 0xff, 0xe6, 0x01, 0x53, 0xff, 0xe6, 0x01, 0x57, 0xff, 0xe6,
  0x01, 0x6d, 0xff, 0xfe, 0x01, 0x6e, 0xff, 0xfe, 0x01, 0x6f, 0xff, 0xfe,
  0x01, 0x70, 0xff, 0xfe, 0x00, 0x0b, 0x01, 0x09, 0xff, 0xd6, 0x01, 0x0a,
  0xff, 0xf4, 0x01, 0x0b, 0x00, 0x02, 0x01, 0x0d, 0xff, 0xff, 0x01, 0x0f,
  0xff, 0xc6, 0x01, 0x11, 0xff, 0xec, 0x01, 0x52, 0xff, 0xe6, 0x01, 0x53,
  0xff, 0xe6, 0x01, 0x57, 0xff, 0xe6, 0x01, 0x6e, 0xff, 0xfc, 0x01, 0x70,
  0xff, 0xfc, 0x00, 0x1f, 0x01, 0x08, 0xff, 0xee, 0x01, 0x09, 0x00, 0x0c,
  0x01, 0x0a, 0xff, 0xf8, 0x01, 0x0b, 0x00, 0x02, 0x01, 0x0c, 0xff, 0xd2,
  0x01, 0x0d, 0xff, 0xee, 0x01, 0x0e, 0xff, 0xe4, 0x01, 0x0f, 0x00, 0x32,
  0x01, 0x10, 0xff, 0xf6, 0x01, 0x11, 0x00, 0x04, 0x01, 0x4c, 0x00, 0x2c,
  0x01, 0x52, 0xff, 0xa2, 0x01, 0x53, 0xff, 0xa2, 0x01, 0x57, 0xff, 0xa2,
  0x01, 0x5a, 0x00, 0x2c, 0x01, 0x5b, 0x00, 0x2c, 0x01, 0x5d, 0xff, 0xab,
  0x01, 0x60, 0x00, 0x28, 0x01, 0x62, 0x00, 0x28, 0x01, 0x64, 0x00, 0x28,
  0x01, 0x65, 0xff, 0xc0, 0x01, 0x66, 0xff, 0xc0, 0x01, 0x67, 0xff, 0xc0,
  0x01, 0x68, 0xff, 0xba, 0x01, 0x69, 0xff, 0xd8, 0x01, 0x6a, 0xff, 0xba,
  0x01, 0x6b, 0xff, 0xd8, 0x01, 0x6d, 0x00, 0x26, 0x01, 0x6e, 0x00, 0x26,
  0x01, 0x6f, 0x00, 0x26, 0x01, 0x70, 0x00, 0x26, 0x00, 0x11, 0x01, 0x09,
  0xff, 0xef, 0x01, 0x0a, 0xff, 0xf4, 0x01, 0x0b, 0x00, 0x02, 0x01, 0x0c,
  0xff, 0xf8, 0x01, 0x0d, 0xff, 0xff, 0x01, 0x0f, 0xff, 0xf6, 0x01, 0x52,
  0xff, 0xf0, 0x01, 0x53, 0xff, 0xf0, 0x01, 0x57, 0xff, 0xf0, 0x01, 0x5d,
  0xff, 0xec, 0x01, 0x65, 0xff, 0xfe, 0x01, 0x66, 0xff, 0xfe, 0x01, 0x67,
  0xff, 0xfe, 0x01, 0x6d, 0xff, 0xf4, 0x01, 0x6e, 0xff, 0xf4, 0x01, 0x6f,
  0xff, 0xf4, 0x01, 0x70, 0xff, 0xf4, 0x00, 0x0f, 0x01, 0x09, 0xff, 0xfd,
  0x01, 0x0a, 0xff, 0xfe, 0x01, 0x0b, 0xff, 0xee, 0x01, 0x0c, 0xff, 0xe1,
  0x01, 0x0d, 0xff, 0xfe, 0x01, 0x0e, 0xff, 0xfc, 0x01, 0x0f, 0xff, 0xf0,
  0x01, 0x10, 0xff, 0xfc, 0x01, 0x52, 0xff, 0xd2, 0x01, 0x53, 0xff, 0xd2,
  0x01, 0x57, 0xff, 0xd2, 0x01, 0x6d, 0xff, 0xee, 0x01, 0x6e, 0xff, 0xec,
  0x01, 0x6f, 0xff, 0xee, 0x01, 0x70, 0xff, 0xec, 0x00, 0x02, 0x01, 0x0c,
  0xff, 0x7e, 0x01, 0x1a, 0xff, 0xe2, 0x00, 0x01, 0x01, 0x2d, 0x00, 0x0e,
  0x00, 0x01, 0x01, 0x28, 0xff, 0xf6, 0x00, 0x04, 0x01, 0x26, 0xff, 0xfb,
  0x01, 0x2a, 0xff, 0xf6, 0x01, 0x2d, 0x00, 0x17, 0x01, 0x37, 0x00, 0x17,
  0x00, 0x02, 0x01, 0x91, 0x00, 0x0a, 0x01, 0x92, 0x00, 0x0a, 0x00, 0x01,
  0x01, 0x44, 0x00, 0x28, 0x00, 0x05, 0x01, 0x2d, 0x00, 0x17, 0x01, 0x30,
  0xff, 0xfb, 0x01, 0x34, 0xff, 0xf6, 0x01, 0x37, 0x00, 0x17, 0x01, 0x44,
  0xff, 0xd8, 0x00, 0x01, 0x01, 0x2a, 0xff, 0xce, 0x00, 0x0b, 0x00, 0x6c,
  0xff, 0xfc, 0x00, 0x6d, 0xff, 0xfc, 0x00, 0x6e, 0xff, 0xfc, 0x00, 0x6f,
  0xff, 0xfc, 0x00, 0x70, 0xff, 0xfc, 0x00, 0x71, 0xff, 0xfc, 0x00, 0x73,
  0xff, 0xfa, 0x00, 0x74, 0xff, 0xfa, 0x00, 0x75, 0xff, 0xfa, 0x00, 0x76,
  0xff, 0xfa, 0x00, 0x77, 0xff, 0xfa, 0x00, 0x0c, 0x00, 0x6c, 0xff, 0xa4,
  0x00, 0xe9, 0xff, 0xb4, 0x00, 0xef, 0xff, 0xfe, 0x01, 0x08, 0xff, 0xd2,
  0x01, 0x09, 0xff, 0xbf, 0x01, 0x0b, 0xff, 0xe8, 0x01, 0x0c, 0xff, 0xe8,
  0x01, 0x0d, 0xff, 0xe6, 0x01, 0x0e, 0xff, 0xe2, 0x01, 0x0f, 0xff, 0xe2,
  0x01, 0x10, 0xff, 0xf0, 0x01, 0x11, 0xff, 0xe4, 0x00, 0x10, 0x00, 0xba,
  0x00, 0x32, 0x00, 0xbb, 0x00, 0x32, 0x00, 0xbc, 0x00, 0x32, 0x00, 0xbd,
  0x00, 0x32, 0x00, 0xbe, 0x00, 0x32, 0x00, 0xbf, 0x00, 0x32, 0x00, 0xc0,
  0x00, 0x32, 0x00, 0xcc, 0x00, 0x32, 0x00, 0xcf, 0x00, 0x32, 0x00, 0xd0,
  0x00, 0x32, 0x00, 0xd1, 0x00, 0x32, 0x00, 0xd2, 0x00, 0x32, 0x01, 0x6d,
  0x00, 0x14, 0x01, 0x6e, 0x00, 0x14, 0x01, 0x6f, 0x00, 0x14, 0x01, 0x70,
  0x00, 0x14, 0x00, 0x21, 0x00, 0x5d, 0xff, 0xc4, 0x00, 0x5e, 0xff, 0xc4,
  0x00, 0x5f, 0xff, 0xc4, 0x00, 0x60, 0xff, 0xc4, 0x00, 0x61, 0xff, 0xc4,
  0x00, 0x6c, 0xff, 0xc0, 0x00, 0x6d, 0xff, 0xde, 0x00, 0x6e, 0xff, 0xde,
  0x00, 0x6f, 0xff, 0xde, 0x00, 0x70, 0xff, 0xde, 0x00, 0x71, 0xff, 0xde,
  0x00, 0x72, 0xff, 0xfa, 0x00, 0x73, 0xff, 0xc3, 0x00, 0x74, 0xff, 0xc3,
  0x00, 0x75, 0xff, 0xc3, 0x00, 0x76, 0xff, 0xc3, 0x00, 0x77, 0xff, 0xc3,
  0x00, 0xe9, 0xff, 0xe2, 0x00, 0xea, 0xff, 0xec, 0x00, 0xeb, 0xff, 0xec,
  0x00, 0xec, 0xff, 0xec, 0x00, 0xed, 0xff, 0xec, 0x00, 0xee, 0xff, 0xec,
  0x00, 0xef, 0xff, 0xec, 0x00, 0xf0, 0xff, 0xe2, 0x00, 0xf1, 0xff, 0xe2,
  0x00, 0xf2, 0xff, 0xe2, 0x00, 0xf3, 0xff, 0xe2, 0x00, 0xf4, 0xff, 0xe2,
  0x00, 0xf5, 0xff, 0xec, 0x00, 0xf6, 0xff, 0xec, 0x00, 0xf7, 0xff, 0xec,
  0x00, 0xf8, 0xff, 0xec, 0x00, 0x06, 0x00, 0x6c, 0x00, 0x14, 0x01, 0x09,
  0x00, 0x14, 0x01, 0x0a, 0x00, 0x0a, 0x01, 0x0c, 0xff, 0xc0, 0x01, 0x0d,
  0xff, 0xec, 0x01, 0x0f, 0x00, 0x2a, 0x00, 0x01, 0x00, 0x6c, 0xff, 0xd6,
  0x00, 0xad, 0x00, 0x01, 0xff, 0xc0, 0x00, 0x02, 0xff, 0xc0, 0x00, 0x03,
  0xff, 0xc0, 0x00, 0x04, 0xff, 0xc0, 0x00, 0x05, 0xff, 0xc0, 0x00, 0x06,
  0xff, 0xc0, 0x00, 0x07, 0xff, 0xc0, 0x00, 0x08, 0xff, 0xc0, 0x00, 0x09,
  0xff, 0xc0, 0x00, 0x0a, 0xff, 0xc0, 0x00, 0x0b, 0xff, 0xc0, 0x00, 0x0c,
  0xff, 0xc0, 0x00, 0x0d, 0xff, 0xc0, 0x00, 0x0f, 0xff, 0xec, 0x00, 0x10,
  0xff, 0xec, 0x00, 0x11, 0xff, 0xec, 0x00, 0x12, 0xff, 0xec, 0x00, 0x13,
  0xff, 0xec, 0x00, 0x14, 0xff, 0xec, 0x00, 0x24, 0xff, 0xec, 0x00, 0x25,
  0xff, 0xec, 0x00, 0x26, 0xff, 0xec, 0x00, 0x27, 0xff, 0xec, 0x00, 0x28,
  0xff, 0xec, 0x00, 0x34, 0xff, 0xac, 0x00, 0x35, 0xff, 0xac, 0x00, 0x45,
  0xff, 0xec, 0x00, 0x46, 0xff, 0xec, 0x00, 0x47, 0xff, 0xec, 0x00, 0x48,
  0xff, 0xec, 0x00, 0x49, 0xff, 0xec, 0x00, 0x4a, 0xff, 0xec, 0x00, 0x4b,
  0xff, 0xec, 0x00, 0x4c, 0xff, 0xec, 0x00, 0x4d, 0xff, 0xec, 0x00, 0x4e,
  0xff, 0xec, 0x00, 0x4f, 0xff, 0xec, 0x00, 0x52, 0xff, 0xec, 0x00, 0x5d,
  0x00, 0x0a, 0x00, 0x5e, 0x00, 0x0a, 0x00, 0x5f, 0x00, 0x0a, 0x00, 0x60,
  0x00, 0x0a, 0x00, 0x61, 0x00, 0x0a, 0x00, 0x73, 0x00, 0x02, 0x00, 0x74,
  0x00, 0x02, 0x00, 0x75, 0x00, 0x02, 0x00, 0x76, 0x00, 0x02, 0x00, 0x77,
  0x00, 0x02, 0x00, 0x7c, 0xff, 0xec, 0x00, 0x7d, 0xff, 0xac, 0x00, 0x7e,
  0xff, 0xac, 0x00, 0x7f, 0xff, 0xac, 0x00, 0x80, 0xff, 0xac, 0x00, 0x81,
  0xff, 0xac, 0x00, 0x82, 0xff, 0xac, 0x00, 0x83, 0xff, 0xac, 0x00, 0x84,
  0xff, 0xac, 0x00, 0x85, 0xff, 0xac, 0x00, 0x86, 0xff, 0xac, 0x00, 0x87,
  0xff, 0xac, 0x00, 0x88, 0xff, 0xac, 0x00, 0x89, 0xff, 0xac, 0x00, 0x8b,
  0xff, 0xac, 0x00, 0x8c, 0xff, 0xac, 0x00, 0x8d, 0xff, 0xac, 0x00, 0x8e,
  0xff, 0xac, 0x00, 0x8f, 0xff, 0xac, 0x00, 0x90, 0xff, 0xac, 0x00, 0x91,
  0xff, 0xac, 0x00, 0x92, 0xff, 0xac, 0x00, 0x93, 0xff, 0xac, 0x00, 0x94,
  0xff, 0xac, 0x00, 0x95, 0xff, 0xac, 0x00, 0x96, 0xff, 0xac, 0x00, 0x97,
  0xff, 0xac, 0x00, 0x98, 0xff, 0xac, 0x00, 0x99, 0xff, 0xac, 0x00, 0x9a,
  0xff, 0xac, 0x00, 0x9b, 0xff, 0xac, 0x00, 0x9c, 0xff, 0xac, 0x00, 0x9d,
  0xff, 0xac, 0x00, 0x9e, 0xff, 0xac, 0x00, 0xa0, 0xff, 0xb0, 0x00, 0xa1,
  0xff, 0xb0, 0x00, 0xa2, 0xff, 0xb0, 0x00, 0xa3, 0xff, 0xb0, 0x00, 0xa4,
  0xff, 0xb0, 0x00, 0xba, 0xff, 0xce, 0x00, 0xbb, 0xff, 0xce, 0x00, 0xbc,
  0xff, 0xce, 0x00, 0xbd, 0xff, 0xce, 0x00, 0xbe, 0xff, 0xce, 0x00, 0xbf,
  0xff, 0xce, 0x00, 0xc0, 0xff, 0xce, 0x00, 0xc1, 0xff, 0xac, 0x00, 0xc2,
  0xff, 0xac, 0x00, 0xc3, 0xff, 0xac, 0x00, 0xc4, 0xff, 0xac, 0x00, 0xc5,
  0xff, 0xac, 0x00, 0xc6, 0xff, 0xac, 0x00, 0xc7, 0xff, 0xac, 0x00, 0xc8,
  0xff, 0xac, 0x00, 0xc9, 0xff, 0xac, 0x00, 0xca, 0xff, 0xac, 0x00, 0xcb,
  0xff, 0xac, 0x00, 0xcc, 0xff, 0xce, 0x00, 0xce, 0xff, 0xac, 0x00, 0xcf,
  0xff, 0xce, 0x00, 0xd0, 0xff, 0xce, 0x00, 0xd1, 0xff, 0xce, 0x00, 0xd2,
  0xff, 0xce, 0x00, 0xd3, 0xff, 0xd0, 0x00, 0xd4, 0xff, 0xd0, 0x00, 0xd5,
  0xff, 0xd0, 0x00, 0xd6, 0xff, 0xd0, 0x00, 0xd7, 0xff, 0xd0, 0x00, 0xd8,
  0xff, 0xd0, 0x00, 0xdf, 0xff, 0xd8, 0x00, 0xe0, 0xff, 0xd8, 0x00, 0xe1,
  0xff, 0xd8, 0x00, 0xe2, 0xff, 0xd8, 0x00, 0xe3, 0xff, 0xd8, 0x00, 0xe4,
  0xff, 0xd8, 0x00, 0xe5, 0xff, 0xd8, 0x00, 0xe6, 0xff, 0xd8, 0x00, 0xe7,
  0xff, 0xd8, 0x00, 0xe8, 0xff, 0xd8, 0x00, 0xe9, 0xff, 0xe8, 0x00, 0xea,
  0xff, 0xe8, 0x00, 0xeb, 0xff, 0xe8, 0x00, 0xec, 0xff, 0xe8, 0x00, 0xed,
  0xff, 0xe8, 0x00, 0xee, 0xff, 0xe8, 0x00, 0xef, 0xff, 0xe8, 0x00, 0xf0,
  0xff, 0xe8, 0x00, 0xf1, 0xff, 0xe8, 0x00, 0xf2, 0xff, 0xe8, 0x00, 0xf3,
  0xff, 0xe8, 0x00, 0xf4, 0xff, 0xe8, 0x00, 0xf5, 0xff, 0xf8, 0x00, 0xf6,
  0xff, 0xf8, 0x00, 0xf7, 0xff, 0xf8, 0x00, 0xf8, 0xff, 0xf8, 0x00, 0xf9,
  0xff, 0xac, 0x00, 0xfa, 0xff, 0xb0, 0x01, 0x08, 0xff, 0xf1, 0x01, 0x09,
  0x00, 0x0f, 0x01, 0x0a, 0xff, 0xf1, 0x01, 0x0c, 0xff, 0xab, 0x01, 0x0d,
  0xff, 0xe2, 0x01, 0x0e, 0xff, 0xec, 0x01, 0x0f, 0x00, 0x28, 0x01, 0x10,
  0xff, 0xec, 0x01, 0x5d, 0xff, 0x91, 0x01, 0xd7, 0xff, 0xec, 0x01, 0xd8,
  0xff, 0xec, 0x01, 0xd9, 0xff, 0xec, 0x01, 0xda, 0xff, 0xec, 0x01, 0xdb,
  0xff, 0xec, 0x01, 0xde, 0xff, 0xac, 0x01, 0xdf, 0xff, 0xac, 0x01, 0xe0,
  0xff, 0xac, 0x01, 0xe1, 0xff, 0xac, 0x01, 0xe2, 0xff, 0xac, 0x01, 0xe3,
  0xff, 0xac, 0x01, 0xe4, 0xff, 0xac, 0x01, 0xe5, 0xff, 0xac, 0x01, 0xe6,
  0xff, 0xac, 0x01, 0xe7, 0xff, 0xac, 0x01, 0xe8, 0xff, 0xb0, 0x01, 0xe9,
  0xff, 0xb0, 0x01, 0xea, 0xff, 0xb0, 0x01, 0xeb, 0xff, 0xb0, 0x00, 0x03,
  0x00, 0x72, 0x00, 0x1e, 0x01, 0x09, 0x00, 0x10, 0x01, 0x0f, 0x00, 0x28,
  0x00, 0x0a, 0x00, 0x6c, 0xff, 0xc0, 0x00, 0x72, 0xff, 0xf3, 0x00, 0xe9,
  0xff, 0xe0, 0x00, 0xef, 0xff, 0xde, 0x01, 0x09, 0xff, 0xc8, 0x01, 0x0a,
  0xff, 0xca, 0x01, 0x0b, 0x00, 0x02, 0x01, 0x0f, 0xff, 0xe2, 0x01, 0x10,
  0xff, 0xfe, 0x01, 0x11, 0xff, 0xfc, 0x00, 0x02, 0x00, 0x6c, 0xff, 0xe8,
  0x01, 0x0c, 0xff, 0xe2, 0x00, 0x07, 0x00, 0x6c, 0xff, 0xc4, 0x00, 0x72,
  0xff, 0xd8, 0x00, 0xe9, 0xff, 0xf4, 0x00, 0xef, 0xff, 0xea, 0x01, 0x09,
  0xff, 0xda, 0x01, 0x0a, 0xff, 0xd4, 0x01, 0x0f, 0xff, 0xce, 0x00, 0x09,
  0x00, 0x72, 0xff, 0xfc, 0x01, 0x09, 0x00, 0x10, 0x01, 0x0b, 0xff, 0xec,
  0x01, 0x0c, 0xff, 0xb4, 0x01, 0x0d, 0xff, 0xe8, 0x01, 0x0e, 0xff, 0xec,
  0x01, 0x0f, 0x00, 0x1c, 0x01, 0x10, 0xff, 0xf4, 0x01, 0x58, 0x00, 0x14,
  0x00, 0x0b, 0x00, 0x72, 0xff, 0xfa, 0x01, 0x08, 0xff, 0xd8, 0x01, 0x0a,
  0xff, 0xf0, 0x01, 0x0b, 0xff, 0xee, 0x01, 0x0c, 0xff, 0xb4, 0x01, 0x0d,
  0xff, 0xde, 0x01, 0x0e, 0xff, 0xe2, 0x01, 0x0f, 0x00, 0x1c, 0x01, 0x10,
  0xff, 0xf4, 0x01, 0x11, 0xff, 0xec, 0x01, 0x58, 0x00, 0x0a, 0x00, 0x0b,
  0x00, 0x6c, 0xff, 0xac, 0x00, 0xe9, 0xff, 0xba, 0x01, 0x08, 0xff, 0xce,
  0x01, 0x09, 0xff, 0xc1, 0x01, 0x0b, 0xff, 0xee, 0x01, 0x0c, 0xff, 0xec,
  0x01, 0x0d, 0xff, 0xe2, 0x01, 0x0e, 0xff, 0xe0, 0x01, 0x0f, 0xff, 0xce,
  0x01, 0x10, 0xff, 0xec, 0x01, 0x11, 0xff, 0xec, 0x00, 0x01, 0x01, 0xa7,
  0xff, 0xe2, 0x00, 0x01, 0x01, 0x0c, 0xff, 0xd8, 0x00, 0x23, 0x00, 0x01,
  0xff, 0xe7, 0x00, 0x02, 0xff, 0xe7, 0x00, 0x03, 0xff, 0xe7, 0x00, 0x04,
  0xff, 0xe7, 0x00, 0x05, 0xff, 0xe7, 0x00, 0x06, 0xff, 0xe7, 0x00, 0x07,
  0xff, 0xe7, 0x00, 0x08, 0xff, 0xe7, 0x00, 0x09, 0xff, 0xe7, 0x00, 0x0a,
  0xff, 0xe7, 0x00, 0x0b, 0xff, 0xe7, 0x00, 0x0c, 0xff, 0xe7, 0x00, 0x0d,
  0xff, 0xe7, 0x00, 0x5d, 0xff, 0xd8, 0x00, 0x5e, 0xff, 0xd8, 0x00, 0x5f,
  0xff, 0xd8, 0x00, 0x60, 0xff, 0xd8, 0x00, 0x61, 0xff, 0xd8, 0x00, 0x6c,
  0xff, 0xd4, 0x00, 0x6d, 0xff, 0xde, 0x00, 0x6e, 0xff, 0xde, 0x00, 0x6f,
  0xff, 0xde, 0x00, 0x70, 0xff, 0xde, 0x00, 0x71, 0xff, 0xde, 0x00, 0x72,
  0xff, 0xe8, 0x00, 0x73, 0xff, 0xc0, 0x00, 0x74, 0xff, 0xc0, 0x00, 0x75,
  0xff, 0xc0, 0x00, 0x76, 0xff, 0xc0, 0x00, 0x77, 0xff, 0xc0, 0x00, 0x78,
  0xff, 0xee, 0x00, 0x79, 0xff, 0xee, 0x00, 0x7a, 0xff, 0xee, 0x00, 0x7b,
  0xff, 0xee, 0x00, 0xef, 0xff, 0xfe, 0x00, 0x83, 0x00, 0x0f, 0xff, 0xfa,
  0x00, 0x10, 0xff, 0xfa, 0x00, 0x11, 0xff, 0xfa, 0x00, 0x12, 0xff, 0xfa,
  0x00, 0x13, 0xff, 0xfa, 0x00, 0x14, 0xff, 0xfa, 0x00, 0x24, 0xff, 0xfa,
  0x00, 0x25, 0xff, 0xfa, 0x00, 0x26, 0xff, 0xfa, 0x00, 0x27, 0xff, 0xfa,
  0x00, 0x28, 0xff, 0xfa, 0x00, 0x34, 0xff, 0xfc, 0x00, 0x35, 0xff, 0xfc,
  0x00, 0x45, 0xff, 0xfa, 0x00, 0x46, 0xff, 0xfa, 0x00, 0x47, 0xff, 0xfa,
  0x00, 0x48, 0xff, 0xfa, 0x00, 0x49, 0xff, 0xfa, 0x00, 0x4a, 0xff, 0xfa,
  0x00, 0x4b, 0xff, 0xfa, 0x00, 0x4c, 0xff, 0xfa, 0x00, 0x4d, 0xff, 0xfa,
  0x00, 0x4e, 0xff, 0xfa, 0x00, 0x4f, 0xff, 0xfa, 0x00, 0x52, 0xff, 0xfa,
  0x00, 0x5d, 0xff, 0xc2, 0x00, 0x5e, 0xff, 0xc2, 0x00, 0x5f, 0xff, 0xc2,
  0x00, 0x60, 0xff, 0xc2, 0x00, 0x61, 0xff, 0xc2, 0x00, 0x62, 0xff, 0xfa,
  0x00, 0x63, 0xff, 0xfa, 0x00, 0x64, 0xff, 0xfa, 0x00, 0x65, 0xff, 0xfa,
  0x00, 0x66, 0xff, 0xfa, 0x00, 0x67, 0xff, 0xfa, 0x00, 0x68, 0xff, 0xfa,
  0x00, 0x69, 0xff, 0xfa, 0x00, 0x6a, 0xff, 0xfa, 0x00, 0x6b, 0xff, 0xfa,
  0x00, 0x6c, 0xff, 0xb6, 0x00, 0x6d, 0xff, 0xc0, 0x00, 0x6e, 0xff, 0xc0,
  0x00, 0x6f, 0xff, 0xc0, 0x00, 0x70, 0xff, 0xc0, 0x00, 0x71, 0xff, 0xc0,
  0x00, 0x73, 0xff, 0xa2, 0x00, 0x74, 0xff, 0xa2, 0x00, 0x75, 0xff, 0xa2,
  0x00, 0x76, 0xff, 0xa2, 0x00, 0x77, 0xff, 0xa2, 0x00, 0x7c, 0xff, 0xfa,
  0x00, 0x7d, 0xff, 0xfc, 0x00, 0x7e, 0xff, 0xfc, 0x00, 0x7f, 0xff, 0xfc,
  0x00, 0x80, 0xff, 0xfc, 0x00, 0x81, 0xff, 0xfc, 0x00, 0x82, 0xff, 0xfc,
  0x00, 0x83, 0xff, 0xfc, 0x00, 0x84, 0xff, 0xfc, 0x00, 0x85, 0xff, 0xfc,
  0x00, 0x86, 0xff, 0xfc, 0x00, 0x87, 0xff, 0xfc, 0x00, 0x88, 0xff, 0xfc,
  0x00, 0x89, 0xff, 0xfc, 0x00, 0x8b, 0xff, 0xfa, 0x00, 0x8c, 0xff, 0xfa,
  0x00, 0x8d, 0xff, 0xfa, 0x00, 0x8e, 0xff, 0xfa, 0x00, 0x8f, 0xff, 0xfa,
  0x00, 0x90, 0xff, 0xfa, 0x00, 0x91, 0xff, 0xfa, 0x00, 0x92, 0xff, 0xfa,
  0x00, 0x93, 0xff, 0xfa, 0x00, 0x94, 0xff, 0xfa, 0x00, 0x95, 0xff, 0xfa,
  0x00, 0x96, 0xff, 0xfa, 0x00, 0x97, 0xff, 0xfa, 0x00, 0x98, 0xff, 0xfa,
  0x00, 0x99, 0xff, 0xfa, 0x00, 0x9a, 0xff, 0xfa, 0x00, 0x9b, 0xff, 0xfa,
  0x00, 0x9c, 0xff, 0xfa, 0x00, 0x9d, 0xff, 0xfa, 0x00, 0x9e, 0xff, 0xfa,
  0x00, 0xc1, 0xff, 0xfa, 0x00, 0xc2, 0xff, 0xfa, 0x00, 0xc3, 0xff, 0xfa,
  0x00, 0xc4, 0xff, 0xfa, 0x00, 0xc5, 0xff, 0xfa, 0x00, 0xc6, 0xff, 0xfa,
  0x00, 0xc7, 0xff, 0xfa, 0x00, 0xc8, 0xff, 0xfa, 0x00, 0xc9, 0xff, 0xfa,
  0x00, 0xca, 0xff, 0xfa, 0x00, 0xcb, 0xff, 0xfa, 0x00, 0xce, 0xff, 0xfa,
  0x00, 0xd3, 0xff, 0xfc, 0x00, 0xd4, 0xff, 0xfc, 0x00, 0xd5, 0xff, 0xfc,
  0x00, 0xd6, 0xff, 0xfc, 0x00, 0xd7, 0xff, 0xfc, 0x00, 0xd8, 0xff, 0xfc,
  0x00, 0xe9, 0xff, 0xe8, 0x00, 0xea, 0xff, 0xe8, 0x00, 0xeb, 0xff, 0xe8,
  0x00, 0xec, 0xff, 0xe8, 0x00, 0xed, 0xff, 0xe8, 0x00, 0xee, 0xff, 0xe8,
  0x00, 0xf0, 0xff, 0xe8, 0x00, 0xf1, 0xff, 0xe8, 0x00, 0xf2, 0xff, 0xe8,
  0x00, 0xf3, 0xff, 0xe8, 0x00, 0xf4, 0xff, 0xe8, 0x00, 0xf9, 0xff, 0xfa,
  0x01, 0x72, 0xff, 0xd8, 0x01, 0xd7, 0xff, 0xfa, 0x01, 0xd8, 0xff, 0xfa,
  0x01, 0xd9, 0xff, 0xfa, 0x01, 0xda, 0xff, 0xfa, 0x01, 0xdb, 0xff, 0xfa,
  0x01, 0xde, 0xff, 0xfa, 0x01, 0xdf, 0xff, 0xfa, 0x01, 0xe0, 0xff, 0xfa,
  0x01, 0xe1, 0xff, 0xfa, 0x01, 0xe2, 0xff, 0xfa, 0x01, 0xe3, 0xff, 0xfa,
  0x01, 0xe4, 0xff, 0xfa, 0x01, 0xe5, 0xff, 0xfa, 0x01, 0xe6, 0xff, 0xfa,
  0x01, 0xe7, 0xff, 0xfa, 0x00, 0x01, 0x00, 0x72, 0xff, 0xec, 0x00, 0x04,
  0x00, 0x6c, 0xff, 0xe4, 0x00, 0x72, 0xff, 0xe8, 0x01, 0x5d, 0xff, 0xec,
  0x01, 0xad, 0xff, 0xe2, 0x00, 0x01, 0x01, 0xad, 0x00, 0x0a, 0x00, 0x01,
  0x00, 0x6c, 0xff, 0xd4, 0x00, 0x03, 0x00, 0x6c, 0xff, 0xfa, 0x01, 0xa7,
  0xff, 0xfc, 0x01, 0xad, 0xff, 0xec, 0x00, 0x02, 0x00, 0x72, 0xff, 0xfc,
  0x00, 0xef, 0x00, 0x14, 0x00, 0x02, 0x0d, 0xa6, 0x00, 0x04, 0x00, 0x00,
  0x0e, 0x4c, 0x10, 0x30, 0x00, 0x2f, 0x00, 0x25, 0x00, 0x00, 0xff, 0xf6,
  0x00, 0x00, 0x00, 0x00, 0x00, 0x00, 0x00, 0x00, 0x00, 0x00, 0x00, 0x00,
  0x00, 0x00, 0x00, 0x00, 0x00, 0x00, 0x00, 0x00, 0x00, 0x00, 0xff, 0xf6,
  0x00, 0x00, 0x00, 0x00, 0x00, 0x00, 0x00, 0x00, 0x00, 0x00, 0xff, 0xca,
  0xff, 0xde, 0xff, 0xc4, 0x00, 0x00, 0x00, 0x00, 0x00, 0x00, 0xff, 0xe2,
  0x00, 0x00, 0x00, 0x00, 0x00, 0x00, 0x00, 0x00, 0xff, 0xe2, 0x00, 0x00,
  0x00, 0x00, 0x00, 0x00, 0x00, 0x00, 0x00, 0x00, 0x00, 0x00, 0x00, 0x00,
  0x00, 0x00, 0x00, 0x00, 0x00, 0x00, 0x00, 0x00, 0x00, 0x00, 0xff, 0xe4,
  0x00, 0x00, 0x00, 0x00, 0x00, 0x00, 0x00, 0x00, 0x00, 0x00, 0x00, 0x00,
  0x00, 0x00, 0x00, 0x00, 0x00, 0x00, 0x00, 0x00, 0x00, 0x00, 0x00, 0x00,
  0xff, 0xd0, 0xff, 0xea, 0xff, 0xe7, 0x00, 0x00, 0xff, 0xf0, 0x00, 0x00,
  0x00, 0x00, 0xff, 0xd3, 0x00, 0x00, 0xff, 0xf6, 0x00, 0x00, 0xff, 0xd8,
  0xff, 0xdc, 0xff, 0xd8, 0x00, 0x00, 0x00, 0x00, 0x00, 0x00, 0x00, 0x00,
  0x00, 0x00, 0x00, 0x00, 0x00, 0x00, 0xff, 0xfb, 0x00, 0x00, 0x00, 0x00,
  0xff, 0xef, 0x00, 0x00, 0xff, 0xf4, 0x00, 0x00, 0xff, 0xf6, 0x00, 0x00,
  0xff, 0xfc, 0x00, 0x00, 0x00, 0x00, 0xff, 0xf0, 0xff, 0xeb, 0x00, 0x00,
  0x00, 0x00, 0xff, 0xa2, 0xff, 0xc8, 0xff, 0xb6, 0xff, 0xf0, 0xff, 0xf0,
  0x00, 0x00, 0x00, 0x00, 0xff, 0xe2, 0x00, 0x00, 0xff, 0xec, 0xff, 0xe2,
  0xff, 0xd2, 0xff, 0xcc, 0xff, 0xe2, 0xff, 0xf5, 0x00, 0x00, 0x00, 0x00,
  0x00, 0x00, 0x00, 0x00, 0x00, 0x00, 0x00, 0x00, 0x00, 0x00, 0x00, 0x00,
  0x00, 0x00, 0x00, 0x00, 0x00, 0x00, 0xff, 0xe2, 0x00, 0x00, 0x00, 0x00,
  0x00, 0x00, 0x00, 0x00, 0x00, 0x00, 0x00, 0x00, 0x00, 0x00, 0x00, 0x00,
  0x00, 0x00, 0x00, 0x00, 0x00, 0x00, 0x00, 0x00, 0x00, 0x00, 0x00, 0x00,
  0x00, 0x00, 0x00, 0x00, 0x00, 0x00, 0x00, 0x00, 0x00, 0x04, 0x00, 0x00,
  0x00, 0x00, 0x00, 0x00, 0x00, 0x00, 0x00, 0x00, 0x00, 0x00, 0x00, 0x00,
  0x00, 0x00, 0x00, 0x00, 0x00, 0x00, 0x00, 0x00, 0x00, 0x00, 0xff, 0xfb,
  0x00, 0x00, 0xff, 0xfb, 0xff, 0xf1, 0x00, 0x00, 0x00, 0x00, 0x00, 0x00,
  0x00, 0x00, 0x00, 0x00, 0x00, 0x00, 0x00, 0x00, 0x00, 0x00, 0xff, 0xf4,
  0xff, 0xf3, 0x00, 0x00, 0x00, 0x00, 0xff, 0xa2, 0xff, 0xd0, 0xff, 0xb6,
  0xff, 0xf6, 0x00, 0x00, 0x00, 0x00, 0x00, 0x00, 0xff, 0xe2, 0x00, 0x00,
  0xff, 0xf6, 0xff, 0xea, 0xff, 0xd2, 0xff, 0xce, 0x00, 0x00, 0xff, 0xf5,
  0x00, 0x00, 0x00, 0x00, 0x00, 0x00, 0x00, 0x00, 0x00, 0x00, 0x00, 0x00,
  0x00, 0x00, 0x00, 0x00, 0x00, 0x00, 0x00, 0x00, 0x00, 0x00, 0x00, 0x00,
  0x00, 0x00, 0x00, 0x00, 0x00, 0x00, 0x00, 0x00, 0x00, 0x00, 0x00, 0x00,
  0xff, 0xfc, 0xff, 0xfa, 0x00, 0x00, 0x00, 0x00, 0x00, 0x00, 0x00, 0x00,
  0x00, 0x00, 0x00, 0x00, 0x00, 0x00, 0x00, 0x00, 0x00, 0x00, 0x00, 0x00,
  0x00, 0x00, 0x00, 0x00, 0x00, 0x00, 0x00, 0x00, 0x00, 0x00, 0x00, 0x00,
  0x00, 0x00, 0x00, 0x00, 0x00, 0x00, 0x00, 0x00, 0x00, 0x00, 0xff, 0xfb,
  0x00, 0x00, 0x00, 0x04, 0x00, 0x00, 0xff, 0xf8, 0x00, 0x00, 0x00, 0x00,
  0x00, 0x00, 0x00, 0x00, 0x00, 0x00, 0x00, 0x00, 0x00, 0x04, 0x00, 0x00,
  0x00, 0x00, 0x00, 0x00, 0x00, 0x00, 0x00, 0x00, 0xff, 0xfb, 0x00, 0x00,
  0x00, 0x00, 0x00, 0x00, 0x00, 0x00, 0x00, 0x00, 0xff, 0xec, 0x00, 0x00,
  0xff, 0xe2, 0x00, 0x00, 0x00, 0x04, 0x00, 0x16, 0x00, 0x00, 0x00, 0x00,
  0x00, 0x00, 0x00, 0x00, 0xff, 0xee, 0x00, 0x00, 0x00, 0x00, 0x00, 0x00,
  0x00, 0x00, 0x00, 0x00, 0xff, 0xf7, 0x00, 0x00, 0x00, 0x00, 0x00, 0x00,
  0x00, 0x00, 0x00, 0x00, 0x00, 0x00, 0x00, 0x00, 0x00, 0x00, 0xff, 0xfc,
  0x00, 0x00, 0x00, 0x00, 0xff, 0xf5, 0xff, 0xf1, 0x00, 0x00, 0x00, 0x00,
  0xff, 0xbe, 0xff, 0xd0, 0xff, 0xb6, 0x00, 0x00, 0x00, 0x00, 0x00, 0x00,
  0x00, 0x00, 0x00, 0x00, 0x00, 0x00, 0xff, 0xf6, 0xff, 0xf2, 0xff, 0xea,
  0xff, 0xe0, 0x00, 0x00, 0x00, 0x00, 0x00, 0x00, 0x00, 0x00, 0x00, 0x00,
  0x00, 0x00, 0xff, 0xef, 0xff, 0xe4, 0xff, 0xfc, 0x00, 0x00, 0xff, 0xfe,
  0x00, 0x14, 0x00, 0x00, 0xff, 0xf7, 0x00, 0x00, 0xff, 0xe2, 0x00, 0x00,
  0xff, 0xfc, 0x00, 0x00, 0x00, 0x00, 0xff, 0xe7, 0xff, 0xea, 0x00, 0x00,
  0xff, 0xfc, 0xff, 0xbc, 0xff, 0xbb, 0xff, 0xbf, 0x00, 0x00, 0x00, 0x00,
  0xff, 0xec, 0x00, 0x00, 0x00, 0x1c, 0x00, 0x00, 0xff, 0xb0, 0xff, 0xa6,
  0xff, 0x9c, 0xff, 0x9c, 0x00, 0x1e, 0x00, 0x00, 0x00, 0x00, 0x00, 0x00,
  0x00, 0x08, 0x00, 0x00, 0xff, 0xf5, 0x00, 0x00, 0x00, 0x00, 0x00, 0x00,
  0xff, 0xf4, 0xff, 0xe2, 0x00, 0x00, 0x00, 0x00, 0x00, 0x00, 0x00, 0x00,
  0x00, 0x00, 0x00, 0x00, 0xff, 0xfe, 0x00, 0x00, 0x00, 0x00, 0x00, 0x00,
  0xff, 0xf5, 0xff, 0xf4, 0x00, 0x00, 0x00, 0x00, 0x00, 0x00, 0x00, 0x00,
  0x00, 0x00, 0x00, 0x00, 0x00, 0x00, 0xff, 0xe0, 0x00, 0x00, 0x00, 0x00,
  0x00, 0x00, 0x00, 0x00, 0x00, 0x00, 0xff, 0xe2, 0x00, 0x00, 0x00, 0x00,
  0x00, 0x00, 0x00, 0x00, 0x00, 0x00, 0x00, 0x00, 0x00, 0x00, 0x00, 0x00,
  0x00, 0x00, 0x00, 0x00, 0x00, 0x00, 0x00, 0x00, 0x00, 0x00, 0x00, 0x00,
  0x00, 0x00, 0x00, 0x00, 0x00, 0x00, 0xff, 0xfa, 0x00, 0x00, 0xff, 0xf6,
  0xff, 0xfa, 0x00, 0x00, 0x00, 0x00, 0xff, 0xca, 0xff, 0xde, 0xff, 0xc4,
  0x00, 0x00, 0x00, 0x00, 0x00, 0x00, 0x00, 0x00, 0x00, 0x00, 0x00, 0x00,
  0xff, 0xf6, 0xff, 0xea, 0xff, 0xec, 0xff, 0xe8, 0x00, 0x00, 0x00, 0x00,
  0x00, 0x00, 0x00, 0x00, 0x00, 0x00, 0x00, 0x00, 0x00, 0x00, 0x00, 0x00,
  0x00, 0x00, 0x00, 0x00, 0x00, 0x00, 0x00, 0x00, 0x00, 0x00, 0x00, 0x00,
  0x00, 0x00, 0xff, 0xf6, 0x00, 0x00, 0x00, 0x00, 0x00, 0x00, 0x00, 0x00,
  0xff, 0xf6, 0xff, 0xf5, 0xff, 0xfb, 0x00, 0x00, 0xff, 0xc3, 0xff, 0xd2,
  0xff, 0xca, 0xff, 0xf8, 0x00, 0x00, 0xff, 0xee, 0x00, 0x00, 0xff, 0xf8,
  0x00, 0x00, 0xff, 0xec, 0xff, 0xf4, 0xff, 0xe4, 0xff, 0xe0, 0x00, 0x00,
  0xff, 0xfa, 0x00, 0x00, 0x00, 0x00, 0x00, 0x00, 0x00, 0x00, 0xff, 0xef,
  0x00, 0x00, 0x00, 0x00, 0x00, 0x00, 0xff, 0xeb, 0xff, 0xea, 0x00, 0x00,
  0x00, 0x00, 0x00, 0x00, 0x00, 0x00, 0x00, 0x00, 0x00, 0x00, 0xff, 0xfd,
  0x00, 0x00, 0x00, 0x00, 0x00, 0x00, 0xff, 0xeb, 0xff, 0xeb, 0xff, 0xd2,
  0xff, 0xe8, 0xff, 0xde, 0x00, 0x00, 0xff, 0xdc, 0xff, 0xe8, 0x00, 0x00,
  0xff, 0xb4, 0x00, 0x00, 0x00, 0x00, 0x00, 0x00, 0x00, 0x20, 0x00, 0x00,
  0x00, 0x00, 0x00, 0x00, 0xff, 0xf4, 0x00, 0x00, 0xff, 0xe2, 0x00, 0x00,
  0x00, 0x00, 0x00, 0x00, 0x00, 0x00, 0x00, 0x00, 0x00, 0x00, 0x00, 0x00,
  0x00, 0x00, 0x00, 0x00, 0x00, 0x00, 0x00, 0x00, 0x00, 0x00, 0x00, 0x00,
  0x00, 0x00, 0xff, 0xf8, 0x00, 0x00, 0x00, 0x00, 0x00, 0x00, 0x00, 0x00,
  0x00, 0x00, 0x00, 0x00, 0x00, 0x00, 0x00, 0x00, 0x00, 0x00, 0x00, 0x00,
  0x00, 0x00, 0x00, 0x00, 0x00, 0x00, 0x00, 0x00, 0x00, 0x00, 0x00, 0x00,
  0x00, 0x00, 0x00, 0x00, 0x00, 0x00, 0x00, 0x00, 0x00, 0x00, 0x00, 0x00,
  0x00, 0x00, 0x00, 0x00, 0x00, 0x00, 0x00, 0x00, 0x00, 0x00, 0x00, 0x00,
  0xff, 0xf0, 0x00, 0x00, 0x00, 0x00, 0x00, 0x00, 0x00, 0x00, 0x00, 0x00,
  0x00, 0x00, 0x00, 0x00, 0x00, 0x00, 0xff, 0xf6, 0xff, 0xf6, 0x00, 0x00,
  0x00, 0x00, 0xff, 0xa2, 0xff, 0xd2, 0xff, 0xbe, 0xff, 0xec, 0xff, 0xec,
  0xff, 0xf0, 0x00, 0x00, 0xff, 0xec, 0x00, 0x00, 0x00, 0x00, 0xff, 0xf6,
  0xff, 0xda, 0xff, 0xce, 0x00, 0x00, 0xff, 0xf8, 0x00, 0x00, 0x00, 0x00,
  0x00, 0x00, 0x00, 0x00, 0x00, 0x00, 0x00, 0x00, 0x00, 0x00, 0x00, 0x00,
  0x00, 0x00, 0x00, 0x00, 0x00, 0x00, 0x00, 0x00, 0x00, 0x00, 0x00, 0x00,
  0x00, 0x00, 0x00, 0x00, 0x00, 0x00, 0x00, 0x02, 0x00, 0x00, 0x00, 0x00,
  0x00, 0x00, 0x00, 0x00, 0xff, 0xec, 0xff, 0xf6, 0xff, 0xf6, 0x00, 0x00,
  0x00, 0x00, 0x00, 0x00, 0x00, 0x00, 0xff, 0xfb, 0x00, 0x00, 0x00, 0x0a,
  0x00, 0x00, 0xff, 0xfe, 0xff, 0xfb, 0x00, 0x00, 0x00, 0x00, 0x00, 0x00,
  0x00, 0x00, 0x00, 0x04, 0x00, 0x00, 0xff, 0xf6, 0xff, 0xdd, 0xff, 0xf6,
  0x00, 0x00, 0x00, 0x00, 0x00, 0x14, 0x00, 0x03, 0x00, 0x00, 0x00, 0x00,
  0xff, 0xe2, 0x00, 0x00, 0x00, 0x00, 0x00, 0x00, 0xff, 0xe7, 0xff, 0xd8,
  0xff, 0xe7, 0x00, 0x0c, 0x00, 0x00, 0xff, 0xbc, 0xff, 0xce, 0xff, 0xb8,
  0x00, 0x00, 0x00, 0x00, 0xff, 0xb0, 0x00, 0x03, 0x00, 0x1e, 0x00, 0x1e,
  0xff, 0xac, 0xff, 0x92, 0xff, 0xa6, 0xff, 0xb0, 0x00, 0x00, 0x00, 0x00,
  0x00, 0x00, 0x00, 0x00, 0x00, 0x02, 0x00, 0x00, 0x00, 0x00, 0x00, 0x00,
  0x00, 0x00, 0xff, 0xfb, 0xff, 0xf6, 0xff, 0xe9, 0x00, 0x00, 0x00, 0x00,
  0x00, 0x00, 0x00, 0x00, 0x00, 0x00, 0x00, 0x00, 0x00, 0x00, 0x00, 0x00,
  0x00, 0x00, 0x00, 0x00, 0x00, 0x00, 0x00, 0x00, 0xff, 0xe0, 0xff, 0xec,
  0xff, 0xd8, 0x00, 0x00, 0xff, 0xf0, 0x00, 0x00, 0x00, 0x00, 0xff, 0xdd,
  0x00, 0x00, 0x00, 0x00, 0x00, 0x00, 0xff, 0xec, 0xff, 0xec, 0xff, 0xec,
  0x00, 0x00, 0x00, 0x00, 0x00, 0x00, 0x00, 0x00, 0x00, 0x00, 0xff, 0xeb,
  0x00, 0x00, 0x00, 0x00, 0x00, 0x00, 0xff, 0xeb, 0xff, 0xea, 0x00, 0x00,
  0x00, 0x00, 0x00, 0x00, 0x00, 0x00, 0x00, 0x00, 0x00, 0x00, 0xff, 0xfd,
  0x00, 0x00, 0x00, 0x00, 0x00, 0x00, 0xff, 0xeb, 0xff, 0xeb, 0xff, 0xdc,
  0xff, 0xe3, 0xff, 0xde, 0x00, 0x00, 0xff, 0xf0, 0xff, 0xe8, 0x00, 0x00,
  0xff, 0xb6, 0x00, 0x00, 0x00, 0x00, 0x00, 0x00, 0x00, 0x00, 0x00, 0x00,
  0x00, 0x00, 0x00, 0x00, 0xff, 0xf4, 0x00, 0x00, 0xff, 0xe2, 0x00, 0x00,
  0xff, 0xf6, 0x00, 0x00, 0x00, 0x02, 0x00, 0x00, 0x00, 0x00, 0x00, 0x00,
  0x00, 0x00, 0x00, 0x00, 0x00, 0x00, 0x00, 0x00, 0x00, 0x00, 0x00, 0x02,
  0x00, 0x06, 0x00, 0x00, 0x00, 0x00, 0x00, 0x00, 0x00, 0x00, 0x00, 0x00,
  0xff, 0xce, 0xff, 0xfc, 0xff, 0xdc, 0x00, 0x00, 0x00, 0x00, 0xff, 0xf6,
  0x00, 0x00, 0xff, 0xfe, 0x00, 0x00, 0x00, 0x14, 0x00, 0x04, 0x00, 0x00,
  0x00, 0x00, 0x00, 0x00, 0xff, 0xfc, 0xff, 0xfc, 0x00, 0x00, 0x00, 0x00,
  0x00, 0x00, 0x00, 0x00, 0x00, 0x00, 0x00, 0x00, 0x00, 0x00, 0x00, 0x00,
  0x00, 0x00, 0x00, 0x00, 0x00, 0x00, 0x00, 0x00, 0x00, 0x00, 0x00, 0x00,
  0x00, 0x00, 0x00, 0x00, 0x00, 0x00, 0x00, 0x00, 0x00, 0x00, 0x00, 0x00,
  0x00, 0x00, 0xff, 0xca, 0xff, 0xf5, 0xff, 0xe8, 0x00, 0x00, 0x00, 0x00,
  0x00, 0x00, 0x00, 0x00, 0x00, 0x00, 0x00, 0x00, 0x00, 0x00, 0x00, 0x00,
  0x00, 0x00, 0x00, 0x00, 0x00, 0x00, 0x00, 0x00, 0x00, 0x00, 0x00, 0x00,
  0x00, 0x00, 0x00, 0x00, 0xff, 0xa2, 0xff, 0xd0, 0xff, 0xe8, 0x00, 0x00,
  0xff, 0xa3, 0xff, 0xbc, 0xff, 0xca, 0xff, 0xc0, 0x00, 0x00, 0x00, 0x00,
  0x00, 0x00, 0xff, 0xe8, 0xff, 0xb2, 0xff, 0xf8, 0xff, 0xd2, 0xff, 0xdc,
  0xff, 0xa2, 0xff, 0xa2, 0x00, 0x00, 0x00, 0x00, 0x00, 0x12, 0xff, 0xd4,
  0x00, 0x00, 0xff, 0xbe, 0x00, 0x00, 0xff, 0x92, 0x00, 0x14, 0x00, 0x0a,
  0xff, 0xf2, 0xff, 0xfe, 0xff, 0xfc, 0xff, 0xb0, 0xff, 0xde, 0xff, 0xb0,
  0xff, 0xc0, 0xff, 0xaa, 0x00, 0x00, 0xff, 0xc8, 0xff, 0xea, 0xff, 0xfc,
  0x00, 0x00, 0xff, 0xc0, 0xff, 0xbb, 0xff, 0xde, 0xff, 0xd4, 0x00, 0x00,
  0x00, 0x00, 0x00, 0x00, 0xff, 0xfc, 0xff, 0xda, 0xff, 0xfe, 0xff, 0xe8,
  0xff, 0xe3, 0xff, 0xc8, 0xff, 0xc8, 0x00, 0x00, 0x00, 0x00, 0x00, 0x0a,
  0xff, 0xe8, 0x00, 0x00, 0xff, 0xd4, 0x00, 0x00, 0xff, 0xbe, 0x00, 0x14,
  0x00, 0x14, 0xff, 0xfc, 0x00, 0x00, 0x00, 0x00, 0xff, 0xc4, 0xff, 0xfc,
  0xff, 0xd8, 0xff, 0xea, 0xff, 0xc0, 0x00, 0x00, 0xff, 0xb6, 0xff, 0xe6,
  0xff, 0xea, 0x00, 0x00, 0xff, 0xb6, 0xff, 0xbf, 0xff, 0xc4, 0xff, 0xc4,
  0x00, 0x00, 0x00, 0x00, 0x00, 0x00, 0xff, 0xf4, 0xff, 0xc8, 0x00, 0x00,
  0xff, 0xde, 0xff, 0xde, 0xff, 0xb6, 0xff, 0xb6, 0x00, 0x12, 0x00, 0x0a,
  0x00, 0x1e, 0xff, 0xd4, 0x00, 0x00, 0xff, 0xc0, 0x00, 0x00, 0xff, 0xac,
  0x00, 0x14, 0x00, 0x14, 0x00, 0x00, 0x00, 0x1c, 0x00, 0x1c, 0xff, 0xb0,
  0xff, 0xe2, 0xff, 0xc4, 0xff, 0xc4, 0xff, 0xc5, 0x00, 0x00, 0x00, 0x00,
  0x00, 0x00, 0x00, 0x00, 0x00, 0x00, 0x00, 0x00, 0x00, 0x00, 0x00, 0x00,
  0x00, 0x00, 0x00, 0x00, 0x00, 0x00, 0x00, 0x1e, 0x00, 0x00, 0x00, 0x00,
  0x00, 0x00, 0x00, 0x00, 0x00, 0x00, 0x00, 0x00, 0x00, 0x00, 0xff, 0xde,
  0xff, 0xf2, 0xff, 0xf3, 0x00, 0x00, 0x00, 0x00, 0x00, 0x00, 0x00, 0x00,
  0x00, 0x18, 0x00, 0x00, 0x00, 0x00, 0x00, 0x00, 0xff, 0xe2, 0xff, 0xec,
  0x00, 0x0a, 0x00, 0x00, 0x00, 0x0a, 0x00, 0x00, 0x00, 0x00, 0x00, 0x00,
  0xff, 0xf0, 0x00, 0x00, 0x00, 0x00, 0x00, 0x00, 0x00, 0x00, 0x00, 0x00,
  0x00, 0x00, 0x00, 0x00, 0x00, 0x00, 0x00, 0x00, 0x00, 0x00, 0x00, 0x04,
  0x00, 0x00, 0x00, 0x00, 0x00, 0x00, 0x00, 0x00, 0x00, 0x00, 0x00, 0x00,
  0xff, 0xd4, 0xff, 0xe8, 0xff, 0xfc, 0x00, 0x00, 0x00, 0x00, 0xff, 0xec,
  0x00, 0x00, 0x00, 0x00, 0x00, 0x00, 0x00, 0x00, 0x00, 0x00, 0x00, 0x00,
  0x00, 0x00, 0x00, 0x00, 0x00, 0x00, 0xff, 0xee, 0x00, 0x00, 0x00, 0x00,
  0x00, 0x00, 0xff, 0xed, 0x00, 0x00, 0x00, 0x14, 0x00, 0x00, 0xff, 0xec,
  0x00, 0x00, 0x00, 0x00, 0x00, 0x00, 0x00, 0x00, 0x00, 0x00, 0x00, 0x00,
  0x00, 0x14, 0x00, 0x00, 0x00, 0x00, 0x00, 0x0f, 0x00, 0x0f, 0xff, 0xed,
  0xff, 0xf7, 0xff, 0xf5, 0xff, 0xfa, 0xff, 0xd6, 0x00, 0x0e, 0x00, 0x00,
  0xff, 0xd2, 0x00, 0x00, 0xff, 0xb6, 0x00, 0x00, 0x00, 0x1e, 0x00, 0x1c,
  0x00, 0x12, 0x00, 0x00, 0xff, 0xce, 0x00, 0x00, 0xff, 0xe2, 0x00, 0x00,
  0x00, 0x00, 0x00, 0x00, 0xff, 0xef, 0xff, 0xef, 0x00, 0x00, 0x00, 0x00,
  0x00, 0x02, 0x00, 0x00, 0x00, 0x00, 0x00, 0x00, 0x00, 0x00, 0x00, 0x00,
  0x00, 0x00, 0x00, 0x00, 0x00, 0x00, 0x00, 0x00, 0xff, 0xee, 0xff, 0xec,
  0x00, 0x04, 0xff, 0xf0, 0x00, 0x00, 0x00, 0x00, 0x00, 0x00, 0x00, 0x00,
  0x00, 0x00, 0xff, 0xd8, 0x00, 0x00, 0x00, 0x04, 0x00, 0x00, 0x00, 0x00,
  0x00, 0x00, 0x00, 0x00, 0x00, 0x00, 0x00, 0x00, 0x00, 0x00, 0xff, 0xec,
  0x00, 0x00, 0x00, 0x00, 0x00, 0x00, 0xff, 0xdd, 0xff, 0xfc, 0x00, 0x00,
  0x00, 0x00, 0xff, 0xec, 0x00, 0x00, 0x00, 0x00, 0xff, 0xf1, 0x00, 0x00,
  0xff, 0xfc, 0x00, 0x00, 0x00, 0x0a, 0xff, 0xfc, 0x00, 0x00, 0xff, 0xfe,
  0xff, 0xfe, 0xff, 0xec, 0xff, 0xec, 0xff, 0xf4, 0xff, 0xff, 0xff, 0xf6,
  0x00, 0x00, 0x00, 0x00, 0xff, 0xce, 0x00, 0x00, 0xff, 0xfe, 0x00, 0x00,
  0x00, 0x0a, 0x00, 0x00, 0x00, 0x00, 0xff, 0xfb, 0x00, 0x00, 0x00, 0x00,
  0xff, 0xe2, 0x00, 0x00, 0xff, 0xee, 0x00, 0x00, 0x00, 0x00, 0x00, 0x00,
  0x00, 0x00, 0x00, 0x00, 0x00, 0x00, 0xff, 0xe4, 0x00, 0x00, 0x00, 0x00,
  0x00, 0x00, 0x00, 0x00, 0x00, 0x00, 0x00, 0x00, 0x00, 0x00, 0x00, 0x00,
  0x00, 0x00, 0x00, 0x00, 0x00, 0x00, 0x00, 0x00, 0xff, 0xd2, 0xff, 0xea,
  0xff, 0xe7, 0x00, 0x00, 0x00, 0x00, 0x00, 0x00, 0x00, 0x00, 0xff, 0xd3,
  0x00, 0x00, 0xff, 0xf6, 0x00, 0x00, 0xff, 0xd8, 0xff, 0xe2, 0x00, 0x00,
  0x00, 0x00, 0x00, 0x00, 0x00, 0x00, 0x00, 0x00, 0x00, 0x00, 0x00, 0x00,
  0x00, 0x00, 0xff, 0xec, 0x00, 0x00, 0xff, 0xf4, 0xff, 0xec, 0x00, 0x00,
  0x00, 0x00, 0x00, 0x00, 0x00, 0x00, 0x00, 0x00, 0xff, 0xec, 0xff, 0xfe,
  0xff, 0xe8, 0xff, 0xe0, 0xff, 0xe8, 0xff, 0xf6, 0x00, 0x00, 0xff, 0xbe,
  0xff, 0xd4, 0xff, 0xc0, 0xff, 0xec, 0xff, 0xde, 0x00, 0x00, 0x00, 0x00,
  0x00, 0x00, 0x00, 0x00, 0x00, 0x00, 0x00, 0x00, 0x00, 0x00, 0x00, 0x00,
  0x00, 0x00, 0x00, 0x00, 0x00, 0x00, 0x00, 0x00, 0x00, 0x04, 0x00, 0x00,
  0x00, 0x00, 0x00, 0x00, 0x00, 0x00, 0x00, 0x00, 0x00, 0x00, 0x00, 0x00,
  0x00, 0x00, 0x00, 0x00, 0x00, 0x00, 0x00, 0x00, 0x00, 0x00, 0x00, 0x00,
  0x00, 0x00, 0x00, 0x00, 0x00, 0x00, 0x00, 0x00, 0x00, 0x00, 0x00, 0x00,
  0x00, 0x00, 0x00, 0x00, 0x00, 0x00, 0x00, 0x00, 0x00, 0x00, 0x00, 0x00,
  0x00, 0x00, 0x00, 0x00, 0x00, 0x04, 0x00, 0x00, 0x00, 0x00, 0x00, 0x00,
  0x00, 0x00, 0x00, 0x00, 0x00, 0x00, 0x00, 0x00, 0x00, 0x00, 0x00, 0x00,
  0x00, 0x00, 0xff, 0xe2, 0xff, 0xd3, 0xff, 0xe2, 0x00, 0x00, 0xff, 0xf6,
  0x00, 0x1c, 0x00, 0x00, 0xff, 0xec, 0x00, 0x00, 0xff, 0xe0, 0x00, 0x00,
  0xff, 0xea, 0x00, 0x00, 0x00, 0x00, 0xff, 0xc2, 0xff, 0xb6, 0x00, 0x00,
  0xff, 0xec, 0xff, 0x92, 0xff, 0xbe, 0xff, 0xac, 0x00, 0x00, 0x00, 0x04,
  0x00, 0x00, 0x00, 0x00, 0x00, 0x00, 0x00, 0x00, 0xff, 0xac, 0x00, 0x00,
  0xff, 0xac, 0xff, 0xac, 0x00, 0x00, 0x00, 0x00, 0x00, 0x00, 0x00, 0x00,
  0x00, 0x10, 0x00, 0x00, 0x00, 0x00, 0x00, 0x00, 0x00, 0x00, 0x00, 0x00,
  0x00, 0x00, 0x00, 0x00, 0x00, 0x00, 0x00, 0x00, 0x00, 0x04, 0x00, 0x00,
  0x00, 0x00, 0x00, 0x00, 0x00, 0x00, 0x00, 0x00, 0x00, 0x00, 0x00, 0x00,
  0x00, 0x00, 0x00, 0x00, 0x00, 0x14, 0x00, 0x14, 0x00, 0x14, 0x00, 0x00,
  0x00, 0x00, 0x00, 0x00, 0x00, 0x31, 0x00, 0x00, 0x00, 0x00, 0x00, 0x28,
  0x00, 0x00, 0x00, 0x00, 0x00, 0x00, 0x00, 0x00, 0x00, 0x00, 0x00, 0x00,
  0x00, 0x00, 0x00, 0x00, 0x00, 0x00, 0xff, 0xec, 0xff, 0xf6, 0x00, 0x04,
  0x00, 0x00, 0xff, 0xec, 0xff, 0xb0, 0x00, 0x00, 0x00, 0x00, 0x00, 0x00,
  0x00, 0x00, 0x00, 0x00, 0x00, 0x00, 0xff, 0xec, 0x00, 0x0a, 0x00, 0x00,
  0x00, 0x00, 0xff, 0xe2, 0xff, 0xec, 0x00, 0x0a, 0x00, 0x14, 0x00, 0x14,
  0x00, 0x00, 0x00, 0x00, 0x00, 0x00, 0x00, 0x00, 0xff, 0xac, 0x00, 0x28,
  0x00, 0x00, 0x00, 0x00, 0x00, 0x00, 0x00, 0x00, 0x00, 0x00, 0x00, 0x00,
  0x00, 0x00, 0x00, 0x00, 0xff, 0xb0, 0x00, 0x00, 0xff, 0xe2, 0x00, 0x00,
  0x00, 0x14, 0x00, 0x00, 0x00, 0x00, 0x00, 0x00, 0x00, 0x00, 0x00, 0x00,
  0x00, 0x00, 0x00, 0x00, 0x00, 0x00, 0x00, 0x00, 0x00, 0x00, 0x00, 0x0a,
  0x00, 0x00, 0x00, 0x00, 0xff, 0xfa, 0x00, 0x00, 0xff, 0xf6, 0x00, 0x00,
  0x00, 0x00, 0x00, 0x00, 0x00, 0x00, 0x00, 0x00, 0x00, 0x00, 0x00, 0x00,
  0x00, 0x00, 0x00, 0x00, 0x00, 0x00, 0x00, 0x00, 0x00, 0x00, 0x00, 0x00,
  0x00, 0x00, 0x00, 0x00, 0x00, 0x00, 0x00, 0x00, 0x00, 0x00, 0xff, 0xca,
  0xff, 0xd8, 0x00, 0x00, 0x00, 0x00, 0xff, 0xca, 0xff, 0x9c, 0x00, 0x00,
  0x00, 0x00, 0x00, 0x00, 0x00, 0x00, 0x00, 0x00, 0x00, 0x00, 0xff, 0xd4,
  0x00, 0x00, 0x00, 0x00, 0x00, 0x00, 0xff, 0xca, 0xff, 0xca, 0xff, 0xfe,
  0x00, 0x00, 0x00, 0x1c, 0x00, 0x00, 0x00, 0x00, 0x00, 0x00, 0x00, 0x00,
  0xff, 0xac, 0x00, 0x00, 0x00, 0x00, 0x00, 0x00, 0x00, 0x00, 0x00, 0x00,
  0x00, 0x00, 0x00, 0x00, 0x00, 0x00, 0x00, 0x00, 0xff, 0xac, 0x00, 0x00,
  0xff, 0xcc, 0xff, 0xdc, 0x00, 0x00, 0x00, 0x00, 0xff, 0xdc, 0xff, 0x9c,
  0x00, 0x00, 0x00, 0x00, 0x00, 0x00, 0x00, 0x00, 0x00, 0x00, 0x00, 0x00,
  0xff, 0xe0, 0xff, 0xfe, 0x00, 0x00, 0x00, 0x00, 0xff, 0xce, 0xff, 0xce,
  0xff, 0xfc, 0x00, 0x00, 0x00, 0x1a, 0x00, 0x00, 0x00, 0x00, 0x00, 0x00,
  0x00, 0x00, 0xff, 0xac, 0x00, 0x00, 0x00, 0x00, 0x00, 0x00, 0x00, 0x00,
  0x00, 0x00, 0x00, 0x00, 0x00, 0x00, 0x00, 0x00, 0x00, 0x00, 0xff, 0xb0,
  0x00, 0x00, 0xff, 0xe2, 0xff, 0xd8, 0xff, 0xd8, 0x00, 0x00, 0xff, 0xf6,
  0x00, 0x1e, 0x00, 0x00, 0xff, 0xe2, 0x00, 0x00, 0xff, 0xe2, 0x00, 0x00,
  0xff, 0xe2, 0xff, 0xfe, 0xff, 0xf6, 0xff, 0xc4, 0xff, 0xc4, 0xff, 0xf6,
  0xff, 0xec, 0xff, 0xaa, 0xff, 0xc0, 0xff, 0xac, 0x00, 0x00, 0x00, 0x00,
  0x00, 0x00, 0x00, 0x00, 0x00, 0x00, 0x00, 0x00, 0x00, 0x00, 0x00, 0x00,
  0x00, 0x00, 0x00, 0x00, 0x00, 0x00, 0x00, 0x00, 0x00, 0x00, 0x00, 0x00,
  0x00, 0x00, 0x00, 0x00, 0xff, 0xef, 0x00, 0x00, 0x00, 0x00, 0x00, 0x00,
  0xff, 0xf8, 0x00, 0x00, 0x00, 0x00, 0x00, 0x00, 0x00, 0x00, 0x00, 0x00,
  0x00, 0x00, 0x00, 0x00, 0x00, 0x07, 0x00, 0x00, 0x00, 0x00, 0x00, 0x00,
  0x00, 0x00, 0x00, 0x00, 0xff, 0xde, 0xff, 0xfc, 0xff, 0xe8, 0x00, 0x00,
  0x00, 0x00, 0xff, 0xca, 0x00, 0x00, 0x00, 0x00, 0x00, 0x00, 0x00, 0x00,
  0x00, 0x00, 0x00, 0x00, 0x00, 0x00, 0x00, 0x00, 0x00, 0x00, 0xff, 0xdc,
  0x00, 0x00, 0x00, 0x00, 0x00, 0x00, 0x00, 0x00, 0x00, 0x00, 0xff, 0xee,
  0x00, 0x00, 0x00, 0x00, 0x00, 0x00, 0x00, 0x00, 0x00, 0x00, 0x00, 0x00,
  0x00, 0x00, 0x00, 0x00, 0x00, 0x00, 0x00, 0x00, 0x00, 0x00, 0xff, 0xf4,
  0xff, 0xf4, 0x00, 0x00, 0x00, 0x00, 0xff, 0xb0, 0xff, 0xd8, 0xff, 0xc4,
  0xff, 0xec, 0x00, 0x00, 0x00, 0x00, 0x00, 0x00, 0x00, 0x00, 0x00, 0x00,
  0x00, 0x00, 0x00, 0x00, 0x00, 0x00, 0x00, 0x00, 0x00, 0x00, 0x00, 0x00,
  0x00, 0x00, 0x00, 0x00, 0x00, 0x14, 0x00, 0x00, 0xff, 0xf5, 0x00, 0x00,
  0x00, 0x00, 0x00, 0x00, 0xff, 0xfc, 0x00, 0x00, 0x00, 0x00, 0x00, 0x00,
  0x00, 0x00, 0x00, 0x00, 0x00, 0x00, 0x00, 0x00, 0xff, 0xf8, 0x00, 0x00,
  0x00, 0x00, 0x00, 0x00, 0xff, 0xfa, 0xff, 0xf8, 0xff, 0xde, 0xff, 0xfc,
  0xff, 0xec, 0x00, 0x00, 0x00, 0x00, 0x00, 0x00, 0x00, 0x00, 0x00, 0x00,
  0x00, 0x00, 0x00, 0x00, 0x00, 0x00, 0x00, 0x00, 0x00, 0x00, 0x00, 0x00,
  0x00, 0x00, 0x00, 0x00, 0x00, 0x00, 0x00, 0x00, 0x00, 0x00, 0xff, 0xf1,
  0x00, 0x00, 0x00, 0x04, 0x00, 0x00, 0xff, 0xee, 0xff, 0xf2, 0x00, 0x00,
  0x00, 0x00, 0x00, 0x00, 0x00, 0x00, 0x00, 0x00, 0x00, 0x04, 0x00, 0x00,
  0x00, 0x00, 0x00, 0x00, 0x00, 0x00, 0xff, 0xee, 0xff, 0xf1, 0x00, 0x0a,
  0x00, 0x00, 0x00, 0x14, 0x00, 0x03, 0x00, 0x00, 0xff, 0xd2, 0x00, 0x00,
  0xff, 0xca, 0x00, 0x24, 0x00, 0x28, 0x00, 0x04, 0x00, 0x14, 0x00, 0x0a,
  0x00, 0x00, 0x00, 0x00, 0xff, 0xe2, 0x00, 0x00, 0x00, 0x00, 0x00, 0x00,
  0x00, 0x00, 0x00, 0x00, 0x00, 0x08, 0x00, 0x19, 0x00, 0x00, 0x00, 0x00,
  0x00, 0x00, 0x00, 0x00, 0x00, 0x23, 0x00, 0x00, 0x00, 0x00, 0x00, 0x0b,
  0x00, 0x00, 0x00, 0x00, 0x00, 0x00, 0x00, 0x00, 0x00, 0x00, 0x00, 0x00,
  0x00, 0x00, 0x00, 0x00, 0x00, 0x00, 0x00, 0x04, 0x00, 0x00, 0x00, 0x00,
  0x00, 0x23, 0x00, 0x00, 0x00, 0x49, 0x00, 0x41, 0x00, 0x2b, 0x00, 0x21,
  0x00, 0x29, 0x00, 0x00, 0x00, 0x00, 0x00, 0x00, 0x00, 0x00, 0x00, 0x00,
  0x00, 0x00, 0x00, 0x00, 0x00, 0x00, 0x00, 0x00, 0x00, 0x00, 0x00, 0x00,
  0x00, 0x00, 0x00, 0x00, 0x00, 0x00, 0x00, 0x00, 0x00, 0x00, 0x00, 0x00,
  0x00, 0x00, 0x00, 0x00, 0x00, 0x00, 0x00, 0x00, 0x00, 0x00, 0x00, 0x00,
  0x00, 0x00, 0xff, 0xc0, 0xff, 0xea, 0xff, 0xc4, 0x00, 0x00, 0x00, 0x00,
  0x00, 0x00, 0x00, 0x00, 0x00, 0x00, 0x00, 0x00, 0x00, 0x00, 0x00, 0x00,
  0x00, 0x00, 0x00, 0x00, 0x00, 0x00, 0x00, 0x00, 0x00, 0x00, 0x00, 0x00,
  0x00, 0x00, 0x00, 0x00, 0xff, 0xe0, 0xff, 0xca, 0xff, 0xe8, 0x00, 0x00,
  0xff, 0xf1, 0x00, 0x00, 0x00, 0x00, 0xff, 0xe6, 0x00, 0x00, 0x00, 0x00,
  0x00, 0x00, 0xff, 0xfc, 0x00, 0x00, 0xff, 0xce, 0xff, 0xd6, 0xff, 0xe0,
  0xff, 0xf8, 0xff, 0xfb, 0x00, 0x00, 0x00, 0x00, 0x00, 0x00, 0x00, 0x00,
  0x00, 0x00, 0xff, 0xc0, 0x00, 0x00, 0x00, 0x00, 0x00, 0x14, 0xff, 0xfe,
  0xff, 0xe2, 0x00, 0x00, 0xff, 0xec, 0x00, 0x00, 0x00, 0x00, 0xff, 0xd8,
  0x00, 0x00, 0x00, 0x00, 0x00, 0x00, 0x00, 0x00, 0x00, 0x00, 0x00, 0x00,
  0x00, 0x00, 0x00, 0x00, 0xff, 0xec, 0x00, 0x00, 0x00, 0x00, 0x00, 0x00,
  0x00, 0x00, 0x00, 0x00, 0x00, 0x00, 0x00, 0x00, 0x00, 0x00, 0x00, 0x00,
  0x00, 0x00, 0x00, 0x00, 0x00, 0x00, 0x00, 0x00, 0x00, 0x00, 0x00, 0x00,
  0x00, 0x00, 0x00, 0x00, 0x00, 0x00, 0x00, 0x00, 0xff, 0xe8, 0x00, 0x00,
  0x00, 0x00, 0x00, 0x00, 0x00, 0x00, 0x00, 0x00, 0xff, 0xe2, 0x00, 0x00,
  0x00, 0x00, 0x00, 0x00, 0x00, 0x00, 0x00, 0x02, 0x00, 0x1b, 0x00, 0x01,
  0x00, 0x0d, 0x00, 0x00, 0x00, 0x0f, 0x00, 0x22, 0x00, 0x0d, 0x00, 0x24,
  0x00, 0x28, 0x00, 0x21, 0x00, 0x34, 0x00, 0x4f, 0x00, 0x26, 0x00, 0x53,
  0x00, 0x6b, 0x00, 0x42, 0x00, 0x6d, 0x00, 0x71, 0x00, 0x5b, 0x00, 0x73,
  0x00, 0x90, 0x00, 0x60, 0x00, 0x92, 0x00, 0x93, 0x00, 0x7e, 0x00, 0x95,
  0x00, 0xb3, 0x00, 0x80, 0x00, 0xb6, 0x00, 0xb6, 0x00, 0x9f, 0x00, 0xba,
  0x00, 0xcd, 0x00, 0xa0, 0x00, 0xcf, 0x00, 0xe8, 0x00, 0xb4, 0x00, 0xea,
  0x00, 0xee, 0x00, 0xce, 0x00, 0xf0, 0x00, 0xfd, 0x00, 0xd3, 0x00, 0xff,
  0x01, 0x01, 0x00, 0xe1, 0x01, 0x03, 0x01, 0x05, 0x00, 0xe4, 0x01, 0x4c,
  0x01, 0x4c, 0x00, 0xe7, 0x01, 0x51, 0x01, 0x53, 0x00, 0xe8, 0x01, 0x57,
  0x01, 0x57, 0x00, 0xeb, 0x01, 0x5a, 0x01, 0x5c, 0x00, 0xec, 0x01, 0x5f,
  0x01, 0x5f, 0x00, 0xef, 0x01, 0x61, 0x01, 0x61, 0x00, 0xf0, 0x01, 0x63,
  0x01, 0x63, 0x00, 0xf1, 0x01, 0x65, 0x01, 0x71, 0x00, 0xf2, 0x01, 0xab,
  0x01, 0xac, 0x00, 0xff, 0x01, 0xd7, 0x01, 0xda, 0x01, 0x01, 0x01, 0xdc,
  0x01, 0xef, 0x01, 0x05, 0x00, 0x02, 0x00, 0x50, 0x00, 0x01, 0x00, 0x0b,
  0x00, 0x08, 0x00, 0x0c, 0x00, 0x0d, 0x00, 0x05, 0x00, 0x0f, 0x00, 0x14,
  0x00, 0x11, 0x00, 0x15, 0x00, 0x18, 0x00, 0x1d, 0x00, 0x19, 0x00, 0x22,
  0x00, 0x05, 0x00, 0x24, 0x00, 0x28, 0x00, 0x18, 0x00, 0x34, 0x00, 0x35,
  0x00, 0x2e, 0x00, 0x36, 0x00, 0x37, 0x00, 0x2d, 0x00, 0x38, 0x00, 0x3d,
  0x00, 0x10, 0x00, 0x3e, 0x00, 0x44, 0x00, 0x0d, 0x00, 0x45, 0x00, 0x4e,
  0x00, 0x01, 0x00, 0x4f, 0x00, 0x4f, 0x00, 0x05, 0x00, 0x53, 0x00, 0x56,
  0x00, 0x1c, 0x00, 0x57, 0x00, 0x5c, 0x00, 0x0f, 0x00, 0x5d, 0x00, 0x61,
  0x00, 0x17, 0x00, 0x62, 0x00, 0x6b, 0x00, 0x09, 0x00, 0x6d, 0x00, 0x71,
  0x00, 0x16, 0x00, 0x73, 0x00, 0x77, 0x00, 0x15, 0x00, 0x78, 0x00, 0x7b,
  0x00, 0x1b, 0x00, 0x7c, 0x00, 0x7c, 0x00, 0x01, 0x00, 0x7d, 0x00, 0x87,
  0x00, 0x07, 0x00, 0x88, 0x00, 0x89, 0x00, 0x04, 0x00, 0x8a, 0x00, 0x8a,
  0x00, 0x02, 0x00, 0x8b, 0x00, 0x90, 0x00, 0x0e, 0x00, 0x92, 0x00, 0x92,
  0x00, 0x02, 0x00, 0x93, 0x00, 0x93, 0x00, 0x2b, 0x00, 0x95, 0x00, 0x9e,
  0x00, 0x04, 0x00, 0x9f, 0x00, 0x9f, 0x00, 0x2a, 0x00, 0xa0, 0x00, 0xa4,
  0x00, 0x14, 0x00, 0xa5, 0x00, 0xa6, 0x00, 0x0a, 0x00, 0xa7, 0x00, 0xaf,
  0x00, 0x03, 0x00, 0xb0, 0x00, 0xb1, 0x00, 0x1f, 0x00, 0xb2, 0x00, 0xb3,
  0x00, 0x27, 0x00, 0xb6, 0x00, 0xb6, 0x00, 0x2b, 0x00, 0xba, 0x00, 0xc0,
  0x00, 0x0a, 0x00, 0xc1, 0x00, 0xca, 0x00, 0x02, 0x00, 0xcb, 0x00, 0xcb,
  0x00, 0x04, 0x00, 0xcc, 0x00, 0xcd, 0x00, 0x02, 0x00, 0xcf, 0x00, 0xd2,
  0x00, 0x1a, 0x00, 0xd3, 0x00, 0xd9, 0x00, 0x0b, 0x00, 0xda, 0x00, 0xde,
  0x00, 0x06, 0x00, 0xea, 0x00, 0xee, 0x00, 0x12, 0x00, 0xf0, 0x00, 0xf4,
  0x00, 0x0c, 0x00, 0xf5, 0x00, 0xf8, 0x00, 0x19, 0x00, 0xfa, 0x00, 0xfa,
  0x00, 0x13, 0x00, 0xfb, 0x00, 0xfb, 0x00, 0x06, 0x00, 0xfc, 0x00, 0xfc,
  0x00, 0x2a, 0x00, 0xfd, 0x00, 0xfd, 0x00, 0x03, 0x00, 0xff, 0x00, 0xff,
  0x00, 0x06, 0x01, 0x00, 0x01, 0x00, 0x00, 0x0c, 0x01, 0x01, 0x01, 0x01,
  0x00, 0x03, 0x01, 0x03, 0x01, 0x03, 0x00, 0x03, 0x01, 0x04, 0x01, 0x04,
  0x00, 0x06, 0x01, 0x05, 0x01, 0x05, 0x00, 0x0c, 0x01, 0x4c, 0x01, 0x4c,
  0x00, 0x22, 0x01, 0x51, 0x01, 0x51, 0x00, 0x2c, 0x01, 0x52, 0x01, 0x53,
  0x00, 0x20, 0x01, 0x57, 0x01, 0x57, 0x00, 0x20, 0x01, 0x5a, 0x01, 0x5b,
  0x00, 0x22, 0x01, 0x5c, 0x01, 0x5c, 0x00, 0x2c, 0x01, 0x5f, 0x01, 0x5f,
  0x00, 0x21, 0x01, 0x61, 0x01, 0x61, 0x00, 0x21, 0x01, 0x63, 0x01, 0x63,
  0x00, 0x21, 0x01, 0x65, 0x01, 0x67, 0x00, 0x1e, 0x01, 0x68, 0x01, 0x68,
  0x00, 0x29, 0x01, 0x69, 0x01, 0x69, 0x00, 0x28, 0x01, 0x6a, 0x01, 0x6a,
  0x00, 0x29, 0x01, 0x6b, 0x01, 0x6b, 0x00, 0x28, 0x01, 0x6c, 0x01, 0x6c,
  0x00, 0x26, 0x01, 0x6d, 0x01, 0x6d, 0x00, 0x25, 0x01, 0x6e, 0x01, 0x6e,
  0x00, 0x24, 0x01, 0x6f, 0x01, 0x6f, 0x00, 0x25, 0x01, 0x70, 0x01, 0x70,
  0x00, 0x24, 0x01, 0x71, 0x01, 0x71, 0x00, 0x26, 0x01, 0xab, 0x01, 0xac,
  0x00, 0x23, 0x01, 0xd7, 0x01, 0xda, 0x00, 0x01, 0x01, 0xdc, 0x01, 0xdc,
  0x00, 0x03, 0x01, 0xdd, 0x01, 0xdd, 0x00, 0x1f, 0x01, 0xe8, 0x01, 0xeb,
  0x00, 0x13, 0x01, 0xec, 0x01, 0xef, 0x00, 0x06, 0x00, 0x02, 0x00, 0x44,
  0x00, 0x01, 0x00, 0x0d, 0x00, 0x06, 0x00, 0x0f, 0x00, 0x14, 0x00, 0x02,
  0x00, 0x19, 0x00, 0x22, 0x00, 0x0b, 0x00, 0x24, 0x00, 0x28, 0x00, 0x02,
  0x00, 0x34, 0x00, 0x35, 0x00, 0x24, 0x00, 0x45, 0x00, 0x4f, 0x00, 0x02,
  0x00, 0x52, 0x00, 0x52, 0x00, 0x02, 0x00, 0x57, 0x00, 0x5c, 0x00, 0x0e,
  0x00, 0x5d, 0x00, 0x61, 0x00, 0x15, 0x00, 0x62, 0x00, 0x6b, 0x00, 0x0a,
  0x00, 0x6d, 0x00, 0x71, 0x00, 0x14, 0x00, 0x73, 0x00, 0x77, 0x00, 0x13,
  0x00, 0x78, 0x00, 0x7b, 0x00, 0x17, 0x00, 0x7c, 0x00, 0x7c, 0x00, 0x02,
  0x00, 0x7d, 0x00, 0x89, 0x00, 0x05, 0x00, 0x8a, 0x00, 0x8a, 0x00, 0x04,
  0x00, 0x8b, 0x00, 0x9e, 0x00, 0x01, 0x00, 0x9f, 0x00, 0x9f, 0x00, 0x0c,
  0x00, 0xa0, 0x00, 0xa4, 0x00, 0x12, 0x00, 0xa5, 0x00, 0xa6, 0x00, 0x04,
  0x00, 0xa7, 0x00, 0xaf, 0x00, 0x09, 0x00, 0xb0, 0x00, 0xb1, 0x00, 0x19,
  0x00, 0xb2, 0x00, 0xb9, 0x00, 0x04, 0x00, 0xba, 0x00, 0xc0, 0x00, 0x07,
  0x00, 0xc1, 0x00, 0xcb, 0x00, 0x01, 0x00, 0xcc, 0x00, 0xcc, 0x00, 0x07,
  0x00, 0xcd, 0x00, 0xcd, 0x00, 0x04, 0x00, 0xce, 0x00, 0xce, 0x00, 0x01,
  0x00, 0xcf, 0x00, 0xd2, 0x00, 0x07, 0x00, 0xd3, 0x00, 0xd8, 0x00, 0x0d,
  0x00, 0xd9, 0x00, 0xd9, 0x00, 0x04, 0x00, 0xda, 0x00, 0xde, 0x00, 0x03,
  0x00, 0xdf, 0x00, 0xe8, 0x00, 0x08, 0x00, 0xea, 0x00, 0xee, 0x00, 0x10,
  0x00, 0xf0, 0x00, 0xf4, 0x00, 0x0f, 0x00, 0xf5, 0x00, 0xf8, 0x00, 0x16,
  0x00, 0xf9, 0x00, 0xf9, 0x00, 0x01, 0x00, 0xfa, 0x00, 0xfa, 0x00, 0x11,
  0x00, 0xfb, 0x00, 0xfb, 0x00, 0x03, 0x00, 0xfc, 0x01, 0x02, 0x00, 0x0c,
  0x01, 0x03, 0x01, 0x05, 0x00, 0x03, 0x01, 0x4c, 0x01, 0x4c, 0x00, 0x1c,
  0x01, 0x51, 0x01, 0x51, 0x00, 0x23, 0x01, 0x52, 0x01, 0x53, 0x00, 0x1a,
  0x01, 0x57, 0x01, 0x57, 0x00, 0x1a, 0x01, 0x5a, 0x01, 0x5b, 0x00, 0x1c,
  0x01, 0x5c, 0x01, 0x5c, 0x00, 0x23, 0x01, 0x60, 0x01, 0x60, 0x00, 0x1b,
  0x01, 0x62, 0x01, 0x62, 0x00, 0x1b, 0x01, 0x64, 0x01, 0x64, 0x00, 0x1b,
  0x01, 0x65, 0x01, 0x67, 0x00, 0x18, 0x01, 0x68, 0x01, 0x68, 0x00, 0x22,
  0x01, 0x69, 0x01, 0x69, 0x00, 0x21, 0x01, 0x6a, 0x01, 0x6a, 0x00, 0x22,
  0x01, 0x6b, 0x01, 0x6b, 0x00, 0x21, 0x01, 0x6c, 0x01, 0x6c, 0x00, 0x20,
  0x01, 0x6d, 0x01, 0x6d, 0x00, 0x1f, 0x01, 0x6e, 0x01, 0x6e, 0x00, 0x1e,
  0x01, 0x6f, 0x01, 0x6f, 0x00, 0x1f, 0x01, 0x70, 0x01, 0x70, 0x00, 0x1e,
  0x01, 0x71, 0x01, 0x71, 0x00, 0x20, 0x01, 0xab, 0x01, 0xac, 0x00, 0x1d,
  0x01, 0xd7, 0x01, 0xdb, 0x00, 0x02, 0x01, 0xdc, 0x01, 0xdc, 0x00, 0x09,
  0x01, 0xdd, 0x01, 0xdd, 0x00, 0x19, 0x01, 0xde, 0x01, 0xe7, 0x00, 0x01,
  0x01, 0xe8, 0x01, 0xeb, 0x00, 0x11, 0x01, 0xec, 0x01, 0xef, 0x00, 0x03,
  0x00, 0x01, 0x00, 0x00, 0x00, 0x0a, 0x01, 0x56, 0x02, 0x94, 0x00, 0x02,
  0x44, 0x46, 0x4c, 0x54, 0x00, 0x0e, 0x6c, 0x61, 0x74, 0x6e, 0x00, 0x12,
  0x00, 0xe8, 0x00, 0x00, 0x00, 0x34, 0x00, 0x08, 0x41, 0x5a, 0x45, 0x20,
  0x00, 0xe4, 0x43, 0x41, 0x54, 0x20, 0x00, 0xe4, 0x43, 0x52, 0x54, 0x20,
  0x00, 0xe4, 0x4b, 0x41, 0x5a, 0x20, 0x00, 0x60, 0x4d, 0x4f, 0x4c, 0x20,
  0x00, 0x8c, 0x52, 0x4f, 0x4d, 0x20, 0x00, 0xb8, 0x54, 0x41, 0x54, 0x20,
  0x00, 0xe4, 0x54, 0x52, 0x4b, 0x20, 0x01, 0x0e, 0x00, 0x00, 0xff, 0xff,
  0x00, 0x13, 0x00, 0x00, 0x00, 0x01, 0x00, 0x02, 0x00, 0x03, 0x00, 0x04,
  0x00, 0x05, 0x00, 0x06, 0x00, 0x0b, 0x00, 0x0c, 0x00, 0x0d, 0x00, 0x0e,
  0x00, 0x0f, 0x00, 0x10, 0x00, 0x11, 0x00, 0x12, 0x00, 0x13, 0x00, 0x14,
  0x00, 0x15, 0x00, 0x16, 0x00, 0x00, 0xff, 0xff, 0x00, 0x13, 0x00, 0x00,
  0x00, 0x01, 0x00, 0x03, 0x00, 0x04, 0x00, 0x05, 0x00, 0x06, 0x00, 0x07,
  0x00, 0x0b, 0x00, 0x0c, 0x00, 0x0d, 0x00, 0x0e, 0x00, 0x0f, 0x00, 0x10,
  0x00, 0x11, 0x00, 0x12, 0x00, 0x13, 0x00, 0x14, 0x00, 0x15, 0x00, 0x16,
  0x00, 0x00, 0xff, 0xff, 0x00, 0x13, 0x00, 0x00, 0x00, 0x01, 0x00, 0x03,
  0x00, 0x04, 0x00, 0x05, 0x00, 0x06, 0x00, 0x08, 0x00, 0x0b, 0x00, 0x0c,
  0x00, 0x0d, 0x00, 0x0e, 0x00, 0x0f, 0x00, 0x10, 0x00, 0x11, 0x00, 0x12,
  0x00, 0x13, 0x00, 0x14, 0x00, 0x15, 0x00, 0x16, 0x00, 0x00, 0xff, 0xff,
  0x00, 0x13, 0x00, 0x00, 0x00, 0x01, 0x00, 0x03, 0x00, 0x04, 0x00, 0x05,
  0x00, 0x06, 0x00, 0x09, 0x00, 0x0b, 0x00, 0x0c, 0x00, 0x0d, 0x00, 0x0e,
  0x00, 0x0f, 0x00, 0x10, 0x00, 0x11, 0x00, 0x12, 0x00, 0x13, 0x00, 0x14,
  0x00, 0x15, 0x00, 0x16, 0x00, 0x00, 0xff, 0xff, 0x00, 0x12, 0x00, 0x00,
  0x00, 0x01, 0x00, 0x03, 0x00, 0x04, 0x00, 0x05, 0x00, 0x06, 0x00, 0x0b,
  0x00, 0x0c, 0x00, 0x0d, 0x00, 0x0e, 0x00, 0x0f, 0x00, 0x10, 0x00, 0x11,
  0x00, 0x12, 0x00, 0x13, 0x00, 0x14, 0x00, 0x15, 0x00, 0x16, 0x00, 0x00,
  0xff, 0xff, 0x00, 0x13, 0x00, 0x00, 0x00, 0x01, 0x00, 0x03, 0x00, 0x04,
  0x00, 0x05, 0x00, 0x06, 0x00, 0x0a, 0x00, 0x0b, 0x00, 0x0c, 0x00, 0x0d,
  0x00, 0x0e, 0x00, 0x0f, 0x00, 0x10, 0x00, 0x11, 0x00, 0x12, 0x00, 0x13,
  0x00, 0x14, 0x00, 0x15, 0x00, 0x16, 0x00, 0x17, 0x61, 0x61, 0x6c, 0x74,
  0x00, 0x8c, 0x63, 0x61, 0x73, 0x65, 0x00, 0x94, 0x63, 0x63, 0x6d, 0x70,
  0x00, 0x9a, 0x64, 0x6c, 0x69, 0x67, 0x00, 0xa0, 0x64, 0x6e, 0x6f, 0x6d,
  0x00, 0xa6, 0x66, 0x72, 0x61, 0x63, 0x00, 0xac, 0x6c, 0x69, 0x67, 0x61,
  0x00, 0xc8, 0x6c, 0x6f, 0x63, 0x6c, 0x00, 0xce, 0x6c, 0x6f, 0x63, 0x6c,
  0x00, 0xd4, 0x6c, 0x6f, 0x63, 0x6c, 0x00, 0xda, 0x6c, 0x6f, 0x63, 0x6c,
  0x00, 0xe0, 0x6e, 0x75, 0x6d, 0x72, 0x00, 0xe6, 0x6f, 0x72, 0x64, 0x6e,
  0x00, 0xec, 0x70, 0x6e, 0x75, 0x6d, 0x00, 0xf2, 0x73, 0x61, 0x6c, 0x74,
  0x00, 0xf8, 0x73, 0x69, 0x6e, 0x66, 0x00, 0xfe, 0x73, 0x73, 0x30, 0x31,
  0x01, 0x04, 0x73, 0x73, 0x30, 0x32, 0x01, 0x0e, 0x73, 0x73, 0x30, 0x33,
  0x01, 0x18, 0x73, 0x73, 0x30, 0x34, 0x01, 0x22, 0x73, 0x75, 0x62, 0x73,
  0x01, 0x2c, 0x73, 0x75, 0x70, 0x73, 0x01, 0x32, 0x74, 0x6e, 0x75, 0x6d,
  0x01, 0x38, 0x00, 0x00, 0x00, 0x02, 0x00, 0x00, 0x00, 0x01, 0x00, 0x00,
  0x00, 0x01, 0x00, 0x2f, 0x00, 0x00, 0x00, 0x01, 0x00, 0x02, 0x00, 0x00,
  0x00, 0x01, 0x00, 0x28, 0x00, 0x00, 0x00, 0x01, 0x00, 0x0c, 0x00, 0x00,
  0x00, 0x0c, 0x00, 0x0d, 0x00, 0x0f, 0x00, 0x11, 0x00, 0x13, 0x00, 0x15,
  0x00, 0x17, 0x00, 0x19, 0x00, 0x1b, 0x00, 0x1d, 0x00, 0x1f, 0x00, 0x21,
  0x00, 0x23, 0x00, 0x00, 0x00, 0x01, 0x00, 0x29, 0x00, 0x00, 0x00, 0x01,
  0x00, 0x05, 0x00, 0x00, 0x00, 0x01, 0x00, 0x06, 0x00, 0x00, 0x00, 0x01,
  0x00, 0x07, 0x00, 0x00, 0x00, 0x01, 0x00, 0x08, 0x00, 0x00, 0x00, 0x01,
  0x00, 0x0b, 0x00, 0x00, 0x00, 0x01, 0x00, 0x25, 0x00, 0x00, 0x00, 0x01,
  0x00, 0x26, 0x00, 0x00, 0x00, 0x01, 0x00, 0x2a, 0x00, 0x00, 0x00, 0x01,
  0x00, 0x30, 0x00, 0x06, 0x00, 0x01, 0x00, 0x2b, 0x00, 0x00, 0x01, 0x00,
  0x00, 0x06, 0x00, 0x01, 0x00, 0x2c, 0x00, 0x00, 0x01, 0x01, 0x00, 0x06,
  0x00, 0x01, 0x00, 0x2d, 0x00, 0x00, 0x01, 0x02, 0x00, 0x06, 0x00, 0x01,
  0x00, 0x2e, 0x00, 0x00, 0x01, 0x03, 0x00, 0x00, 0x00, 0x01, 0x00, 0x09,
  0x00, 0x00, 0x00, 0x01, 0x00, 0x0a, 0x00, 0x00, 0x00, 0x01, 0x00, 0x27,
  0x00, 0x31, 0x00, 0x64, 0x01, 0x32, 0x01, 0xe4, 0x02, 0x26, 0x02, 0x26,
  0x02, 0x62, 0x02, 0x40, 0x02, 0x40, 0x02, 0x62, 0x09, 0x16, 0x02, 0x76,
  0x06, 0x58, 0x06, 0x90, 0x02, 0xac, 0x04, 0xd6, 0x04, 0xea, 0x06, 0x58,
  0x05, 0x04, 0x06, 0x58, 0x05, 0x20, 0x06, 0x58, 0x05, 0x3e, 0x06, 0x58,
  0x05, 0x5e, 0x06, 0x58, 0x05, 0x80, 0x06, 0x58, 0x05, 0xa4, 0x06, 0x58,
  0x05, 0xca, 0x06, 0x58, 0x05, 0xf2, 0x06, 0x58, 0x06, 0x1c, 0x06, 0x58,
  0x06, 0x66, 0x06, 0x90, 0x06, 0x9e, 0x06, 0xc0, 0x06, 0xd8, 0x06, 0xe6,
  0x07, 0x24, 0x07, 0x70, 0x08, 0x5a, 0x08, 0xa0, 0x08, 0xc2, 0x08, 0xe4,
  0x08, 0xf8, 0x09, 0x16, 0x00, 0x01, 0x00, 0x00, 0x00, 0x01, 0x00, 0x08,
  0x00, 0x02, 0x00, 0x64, 0x00, 0x2f, 0x00, 0x7c, 0x01, 0xd7, 0x01, 0xd8,
  0x01, 0xd9, 0x01, 0xda, 0x01, 0xdb, 0x00, 0x5c, 0x00, 0x61, 0x00, 0xf9,
  0x01, 0xde, 0x01, 0xdf, 0x01, 0xe0, 0x01, 0xe1, 0x01, 0xe2, 0x01, 0xe3,
  0x01, 0xe4, 0x01, 0xe5, 0x01, 0xe6, 0x01, 0xe7, 0x00, 0xfa, 0x01, 0xe8,
  0x01, 0xe9, 0x01, 0xea, 0x01, 0xeb, 0x00, 0xab, 0x00, 0xd8, 0x00, 0xfb,
  0x01, 0xec, 0x01, 0xed, 0x01, 0xef, 0x01, 0x08, 0x01, 0x09, 0x01, 0x0a,
  0x01, 0x0b, 0x01, 0x0c, 0x01, 0x0d, 0x01, 0x0e, 0x01, 0x0f, 0x01, 0x10,
  0x01, 0x11, 0x01, 0xd4, 0x01, 0xd5, 0x01, 0xb7, 0x01, 0xf0, 0x01, 0xf6,
  0x01, 0xf3, 0x01, 0xf5, 0x00, 0x01, 0x00, 0x2f, 0x00, 0x24, 0x00, 0x25,
  0x00, 0x26, 0x00, 0x27, 0x00, 0x28, 0x00, 0x52, 0x00, 0x5a, 0x00, 0x60,
  0x00, 0x7d, 0x00, 0x7e, 0x00, 0x7f, 0x00, 0x80, 0x00, 0x81, 0x00, 0x82,
  0x00, 0x83, 0x00, 0x84, 0x00, 0x85, 0x00, 0x86, 0x00, 0x87, 0x00, 0xa0,
  0x00, 0xa1, 0x00, 0xa2, 0x00, 0xa3, 0x00, 0xa4, 0x00, 0xa7, 0x00, 0xd6,
  0x00, 0xda, 0x00, 0xdb, 0x00, 0xdc, 0x00, 0xde, 0x01, 0x12, 0x01, 0x13,
  0x01, 0x14, 0x01, 0x15, 0x01, 0x16, 0x01, 0x17, 0x01, 0x18, 0x01, 0x19,
  0x01, 0x1a, 0x01, 0x1b, 0x01, 0x61, 0x01, 0x62, 0x01, 0xab, 0x01, 0xbe,
  0x01, 0xc6, 0x01, 0xf1, 0x01, 0xf2, 0x00, 0x03, 0x00, 0x00, 0x00, 0x01,
  0x00, 0x08, 0x00, 0x01, 0x00, 0x9a, 0x00, 0x0b, 0x00, 0x1c, 0x00, 0x22,
  0x00, 0x2e, 0x00, 0x3a, 0x00, 0x46, 0x00, 0x52, 0x00, 0x5e, 0x00, 0x6a,
  0x00, 0x76, 0x00, 0x82, 0x00, 0x8e, 0x00, 0x02, 0x00, 0xde, 0x01, 0xee,
  0x00, 0x05, 0x01, 0x12, 0x01, 0x1c, 0x01, 0x26, 0x01, 0x30, 0x01, 0x3a,
  0x00, 0x05, 0x01, 0x13, 0x01, 0x1d, 0x01, 0x27, 0x01, 0x31, 0x01, 0x3b,
  0x00, 0x05, 0x01, 0x14, 0x01, 0x1e, 0x01, 0x28, 0x01, 0x32, 0x01, 0x3c,
  0x00, 0x05, 0x01, 0x15, 0x01, 0x1f, 0x01, 0x29, 0x01, 0x33, 0x01, 0x3d,
  0x00, 0x05, 0x01, 0x16, 0x01, 0x20, 0x01, 0x2a, 0x01, 0x34, 0x01, 0x3e,
  0x00, 0x05, 0x01, 0x17, 0x01, 0x21, 0x01, 0x2b, 0x01, 0x35, 0x01, 0x3f,
  0x00, 0x05, 0x01, 0x18, 0x01, 0x22, 0x01, 0x2c, 0x01, 0x36, 0x01, 0x40,
  0x00, 0x05, 0x01, 0x19, 0x01, 0x23, 0x01, 0x2d, 0x01, 0x37, 0x01, 0x41,
  0x00, 0x05, 0x01, 0x1a, 0x01, 0x24, 0x01, 0x2e, 0x01, 0x38, 0x01, 0x42,
  0x00, 0x05, 0x01, 0x1b, 0x01, 0x25, 0x01, 0x2f, 0x01, 0x39, 0x01, 0x43,
  0x00, 0x02, 0x00, 0x02, 0x00, 0xdd, 0x00, 0xdd, 0x00, 0x00, 0x01, 0x08,
  0x01, 0x11, 0x00, 0x01, 0x00, 0x06, 0x00, 0x00, 0x00, 0x02, 0x00, 0x0a,
  0x00, 0x1c, 0x00, 0x03, 0x00, 0x00, 0x00, 0x01, 0x00, 0x4a, 0x00, 0x01,
  0x00, 0x2e, 0x00, 0x01, 0x00, 0x00, 0x00, 0x03, 0x00, 0x03, 0x00, 0x00,
  0x00, 0x01, 0x00, 0x38, 0x00, 0x02, 0x00, 0x14, 0x00, 0x1c, 0x00, 0x01,
  0x00, 0x00, 0x00, 0x04, 0x00, 0x01, 0x00, 0x02, 0x01, 0xc5, 0x01, 0xc6,
  0x00, 0x02, 0x00, 0x01, 0x01, 0xb8, 0x01, 0xc3, 0x00, 0x00, 0x00, 0x01,
  0x00, 0x00, 0x00, 0x01, 0x00, 0x08, 0x00, 0x02, 0x00, 0x0a, 0x00, 0x02,
  0x01, 0xdc, 0x01, 0xdd, 0x00, 0x01, 0x00, 0x02, 0x00, 0xa7, 0x00, 0xb0,
  0x00, 0x01, 0x00, 0x00, 0x00, 0x01, 0x00, 0x08, 0x00, 0x02, 0x00, 0x0e,
  0x00, 0x04, 0x00, 0x5c, 0x00, 0x61, 0x00, 0xd8, 0x00, 0xde, 0x00, 0x01,
  0x00, 0x04, 0x00, 0x5a, 0x00, 0x60, 0x00, 0xd6, 0x00, 0xdd, 0x00, 0x01,
  0x00, 0x00, 0x00, 0x01, 0x00, 0x08, 0x00, 0x01, 0x00, 0x06, 0x00, 0x04,
  0x00, 0x01, 0x00, 0x01, 0x00, 0xa7, 0x00, 0x01, 0x00, 0x00, 0x00, 0x01,
  0x00, 0x08, 0x00, 0x02, 0x00, 0x1e, 0x00, 0x0c, 0x01, 0x3a, 0x01, 0x3b,
  0x01, 0x3c, 0x01, 0x3d, 0x01, 0x3e, 0x01, 0x3f, 0x01, 0x40, 0x01, 0x41,
  0x01, 0x42, 0x01, 0x43, 0x01, 0xd4, 0x01, 0xd5, 0x00, 0x02, 0x00, 0x02,
  0x01, 0x08, 0x01, 0x11, 0x00, 0x00, 0x01, 0x61, 0x01, 0x62, 0x00, 0x0a,
  0x00, 0x06, 0x00, 0x00, 0x00, 0x01, 0x00, 0x08, 0x00, 0x02, 0x02, 0x30,
  0x00, 0x18, 0x00, 0x10, 0x00, 0x18, 0x00, 0x02, 0x00, 0x28, 0x00, 0x2a,
  0x00, 0x01, 0x01, 0x5d, 0x00, 0x01, 0x00, 0x01, 0x00, 0x02, 0x00, 0x02,
  0x01, 0x08, 0x01, 0x11, 0x00, 0x01, 0x01, 0x5d, 0x01, 0x5d, 0x00, 0x02,
  0x00, 0x00, 0x00, 0x17, 0x00, 0x30, 0x00, 0x4e, 0x00, 0x6c, 0x00, 0x88,
  0x00, 0xa4, 0x00, 0xbe, 0x00, 0xd8, 0x00, 0xf0, 0x01, 0x08, 0x01, 0x1e,
  0x01, 0x34, 0x01, 0x48, 0x01, 0x5c, 0x01, 0x6e, 0x01, 0x80, 0x01, 0x90,
  0x01, 0xa0, 0x01, 0xae, 0x01, 0xbc, 0x01, 0xc8, 0x01, 0xd4, 0x01, 0xde,
  0x01, 0xe8, 0x00, 0x0b, 0x00, 0x01, 0x00, 0x01, 0x00, 0x01, 0x00, 0x01,
  0x00, 0x01, 0x00, 0x01, 0x00, 0x01, 0x00, 0x01, 0x00, 0x01, 0x00, 0x01,
  0x00, 0x02, 0x00, 0x01, 0x00, 0x00, 0x00, 0x00, 0x00, 0x00, 0x00, 0x01,
  0x00, 0x0b, 0x00, 0x01, 0x00, 0x01, 0x00, 0x01, 0x00, 0x01, 0x00, 0x01,
  0x00, 0x01, 0x00, 0x01, 0x00, 0x01, 0x00, 0x01, 0x00, 0x01, 0x00, 0x02,
  0x00, 0x00, 0x00, 0x0a, 0x00, 0x01, 0x00, 0x01, 0x00, 0x01, 0x00, 0x01,
  0x00, 0x01, 0x00, 0x01, 0x00, 0x01, 0x00, 0x01, 0x00, 0x01, 0x00, 0x02,
  0x00, 0x01, 0x00, 0x00, 0x00, 0x00, 0x00, 0x00, 0x00, 0x01, 0x00, 0x0a,
  0x00, 0x01, 0x00, 0x01, 0x00, 0x01, 0x00, 0x01, 0x00, 0x01, 0x00, 0x01,
  0x00, 0x01, 0x00, 0x01, 0x00, 0x01, 0x00, 0x02, 0x00, 0x00, 0x00, 0x09,
  0x00, 0x01, 0x00, 0x01, 0x00, 0x01, 0x00, 0x01, 0x00, 0x01, 0x00, 0x01,
  0x00, 0x01, 0x00, 0x01, 0x00, 0x02, 0x00, 0x01, 0x00, 0x00, 0x00, 0x00,
  0x00, 0x00, 0x00, 0x01, 0x00, 0x09, 0x00, 0x01, 0x00, 0x01, 0x00, 0x01,
  0x00, 0x01, 0x00, 0x01, 0x00, 0x01, 0x00, 0x01, 0x00, 0x01, 0x00, 0x02,
  0x00, 0x00, 0x00, 0x08, 0x00, 0x01, 0x00, 0x01, 0x00, 0x01, 0x00, 0x01,
  0x00, 0x01, 0x00, 0x01, 0x00, 0x01, 0x00, 0x02, 0x00, 0x01, 0x00, 0x00,
  0x00, 0x00, 0x00, 0x00, 0x00, 0x01, 0x00, 0x08, 0x00, 0x01, 0x00, 0x01,
  0x00, 0x01, 0x00, 0x01, 0x00, 0x01, 0x00, 0x01, 0x00, 0x01, 0x00, 0x02,
  0x00, 0x00, 0x00, 0x07, 0x00, 0x01, 0x00, 0x01, 0x00, 0x01, 0x00, 0x01,
  0x00, 0x01, 0x00, 0x01, 0x00, 0x02, 0x00, 0x01, 0x00, 0x00, 0x00, 0x00,
  0x00, 0x00, 0x00, 0x01, 0x00, 0x07, 0x00, 0x01, 0x00, 0x01, 0x00, 0x01,
  0x00, 0x01, 0x00, 0x01, 0x00, 0x01, 0x00, 0x02, 0x00, 0x00, 0x00, 0x06,
  0x00, 0x01, 0x00, 0x01, 0x00, 0x01, 0x00, 0x01, 0x00, 0x01, 0x00, 0x02,
  0x00, 0x01, 0x00, 0x00, 0x00, 0x00, 0x00, 0x00, 0x00, 0x01, 0x00, 0x06,
  0x00, 0x01, 0x00, 0x01, 0x00, 0x01, 0x00, 0x01, 0x00, 0x01, 0x00, 0x02,
  0x00, 0x00, 0x00, 0x05, 0x00, 0x01, 0x00, 0x01, 0x00, 0x01, 0x00, 0x01,
  0x00, 0x02, 0x00, 0x01, 0x00, 0x00, 0x00, 0x00, 0x00, 0x00, 0x00, 0x01,
  0x00, 0x05, 0x00, 0x01, 0x00, 0x01, 0x00, 0x01, 0x00, 0x01, 0x00, 0x02,
  0x00, 0x00, 0x00, 0x04, 0x00, 0x01, 0x00, 0x01, 0x00, 0x01, 0x00, 0x02,
  0x00, 0x01, 0x00, 0x00, 0x00, 0x00, 0x00, 0x00, 0x00, 0x01, 0x00, 0x04,
  0x00, 0x01, 0x00, 0x01, 0x00, 0x01, 0x00, 0x02, 0x00, 0x00, 0x00, 0x03,
  0x00, 0x01, 0x00, 0x01, 0x00, 0x02, 0x00, 0x01, 0x00, 0x00, 0x00, 0x00,
  0x00, 0x00, 0x00, 0x01, 0x00, 0x03, 0x00, 0x01, 0x00, 0x01, 0x00, 0x02,
  0x00, 0x00, 0x00, 0x02, 0x00, 0x01, 0x00, 0x02, 0x00, 0x01, 0x00, 0x00,
  0x00, 0x00, 0x00, 0x00, 0x00, 0x01, 0x00, 0x02, 0x00, 0x01, 0x00, 0x02,
  0x00, 0x00, 0x00, 0x01, 0x00, 0x02, 0x00, 0x01, 0x00, 0x00, 0x00, 0x00,
  0x00, 0x00, 0x00, 0x01, 0x00, 0x01, 0x00, 0x02, 0x00, 0x00, 0x00, 0x01,
  0x00, 0x01, 0x00, 0x01, 0x00, 0x01, 0x00, 0x01, 0x00, 0x01, 0x00, 0x00,
  0x00, 0x0e, 0x00, 0x01, 0x00, 0x00, 0x00, 0x01, 0x00, 0x08, 0x00, 0x01,
  0x00, 0x06, 0xff, 0xe7, 0x00, 0x01, 0x00, 0x01, 0x01, 0x5d, 0x00, 0x06,
  0x00, 0x00, 0x00, 0x01, 0x00, 0x08, 0x00, 0x03, 0x00, 0x00, 0x00, 0x01,
  0x04, 0x32, 0x00, 0x01, 0x01, 0x60, 0x00, 0x01, 0x00, 0x00, 0x00, 0x10,
  0x00, 0x06, 0x00, 0x00, 0x00, 0x01, 0x00, 0x08, 0x00, 0x03, 0x00, 0x00,
  0x00, 0x01, 0x04, 0x18, 0x00, 0x02, 0x01, 0x3c, 0x01, 0x46, 0x00, 0x01,
  0x00, 0x00, 0x00, 0x12, 0x00, 0x06, 0x00, 0x00, 0x00, 0x01, 0x00, 0x08,
  0x00, 0x03, 0x00, 0x00, 0x00, 0x01, 0x03, 0xfc, 0x00, 0x03, 0x01, 0x20,
  0x01, 0x20, 0x01, 0x2a, 0x00, 0x01, 0x00, 0x00, 0x00, 0x14, 0x00, 0x06,
  0x00, 0x00, 0x00, 0x01, 0x00, 0x08, 0x00, 0x03, 0x00, 0x00, 0x00, 0x01,
  0x03, 0xde, 0x00, 0x04, 0x01, 0x02, 0x01, 0x02, 0x01, 0x02, 0x01, 0x0c,
  0x00, 0x01, 0x00, 0x00, 0x00, 0x16, 0x00, 0x06, 0x00, 0x00, 0x00, 0x01,
  0x00, 0x08, 0x00, 0x03, 0x00, 0x00, 0x00, 0x01, 0x03, 0xbe, 0x00, 0x05,
  0x00, 0xe2, 0x00, 0xe2, 0x00, 0xe2, 0x00, 0xe2, 0x00, 0xec, 0x00, 0x01,
  0x00, 0x00, 0x00, 0x18, 0x00, 0x06, 0x00, 0x00, 0x00, 0x01, 0x00, 0x08,
  0x00, 0x03, 0x00, 0x00, 0x00, 0x01, 0x03, 0x9c, 0x00, 0x06, 0x00, 0xc0,
  0x00, 0xc0, 0x00, 0xc0, 0x00, 0xc0, 0x00, 0xc0, 0x00, 0xca, 0x00, 0x01,
  0x00, 0x00, 0x00, 0x1a, 0x00, 0x06, 0x00, 0x00, 0x00, 0x01, 0x00, 0x08,
  0x00, 0x03, 0x00, 0x00, 0x00, 0x01, 0x03, 0x78, 0x00, 0x07, 0x00, 0x9c,
  0x00, 0x9c, 0x00, 0x9c, 0x00, 0x9c, 0x00, 0x9c, 0x00, 0x9c, 0x00, 0xa6,
  0x00, 0x01, 0x00, 0x00, 0x00, 0x1c, 0x00, 0x06, 0x00, 0x00, 0x00, 0x01,
  0x00, 0x08, 0x00, 0x03, 0x00, 0x00, 0x00, 0x01, 0x03, 0x52, 0x00, 0x08,
  0x00, 0x76, 0x00, 0x76, 0x00, 0x76, 0x00, 0x76, 0x00, 0x76, 0x00, 0x76,
  0x00, 0x76, 0x00, 0x80, 0x00, 0x01, 0x00, 0x00, 0x00, 0x1e, 0x00, 0x06,
  0x00, 0x00, 0x00, 0x01, 0x00, 0x08, 0x00, 0x03, 0x00, 0x00, 0x00, 0x01,
  0x03, 0x2a, 0x00, 0x09, 0x00, 0x4e, 0x00, 0x4e, 0x00, 0x4e, 0x00, 0x4e,
  0x00, 0x4e, 0x00, 0x4e, 0x00, 0x4e, 0x00, 0x4e, 0x00, 0x58, 0x00, 0x01,
  0x00, 0x00, 0x00, 0x20, 0x00, 0x06, 0x00, 0x00, 0x00, 0x01, 0x00, 0x08,
  0x00, 0x03, 0x00, 0x00, 0x00, 0x01, 0x03, 0x00, 0x00, 0x0a, 0x00, 0x24,
  0x00, 0x24, 0x00, 0x24, 0x00, 0x24, 0x00, 0x24, 0x00, 0x24, 0x00, 0x24,
  0x00, 0x24, 0x00, 0x24, 0x00, 0x2e, 0x00, 0x01, 0x00, 0x00, 0x00, 0x22,
  0x00, 0x02, 0x00, 0x01, 0x01, 0x30, 0x01, 0x39, 0x00, 0x00, 0x00, 0x01,
  0x00, 0x01, 0x01, 0x44, 0x00, 0x01, 0x00, 0x00, 0x00, 0x01, 0x00, 0x08,
  0x00, 0x01, 0x02, 0xc4, 0x00, 0x28, 0x00, 0x06, 0x00, 0x00, 0x00, 0x01,
  0x00, 0x08, 0x00, 0x03, 0x00, 0x01, 0x00, 0x12, 0x00, 0x01, 0x02, 0xb6,
  0x00, 0x00, 0x00, 0x01, 0x00, 0x00, 0x00, 0x24, 0x00, 0x02, 0x00, 0x02,
  0x01, 0x26, 0x01, 0x2f, 0x00, 0x00, 0x01, 0x44, 0x01, 0x44, 0x00, 0x0a,
  0x00, 0x01, 0x00, 0x00, 0x00, 0x01, 0x00, 0x08, 0x00, 0x01, 0x02, 0x8c,
  0x00, 0x1e, 0x00, 0x04, 0x00, 0x00, 0x00, 0x01, 0x00, 0x08, 0x00, 0x01,
  0x00, 0x14, 0x00, 0x01, 0x00, 0x08, 0x00, 0x01, 0x00, 0x04, 0x01, 0xb4,
  0x00, 0x03, 0x00, 0xc1, 0x01, 0x57, 0x00, 0x01, 0x00, 0x01, 0x00, 0x3f,
  0x00, 0x01, 0x00, 0x00, 0x00, 0x01, 0x00, 0x08, 0x00, 0x01, 0x00, 0x06,
  0xff, 0xf6, 0x00, 0x02, 0x00, 0x01, 0x01, 0x12, 0x01, 0x1b, 0x00, 0x00,
  0x00, 0x01, 0x00, 0x00, 0x00, 0x01, 0x00, 0x08, 0x00, 0x01, 0x02, 0x44,
  0x00, 0x0a, 0x00, 0x04, 0x00, 0x00, 0x00, 0x01, 0x00, 0x08, 0x00, 0x01,
  0x00, 0x2e, 0x00, 0x02, 0x00, 0x0a, 0x00, 0x14, 0x00, 0x01, 0x00, 0x04,
  0x01, 0x00, 0x00, 0x02, 0x00, 0xf0, 0x00, 0x03, 0x00, 0x08, 0x00, 0x0e,
  0x00, 0x14, 0x01, 0x03, 0x00, 0x02, 0x00, 0xa7, 0x01, 0x04, 0x00, 0x02,
  0x00, 0xda, 0x01, 0x05, 0x00, 0x02, 0x00, 0xf0, 0x00, 0x01, 0x00, 0x02,
  0x00, 0x9f, 0x00, 0xda, 0x00, 0x04, 0x00, 0x00, 0x00, 0x01, 0x00, 0x08,
  0x00, 0x01, 0x00, 0x3e, 0x00, 0x01, 0x00, 0x08, 0x00, 0x06, 0x00, 0x0e,
  0x00, 0x16, 0x00, 0x1e, 0x00, 0x24, 0x00, 0x2a, 0x00, 0x30, 0x00, 0xfd,
  0x00, 0x03, 0x00, 0x9f, 0x00, 0xa7, 0x00, 0xfe, 0x00, 0x03, 0x00, 0x9f,
  0x00, 0xb4, 0x00, 0xfc, 0x00, 0x02, 0x00, 0x9f, 0x01, 0x01, 0x00, 0x02,
  0x00, 0xa7, 0x01, 0x02, 0x00, 0x02, 0x00, 0xb4, 0x00, 0xff, 0x00, 0x02,
  0x00, 0xda, 0x00, 0x01, 0x00, 0x01, 0x00, 0x9f, 0x00, 0x03, 0x00, 0x00,
  0x00, 0x01, 0x00, 0x08, 0x00, 0x01, 0x00, 0xb4, 0x00, 0x1d, 0x00, 0x40,
  0x00, 0x44, 0x00, 0x48, 0x00, 0x4c, 0x00, 0x50, 0x00, 0x54, 0x00, 0x58,
  0x00, 0x5c, 0x00, 0x60, 0x00, 0x64, 0x00, 0x68, 0x00, 0x6c, 0x00, 0x70,
  0x00, 0x74, 0x00, 0x78, 0x00, 0x7c, 0x00, 0x80, 0x00, 0x84, 0x00, 0x88,
  0x00, 0x8c, 0x00, 0x90, 0x00, 0x94, 0x00, 0x98, 0x00, 0x9c, 0x00, 0xa0,
  0x00, 0xa4, 0x00, 0xa8, 0x00, 0xac, 0x00, 0xb0, 0x00, 0x01, 0x00, 0x7c,
  0x00, 0x01, 0x01, 0xd7, 0x00, 0x01, 0x01, 0xd8, 0x00, 0x01, 0x01, 0xd9,
  0x00, 0x01, 0x01, 0xda, 0x00, 0x01, 0x01, 0xdb, 0x00, 0x01, 0x00, 0xf9,
  0x00, 0x01, 0x01, 0xde, 0x00, 0x01, 0x01, 0xdf, 0x00, 0x01, 0x01, 0xe0,
  0x00, 0x01, 0x01, 0xe1, 0x00, 0x01, 0x01, 0xe2, 0x00, 0x01, 0x01, 0xe3,
  0x00, 0x01, 0x01, 0xe4, 0x00, 0x01, 0x01, 0xe5, 0x00, 0x01, 0x01, 0xe6,
  0x00, 0x01, 0x01, 0xe7, 0x00, 0x01, 0x00, 0xfa, 0x00, 0x01, 0x01, 0xe8,
  0x00, 0x01, 0x01, 0xe9, 0x00, 0x01, 0x01, 0xea, 0x00, 0x01, 0x01, 0xeb,
  0x00, 0x01, 0x00, 0xfb, 0x00, 0x01, 0x01, 0xec, 0x00, 0x01, 0x01, 0xed,
  0x00, 0x01, 0x01, 0xee, 0x00, 0x01, 0x01, 0xef, 0x00, 0x01, 0x01, 0xb7,
  0x00, 0x01, 0x01, 0xf0, 0x00, 0x02, 0x00, 0x07, 0x00, 0x24, 0x00, 0x28,
  0x00, 0x00, 0x00, 0x52, 0x00, 0x52, 0x00, 0x05, 0x00, 0x7d, 0x00, 0x87,
  0x00, 0x06, 0x00, 0xa0, 0x00, 0xa4, 0x00, 0x11, 0x00, 0xda, 0x00, 0xde,
  0x00, 0x16, 0x01, 0xab, 0x01, 0xab, 0x00, 0x1b, 0x01, 0xbe, 0x01, 0xbe,
  0x00, 0x1c, 0x00, 0x01, 0x00, 0x00, 0x00, 0x01, 0x00, 0x08, 0x00, 0x02,
  0x00, 0x28, 0x00, 0x11, 0x00, 0x7c, 0x01, 0xd7, 0x01, 0xd8, 0x01, 0xd9,
  0x01, 0xda, 0x00, 0xf9, 0x01, 0xde, 0x01, 0xdf, 0x01, 0xe0, 0x01, 0xe1,
  0x01, 0xe2, 0x01, 0xe3, 0x01, 0xe4, 0x01, 0xe5, 0x01, 0xe6, 0x01, 0xe7,
  0x01, 0xb7, 0x00, 0x02, 0x00, 0x03, 0x00, 0x24, 0x00, 0x28, 0x00, 0x00,
  0x00, 0x7d, 0x00, 0x87, 0x00, 0x05, 0x01, 0xab, 0x01, 0xab, 0x00, 0x10,
  0x00, 0x01, 0x00, 0x00, 0x00, 0x01, 0x00, 0x08, 0x00, 0x02, 0x00, 0x10,
  0x00, 0x05, 0x00, 0xfa, 0x01, 0xe8, 0x01, 0xe9, 0x01, 0xea, 0x01, 0xeb,
  0x00, 0x02, 0x00, 0x01, 0x00, 0xa0, 0x00, 0xa4, 0x00, 0x00, 0x00, 0x01,
  0x00, 0x00, 0x00, 0x01, 0x00, 0x08, 0x00, 0x02, 0x00, 0x10, 0x00, 0x05,
  0x00, 0xfb, 0x01, 0xec, 0x01, 0xed, 0x01, 0xee, 0x01, 0xef, 0x00, 0x02,
  0x00, 0x01, 0x00, 0xda, 0x00, 0xde, 0x00, 0x00, 0x00, 0x01, 0x00, 0x00,
  0x00, 0x01, 0x00, 0x08, 0x00, 0x01, 0x00, 0x06, 0x01, 0x89, 0x00, 0x01,
  0x00, 0x01, 0x00, 0x52, 0x00, 0x01, 0x00, 0x00, 0x00, 0x01, 0x00, 0x08,
  0x00, 0x02, 0x00, 0x0c, 0x00, 0x03, 0x01, 0xf6, 0x01, 0xf3, 0x01, 0xf5,
  0x00, 0x01, 0x00, 0x03, 0x01, 0xc6, 0x01, 0xf1, 0x01, 0xf2, 0x00, 0x01,
  0x00, 0x00, 0x00, 0x01, 0x00, 0x08, 0x00, 0x01, 0x00, 0x06, 0x00, 0x14,
  0x00, 0x02, 0x00, 0x01, 0x01, 0x08, 0x01, 0x11, 0x00, 0x00, 0x00, 0x00,
  0x01, 0xf4, 0x00, 0x32, 0x02, 0x85, 0x00, 0x0e, 0x02, 0x85, 0x00, 0x0e,
  0x02, 0x85, 0x00, 0x0e, 0x02, 0x85, 0x00, 0x0e, 0x02, 0x85, 0x00, 0x0e,
  0x02, 0x85, 0x00, 0x0e, 0x02, 0x85, 0x00, 0x0e, 0x02, 0x85, 0x00, 0x0e,
  0x02, 0x85, 0x00, 0x0e, 0x02, 0x85, 0x00, 0x0e, 0x02, 0x85, 0x00, 0x0e,
  0x03, 0x81, 0x00, 0x09, 0x03, 0x81, 0x00, 0x09, 0x02, 0x75, 0x00, 0x57,
  0x02, 0xd9, 0x00, 0x2b, 0x02, 0xd9, 0x00, 0x2b, 0x02, 0xd9, 0x00, 0x2b,
  0x02, 0xd9, 0x00, 0x2b, 0x02, 0xd9, 0x00, 0x2b, 0x02, 0xd9, 0x00, 0x2b,
  0x02, 0xc2, 0x00, 0x57, 0x02, 0xc2, 0x00, 0x12, 0x02, 0xc2, 0x00, 0x57,
  0x02, 0xc2, 0x00, 0x12, 0x02, 0x3f, 0x00, 0x57, 0x02, 0x3f, 0x00, 0x57,
  0x02, 0x3f, 0x00, 0x57, 0x02, 0x3f, 0x00, 0x57, 0x02, 0x3f, 0x00, 0x57,
  0x02, 0x3f, 0x00, 0x57, 0x02, 0x3f, 0x00, 0x57, 0x02, 0x3f, 0x00, 0x57,
  0x02, 0x3f, 0x00, 0x57, 0x02, 0x3f, 0x00, 0x57, 0x02, 0x1f, 0x00, 0x57,
  0x02, 0xee, 0x00, 0x2b, 0x02, 0xee, 0x00, 0x2b, 0x02, 0xee, 0x00, 0x2b,
  0x02, 0xee, 0x00, 0x2b, 0x02, 0xee, 0x00, 0x2b, 0x02, 0xc1, 0x00, 0x57,
  0x02, 0xc1, 0x00, 0x04, 0x00, 0xf6, 0x00, 0x57, 0x00, 0xf6, 0x00, 0x57,
  0x00, 0xf6, 0x00, 0x03, 0x00, 0xf6, 0x00, 0x01, 0x00, 0xf6, 0x00, 0x49,
  0x00, 0xf6, 0x00, 0x12, 0x00, 0xf6, 0x00, 0x07, 0x00, 0xf6, 0x00, 0x30,
  0x00, 0xf6, 0xff, 0xf0, 0x01, 0xfe, 0x00, 0x14, 0x01, 0xfe, 0x00, 0x14,
  0x02, 0x68, 0x00, 0x57, 0x02, 0x68, 0x00, 0x57, 0x01, 0xfd, 0x00, 0x57,
  0x01, 0xfd, 0x00, 0x57, 0x01, 0xfd, 0x00, 0x57, 0x01, 0xfd, 0x00, 0x57,
  0x01, 0xfd, 0x00, 0x57, 0x01, 0xfd, 0x00, 0x10, 0x03, 0x47, 0x00, 0x57,
  0x02, 0xc9, 0x00, 0x57, 0x02, 0xc9, 0x00, 0x57, 0x02, 0xc9, 0x00, 0x57,
  0x02, 0xc9, 0x00, 0x57, 0x02, 0xc9, 0x00, 0x57, 0x02, 0xc9, 0x00, 0x57,
  0x03, 0x01, 0x00, 0x2b, 0x03, 0x01, 0x00, 0x2b, 0x03, 0x01, 0x00, 0x2b,
  0x03, 0x01, 0x00, 0x2b, 0x03, 0x01, 0x00, 0x2b, 0x03, 0x01, 0x00, 0x2b,
  0x03, 0x01, 0x00, 0x2b, 0x03, 0x01, 0x00, 0x2b, 0x03, 0x01, 0x00, 0x2b,
  0x03, 0x01, 0x00, 0x2b, 0x04, 0x82, 0x00, 0x2b, 0x02, 0x66, 0x00, 0x57,
  0x02, 0x66, 0x00, 0x57, 0x03, 0x01, 0x00, 0x2b, 0x02, 0x80, 0x00, 0x57,
  0x02, 0x80, 0x00, 0x57, 0x02, 0x80, 0x00, 0x57, 0x02, 0x80, 0x00, 0x57,
  0x02, 0x33, 0x00, 0x23, 0x02, 0x33, 0x00, 0x23, 0x02, 0x33, 0x00, 0x23,
  0x02, 0x33, 0x00, 0x23, 0x02, 0x33, 0x00, 0x23, 0x02, 0x33, 0x00, 0x23,
  0x02, 0x19, 0x00, 0x0c, 0x02, 0x19, 0x00, 0x0c, 0x02, 0x19, 0x00, 0x0c,
  0x02, 0x19, 0x00, 0x0c, 0x02, 0x19, 0x00, 0x0c, 0x02, 0xb5, 0x00, 0x52,
  0x02, 0xb5, 0x00, 0x52, 0x02, 0xb5, 0x00, 0x52, 0x02, 0xb5, 0x00, 0x52,
  0x02, 0xb5, 0x00, 0x52, 0x02, 0xb5, 0x00, 0x52, 0x02, 0xb5, 0x00, 0x52,
  0x02, 0xb5, 0x00, 0x52, 0x02, 0xb5, 0x00, 0x52, 0x02, 0xb5, 0x00, 0x52,
  0x02, 0x81, 0x00, 0x0a, 0x03, 0xd3, 0x00, 0x0f, 0x03, 0xd3, 0x00, 0x0f,
  0x03, 0xd3, 0x00, 0x0f, 0x03, 0xd3, 0x00, 0x0f, 0x03, 0xd3, 0x00, 0x0f,
  0x02, 0x64, 0x00, 0x0e, 0x02, 0x3f, 0x00, 0x0a, 0x02, 0x3f, 0x00, 0x0a,
  0x02, 0x3f, 0x00, 0x0a, 0x02, 0x3f, 0x00, 0x0a, 0x02, 0x3f, 0x00, 0x0a,
  0x02, 0x44, 0x00, 0x29, 0x02, 0x44, 0x00, 0x29, 0x02, 0x44, 0x00, 0x29,
  0x02, 0x44, 0x00, 0x29, 0x02, 0xf5, 0x00, 0x2b, 0x02, 0x0a, 0x00, 0x2f,
  0x02, 0x0a, 0x00, 0x2f, 0x02, 0x0a, 0x00, 0x2f, 0x02, 0x0a, 0x00, 0x2f,
  0x02, 0x0a, 0x00, 0x2f, 0x02, 0x0a, 0x00, 0x2f, 0x02, 0x0a, 0x00, 0x2f,
  0x02, 0x0a, 0x00, 0x2f, 0x02, 0x0a, 0x00, 0x2f, 0x02, 0x0a, 0x00, 0x2f,
  0x02, 0x0a, 0x00, 0x2f, 0x03, 0x6c, 0x00, 0x2f, 0x03, 0x6c, 0x00, 0x2f,
  0x02, 0x48, 0x00, 0x48, 0x02, 0x08, 0x00, 0x26, 0x02, 0x08, 0x00, 0x26,
  0x02, 0x08, 0x00, 0x26, 0x02, 0x08, 0x00, 0x26, 0x02, 0x08, 0x00, 0x26,
  0x02, 0x08, 0x00, 0x26, 0x02, 0x48, 0x00, 0x26, 0x02, 0x43, 0x00, 0x26,
  0x02, 0x48, 0x00, 0x26, 0x02, 0x48, 0x00, 0x26, 0x02, 0x10, 0x00, 0x26,
  0x02, 0x10, 0x00, 0x26, 0x02, 0x10, 0x00, 0x26, 0x02, 0x10, 0x00, 0x26,
  0x02, 0x10, 0x00, 0x26, 0x02, 0x10, 0x00, 0x26, 0x02, 0x10, 0x00, 0x26,
  0x02, 0x10, 0x00, 0x26, 0x02, 0x10, 0x00, 0x26, 0x02, 0x10, 0x00, 0x26,
  0x01, 0x29, 0x00, 0x12, 0x02, 0x48, 0x00, 0x27, 0x02, 0x48, 0x00, 0x27,
  0x02, 0x48, 0x00, 0x27, 0x02, 0x48, 0x00, 0x27, 0x02, 0x48, 0x00, 0x27,
  0x02, 0x32, 0x00, 0x48, 0x02, 0x32, 0x00, 0x0b, 0x00, 0xd5, 0x00, 0x37,
  0x00, 0xd5, 0x00, 0x48, 0x00, 0xd5, 0xff, 0xf3, 0x00, 0xd5, 0xff, 0xf0,
  0x00, 0xd5, 0x00, 0x38, 0x00, 0xd5, 0x00, 0x01, 0x00, 0xd5, 0xff, 0xf7,
  0x00, 0xd5, 0x00, 0x1e, 0x00, 0xd5, 0xff, 0xdf, 0x00, 0xd5, 0xff, 0xc7,
  0x00, 0xd5, 0xff, 0xc7, 0x01, 0xe2, 0x00, 0x4b, 0x01, 0xe2, 0x00, 0x4b,
  0x00, 0xdb, 0x00, 0x4b, 0x00, 0xdb, 0x00, 0x4b, 0x00, 0xdb, 0x00, 0x4b,
  0x00, 0xdb, 0x00, 0x3b, 0x01, 0x4a, 0x00, 0x4b, 0x00, 0xdb, 0x00, 0x0d,
  0x03, 0x4a, 0x00, 0x48, 0x02, 0x32, 0x00, 0x48, 0x02, 0x32, 0x00, 0x48,
  0x02, 0x32, 0x00, 0x48, 0x02, 0x32, 0x00, 0x48, 0x02, 0x32, 0x00, 0x48,
  0x02, 0x32, 0x00, 0x48, 0x02, 0x38, 0x00, 0x26, 0x02, 0x38, 0x00, 0x26,
  0x02, 0x38, 0x00, 0x26, 0x02, 0x38, 0x00, 0x26, 0x02, 0x38, 0x00, 0x26,
  0x02, 0x38, 0x00, 0x26, 0x02, 0x38, 0x00, 0x26, 0x02, 0x38, 0x00, 0x26,
  0x02, 0x38, 0x00, 0x26, 0x02, 0x38, 0x00, 0x26, 0x03, 0xb9, 0x00, 0x26,
  0x02, 0x48, 0x00, 0x48, 0x02, 0x48, 0x00, 0x48, 0x02, 0x48, 0x00, 0x26,
  0x01, 0x59, 0x00, 0x48, 0x01, 0x59, 0x00, 0x48, 0x01, 0x59, 0x00, 0x3c,
  0x01, 0x59, 0x00, 0x38, 0x01, 0xb2, 0x00, 0x1f, 0x01, 0xb2, 0x00, 0x1f,
  0x01, 0xb2, 0x00, 0x1f, 0x01, 0xb2, 0x00, 0x1f, 0x01, 0xb2, 0x00, 0x1f,
  0x01, 0xb2, 0x00, 0x1f, 0x02, 0x33, 0x00, 0x48, 0x01, 0x2a, 0x00, 0x12,
  0x01, 0x2a, 0x00, 0x12, 0x01, 0x2a, 0x00, 0x12, 0x01, 0x2a, 0x00, 0x12,
  0x01, 0x2a, 0x00, 0x12, 0x02, 0x29, 0x00, 0x42, 0x02, 0x29, 0x00, 0x42,
  0x02, 0x29, 0x00, 0x42, 0x02, 0x29, 0x00, 0x42, 0x02, 0x29, 0x00, 0x42,
  0x02, 0x29, 0x00, 0x42, 0x02, 0x29, 0x00, 0x42, 0x02, 0x29, 0x00, 0x42,
  0x02, 0x29, 0x00, 0x42, 0x02, 0x29, 0x00, 0x42, 0x01, 0xe6, 0x00, 0x09,
  0x02, 0xe6, 0x00, 0x0e, 0x02, 0xe6, 0x00, 0x0e, 0x02, 0xe6, 0x00, 0x0e,
  0x02, 0xe6, 0x00, 0x0e, 0x02, 0xe6, 0x00, 0x0e, 0x01, 0xc7, 0x00, 0x0a,
  0x01, 0xd7, 0x00, 0x09, 0x01, 0xd7, 0x00, 0x09, 0x01, 0xd7, 0x00, 0x09,
  0x01, 0xd7, 0x00, 0x09, 0x01, 0xd7, 0x00, 0x09, 0x01, 0xbb, 0x00, 0x27,
  0x01, 0xbb, 0x00, 0x27, 0x01, 0xbb, 0x00, 0x27, 0x01, 0xbb, 0x00, 0x27,
  0x02, 0x4b, 0x00, 0x26, 0x02, 0x11, 0x00, 0x22, 0x01, 0x40, 0x00, 0x12,
  0x02, 0x54, 0x00, 0x12, 0x03, 0x3c, 0x00, 0x12, 0x03, 0x37, 0x00, 0x12,
  0x02, 0x50, 0x00, 0x12, 0x02, 0xfc, 0x00, 0x12, 0x02, 0x11, 0x00, 0x12,
  0x02, 0x0b, 0x00, 0x12, 0x02, 0x17, 0x00, 0x12, 0x02, 0x51, 0x00, 0x12,
  0x03, 0x03, 0x00, 0x12, 0x02, 0x80, 0x00, 0x4a, 0x02, 0x5a, 0x00, 0x13,
  0x02, 0xab, 0x00, 0x37, 0x01, 0x4e, 0x00, 0x23, 0x02, 0x32, 0x00, 0x2d,
  0x02, 0x38, 0x00, 0x27, 0x02, 0x73, 0x00, 0x28, 0x02, 0x47, 0x00, 0x36,
  0x02, 0x5b, 0x00, 0x2e, 0x01, 0xf8, 0x00, 0x09, 0x02, 0x64, 0x00, 0x33,
  0x02, 0x5b, 0x00, 0x2e, 0x02, 0x94, 0x00, 0x30, 0x02, 0x94, 0x00, 0x75,
  0x02, 0x94, 0x00, 0x60, 0x02, 0x94, 0x00, 0x51, 0x02, 0x94, 0x00, 0x28,
  0x02, 0x94, 0x00, 0x56, 0x02, 0x94, 0x00, 0x4a, 0x02, 0x94, 0x00, 0x57,
  0x02, 0x94, 0x00, 0x4c, 0x02, 0x94, 0x00, 0x4a, 0x01, 0xa0, 0x00, 0x1f,
  0x00, 0xda, 0x00, 0x15, 0x01, 0x58, 0x00, 0x1c, 0x01, 0x5a, 0x00, 0x16,
  0x01, 0x78, 0x00, 0x15, 0x01, 0x61, 0x00, 0x16, 0x01, 0x75, 0x00, 0x1c,
  0x01, 0x42, 0x00, 0x10, 0x01, 0x70, 0x00, 0x1c, 0x01, 0x75, 0x00, 0x1c,
  0x01, 0x5b, 0x00, 0x1d, 0x00, 0xc2, 0x00, 0x14, 0x01, 0x1b, 0x00, 0x16,
  0x01, 0x14, 0x00, 0x15, 0x01, 0x2e, 0x00, 0x0f, 0x01, 0x23, 0x00, 0x18,
  0x01, 0x34, 0x00, 0x1d, 0x01, 0x01, 0x00, 0x0c, 0x01, 0x28, 0x00, 0x1b,
  0x01, 0x34, 0x00, 0x1d, 0x01, 0x5b, 0x00, 0x1d, 0x00, 0xc2, 0x00, 0x14,
  0x01, 0x1b, 0x00, 0x16, 0x01, 0x14, 0x00, 0x15, 0x01, 0x2e, 0x00, 0x0f,
  0x01, 0x23, 0x00, 0x18, 0x01, 0x34, 0x00, 0x1d, 0x01, 0x01, 0x00, 0x0c,
  0x01, 0x28, 0x00, 0x1b, 0x01, 0x34, 0x00, 0x1d, 0x01, 0x9f, 0x00, 0x1f,
  0x00, 0xda, 0x00, 0x15, 0x01, 0x58, 0x00, 0x1c, 0x01, 0x5a, 0x00, 0x16,
  0x01, 0x74, 0x00, 0x15, 0x01, 0x61, 0x00, 0x16, 0x01, 0x75, 0x00, 0x1c,
  0x01, 0x42, 0x00, 0x10, 0x01, 0x70, 0x00, 0x1c, 0x01, 0x75, 0x00, 0x1c,
  0x00, 0x75, 0xff, 0x35, 0x02, 0x7a, 0x00, 0x14, 0x02, 0x5b, 0x00, 0x14,
  0x02, 0x85, 0x00, 0x15, 0x02, 0x87, 0x00, 0x14, 0x02, 0xb1, 0x00, 0x15,
  0x02, 0xc0, 0x00, 0x18, 0x02, 0x76, 0x00, 0x0c, 0x01, 0x93, 0x00, 0x1d,
  0x03, 0x6e, 0x00, 0x1d, 0x01, 0x5d, 0x00, 0x00, 0x01, 0x13, 0x00, 0x33,
  0x01, 0x78, 0x00, 0x33, 0x01, 0x1a, 0x00, 0x4e, 0x01, 0x06, 0x00, 0x44,
  0x02, 0xb4, 0x00, 0x44, 0x01, 0x0f, 0x00, 0x49, 0x01, 0x0f, 0x00, 0x49,
  0x02, 0xa3, 0x00, 0x2f, 0x01, 0x06, 0x00, 0x44, 0x02, 0x03, 0x00, 0x22,
  0x02, 0x03, 0x00, 0x22, 0x01, 0x3d, 0x00, 0x2e, 0x00, 0xb0, 0x00, 0x2e,
  0x01, 0x1a, 0x00, 0x4e, 0x01, 0x5d, 0x00, 0x00, 0x02, 0x06, 0x00, 0x3c,
  0x01, 0x24, 0x00, 0x2d, 0x01, 0x24, 0x00, 0x05, 0x00, 0xff, 0x00, 0x34,
  0x00, 0xff, 0x00, 0x05, 0x00, 0xfe, 0x00, 0x34, 0x00, 0xfe, 0x00, 0x00,
  0x04, 0x72, 0x00, 0x42, 0x03, 0x9f, 0x00, 0x42, 0x01, 0xa2, 0x00, 0x40,
  0x02, 0x52, 0x00, 0x28, 0x02, 0x52, 0x00, 0x28, 0x01, 0x75, 0x00, 0x28,
  0x01, 0x75, 0x00, 0x28, 0x01, 0x97, 0x00, 0x3d, 0x01, 0x97, 0x00, 0x3d,
  0x01, 0x97, 0x00, 0x3d, 0x00, 0xf5, 0x00, 0x3d, 0x00, 0xf5, 0x00, 0x3d,
  0x00, 0xf5, 0x00, 0x3d, 0x01, 0x15, 0x00, 0x00, 0x02, 0x26, 0x00, 0x30,
  0x02, 0x74, 0x00, 0x34, 0x02, 0x33, 0x00, 0x23, 0x02, 0x8f, 0x00, 0x1c,
  0x02, 0x2d, 0x00, 0x2a, 0x02, 0x61, 0x00, 0x20, 0x02, 0x51, 0x00, 0x14,
  0x02, 0x94, 0x00, 0x50, 0x02, 0x94, 0x00, 0x50, 0x02, 0x94, 0x00, 0x68,
  0x02, 0x94, 0x00, 0x50, 0x02, 0x94, 0x00, 0x50, 0x02, 0x94, 0x00, 0x50,
  0x02, 0x94, 0x00, 0x50, 0x02, 0x94, 0x00, 0x50, 0x02, 0x94, 0x00, 0x50,
  0x02, 0x94, 0x00, 0x50, 0x02, 0x94, 0x00, 0x50, 0x02, 0x94, 0x00, 0x50,
  0x02, 0x94, 0x00, 0x50, 0x02, 0x94, 0x00, 0x4b, 0x03, 0x21, 0x00, 0x1b,
  0x03, 0x5b, 0x00, 0x38, 0x01, 0x73, 0x00, 0x1e, 0x02, 0x98, 0x00, 0x2a,
  0x02, 0xa1, 0x00, 0x57, 0x02, 0x15, 0x00, 0x1a, 0x02, 0xb6, 0x00, 0x00,
  0x02, 0x29, 0x00, 0x42, 0x02, 0x6e, 0x00, 0x39, 0x03, 0x8d, 0x00, 0x30,
  0x05, 0x0e, 0x00, 0x30, 0x02, 0xea, 0x00, 0x3c, 0x03, 0x45, 0x00, 0x3c,
  0x03, 0x90, 0x00, 0x3c, 0x03, 0x43, 0x00, 0x3c, 0x02, 0xe2, 0x00, 0x3c,
  0x03, 0x46, 0x00, 0x3c, 0x03, 0x90, 0x00, 0x3c, 0x03, 0x3f, 0x00, 0x3c,
  0x04, 0x1e, 0x00, 0x3c, 0x02, 0x2f, 0x00, 0x3c, 0x03, 0x84, 0x00, 0x3c,
  0x03, 0x84, 0x00, 0x3c, 0x02, 0x5c, 0x00, 0x3c, 0x03, 0x3e, 0x00, 0x3c,
  0x03, 0x3e, 0x00, 0x3c, 0x03, 0xc6, 0x00, 0x3c, 0x03, 0xc8, 0x00, 0x3c,
  0x03, 0x84, 0x00, 0x3c, 0x02, 0xe5, 0x00, 0x1f, 0x03, 0x8b, 0x00, 0x2a,
  0x02, 0xaa, 0x00, 0x2e, 0x02, 0x3c, 0x00, 0x1d, 0x01, 0xd2, 0x00, 0x27,
  0x03, 0x31, 0x00, 0x28, 0x01, 0xe0, 0x00, 0x28, 0x01, 0xe0, 0x00, 0x28,
  0x02, 0x7c, 0x00, 0x1a, 0x01, 0x07, 0x00, 0x0e, 0x01, 0x37, 0x00, 0x7f,
  0x01, 0x37, 0x00, 0x7f, 0x01, 0x2a, 0x00, 0x19, 0x01, 0x2b, 0x00, 0x19,
  0x03, 0x0b, 0x00, 0x3c, 0x04, 0xd7, 0x00, 0x57, 0x01, 0xe5, 0x00, 0x4c,
  0x00, 0xae, 0x00, 0x30, 0x02, 0x5a, 0x00, 0x28, 0x01, 0x70, 0x00, 0x3d,
  0x00, 0xc6, 0x00, 0x31, 0x00, 0xda, 0x00, 0x2a, 0x00, 0xdc, 0x00, 0x2d,
  0x01, 0x50, 0x00, 0x2a, 0x01, 0x3f, 0x00, 0x28, 0x01, 0x3f, 0x00, 0x28,
  0x01, 0x57, 0x00, 0x31, 0x01, 0x26, 0x00, 0x27, 0x01, 0x73, 0x00, 0x2e,
  0x01, 0x60, 0x00, 0x3c, 0x00, 0xb8, 0x00, 0x2b, 0x00, 0xb8, 0x00, 0x28,
  0x00, 0xe5, 0x00, 0x26, 0x01, 0xf3, 0x00, 0x28, 0x00, 0xdc, 0x00, 0x2d,
  0x01, 0x57, 0x00, 0x31, 0x01, 0x3f, 0x00, 0x28, 0x00, 0xe5, 0x00, 0x26,
  0x01, 0x3f, 0x00, 0x28, 0x01, 0x70, 0x00, 0x3d, 0x00, 0xc6, 0x00, 0x31,
  0x00, 0xda, 0x00, 0x2a, 0x01, 0x50, 0x00, 0x2a, 0x01, 0x60, 0x00, 0x3c,
  0x00, 0xbf, 0x00, 0x29, 0x01, 0x26, 0x00, 0x27, 0x01, 0x73, 0x00, 0x2e,
  0x00, 0xd4, 0x00, 0x30, 0x00, 0xd4, 0x00, 0x05, 0x06, 0xcb, 0x00, 0x64,
  0x02, 0xf5, 0x00, 0x2b, 0x02, 0xf5, 0x00, 0x2b, 0x02, 0xf5, 0x00, 0x2b,
  0x02, 0xf5, 0x00, 0x2b, 0x03, 0x01, 0x00, 0x2b, 0x00, 0xd5, 0x00, 0x48,
  0x00, 0xd5, 0xff, 0xc7, 0x02, 0x4b, 0x00, 0x26, 0x02, 0x4b, 0x00, 0x26,
  0x02, 0x4b, 0x00, 0x26, 0x02, 0x4b, 0x00, 0x26, 0x02, 0x4b, 0x00, 0x26,
  0x02, 0x4b, 0x00, 0x26, 0x02, 0x4b, 0x00, 0x26, 0x02, 0x4b, 0x00, 0x26,
  0x02, 0x4b, 0x00, 0x26, 0x02, 0x4b, 0x00, 0x26, 0x02, 0x11, 0x00, 0x22,
  0x02, 0x11, 0x00, 0x22, 0x02, 0x11, 0x00, 0x22, 0x02, 0x11, 0x00, 0x22,
  0x01, 0x2d, 0x00, 0x12, 0x01, 0x40, 0x00, 0x12, 0x01, 0x40, 0x00, 0x12,
  0x01, 0x40, 0x00, 0x12, 0x02, 0x4f, 0x01, 0x38, 0x01, 0xe8, 0x00, 0x48,
  0x00, 0xe8, 0x00, 0x14, 0x01, 0x4f, 0x00, 0x14, 0x02, 0xc9, 0x00, 0x07,
  0x01, 0x79, 0x00, 0x14, 0x01, 0xf3, 0xff, 0xc4, 0x00, 0xc6, 0x00, 0x2f
};
unsigned int Satoshi_Regular_otf_len = 49560;
